ISO-10303-21;
HEADER;
FILE_DESCRIPTION (( 'STEP AP214' ),
    '1' );
FILE_NAME ();
FILE_SCHEMA (( 'AUTOMOTIVE_DESIGN' ));
ENDSEC;

DATA;
#1 = CARTESIAN_POINT ( 'NONE',  ( -13.22448011375671761, -19.92701231880928248, 404.6769817629927957 ) ) ;
#2 = CARTESIAN_POINT ( 'NONE',  ( -10.14926726573863114, 77.55389713258183804, 95.91472809282537071 ) ) ;
#3 = CARTESIAN_POINT ( 'NONE',  ( -28.39588886671507950, 97.12669430414052840, 283.4839804962942935 ) ) ;
#4 = CARTESIAN_POINT ( 'NONE',  ( -44.33396118874472336, 42.90417887809697817, 91.23338722550433033 ) ) ;
#5 = DIRECTION ( 'NONE',  ( 1.000000000000000000, 0.000000000000000000, 0.000000000000000000 ) ) ;
#6 = CARTESIAN_POINT ( 'NONE',  ( 37.18638060521623601, 63.97983824452156654, 114.6024401335442207 ) ) ;
#7 = CARTESIAN_POINT ( 'NONE',  ( 15.81185131131532629, 107.4957017761192049, 309.2993027770937715 ) ) ;
#8 = CARTESIAN_POINT ( 'NONE',  ( 17.39704774339148940, 63.56398211583704239, 70.93920790773479723 ) ) ;
#9 = DIRECTION ( 'NONE',  ( 0.000000000000000000, -0.01264039704888804926, -0.9999201069897766248 ) ) ;
#10 = CARTESIAN_POINT ( 'NONE',  ( 39.47918372132744480, 47.34756711168949295, 75.50622279334291420 ) ) ;
#11 = CARTESIAN_POINT ( 'NONE',  ( -13.87000547066030620, 109.2794405281599808, 335.1568718963747529 ) ) ;
#12 = CARTESIAN_POINT ( 'NONE',  ( 19.39999999930044083, 57.51556743101769342, 53.71479602872513937 ) ) ;
#13 = CARTESIAN_POINT ( 'NONE',  ( 52.54658155916712303, -28.04985814028160718, 106.4711134020327563 ) ) ;
#14 = CARTESIAN_POINT ( 'NONE',  ( 18.93906056465244347, 55.76531705742354461, 53.23755367978161246 ) ) ;
#15 = ORIENTED_EDGE ( 'NONE', *, *, #2844, .F. ) ;
#16 = CARTESIAN_POINT ( 'NONE',  ( 11.04209958393100521, 57.13830961418310750, 53.44617636878486167 ) ) ;
#17 = CARTESIAN_POINT ( 'NONE',  ( 37.46326638331698433, 59.70487645792716336, 82.47941604845375707 ) ) ;
#18 = ORIENTED_EDGE ( 'NONE', *, *, #5334, .F. ) ;
#19 = CARTESIAN_POINT ( 'NONE',  ( 4.100184363869486148, 79.77250948104212114, 114.9778180857015712 ) ) ;
#20 = CARTESIAN_POINT ( 'NONE',  ( -28.10655423916488616, 62.34525533935217823, 80.95342292284561836 ) ) ;
#21 = CARTESIAN_POINT ( 'NONE',  ( 32.99192340274638013, 60.18449054265928311, 86.21757258623453879 ) ) ;
#22 = CARTESIAN_POINT ( 'NONE',  ( 19.39999999930044794, 58.19681369921726599, 54.68447306989615697 ) ) ;
#23 = CARTESIAN_POINT ( 'NONE',  ( -54.60785415885319338, -8.536140296040141351, 95.91851009984731036 ) ) ;
#24 = CARTESIAN_POINT ( 'NONE',  ( 39.72796301736433122, 56.91168432937396204, 82.47865688392327854 ) ) ;
#25 = FILL_AREA_STYLE ('',( #1691 ) ) ;
#26 = CARTESIAN_POINT ( 'NONE',  ( 56.07762903108212527, -5.301034053071639107, 149.0516017359574619 ) ) ;
#27 = CARTESIAN_POINT ( 'NONE',  ( -2.932549651586340289, -54.40131079818338122, 175.0443266466952537 ) ) ;
#28 = ADVANCED_FACE ( 'NONE', ( #7308 ), #5150, .F. ) ;
#29 = CARTESIAN_POINT ( 'NONE',  ( -34.29989419351099400, 68.83809344632213367, 120.8601958564296552 ) ) ;
#30 = CARTESIAN_POINT ( 'NONE',  ( -42.12838131198974168, 12.95620478889802385, 296.7153810398037308 ) ) ;
#31 = CARTESIAN_POINT ( 'NONE',  ( 29.17382330385949984, 63.41567141503794147, 86.30134368081934326 ) ) ;
#32 = CARTESIAN_POINT ( 'NONE',  ( 17.49926762763773880, 58.58041492575262055, 53.09555878883065816 ) ) ;
#33 = CARTESIAN_POINT ( 'NONE',  ( 7.294455116933558081, -54.22601187904569997, 95.91164295319332211 ) ) ;
#35 = CARTESIAN_POINT ( 'NONE',  ( -43.15948104918934547, 72.24535119634704472, 174.9421200764166997 ) ) ;
#34 = CARTESIAN_POINT ( 'NONE',  ( 51.23557240075587060, 4.287019323785258074, 236.0073156428206858 ) ) ;
#36 = CARTESIAN_POINT ( 'NONE',  ( 25.85435032018871837, 60.77672352682960621, 60.94579834271030450 ) ) ;
#37 = CARTESIAN_POINT ( 'NONE',  ( -32.47344686053614282, 48.12732758811271339, 56.51767873489568217 ) ) ;
#38 = CARTESIAN_POINT ( 'NONE',  ( -37.68235891402726168, 65.29599854072799303, 297.2711442240562860 ) ) ;
#39 = CARTESIAN_POINT ( 'NONE',  ( -19.40000000029201743, 57.78272231591505914, 53.71169823300256496 ) ) ;
#40 = CARTESIAN_POINT ( 'NONE',  ( -11.23459225180336318, -20.37521825269859477, 409.0779284778303690 ) ) ;
#41 = CARTESIAN_POINT ( 'NONE',  ( -6.841799772672400692, 43.80795613496468377, 17.16613675703128550 ) ) ;
#42 = CARTESIAN_POINT ( 'NONE',  ( 34.78785974887372845, -46.90567950223356064, 192.4068496516668745 ) ) ;
#43 = CARTESIAN_POINT ( 'NONE',  ( -19.26023504266748887, 92.57755901091972817, 372.5926155607066903 ) ) ;
#44 = CARTESIAN_POINT ( 'NONE',  ( 17.41201580950865235, 58.25844651606406899, 53.09272848440160431 ) ) ;
#45 = CARTESIAN_POINT ( 'NONE',  ( 34.77146248056054390, 58.30782404858832280, 86.17075245389195004 ) ) ;
#46 = CARTESIAN_POINT ( 'NONE',  ( 13.24699397673110290, 105.6254139500467915, 251.8387935991663369 ) ) ;
#47 = CARTESIAN_POINT ( 'NONE',  ( 17.49861434122723836, 72.59919517409841205, 97.39586546480465756 ) ) ;
#48 = EDGE_LOOP ( 'NONE', ( #1723, #6546, #4378, #118 ) ) ;
#49 = CARTESIAN_POINT ( 'NONE',  ( 0.000000000000000000, 79.84861167313529506, 114.9783347029950704 ) ) ;
#50 = CARTESIAN_POINT ( 'NONE',  ( 41.27375501660012702, 40.93096214672353739, 70.49566355616131830 ) ) ;
#51 = CARTESIAN_POINT ( 'NONE',  ( -14.30807639787205865, 108.1000796720965695, 297.9392819932400016 ) ) ;
#52 = CARTESIAN_POINT ( 'NONE',  ( -49.90177573649053500, 27.10604614702781490, 120.0000000000000284 ) ) ;
#53 = CARTESIAN_POINT ( 'NONE',  ( 52.21339501626390245, -22.36155449639255721, 82.47044241929755515 ) ) ;
#54 = CARTESIAN_POINT ( 'NONE',  ( 48.15385361625057925, 28.54533789449289571, 66.84948468541756483 ) ) ;
#55 = ORIENTED_EDGE ( 'NONE', *, *, #3460, .T. ) ;
#56 = CARTESIAN_POINT ( 'NONE',  ( -19.40000000029201743, 55.80249532798792700, 54.05593468758655717 ) ) ;
#57 = EDGE_LOOP ( 'NONE', ( #3817, #2026, #5370, #5479 ) ) ;
#58 = CARTESIAN_POINT ( 'NONE',  ( -22.26300769589603235, 59.83529193664281109, 65.95383569796639733 ) ) ;
#59 = CARTESIAN_POINT ( 'NONE',  ( 30.49941839306663027, 52.43577388583565835, 61.10377241013500793 ) ) ;
#60 = CARTESIAN_POINT ( 'NONE',  ( 36.51701847448158844, 44.59285365834547576, 60.14315519527897891 ) ) ;
#61 = CARTESIAN_POINT ( 'NONE',  ( -45.83774276201813791, -15.69917952931595906, 34.39745706046446116 ) ) ;
#62 = CARTESIAN_POINT ( 'NONE',  ( 41.36917072882103952, 77.15713967936633821, 192.3772627460037938 ) ) ;
#63 = CARTESIAN_POINT ( 'NONE',  ( 54.39280207165834469, -5.248918101624107990, 192.3476055095170807 ) ) ;
#64 = CARTESIAN_POINT ( 'NONE',  ( -3.474057595117261421, -43.17343577179384795, 17.33843673132402330 ) ) ;
#65 = CARTESIAN_POINT ( 'NONE',  ( -27.85421152283841906, 52.45737040795771833, 56.60346318822787026 ) ) ;
#66 = CARTESIAN_POINT ( 'NONE',  ( -54.41550006706624032, 15.96211480042130226, 174.9357310255751088 ) ) ;
#67 = CARTESIAN_POINT ( 'NONE',  ( 30.95715497621671730, 65.60834876911088998, 97.20853988784644173 ) ) ;
#68 = CARTESIAN_POINT ( 'NONE',  ( -17.41201581042888691, 58.25844651580931810, 53.09272848446531157 ) ) ;
#69 = CARTESIAN_POINT ( 'NONE',  ( 7.108585503518783710, -51.58846227470526458, 221.5348299627981703 ) ) ;
#71 = CARTESIAN_POINT ( 'NONE',  ( -44.37674555058315207, 71.88154214309506074, 201.7358633554244705 ) ) ;
#70 = CARTESIAN_POINT ( 'NONE',  ( 32.95277759665839312, 3.789860648466381043, 338.8419760071320184 ) ) ;
#72 = CARTESIAN_POINT ( 'NONE',  ( 17.38421708921468678, 87.62588582330330667, 373.0124606318696578 ) ) ;
#73 = CARTESIAN_POINT ( 'NONE',  ( -34.38224214716625937, 50.50220534956944363, 65.75980570658732915 ) ) ;
#74 = CARTESIAN_POINT ( 'NONE',  ( -39.23918078978176283, 53.72053326484898861, 297.1192524415544653 ) ) ;
#75 = CARTESIAN_POINT ( 'NONE',  ( 43.65134611108528873, 22.61552469541507904, 56.18919981364446414 ) ) ;
#76 = CARTESIAN_POINT ( 'NONE',  ( -27.18462493407380620, -34.24492983052216033, 10.00000000000002842 ) ) ;
#77 = CARTESIAN_POINT ( 'NONE',  ( 34.29075387861428226, -46.43321792631310529, 201.7467290868561349 ) ) ;
#78 = CARTESIAN_POINT ( 'NONE',  ( -20.34097093077531682, 33.53996496030719499, 10.00000000000000000 ) ) ;
#79 = CARTESIAN_POINT ( 'NONE',  ( 32.17549260385677456, 50.78566046707631187, 61.06825310613913871 ) ) ;
#80 = CARTESIAN_POINT ( 'NONE',  ( 20.39298250971555859, 97.54897825839712766, 201.7343125678803517 ) ) ;
#81 = CARTESIAN_POINT ( 'NONE',  ( 22.26011391629316449, 65.54319267878715038, 81.03351845995229041 ) ) ;
#82 = CARTESIAN_POINT ( 'NONE',  ( -1.855459048122107824, 62.18178190911542913, 61.22617450812875006 ) ) ;
#83 = CARTESIAN_POINT ( 'NONE',  ( 45.64448130232688783, 43.03354776675423210, 102.5804671976606386 ) ) ;
#84 = CARTESIAN_POINT ( 'NONE',  ( -8.516755323339712191, 38.24380136745179470, 9.999999999999992895 ) ) ;
#85 = CARTESIAN_POINT ( 'NONE',  ( -23.32371366580521510, 87.68154007732346145, 149.0219227198818714 ) ) ;
#86 = CARTESIAN_POINT ( 'NONE',  ( -8.658164252280903028, 80.68420143290384772, 120.0000000000000426 ) ) ;
#87 = CARTESIAN_POINT ( 'NONE',  ( 52.61454457209055846, -27.72284007574966225, 174.9518399777679747 ) ) ;
#88 = CARTESIAN_POINT ( 'NONE',  ( 40.64095568972413730, 60.07122172276085337, 120.0000000000000000 ) ) ;
#89 = ORIENTED_EDGE ( 'NONE', *, *, #123, .T. ) ;
#90 = CARTESIAN_POINT ( 'NONE',  ( -19.40000000029201388, 57.77822282197133319, 58.69008881977615033 ) ) ;
#91 = CARTESIAN_POINT ( 'NONE',  ( 28.18016941289154786, 71.02628918262243474, 108.8289054542730412 ) ) ;
#92 = ORIENTED_EDGE ( 'NONE', *, *, #778, .T. ) ;
#93 = CARTESIAN_POINT ( 'NONE',  ( -20.78408594450391433, 73.14615955827038363, 103.1527092444669904 ) ) ;
#94 = CARTESIAN_POINT ( 'NONE',  ( -48.82683063509787758, -11.52539797595174420, 250.8485690429905333 ) ) ;
#95 = CARTESIAN_POINT ( 'NONE',  ( 20.99623477986060749, 73.49320201316027124, 355.6337695516447752 ) ) ;
#96 = SURFACE_STYLE_USAGE ( .BOTH. , #1268 ) ;
#97 = CARTESIAN_POINT ( 'NONE',  ( 11.76623058891217077, -6.615223873134758570, 405.9664766139601397 ) ) ;
#98 = CARTESIAN_POINT ( 'NONE',  ( -2.576730528929166653, -51.85870406261567922, 61.09562901992813977 ) ) ;
#99 = CARTESIAN_POINT ( 'NONE',  ( -31.13379489040622161, 60.02833133073066563, 80.89436017912291277 ) ) ;
#100 = CARTESIAN_POINT ( 'NONE',  ( -55.30945093782668209, 10.60771251725238074, 149.0500747609518726 ) ) ;
#101 = CARTESIAN_POINT ( 'NONE',  ( 30.23905716309050007, 64.43381777243818931, 91.64732835488179319 ) ) ;
#102 = CARTESIAN_POINT ( 'NONE',  ( -11.15528690311501769, 57.58995360260006890, 52.75632772097554124 ) ) ;
#103 = B_SPLINE_CURVE_WITH_KNOTS ( 'NONE', 3,
 ( #1204, #7470, #1094, #5769, #1130, #2266 ),
 .UNSPECIFIED., .F., .F.,
 ( 4, 2, 4 ),
 ( 0.0006496800788478262990, 0.005491520131394932863, 0.01989960338544551066 ),
 .UNSPECIFIED. ) ;
#104 = CARTESIAN_POINT ( 'NONE',  ( 4.815563508100485279, -52.39540719700739402, 211.1921880980029300 ) ) ;
#106 = CARTESIAN_POINT ( 'NONE',  ( -44.05818599539022529, 49.82229466261533446, 82.47680936554563402 ) ) ;
#105 = CARTESIAN_POINT ( 'NONE',  ( 7.368061849129143859, 1.598613362170090646, 405.9095772560551154 ) ) ;
#107 = CARTESIAN_POINT ( 'NONE',  ( 24.51324036979135101, 94.49722811776791787, 321.0911010022998084 ) ) ;
#108 = CARTESIAN_POINT ( 'NONE',  ( -37.67010547894069816, 63.33372559744773866, 114.5904073906696681 ) ) ;
#109 = CARTESIAN_POINT ( 'NONE',  ( -47.20411676423996283, 42.01807691171720194, 82.47493774147056911 ) ) ;
#110 = CARTESIAN_POINT ( 'NONE',  ( 4.120056958725419020E-11, 62.61481202761203235, 64.34612264481953048 ) ) ;
#111 = CARTESIAN_POINT ( 'NONE',  ( -16.01946641174568597, -22.01760210342347079, 394.6001778272645311 ) ) ;
#112 = CARTESIAN_POINT ( 'NONE',  ( 29.59061247604364908, -48.56709143404245310, 201.7479667655092328 ) ) ;
#114 = CARTESIAN_POINT ( 'NONE',  ( -35.82470651092628344, 88.23291143248933110, 221.6008322317553620 ) ) ;
#113 = CARTESIAN_POINT ( 'NONE',  ( 50.92072697313178509, 34.53565582397966693, 95.91741718694669316 ) ) ;
#115 = CARTESIAN_POINT ( 'NONE',  ( 35.17874084793162126, 61.54830167369788541, 97.10481652952408638 ) ) ;
#116 = CARTESIAN_POINT ( 'NONE',  ( 14.22866369320909108, 109.2116835768671166, 371.6020824279627277 ) ) ;
#117 = CARTESIAN_POINT ( 'NONE',  ( 21.07953420183923754, 74.72292623339852469, 108.9325505994477652 ) ) ;
#118 = ORIENTED_EDGE ( 'NONE', *, *, #582, .F. ) ;
#119 = CARTESIAN_POINT ( 'NONE',  ( -42.89592672921845207, 32.31228758824921954, 59.39047711664824902 ) ) ;
#120 = CARTESIAN_POINT ( 'NONE',  ( -6.520781259980423350, 63.46431324560310117, 65.07169764221974617 ) ) ;
#121 = CARTESIAN_POINT ( 'NONE',  ( 44.52352947655347748, 44.56981177742570566, 96.82126713676289853 ) ) ;
#122 = CARTESIAN_POINT ( 'NONE',  ( -16.07050646366812074, 107.1684641406035468, 371.7344176748466111 ) ) ;
#123 = EDGE_CURVE ( 'NONE', #2890, #7004, #7162, .T. ) ;
#124 = CARTESIAN_POINT ( 'NONE',  ( -20.25923050507005740, 70.89911223525646733, 82.48296042774995840 ) ) ;
#125 = CARTESIAN_POINT ( 'NONE',  ( -29.02269580188810139, 56.61755024233382727, 57.13596006925363469 ) ) ;
#126 = CARTESIAN_POINT ( 'NONE',  ( 50.43121760430506839, -21.71728375742847916, 221.5238952426716992 ) ) ;
#127 = CARTESIAN_POINT ( 'NONE',  ( -49.28389634597095892, 27.10604614702788595, 71.85503552398967031 ) ) ;
#128 = ORIENTED_EDGE ( 'NONE', *, *, #258, .F. ) ;
#129 = CARTESIAN_POINT ( 'NONE',  ( -19.40000000029201388, 56.50037640151694518, 55.69236411321626434 ) ) ;
#130 = CARTESIAN_POINT ( 'NONE',  ( 28.35407489944341108, 65.80049351514944078, 91.68473791993309874 ) ) ;
#131 = ORIENTED_EDGE ( 'NONE', *, *, #2676, .T. ) ;
#132 = CARTESIAN_POINT ( 'NONE',  ( -19.57065484378587072, 75.32256884385542151, 108.9475429706916287 ) ) ;
#133 = CARTESIAN_POINT ( 'NONE',  ( -43.99127747113517017, -24.74142687066074231, 34.38799734219207238 ) ) ;
#134 = CARTESIAN_POINT ( 'NONE',  ( 35.87343088341614106, 52.96789976479028894, 60.97550537598812781 ) ) ;
#135 = EDGE_CURVE ( 'NONE', #5331, #1118, #5682, .T. ) ;
#136 = CARTESIAN_POINT ( 'NONE',  ( 54.40656213163362764, -6.247799841832907042, 192.3475906243832014 ) ) ;
#137 = CARTESIAN_POINT ( 'NONE',  ( -1.099151737956372665, -51.87674202349462860, 61.09561751996819368 ) ) ;
#138 = CARTESIAN_POINT ( 'NONE',  ( -32.22912956840769994, 66.16799385326864069, 102.9609951053988084 ) ) ;
#139 = CARTESIAN_POINT ( 'NONE',  ( -54.02284082411591726, 7.542127257246161953, 192.3489138660755202 ) ) ;
#140 = CARTESIAN_POINT ( 'NONE',  ( 26.01599406150141647, 53.76431595098785010, 56.62664325417568989 ) ) ;
#141 = CARTESIAN_POINT ( 'NONE',  ( -3.216179620862642086, 58.44598121036972316, 52.54223714086543140 ) ) ;
#142 = CARTESIAN_POINT ( 'NONE',  ( -54.39280207165834469, -5.248918101624107990, 192.3476055095170807 ) ) ;
#143 = CARTESIAN_POINT ( 'NONE',  ( 5.698557759442536508, -42.80901173923646752, 309.3045757321900737 ) ) ;
#145 = CARTESIAN_POINT ( 'NONE',  ( -27.17486209928118512, 69.39068053040878681, 336.8203445163638321 ) ) ;
#144 = CARTESIAN_POINT ( 'NONE',  ( 47.72957038536790719, 6.461706748972217085, 266.1300385262940722 ) ) ;
#146 = CARTESIAN_POINT ( 'NONE',  ( -43.29697323067176740, 40.97988906012680133, 80.52331576021150283 ) ) ;
#147 = CARTESIAN_POINT ( 'NONE',  ( 21.06192298813587627, 33.05232068977414173, 10.00000000000000000 ) ) ;
#148 = CARTESIAN_POINT ( 'NONE',  ( -37.24726727408800286, 62.34866158475600884, 108.6167549079552401 ) ) ;
#149 = CARTESIAN_POINT ( 'NONE',  ( -46.07735558292419853, 45.23492779525122387, 82.47568147737229083 ) ) ;
#150 = CARTESIAN_POINT ( 'NONE',  ( -25.88489713535249948, -36.96413132071017316, 309.2578745530215087 ) ) ;
#151 = CARTESIAN_POINT ( 'NONE',  ( 29.25289845498673458, -42.28502481532009938, 34.35161381037506345 ) ) ;
#153 = CARTESIAN_POINT ( 'NONE',  ( -36.69556287623428403, 72.88101314840888278, 125.2881771090629854 ) ) ;
#152 = CARTESIAN_POINT ( 'NONE',  ( 4.999027960287330430, 28.04662567015114760, 409.0779284778316196 ) ) ;
#154 = CARTESIAN_POINT ( 'NONE',  ( 33.99781402776635275, 55.25777949056788430, 75.66930251534219565 ) ) ;
#155 = CARTESIAN_POINT ( 'NONE',  ( 24.86566256446011636, 95.38712467748815982, 201.7344710980710261 ) ) ;
#156 = CARTESIAN_POINT ( 'NONE',  ( 18.37173254860718075, 61.34241808590607548, 65.97408195010159204 ) ) ;
#157 = CARTESIAN_POINT ( 'NONE',  ( 33.80310329663551983, 47.93273363713828417, 55.48403932038547737 ) ) ;
#158 = CARTESIAN_POINT ( 'NONE',  ( -3.534096855390132888E-25, 62.13972375767053080, 63.20604504837260151 ) ) ;
#159 = CARTESIAN_POINT ( 'NONE',  ( 45.81210108906978462, 47.81440067308631114, 120.5525243904616985 ) ) ;
#160 = CARTESIAN_POINT ( 'NONE',  ( -16.86449848019995557, 76.20660751207844896, 95.91486233485673552 ) ) ;
#161 = CARTESIAN_POINT ( 'NONE',  ( -22.66618655282875139, 96.53617894195254223, 201.7343883737954400 ) ) ;
#162 = CARTESIAN_POINT ( 'NONE',  ( -45.64801077249369143, 21.17314298619358226, 65.39705119618828633 ) ) ;
#163 = CARTESIAN_POINT ( 'NONE',  ( 42.27570166456750655, -29.11680039840567957, 34.38169086334377766 ) ) ;
#164 = CARTESIAN_POINT ( 'NONE',  ( -18.74101362677200910, 55.63821635766130669, 54.87914859056152750 ) ) ;
#165 = ORIENTED_EDGE ( 'NONE', *, *, #2902, .F. ) ;
#166 = CARTESIAN_POINT ( 'NONE',  ( 0.000000000000000000, 110.3652471003203743, 283.8320178816200610 ) ) ;
#167 = CARTESIAN_POINT ( 'NONE',  ( 27.41291063192480593, 74.67003998369960982, 121.0126323723011268 ) ) ;
#168 = CARTESIAN_POINT ( 'NONE',  ( -21.57837462401492701, 77.73112308262265913, 121.0975183419072891 ) ) ;
#169 = CARTESIAN_POINT ( 'NONE',  ( -24.78263081033043491, -13.99965637921416217, 379.4587201523890485 ) ) ;
#170 = CARTESIAN_POINT ( 'NONE',  ( 31.02070305377686665, 71.00770606899796178, 321.4673657776028222 ) ) ;
#171 = CARTESIAN_POINT ( 'NONE',  ( 53.52984902553233582, 27.10604614702786463, 119.9999999999999432 ) ) ;
#172 = CARTESIAN_POINT ( 'NONE',  ( 9.062682252513919678, -6.199355075001129478, 409.0779284778312217 ) ) ;
#173 = CARTESIAN_POINT ( 'NONE',  ( -2.861230606058367876, -54.81586391009892623, 106.4482982333820331 ) ) ;
#174 = CARTESIAN_POINT ( 'NONE',  ( -29.48725338792468875, 57.43242722098113973, 70.81836348802120540 ) ) ;
#175 = CARTESIAN_POINT ( 'NONE',  ( -49.43431826732843604, 12.79072845539855763, 250.8912901494613266 ) ) ;
#176 = CARTESIAN_POINT ( 'NONE',  ( 31.15029201816709303, 61.85560201618320519, 86.26048661789744187 ) ) ;
#177 = CARTESIAN_POINT ( 'NONE',  ( -15.85904136946706267, 56.57229547229554356, 53.01080384926847699 ) ) ;
#178 = CARTESIAN_POINT ( 'NONE',  ( -42.85326599511384416, -5.183104317670615302, 296.6512912776334474 ) ) ;
#179 = CARTESIAN_POINT ( 'NONE',  ( 1.175491246658291189, -51.76783516981456756, 221.5351191454790865 ) ) ;
#181 = CARTESIAN_POINT ( 'NONE',  ( -31.41153860423614219, 29.27824290279409780, 17.26903435683385979 ) ) ;
#180 = CARTESIAN_POINT ( 'NONE',  ( 49.66283951151136478, 6.350799116603711880, 250.8658868717100177 ) ) ;
#182 = CARTESIAN_POINT ( 'NONE',  ( -45.88212590414355674, 42.22689128038642536, 102.5729248021375781 ) ) ;
#183 = CARTESIAN_POINT ( 'NONE',  ( 26.80646624554935897, 94.10080140844749508, 309.2778727753870385 ) ) ;
#184 = CARTESIAN_POINT ( 'NONE',  ( -35.23746275716381149, 55.84982075510217214, 80.79053090908489310 ) ) ;
#185 = CARTESIAN_POINT ( 'NONE',  ( -49.19867497242078969, 56.65995086438273631, 174.9400116350131782 ) ) ;
#186 = CARTESIAN_POINT ( 'NONE',  ( -19.40000000029201743, 57.78272231591505914, 53.71169823300256496 ) ) ;
#187 = B_SPLINE_CURVE_WITH_KNOTS ( 'NONE', 3,
 ( #4098, #6871, #1672, #1180, #6313, #1107, #4062, #2918 ),
 .UNSPECIFIED., .F., .F.,
 ( 4, 2, 2, 4 ),
 ( 0.001052854911791545897, 0.005809396484580698142, 0.01056593805736985060, 0.02007902120294816420 ),
 .UNSPECIFIED. ) ;
#188 = CARTESIAN_POINT ( 'NONE',  ( -29.22220034755079254, -49.38569192654368578, 82.48352416761068184 ) ) ;
#189 = CARTESIAN_POINT ( 'NONE',  ( 9.425226401539550380, -23.08678139245468941, 409.0779284778305964 ) ) ;
#191 = CARTESIAN_POINT ( 'NONE',  ( -35.65019865020066447, 86.39537904418227754, 201.7350507500975141 ) ) ;
#190 = CARTESIAN_POINT ( 'NONE',  ( 43.91844645182846563, 31.83014033685442001, 282.4303561234048630 ) ) ;
#192 = CARTESIAN_POINT ( 'NONE',  ( 37.90960651187076991, 63.00576131676609037, 114.5844473865080175 ) ) ;
#193 = CARTESIAN_POINT ( 'NONE',  ( 12.50014539509437306, 42.63619531362171955, 17.17736459512263991 ) ) ;
#194 = CARTESIAN_POINT ( 'NONE',  ( 9.454593450506493468, 59.28106273795687287, 52.64599349339241741 ) ) ;
#195 = CARTESIAN_POINT ( 'NONE',  ( -49.28389634597095892, 27.10604614702788595, 71.85503552398967031 ) ) ;
#196 = CARTESIAN_POINT ( 'NONE',  ( 39.90417364804844169, 38.61942010383819479, 60.85278812940289583 ) ) ;
#197 = CARTESIAN_POINT ( 'NONE',  ( -19.40000000029196059, 105.6329236794297373, 44.87795496527282069 ) ) ;
#198 = CARTESIAN_POINT ( 'NONE',  ( -25.59277942048031562, 91.15990033322725594, 174.9449697106100245 ) ) ;
#199 = CARTESIAN_POINT ( 'NONE',  ( -47.00495941061120675, 26.33989387020289286, 80.38136282074593453 ) ) ;
#200 = CARTESIAN_POINT ( 'NONE',  ( 27.07502766204991929, -23.68689272032882798, 358.0419343745247147 ) ) ;
#201 = CARTESIAN_POINT ( 'NONE',  ( 0.000000000000000000, 84.85777298089909948, 120.0000000015958506 ) ) ;
#202 = EDGE_LOOP ( 'NONE', ( #6016, #6134, #7245, #1261 ) ) ;
#203 = CARTESIAN_POINT ( 'NONE',  ( 1.240478388667810128, 114.9777999077163315, 402.6283615271067333 ) ) ;
#204 = CARTESIAN_POINT ( 'NONE',  ( 25.43379408175292866, 56.20481034812621601, 61.17645932955592514 ) ) ;
#205 = CARTESIAN_POINT ( 'NONE',  ( -18.71802517690992573, 70.47387712515002534, 91.80829776834269751 ) ) ;
#206 = CARTESIAN_POINT ( 'NONE',  ( -38.12949699467273490, -22.17783943128567969, 309.2041950367357686 ) ) ;
#207 = CARTESIAN_POINT ( 'NONE',  ( 42.63671776123251078, 76.22344487085828746, 236.3198685812823499 ) ) ;
#208 = CARTESIAN_POINT ( 'NONE',  ( 49.76603673831682784, 47.04436051127267149, 120.0000000000000284 ) ) ;
#209 = CARTESIAN_POINT ( 'NONE',  ( 51.19963392660109491, -8.423031461118204888, 61.09962439963114633 ) ) ;
#210 = CARTESIAN_POINT ( 'NONE',  ( 0.000000000000000000, -49.29133392571988281, 251.6525086451857476 ) ) ;
#211 = CARTESIAN_POINT ( 'NONE',  ( -28.91152912466202451, 53.79095801313489744, 61.13101343650918551 ) ) ;
#212 = CARTESIAN_POINT ( 'NONE',  ( -50.87623757684188774, 4.381805678095517464, 61.09408426076865339 ) ) ;
#213 = CARTESIAN_POINT ( 'NONE',  ( 27.71439810381323454, 52.56401513573135986, 56.60541620778545990 ) ) ;
#214 = DIRECTION ( 'NONE',  ( 1.000000000000000000, 0.000000000000000000, 0.000000000000000000 ) ) ;
#215 = CARTESIAN_POINT ( 'NONE',  ( -16.51082527735587746, -6.579994903228536529, 397.6363265681047210 ) ) ;
#216 = CARTESIAN_POINT ( 'NONE',  ( 0.3156656417261630709, -43.01113364881287282, 309.3074982836325262 ) ) ;
#217 = CARTESIAN_POINT ( 'NONE',  ( 55.62344055708990709, 1.689405328710131604, 125.3248204544771482 ) ) ;
#218 = CARTESIAN_POINT ( 'NONE',  ( -14.41834025962064203, -50.98981693799635195, 61.09601879516655742 ) ) ;
#219 = CARTESIAN_POINT ( 'NONE',  ( -39.90446627329234275, 35.50192118420726217, 56.31026039379827353 ) ) ;
#220 = CARTESIAN_POINT ( 'NONE',  ( 31.16846060470466284, 95.01353983942591697, 267.2914167803407963 ) ) ;
#221 = ADVANCED_FACE ( 'NONE', ( #474 ), #3389, .T. ) ;
#222 = CARTESIAN_POINT ( 'NONE',  ( -37.79100160704340539, 64.60517716788463360, 120.7738663903112837 ) ) ;
#223 = CARTESIAN_POINT ( 'NONE',  ( -53.46141027002447998, 30.45402774185642158, 125.3150939048543222 ) ) ;
#224 = CARTESIAN_POINT ( 'NONE',  ( -3.029225876048685333E-25, 62.13972375767052370, 63.20604504837258730 ) ) ;
#225 = CARTESIAN_POINT ( 'NONE',  ( -24.88510491888017739, -51.65813026567050770, 95.91309608127470199 ) ) ;
#226 = CARTESIAN_POINT ( 'NONE',  ( 13.56343537099108332, -46.90500798910228042, 267.2670486066114108 ) ) ;
#228 = CARTESIAN_POINT ( 'NONE',  ( -28.07020404206933506, 46.13271314289264780, 34.04953921801384809 ) ) ;
#227 = CARTESIAN_POINT ( 'NONE',  ( 49.09264226191538683, 45.46413718415138305, 236.1508003833065175 ) ) ;
#229 = CARTESIAN_POINT ( 'NONE',  ( 37.48634011914052877, 62.03023600860769449, 108.6106687503779682 ) ) ;
#230 = CARTESIAN_POINT ( 'NONE',  ( 18.72963673883764457, 104.8244500739065757, 320.8999352614530949 ) ) ;
#231 = CARTESIAN_POINT ( 'NONE',  ( -25.40662364329570266, 55.60306290881374025, 53.84014959074981732 ) ) ;
#232 = CARTESIAN_POINT ( 'NONE',  ( 43.03702517383503334, 32.94194906694581704, 65.48701222596278626 ) ) ;
#233 = CARTESIAN_POINT ( 'NONE',  ( 49.28389634597096602, 27.10604614702787885, 71.85503552398968452 ) ) ;
#234 = CARTESIAN_POINT ( 'NONE',  ( -19.59567572652590428, 100.3361905882335350, 221.6189085552311724 ) ) ;
#235 = CARTESIAN_POINT ( 'NONE',  ( -49.90177573649053500, 27.10604614702781490, 120.0000000000000284 ) ) ;
#236 = CARTESIAN_POINT ( 'NONE',  ( 37.66439525904381469, -31.50435355867594467, 282.6141579083720217 ) ) ;
#237 = CARTESIAN_POINT ( 'NONE',  ( -18.74381948160043976, 57.76717184531704419, 59.87553439272435440 ) ) ;
#238 = ORIENTED_EDGE ( 'NONE', *, *, #7095, .T. ) ;
#239 = CARTESIAN_POINT ( 'NONE',  ( 0.000000000000000000, 81.23719565832706735, 106.4309323311144624 ) ) ;
#240 = CARTESIAN_POINT ( 'NONE',  ( 24.38838294353732294, 68.11971589406741145, 91.74922698901701779 ) ) ;
#241 = CARTESIAN_POINT ( 'NONE',  ( -16.77295109835779741, 79.39580234650559021, 121.1354859777379573 ) ) ;
#242 = CARTESIAN_POINT ( 'NONE',  ( 27.17486209928118512, 69.39068053040878681, 336.8203445163638321 ) ) ;
#243 = CARTESIAN_POINT ( 'NONE',  ( 28.30685088469683919, 78.20791809376416381, 119.9999999999999858 ) ) ;
#244 = CARTESIAN_POINT ( 'NONE',  ( 34.64478487570555387, -6.672621706111435458, 338.9094986770033984 ) ) ;
#245 = CARTESIAN_POINT ( 'NONE',  ( 0.000000000000000000, -54.41040938837297603, 95.91147462393556111 ) ) ;
#246 = CARTESIAN_POINT ( 'NONE',  ( -29.33559810511941990, 61.46416799559538191, 80.93076256089486265 ) ) ;
#247 = CARTESIAN_POINT ( 'NONE',  ( -12.47994127228410655, 1.935646108805006316, 397.5039107733113042 ) ) ;
#248 = CARTESIAN_POINT ( 'NONE',  ( 29.73972145466440509, 59.23931213348076597, 75.76570849596004109 ) ) ;
#249 = CARTESIAN_POINT ( 'NONE',  ( 42.36340940084995310, 33.23420843818595216, 62.98378092797302230 ) ) ;
#250 = CARTESIAN_POINT ( 'NONE',  ( -23.10790807300193350, -6.050989737802308532, 380.0924787308388204 ) ) ;
#251 = CARTESIAN_POINT ( 'NONE',  ( 2.881711039834468302, -53.56836269825922869, 192.4470611123404353 ) ) ;
#252 = CARTESIAN_POINT ( 'NONE',  ( 33.88285192895106235, -2.527735841406076212, 338.8985694783581835 ) ) ;
#253 = ADVANCED_FACE ( 'NONE', ( #6288 ), #5766, .F. ) ;
#254 = CARTESIAN_POINT ( 'NONE',  ( -11.95262890326478278, -53.09543919293825809, 82.48903396800865551 ) ) ;
#255 = CARTESIAN_POINT ( 'NONE',  ( -39.34624851515919630, 39.87732802583362712, 60.87105268077864650 ) ) ;
#256 = CARTESIAN_POINT ( 'NONE',  ( 35.82470651092628344, 88.23291143248933110, 221.6008322317553620 ) ) ;
#257 = CARTESIAN_POINT ( 'NONE',  ( -35.35235611753781626, 55.70936755143529240, 80.78726577939026754 ) ) ;
#258 = EDGE_CURVE ( 'NONE', #5791, #4684, #3980, .T. ) ;
#259 = CARTESIAN_POINT ( 'NONE',  ( -43.49273569025414332, 38.47619753015403887, 282.5153972148385151 ) ) ;
#260 = CARTESIAN_POINT ( 'NONE',  ( 18.92760852474639321, 60.99406342333720943, 65.68153911590547978 ) ) ;
#261 = CARTESIAN_POINT ( 'NONE',  ( -12.66118006060273871, -34.58348779304731124, 355.0691627151733201 ) ) ;
#262 = CARTESIAN_POINT ( 'NONE',  ( 8.734003575675011177, -25.47488139449234978, 403.7853512145564991 ) ) ;
#264 = CARTESIAN_POINT ( 'NONE',  ( -19.13206306754865338, 85.25606391147253760, 354.8036153839083795 ) ) ;
#263 = CARTESIAN_POINT ( 'NONE',  ( 18.67827076007984743, 20.60619806868941239, 379.0760307240186080 ) ) ;
#265 = CARTESIAN_POINT ( 'NONE',  ( 36.75460162182187673, 59.63174507041973271, 97.06242821255014519 ) ) ;
#266 = CARTESIAN_POINT ( 'NONE',  ( 20.13088756293228343, 93.80943014742305763, 409.0779284778326428 ) ) ;
#267 = CARTESIAN_POINT ( 'NONE',  ( -18.56513965345907025, 57.15481936001600616, 53.17773487067823623 ) ) ;
#268 = EDGE_CURVE ( 'NONE', #4333, #7030, #5586, .T. ) ;
#269 = CARTESIAN_POINT ( 'NONE',  ( 45.06442582101272620, 40.59187820901934174, 91.20694405031457563 ) ) ;
#270 = CARTESIAN_POINT ( 'NONE',  ( 0.000000000000000000, 60.24444865997536169, 52.54223714096878695 ) ) ;
#271 = CARTESIAN_POINT ( 'NONE',  ( -19.46593024695983232, 92.58965949448901256, 390.9555874459440474 ) ) ;
#272 = CARTESIAN_POINT ( 'NONE',  ( 19.39999999930045149, 49.89308359326332720, 876.6628439616355308 ) ) ;
#273 = CARTESIAN_POINT ( 'NONE',  ( 13.84098645673491568, -18.33915228317448864, 404.9187798778207821 ) ) ;
#274 = CARTESIAN_POINT ( 'NONE',  ( 0.000000000000000000, 69.18586555356600343, 69.10492516483488146 ) ) ;
#275 = ORIENTED_EDGE ( 'NONE', *, *, #1333, .T. ) ;
#276 = CARTESIAN_POINT ( 'NONE',  ( 1.926742067470333719, 96.80942756360546753, 174.9460906908306015 ) ) ;
#277 = CARTESIAN_POINT ( 'NONE',  ( 7.172463509526808778, 67.43509112086528035, 75.92033480670103529 ) ) ;
#278 = CARTESIAN_POINT ( 'NONE',  ( -12.89363701960586539, 62.83639407821591050, 65.98596336583975130 ) ) ;
#279 = CARTESIAN_POINT ( 'NONE',  ( 26.76558908160833283, 27.96313976114281985, 9.999999999999998224 ) ) ;
#280 = CARTESIAN_POINT ( 'NONE',  ( 0.000000000000000000, 57.98445078868659408, 53.23456412832486251 ) ) ;
#281 = CARTESIAN_POINT ( 'NONE',  ( 53.03790405546583031, -8.475813905242965518, 211.2172967466541991 ) ) ;
#282 = CARTESIAN_POINT ( 'NONE',  ( 0.000000000000000000, -51.77078327003781055, 221.5351251701182491 ) ) ;
#283 = CARTESIAN_POINT ( 'NONE',  ( 30.55133322416034858, 53.88658798684715379, 66.56326656081500914 ) ) ;
#284 = CARTESIAN_POINT ( 'NONE',  ( -31.62342110311309185, 66.70225204649773332, 102.9749661976396311 ) ) ;
#285 = CARTESIAN_POINT ( 'NONE',  ( -54.25858017205716521, 4.122359982015428415, 95.91842194424297929 ) ) ;
#286 = CARTESIAN_POINT ( 'NONE',  ( 30.85065483449963253, 62.10670493884374821, 86.26699688065342286 ) ) ;
#287 = CARTESIAN_POINT ( 'NONE',  ( 0.000000000000000000, 60.79295007846437215, 52.54223714097110332 ) ) ;
#288 = CARTESIAN_POINT ( 'NONE',  ( -40.57490537411622711, -5.214291584286022463, 309.1853924264085549 ) ) ;
#289 = CARTESIAN_POINT ( 'NONE',  ( 2.212683981822393786, -42.98539916776316261, 309.3070882317718997 ) ) ;
#290 = CARTESIAN_POINT ( 'NONE',  ( 37.13126860191107426, -2.256588849178703615, 10.00000000000000178 ) ) ;
#291 = CARTESIAN_POINT ( 'NONE',  ( -7.350758326725074454, -26.38904048177414552, 403.6468210446017792 ) ) ;
#292 = CARTESIAN_POINT ( 'NONE',  ( -41.23855697931212916, 48.35315243125125306, 85.97111422851496343 ) ) ;
#293 = CARTESIAN_POINT ( 'NONE',  ( 36.18514798360699558, 88.85666191873629316, 251.5829373975865906 ) ) ;
#294 = ORIENTED_EDGE ( 'NONE', *, *, #3460, .F. ) ;
#295 = CARTESIAN_POINT ( 'NONE',  ( -34.88323108101054970, 66.74378913537917413, 114.6600109283934898 ) ) ;
#296 = CARTESIAN_POINT ( 'NONE',  ( -39.90373976707076054, 47.15182131616348471, 297.0368385496761903 ) ) ;
#297 = CARTESIAN_POINT ( 'NONE',  ( -19.40000000029201388, 59.44887661221422803, 64.35638367479332089 ) ) ;
#298 = CARTESIAN_POINT ( 'NONE',  ( -30.61456938278566398, -49.83811410053662883, 175.0100621485987062 ) ) ;
#299 = CARTESIAN_POINT ( 'NONE',  ( 25.55374225681365274, -51.48164753199914401, 175.0193905627105551 ) ) ;
#301 = CARTESIAN_POINT ( 'NONE',  ( -31.29179757343381851, 93.24381146108152052, 283.4028478569703111 ) ) ;
#300 = CARTESIAN_POINT ( 'NONE',  ( 38.65890254230112788, 24.78133956945886851, 309.1992227063497012 ) ) ;
#302 = CARTESIAN_POINT ( 'NONE',  ( 37.79100160704327038, 64.60517716788464782, 120.7738663903105163 ) ) ;
#303 = CARTESIAN_POINT ( 'NONE',  ( 19.69620272464766941, 98.83655039488226635, 402.9627143973561942 ) ) ;
#304 = CARTESIAN_POINT ( 'NONE',  ( -38.19781200069849092, 44.81995441937218061, 65.65113966191525208 ) ) ;
#305 = AXIS2_PLACEMENT_3D ( 'NONE', #1988, #7158, #4302 ) ;
#306 = CARTESIAN_POINT ( 'NONE',  ( 45.83737275660745070, 35.01638466802252481, 85.80313551822133888 ) ) ;
#307 = CARTESIAN_POINT ( 'NONE',  ( 0.000000000000000000, 112.7580379459900257, 320.7469887188660209 ) ) ;
#308 = CARTESIAN_POINT ( 'NONE',  ( -29.01447304208877753, 92.68548284088269895, 201.7346556227065832 ) ) ;
#309 = CARTESIAN_POINT ( 'NONE',  ( -41.93270744819444218, 29.54927834719195090, 56.24398821409859295 ) ) ;
#310 = CARTESIAN_POINT ( 'NONE',  ( 47.67163976374737189, -37.82417811379341543, 106.4667490773286573 ) ) ;
#311 = CARTESIAN_POINT ( 'NONE',  ( 11.15528690251483646, 57.58995360269846486, 52.75632772095094936 ) ) ;
#312 = ORIENTED_EDGE ( 'NONE', *, *, #720, .F. ) ;
#313 = CARTESIAN_POINT ( 'NONE',  ( 0.000000000000000000, 91.88541255089855042, 149.0192602527410770 ) ) ;
#314 = CARTESIAN_POINT ( 'NONE',  ( 13.25579312475230154, 78.67447785797857307, 114.9644502979169118 ) ) ;
#315 = CARTESIAN_POINT ( 'NONE',  ( -12.34365737111370720, 70.29757459444245171, 86.46039262636783462 ) ) ;
#316 = CARTESIAN_POINT ( 'NONE',  ( 43.59497064300177271, 58.93011517504086072, 106.4487139493086403 ) ) ;
#317 = CARTESIAN_POINT ( 'NONE',  ( 43.02623496292717675, 63.12309898197100466, 120.0000000000000142 ) ) ;
#318 = CARTESIAN_POINT ( 'NONE',  ( 50.87517152497040485, -6.616128921783814398, 235.9981479677553864 ) ) ;
#319 = CARTESIAN_POINT ( 'NONE',  ( -11.02302244480823923, 56.85135748478509043, 52.75345628971081879 ) ) ;
#320 = CARTESIAN_POINT ( 'NONE',  ( 17.09987182616084311, 61.58922836375253951, 55.89261840899036571 ) ) ;
#321 = ORIENTED_EDGE ( 'NONE', *, *, #4622, .F. ) ;
#322 = CARTESIAN_POINT ( 'NONE',  ( -28.64770600465556782, 56.08170267605986226, 65.88138392763833906 ) ) ;
#323 = CARTESIAN_POINT ( 'NONE',  ( -46.03832394487827173, 0.3093118195566184614, 34.39269684296453278 ) ) ;
#324 = CARTESIAN_POINT ( 'NONE',  ( 32.17113575715065110, 64.56843564583564898, 97.18097870372146474 ) ) ;
#325 = CARTESIAN_POINT ( 'NONE',  ( -44.44092959062069781, 41.79530716839581572, 73.27481299636473011 ) ) ;
#326 = CARTESIAN_POINT ( 'NONE',  ( -53.54931451210967452, -6.606706142338157228, 82.46846619459346073 ) ) ;
#327 = CARTESIAN_POINT ( 'NONE',  ( 0.8944626677098921341, -39.53408085530723071, 335.5805030320946116 ) ) ;
#328 = CARTESIAN_POINT ( 'NONE',  ( 55.14767155500666007, -2.798272206319819322, 106.4751699845581641 ) ) ;
#329 = CARTESIAN_POINT ( 'NONE',  ( -10.16056220879665872, -35.36367275227340201, 354.7680532469146897 ) ) ;
#330 = CARTESIAN_POINT ( 'NONE',  ( -40.10266865430219241, 43.54596841317825096, 70.53616397532910298 ) ) ;
#331 = ORIENTED_EDGE ( 'NONE', *, *, #4153, .F. ) ;
#332 = AXIS2_PLACEMENT_3D ( 'NONE', #1331, #5972, #9 ) ;
#333 = CARTESIAN_POINT ( 'NONE',  ( -30.33147521024605453, 50.37076527980394047, 56.56424670442537206 ) ) ;
#334 = CARTESIAN_POINT ( 'NONE',  ( -45.49148822631065059, 47.02160344056898822, 266.5338285665748117 ) ) ;
#335 = CARTESIAN_POINT ( 'NONE',  ( 19.05148578498821621, 59.45581771418189021, 56.42615221272413351 ) ) ;
#336 = FACE_OUTER_BOUND ( 'NONE', #5681, .T. ) ;
#337 = CARTESIAN_POINT ( 'NONE',  ( -19.77073316227539124, -51.36442278339917067, 201.7501626469924361 ) ) ;
#338 = CARTESIAN_POINT ( 'NONE',  ( 8.117874403921792492, -28.72274637977016098, 392.1746400375798771 ) ) ;
#340 = CARTESIAN_POINT ( 'NONE',  ( -23.93701776677540138, 37.14786789015811053, 17.22061336247276486 ) ) ;
#339 = CARTESIAN_POINT ( 'NONE',  ( 52.69580721207303498, 23.14111823609577812, 95.91789738967905521 ) ) ;
#341 = CARTESIAN_POINT ( 'NONE',  ( 37.36713825485837503, 62.19016330257876035, 108.6137030247074051 ) ) ;
#342 = CARTESIAN_POINT ( 'NONE',  ( 27.34442258273469051, 92.66026539339068790, 192.3862245975744543 ) ) ;
#343 = CARTESIAN_POINT ( 'NONE',  ( -41.16061667727850448, 57.83811202800318796, 114.4962220708182059 ) ) ;
#344 = CARTESIAN_POINT ( 'NONE',  ( -48.99249482762951402, -26.56238141412534048, 221.5246904950450073 ) ) ;
#345 = CARTESIAN_POINT ( 'NONE',  ( 47.14649842402555180, 37.27271985071536875, 102.5327570922610505 ) ) ;
#346 = CARTESIAN_POINT ( 'NONE',  ( -19.05148578599622766, 59.45581771386712688, 56.42615221280286164 ) ) ;
#347 = CARTESIAN_POINT ( 'NONE',  ( -21.71490357244795177, 103.1809278980007605, 283.6328806230999930 ) ) ;
#348 = CARTESIAN_POINT ( 'NONE',  ( -43.69012270580607549, 33.89240527632662747, 70.40891857346763061 ) ) ;
#349 = CARTESIAN_POINT ( 'NONE',  ( 39.27525082723539640, -44.14926309889921185, 192.3974927658011040 ) ) ;
#350 = CARTESIAN_POINT ( 'NONE',  ( -18.74595051484778807, 59.46908643104374903, 63.87318011863325751 ) ) ;
#351 = CARTESIAN_POINT ( 'NONE',  ( 8.294113013362347075, 111.6844666644203414, 320.7717496856966477 ) ) ;
#352 = CARTESIAN_POINT ( 'NONE',  ( 6.908961804981347932, 63.75377285266177552, 65.98812118832894669 ) ) ;
#353 = CARTESIAN_POINT ( 'NONE',  ( -16.38803607947744112, 76.27096050137704708, 108.9664572018500053 ) ) ;
#354 = CARTESIAN_POINT ( 'NONE',  ( 30.36761427861970120, 22.92123843859008048, 9.999999999999994671 ) ) ;
#355 = CARTESIAN_POINT ( 'NONE',  ( -39.52413448857952716, 35.79024075415757977, 58.02052370865986575 ) ) ;
#356 = CARTESIAN_POINT ( 'NONE',  ( 47.21193612845348042, -8.313957729109382910, 266.0946107118872987 ) ) ;
#357 = CARTESIAN_POINT ( 'NONE',  ( -15.69797487225380728, 56.14941564333753377, 53.69347459558903068 ) ) ;
#358 = CARTESIAN_POINT ( 'NONE',  ( -0.3912785396924737258, -51.77078327003781055, 221.5351251701182491 ) ) ;
#359 = ORIENTED_EDGE ( 'NONE', *, *, #5093, .F. ) ;
#360 = CARTESIAN_POINT ( 'NONE',  ( -30.85364942241652741, 63.94740419477373905, 91.63423892591333697 ) ) ;
#361 = CARTESIAN_POINT ( 'NONE',  ( -37.08372733671021848, -1.502511496409777880, 10.00000000000000000 ) ) ;
#362 = CARTESIAN_POINT ( 'NONE',  ( 34.03469952305657387, 66.09058520986654628, 108.6982143876762024 ) ) ;
#363 = CARTESIAN_POINT ( 'NONE',  ( -9.917591784278641853, 66.39052310068009888, 67.12392070937463018 ) ) ;
#364 = AXIS2_PLACEMENT_3D ( 'NONE', #2050, #3793, #6610 ) ;
#365 = CARTESIAN_POINT ( 'NONE',  ( -40.58286102974820864, -6.651496917966440492, 309.1853475621281291 ) ) ;
#366 = EDGE_CURVE ( 'NONE', #7345, #5102, #3886, .T. ) ;
#367 = B_SPLINE_CURVE_WITH_KNOTS ( 'NONE', 3,
 ( #1444, #2734, #6237, #2583, #2054, #4477, #311, #921, #7224, #1523 ),
 .UNSPECIFIED., .F., .F.,
 ( 4, 2, 2, 2, 4 ),
 ( 1.551583845779545699E-17, 0.002415150612747775719, 0.004830301225495535825, 0.009660602450991049098, 0.01932120490198207738 ),
 .UNSPECIFIED. ) ;
#368 = CARTESIAN_POINT ( 'NONE',  ( 0.000000000000000000, -47.92900152199584340, 34.31797925651743242 ) ) ;
#369 = CARTESIAN_POINT ( 'NONE',  ( 54.96857882126191441, 2.070199655047520348, 174.9350368813493048 ) ) ;
#370 = CARTESIAN_POINT ( 'NONE',  ( -12.89144863210889724, -47.09728962526845919, 34.32630704268894561 ) ) ;
#371 = CARTESIAN_POINT ( 'NONE',  ( -39.45542351220191790, 42.34888250171781721, 65.61021808783250719 ) ) ;
#372 = CARTESIAN_POINT ( 'NONE',  ( -34.28510186123511261, 58.85945502386487505, 86.18404168813455613 ) ) ;
#373 = CARTESIAN_POINT ( 'NONE',  ( -52.10598756292789346, 34.88633212949510209, 201.7376634749646200 ) ) ;
#374 = CARTESIAN_POINT ( 'NONE',  ( -41.97802173263998071, 34.22548254520827982, 62.73587823517973305 ) ) ;
#375 = CARTESIAN_POINT ( 'NONE',  ( 18.93844992464572385, 56.53696174891982906, 53.22790535872820072 ) ) ;
#376 = CARTESIAN_POINT ( 'NONE',  ( -19.81912389102735261, -52.80446069933125841, 95.91256017588285943 ) ) ;
#377 = CARTESIAN_POINT ( 'NONE',  ( 15.16366285203000608, -41.34844231122769287, 309.2886508090259667 ) ) ;
#379 = CARTESIAN_POINT ( 'NONE',  ( -25.44340331845632619, 91.97056133792706589, 321.1400265303479955 ) ) ;
#378 = CARTESIAN_POINT ( 'NONE',  ( 53.66992419596931541, 13.24048594562303371, 95.91822421020050626 ) ) ;
#380 = CARTESIAN_POINT ( 'NONE',  ( 34.54428409639670861, 52.46644675620697029, 70.70426385528874391 ) ) ;
#381 = CARTESIAN_POINT ( 'NONE',  ( 26.53569185140803555, 95.53849288200086676, 211.2200970691899613 ) ) ;
#382 = CARTESIAN_POINT ( 'NONE',  ( -38.44459899477582354, 57.28187771480457258, 97.01489750383359478 ) ) ;
#383 = CARTESIAN_POINT ( 'NONE',  ( -36.51059073740194094, -25.74640818928212127, 309.2134994862242365 ) ) ;
#384 = CARTESIAN_POINT ( 'NONE',  ( 45.29475496748270302, 39.80541641163584643, 91.19861592103373482 ) ) ;
#385 = CARTESIAN_POINT ( 'NONE',  ( 0.000000000000000000, 39.00533594361594680, 10.00000000000000000 ) ) ;
#386 = CARTESIAN_POINT ( 'NONE',  ( -17.94346009757379079, 86.62081098828844006, 403.1685365647983872 ) ) ;
#387 = CARTESIAN_POINT ( 'NONE',  ( -44.99919640807551957, 38.13674300870970058, 85.83452225122282186 ) ) ;
#388 = CARTESIAN_POINT ( 'NONE',  ( 19.39999999930045149, 56.98125940761282493, 53.72114124389371881 ) ) ;
#389 = CARTESIAN_POINT ( 'NONE',  ( 38.85752020087457481, 54.82410247005331883, 91.42035036691500238 ) ) ;
#390 = CARTESIAN_POINT ( 'NONE',  ( 3.896032811496955794, 114.6920939428093646, 389.8918159907137237 ) ) ;
#391 = CARTESIAN_POINT ( 'NONE',  ( 9.823647615929848698, 80.83966194129452276, 121.1593490356887202 ) ) ;
#392 = CARTESIAN_POINT ( 'NONE',  ( -13.90460801802483815, 69.98139408143383378, 86.45649322637696343 ) ) ;
#393 = CARTESIAN_POINT ( 'NONE',  ( 33.44868810554351057, 52.47220031446799737, 321.7472222962165915 ) ) ;
#394 = CARTESIAN_POINT ( 'NONE',  ( 19.39999999930045149, 56.54303602990646738, 53.72642273206945163 ) ) ;
#395 = CARTESIAN_POINT ( 'NONE',  ( 51.11048281929388537, -11.70604995283074068, 61.09959308059134742 ) ) ;
#396 = CARTESIAN_POINT ( 'NONE',  ( -6.336901096387635768, 57.50890874838507472, 52.58901264539106535 ) ) ;
#397 = CARTESIAN_POINT ( 'NONE',  ( 33.46398303883186998, 53.35664582469903650, 57.95146304703374085 ) ) ;
#398 = VERTEX_POINT ( 'NONE', #5122 ) ;
#399 = CARTESIAN_POINT ( 'NONE',  ( -29.88846592482208564, 59.12282233258927278, 75.76289273512341538 ) ) ;
#400 = CARTESIAN_POINT ( 'NONE',  ( -27.11434045561395223, 1.646010197927771701, 359.7242175646101714 ) ) ;
#401 = CARTESIAN_POINT ( 'NONE',  ( 32.46668369091996453, 64.30023366624965320, 97.17395021388622922 ) ) ;
#402 = CARTESIAN_POINT ( 'NONE',  ( -11.21144187249951152, 59.95868677709014349, 52.75087380061842168 ) ) ;
#403 = CARTESIAN_POINT ( 'NONE',  ( -52.17342083232846051, -8.454408537922516231, 221.5227867090615348 ) ) ;
#404 = CARTESIAN_POINT ( 'NONE',  ( 0.4106634285905240156, -53.59492887231032654, 192.4473961570816130 ) ) ;
#405 = CARTESIAN_POINT ( 'NONE',  ( 46.25752027967083535, -4.875053299022880537, 34.40021193574256841 ) ) ;
#406 = CARTESIAN_POINT ( 'NONE',  ( -5.253996178233595771, -43.09248100213665111, 17.33912023636378663 ) ) ;
#407 = CARTESIAN_POINT ( 'NONE',  ( -38.84949000060894519, 43.60313896837494241, 65.63026061485292928 ) ) ;
#408 = CARTESIAN_POINT ( 'NONE',  ( -30.49941839307780000, 52.43577388586327714, 61.10377241021672035 ) ) ;
#409 = CARTESIAN_POINT ( 'NONE',  ( -51.62471637621193565, 21.94716662649708638, 82.47098343250931407 ) ) ;
#410 = CARTESIAN_POINT ( 'NONE',  ( -18.93811975778176659, 56.97529099647091755, 53.22263220477629631 ) ) ;
#411 = DIRECTION ( 'NONE',  ( -1.000000000000000000, 0.000000000000000000, 0.000000000000000000 ) ) ;
#412 = CARTESIAN_POINT ( 'NONE',  ( 16.17821145900701296, -54.30011201933653098, 125.3281443838336031 ) ) ;
#414 = CARTESIAN_POINT ( 'NONE',  ( -39.96711300769615605, 81.27102254581778595, 211.2195015028282228 ) ) ;
#413 = CARTESIAN_POINT ( 'NONE',  ( 51.62471637621193565, 21.94716662649708638, 82.47098343250931407 ) ) ;
#415 = CARTESIAN_POINT ( 'NONE',  ( 36.55907321474305149, 58.07124017298613694, 91.48820164636234153 ) ) ;
#416 = CARTESIAN_POINT ( 'NONE',  ( 25.84366293393951963, 75.99360956721282889, 106.4362302231201625 ) ) ;
#417 = CARTESIAN_POINT ( 'NONE',  ( -40.84798188122239537, 56.82183431566533471, 108.5184808273845505 ) ) ;
#418 = CARTESIAN_POINT ( 'NONE',  ( -42.27570166456750655, -29.11680039840567957, 34.38169086334377766 ) ) ;
#419 = CARTESIAN_POINT ( 'NONE',  ( 45.69148139511094087, 32.64771921565525759, 80.43213827353966394 ) ) ;
#420 = CARTESIAN_POINT ( 'NONE',  ( -4.419861650541639264, 111.2187841533519475, 298.0045363521949184 ) ) ;
#421 = CARTESIAN_POINT ( 'NONE',  ( -23.79793457237814280, 76.95222832070673746, 106.4353754229456115 ) ) ;
#422 = CARTESIAN_POINT ( 'NONE',  ( -46.34756416738858320, 35.82684539323185646, 91.16008795587650582 ) ) ;
#423 = CARTESIAN_POINT ( 'NONE',  ( -19.40000000031695748, 56.43957698872897311, 57.31578026504831058 ) ) ;
#424 = CARTESIAN_POINT ( 'NONE',  ( 34.54184298842235989, 47.96882887318215438, 61.01125014458498441 ) ) ;
#425 = CARTESIAN_POINT ( 'NONE',  ( 11.57857024820258474, 111.4095115097666451, 371.4456280545525146 ) ) ;
#426 = CARTESIAN_POINT ( 'NONE',  ( 7.040712657254078799, 65.59443198676352438, 70.95422799751497678 ) ) ;
#427 = CARTESIAN_POINT ( 'NONE',  ( -8.289940888872958880, 61.70345380961263970, 61.22769509115403253 ) ) ;
#428 = CARTESIAN_POINT ( 'NONE',  ( 41.33405906928762619, 45.88598259921057831, 80.59556407867914629 ) ) ;
#429 = CARTESIAN_POINT ( 'NONE',  ( 35.68448203293556986, 59.94976216942366420, 309.2353357703608481 ) ) ;
#430 = FACE_OUTER_BOUND ( 'NONE', #6096, .T. ) ;
#431 = CARTESIAN_POINT ( 'NONE',  ( 14.18143333923613980, -11.65757035206549830, 405.7348485153734146 ) ) ;
#432 = CARTESIAN_POINT ( 'NONE',  ( -15.85675428781406104, 56.59101442076578792, 53.00612740123320776 ) ) ;
#433 = CARTESIAN_POINT ( 'NONE',  ( 19.39999999930045149, 57.77822282229249851, 58.69008881969480740 ) ) ;
#434 = CARTESIAN_POINT ( 'NONE',  ( 33.81677979233585063, 55.10907731192936154, 60.96780961069465832 ) ) ;
#435 = VERTEX_POINT ( 'NONE', #609 ) ;
#436 = CARTESIAN_POINT ( 'NONE',  ( -25.43379408176254941, 56.20481034815593091, 61.17645932963780098 ) ) ;
#437 = CARTESIAN_POINT ( 'NONE',  ( -55.80836230846325918, -0.3626554633323218479, 149.0513947064584386 ) ) ;
#438 = CARTESIAN_POINT ( 'NONE',  ( 32.75974623640555450, 64.03203039493880055, 97.16691569111669935 ) ) ;
#439 = CARTESIAN_POINT ( 'NONE',  ( -3.206869297934717977, 60.74704666586740842, 52.55371689135316160 ) ) ;
#440 = CARTESIAN_POINT ( 'NONE',  ( -40.58129426609972512, -6.652567801314634544, 17.38835723003942846 ) ) ;
#441 = CARTESIAN_POINT ( 'NONE',  ( -18.90000000029201388, 57.78272231591505914, 53.71169823300256496 ) ) ;
#442 = CARTESIAN_POINT ( 'NONE',  ( 45.23928350534911402, -4.771368385267505730, 282.1655456823680197 ) ) ;
#443 = CARTESIAN_POINT ( 'NONE',  ( -9.824390195812002347, -52.68724648062529070, 201.7516897827515834 ) ) ;
#444 = CARTESIAN_POINT ( 'NONE',  ( -31.48166315756720834, 51.50841978427383339, 61.08387389750301111 ) ) ;
#445 = CARTESIAN_POINT ( 'NONE',  ( -18.67827076007984743, 20.60619806868941239, 379.0760307240186080 ) ) ;
#446 = CARTESIAN_POINT ( 'NONE',  ( -46.73106196670025980, 31.86007408789473416, 63.66720213693141517 ) ) ;
#447 = CARTESIAN_POINT ( 'NONE',  ( -18.76865063624769547, 60.39473242880185211, 65.22799767303514784 ) ) ;
#448 = CARTESIAN_POINT ( 'NONE',  ( 15.62248562907905658, -52.05205849479897040, 201.7508946074868561 ) ) ;
#450 = CARTESIAN_POINT ( 'NONE',  ( -6.656989329846575210, 68.09833089205979206, 403.8126699580142827 ) ) ;
#449 = CARTESIAN_POINT ( 'NONE',  ( 36.48609991179280598, 4.381582552084140936, 10.00000000000001066 ) ) ;
#451 = B_SPLINE_CURVE_WITH_KNOTS ( 'NONE', 3,
 ( #4892, #3670, #5964, #5313, #4317, #2988 ),
 .UNSPECIFIED., .F., .F.,
 ( 4, 2, 4 ),
 ( 0.000000000000000000, 0.2500000000000000000, 0.3410006525884283768 ),
 .UNSPECIFIED. ) ;
#452 = CARTESIAN_POINT ( 'NONE',  ( 37.35703423373765730, 60.51734818237652291, 102.8303576341592276 ) ) ;
#453 = CARTESIAN_POINT ( 'NONE',  ( 27.72386743182303803, 98.20962113889419243, 251.7066239371664267 ) ) ;
#454 = CARTESIAN_POINT ( 'NONE',  ( -38.35219071280491931, 53.58273805295060299, 86.06722979923380024 ) ) ;
#455 = CARTESIAN_POINT ( 'NONE',  ( -45.31412840131389430, -3.736714117206208385, 282.1665787810779875 ) ) ;
#456 = CARTESIAN_POINT ( 'NONE',  ( -42.67714376231266726, -40.33760965381006258, 201.7441738793122852 ) ) ;
#457 = CARTESIAN_POINT ( 'NONE',  ( 48.20134905331067188, 32.20895752071419338, 102.4993144054800069 ) ) ;
#458 = CARTESIAN_POINT ( 'NONE',  ( -4.222756057132253105, 112.5756091226390652, 320.7516920667477507 ) ) ;
#459 = CARTESIAN_POINT ( 'NONE',  ( -20.22956923294334075, 95.67267823121838433, 353.9675728057883362 ) ) ;
#460 = CARTESIAN_POINT ( 'NONE',  ( -47.85503936050361773, 36.24881195447649418, 108.3104389267223553 ) ) ;
#461 = CARTESIAN_POINT ( 'NONE',  ( -19.05285964929732145, 58.30773576261879043, 53.72958777907274452 ) ) ;
#462 = CARTESIAN_POINT ( 'NONE',  ( 35.59703779719936989, 53.34480067014046512, 75.62583925716626254 ) ) ;
#463 = CARTESIAN_POINT ( 'NONE',  ( 5.572846004278805054, 99.57364106496748946, 192.3913294216725944 ) ) ;
#464 = CARTESIAN_POINT ( 'NONE',  ( 17.74918596768317869, 65.34441000316698478, 75.89958110161795446 ) ) ;
#465 = CARTESIAN_POINT ( 'NONE',  ( -9.242249504136603733, 72.56694937867641215, 91.84136138214884681 ) ) ;
#466 = CARTESIAN_POINT ( 'NONE',  ( 41.94729861517339486, 44.53096944653527345, 80.57349429576846944 ) ) ;
#467 = CARTESIAN_POINT ( 'NONE',  ( 23.00435977792310283, 55.11807535553196402, 356.9540557241359693 ) ) ;
#468 = DIRECTION ( 'NONE',  ( 0.000000000000000000, -0.9200598428698725240, 0.3917778522814499009 ) ) ;
#469 = CARTESIAN_POINT ( 'NONE',  ( 51.97371130511168502, -11.77933393273072049, 221.5228831032883932 ) ) ;
#470 = CARTESIAN_POINT ( 'NONE',  ( -6.401420309573188305, 58.25724711725988669, 52.58946944797023804 ) ) ;
#471 = CARTESIAN_POINT ( 'NONE',  ( 18.93801911760951384, 57.10889907722547321, 53.22102488328135905 ) ) ;
#472 = CARTESIAN_POINT ( 'NONE',  ( 25.44340331845632619, 91.97056133792706589, 321.1400265303479955 ) ) ;
#473 = ORIENTED_EDGE ( 'NONE', *, *, #6715, .F. ) ;
#474 = FACE_OUTER_BOUND ( 'NONE', #5719, .T. ) ;
#475 = CARTESIAN_POINT ( 'NONE',  ( -27.41291063192540278, 74.67003998369951034, 121.0126323723018942 ) ) ;
#476 = CARTESIAN_POINT ( 'NONE',  ( -40.44578627573636709, -1.735580052617290647, 17.38556877247762955 ) ) ;
#477 = CARTESIAN_POINT ( 'NONE',  ( 29.72635513565512255, 53.11818756511726036, 61.11784366046199324 ) ) ;
#478 = CARTESIAN_POINT ( 'NONE',  ( 29.89432164446521512, 51.64702320326118468, 58.37901386119540348 ) ) ;
#479 = CARTESIAN_POINT ( 'NONE',  ( -34.64478487570555387, -6.672621706111435458, 338.9094986770033984 ) ) ;
#480 = CARTESIAN_POINT ( 'NONE',  ( 0.000000000000000000, -51.77078327003781055, 221.5351251701182491 ) ) ;
#481 = CARTESIAN_POINT ( 'NONE',  ( 55.23218365057083190, -4.025117287507732122, 174.9349119729997142 ) ) ;
#482 = CARTESIAN_POINT ( 'NONE',  ( -7.108585503518783710, -51.58846227470526458, 221.5348299627981703 ) ) ;
#483 = CARTESIAN_POINT ( 'NONE',  ( -31.43589622653312432, 55.77219015195669272, 70.78074490793842699 ) ) ;
#484 = CARTESIAN_POINT ( 'NONE',  ( -52.92725394373609049, 22.79627278287059156, 201.7381109824623024 ) ) ;
#485 = FACE_OUTER_BOUND ( 'NONE', #48, .T. ) ;
#486 = CARTESIAN_POINT ( 'NONE',  ( 3.155443620884047222E-26, 60.45963184163121440, 52.54223714096969644 ) ) ;
#487 = EDGE_CURVE ( 'NONE', #5102, #4333, #3157, .T. ) ;
#488 = CARTESIAN_POINT ( 'NONE',  ( 9.499947460175068414, -51.42438544142874690, 221.5346040388286326 ) ) ;
#490 = CARTESIAN_POINT ( 'NONE',  ( -30.44927193713333224, 44.06279643169266080, 34.07286606747313584 ) ) ;
#489 = CARTESIAN_POINT ( 'NONE',  ( 32.19126658993886281, 11.95363630981926661, 338.7213878598635119 ) ) ;
#491 = CARTESIAN_POINT ( 'NONE',  ( 26.05456792894363360, 68.49689260858141893, 82.48204883321136549 ) ) ;
#492 = CARTESIAN_POINT ( 'NONE',  ( -35.41809412363300424, 51.36957247225500112, 70.68126348456365804 ) ) ;
#493 = CARTESIAN_POINT ( 'NONE',  ( -53.55015124105185009, -4.347729716210582573, 82.46848489712388641 ) ) ;
#494 = CARTESIAN_POINT ( 'NONE',  ( -44.81702237012532208, -42.26465687279514327, 125.3266542655554758 ) ) ;
#495 = CARTESIAN_POINT ( 'NONE',  ( 47.14119124040519893, 34.92078619362197145, 96.73278013329864677 ) ) ;
#496 = CARTESIAN_POINT ( 'NONE',  ( 0.000000000000000000, 99.71049082051534640, 192.3914645597634774 ) ) ;
#497 = CARTESIAN_POINT ( 'NONE',  ( -25.85435032018871837, 60.77672352682960621, 60.94579834271030450 ) ) ;
#498 = CARTESIAN_POINT ( 'NONE',  ( -43.02415756144328896, 36.05703832871844128, 70.43291811243332745 ) ) ;
#499 = CARTESIAN_POINT ( 'NONE',  ( 37.08266234332712941, 55.41513277630389922, 86.10551023746094756 ) ) ;
#500 = CARTESIAN_POINT ( 'NONE',  ( 4.760228615938128627, 108.8359205272448094, 267.6348099031594643 ) ) ;
#501 = CARTESIAN_POINT ( 'NONE',  ( 11.68791013345681939, 64.94188002334381338, 70.95148665108253283 ) ) ;
#502 = ADVANCED_FACE ( 'NONE', ( #4667 ), #4603, .T. ) ;
#503 = CARTESIAN_POINT ( 'NONE',  ( -5.263311734644060991, 63.87573936766920468, 65.98801638144927040 ) ) ;
#504 = CARTESIAN_POINT ( 'NONE',  ( 42.20883240522606172, 50.51001130786411863, 96.89817755453364612 ) ) ;
#505 = CARTESIAN_POINT ( 'NONE',  ( 17.01694945280587135, 52.07942224627564087, 376.4268705064285427 ) ) ;
#506 = FACE_OUTER_BOUND ( 'NONE', #5259, .T. ) ;
#507 = CARTESIAN_POINT ( 'NONE',  ( 24.72788819030826701, -11.56675635778803013, 379.8108169319099829 ) ) ;
#508 = CARTESIAN_POINT ( 'NONE',  ( 48.22333442560805139, 28.40969935923124723, 67.07206000243121480 ) ) ;
#509 = CARTESIAN_POINT ( 'NONE',  ( 21.24972977678463693, 60.31198251297234236, 56.21203831870491996 ) ) ;
#510 = CARTESIAN_POINT ( 'NONE',  ( 39.62021245194257091, 77.96708945467315743, 174.9429373175687203 ) ) ;
#511 = VERTEX_POINT ( 'NONE', #4858 ) ;
#512 = CARTESIAN_POINT ( 'NONE',  ( 0.000000000000000000, 81.44057322201147997, 121.1659485889593810 ) ) ;
#513 = CARTESIAN_POINT ( 'NONE',  ( -27.62364360758304116, 60.77368822642287682, 75.80282043008840276 ) ) ;
#514 = CARTESIAN_POINT ( 'NONE',  ( -40.49243157231375534, -2.212373920540819938, 309.1856847007001647 ) ) ;
#515 = CARTESIAN_POINT ( 'NONE',  ( 31.19284815457871929, 58.03627461602059157, 75.73699792532890740 ) ) ;
#516 = CARTESIAN_POINT ( 'NONE',  ( 19.05196682854574419, 59.04913602806822581, 55.47075642866298040 ) ) ;
#517 = CARTESIAN_POINT ( 'NONE',  ( -53.83654869146771205, -17.13195426765633300, 192.3515855445265288 ) ) ;
#518 = DIRECTION ( 'NONE',  ( -1.000000000000000000, 0.000000000000000000, 0.000000000000000000 ) ) ;
#519 = CARTESIAN_POINT ( 'NONE',  ( 34.34829908667956744, -4.965619043703797253, 338.9072658652136738 ) ) ;
#520 = CARTESIAN_POINT ( 'NONE',  ( -4.416867084770659702, -49.23159169255457357, 251.6441013043655346 ) ) ;
#521 = UNCERTAINTY_MEASURE_WITH_UNIT (LENGTH_MEASURE( 1.000000000000000082E-05 ), #1069, 'distance_accuracy_value', 'NONE');
#522 = CARTESIAN_POINT ( 'NONE',  ( -34.05701500968253015, 67.62659795859683243, 114.6809061173999567 ) ) ;
#523 = CARTESIAN_POINT ( 'NONE',  ( -30.85849556943834315, 29.90836142689224886, 338.2791750152354666 ) ) ;
#524 = CARTESIAN_POINT ( 'NONE',  ( 19.05296518816130202, 58.22071724709112317, 53.52525228489913900 ) ) ;
#525 = CARTESIAN_POINT ( 'NONE',  ( 6.112347877062834556, -27.03407736614546764, 403.5548873863585868 ) ) ;
#527 = CARTESIAN_POINT ( 'NONE',  ( -38.61439460506126409, 62.84341535738197138, 95.91584484251931997 ) ) ;
#526 = CARTESIAN_POINT ( 'NONE',  ( 4.917767949233901703, 4.784205258476426970, 409.0779284778315628 ) ) ;
#528 = B_SPLINE_CURVE_WITH_KNOTS ( 'NONE', 3,
 ( #1564, #7267, #6692, #7412, #394, #5676, #2061 ),
 .UNSPECIFIED., .F., .F.,
 ( 4, 3, 4 ),
 ( 2.081668171172168513E-17, 0.0006573828699844995634, 0.001314765667092715994 ),
 .UNSPECIFIED. ) ;
#529 = CARTESIAN_POINT ( 'NONE',  ( 13.50652890586522936, 80.83400105477107900, 403.3251424326149959 ) ) ;
#530 = CARTESIAN_POINT ( 'NONE',  ( -37.23896172929890014, 60.67504116837643835, 102.8334275317469775 ) ) ;
#531 = CARTESIAN_POINT ( 'NONE',  ( -46.26020974515502360, -5.511524505195139589, 34.40050497836520549 ) ) ;
#532 = CARTESIAN_POINT ( 'NONE',  ( 44.43420867994132806, 23.41905608303439834, 60.70148845002320570 ) ) ;
#533 = CARTESIAN_POINT ( 'NONE',  ( -34.44581191650112828, -29.07558892614283153, 309.2238775260408943 ) ) ;
#534 = CARTESIAN_POINT ( 'NONE',  ( -1.493670337498563816, 111.3910238415857918, 298.0087188451853422 ) ) ;
#535 = CARTESIAN_POINT ( 'NONE',  ( -23.98422086890823834, 100.6049492024704932, 297.7889848568651132 ) ) ;
#536 = CARTESIAN_POINT ( 'NONE',  ( -41.64723865535222558, 33.99708902859220672, 60.79428337761627432 ) ) ;
#537 = CARTESIAN_POINT ( 'NONE',  ( 34.61858674016583137, 45.44051416721323022, 56.46721411276763547 ) ) ;
#538 = CARTESIAN_POINT ( 'NONE',  ( 18.01952697559340066, 84.12944063669036154, 125.2788233586929749 ) ) ;
#539 = CARTESIAN_POINT ( 'NONE',  ( 15.68185264398264778, 71.32506188140372672, 91.82394388195162094 ) ) ;
#540 = CARTESIAN_POINT ( 'NONE',  ( -5.552648474611394214, 69.36907627622049688, 81.09251982961315264 ) ) ;
#541 = CARTESIAN_POINT ( 'NONE',  ( 41.09048541157464030, 50.84674651167819803, 91.34736688776844460 ) ) ;
#542 = CARTESIAN_POINT ( 'NONE',  ( 53.46141027002447998, 30.45402774185642158, 125.3150939048543222 ) ) ;
#543 = CARTESIAN_POINT ( 'NONE',  ( 0.000000000000000000, 81.13940464604829117, 119.9999999999999858 ) ) ;
#544 = CARTESIAN_POINT ( 'NONE',  ( 30.13641692555666651, -9.665806236974255228, 359.7664704200033157 ) ) ;
#545 = CARTESIAN_POINT ( 'NONE',  ( 49.90177573649046394, 27.10604614702789306, 119.9999999999985079 ) ) ;
#546 = B_SPLINE_SURFACE_WITH_KNOTS ( 'NONE', 3, 3, ( 
 ( #1980, #3078, #4792, #4293, #1408, #3646, #2015, #4330, #1946, #6646, #162, #1442, #5328 ),
 ( #4753, #7072, #6578, #3609, #2475, #7110, #5404, #199, #1374, #3683, #2768, #4405, #6236 ),
 ( #4512, #2052, #4476, #2201, #3870, #7297, #5014, #919, #5088, #6199, #5513, #994, #3305 ),
 ( #3834, #6832, #460, #2093, #3907, #1029, #1556, #2733, #5628, #3795, #2696, #5049, #6123 ),
 ( #878, #7259, #4367, #6796, #6723, #422, #3229, #1593, #7369, #3340, #1483, #2164, #309 ),
 ( #2619, #5668, #7405, #4941, #1633, #6084, #6685, #3190, #5554, #348, #2128, #3267, #2659 ),
 ( #4980, #6161, #1521, #4441, #958, #5592, #387, #7333, #6760, #2495, #3945, #4775, #5706 ),
 ( #715, #4634, #6275, #1106, #2459, #5959, #4161, #1142, #1068, #498, #6526, #536, #6488 ),
 ( #4554, #3629, #753, #182, #3377, #1319, #1890, #4593, #7093, #3062, #5388, #3448, #5780 ),
 ( #1281, #3412, #2803, #2840, #5126, #7442, #4813, #2278, #4201, #7131, #2238, #6870, #1711 ),
 ( #6952, #1671, #3984, #2877, #6312, #5742, #6912, #5165, #5350, #3590, #7481, #4023, #6348 ),
 ( #573, #5204, #1749, #3023, #5920, #4, #2318, #146, #1965, #4276, #4238, #3100, #219 ),
 ( #3135, #1465, #6597, #2642, #6667, #4387, #4852, #7243, #3666, #2601, #5997, #4350, #4963 ),
 ( #3777, #6143, #1357, #4999, #6705, #790, #5496, #6631, #6105, #7280, #2532, #941, #1427 ),
 ( #1928, #5427, #901, #5461, #1393, #3211, #3702, #7171, #6032, #2681, #826, #255, #2566 ),
 ( #1503, #3740, #2035, #6068, #4888, #6563, #4925, #5535, #5574, #330, #371, #7205, #1999 ),
 ( #4313, #863, #3171, #2075, #3816, #3251, #292, #3290, #6182, #2113, #407, #5613, #979 ),
 ( #7317, #2719, #4425, #6744, #1541, #3856, #5547, #2047, #3334, #1023, #304, #2728, #2762 ),
 ( #3262, #4506, #6194, #2088, #7328, #3224, #5082, #989, #2614, #3300, #5623, #3939, #6155 ),
 ( #3790, #343, #417, #4937, #6826, #1587, #4436, #7399, #2123, #3901, #5587, #2691, #2195 ),
 ( #6229, #4400, #5044, #2654, #5662, #7363, #454, #6118, #2158, #7255, #1551, #4362, #4470 ),
 ( #6790, #6718, #3865, #6680, #382, #6755, #1627, #913, #5009, #953, #3829, #874, #3185 ),
 ( #5508, #1478, #4975, #7292, #1516, #2834, #4701, #6269, #6983, #492, #3517, #2911, #6944 ),
 ( #3406, #4665, #646, #6378, #3441, #1062, #2798, #1209, #5159, #1173, #73, #6864, #5849 ),
 ( #2385, #3371, #2950, #4091, #6904, #1780, #5276, #7020, #5774, #7436, #607, #3480, #5812 ),
 ( #7475, #5239, #6416, #2272, #1816, #2348, #2232, #5736, #4548, #5700, #5120, #1665, #37 ),
 ( #567, #3978, #6305, #530, #1100, #4587, #1704, #4016, #6342, #1136, #2871, #5198, #7515 ),
 ( #2312, #4627, #1742, #4054, #4890, #4816, #6565, #257, #7133, #2568, #3592, #5922, #4203 ),
 ( #4736, #108, #1967, #2534, #5999, #7096, #3102, #184, #2423, #3705, #792, #5390, #4163 ),
 ( #222, #3668, #148, #4125, #4278, #5429, #5883, #2498, #1395, #2461, #680, #7173, #6528 ),
 ( #2986, #7057, #1893, #4855, #5311, #6599, #4777, #1854, #6490, #1283, #6034, #828, #717 ),
 ( #1930, #3137, #5463, #3064, #3554, #3025, #1321, #7207, #6453, #1359, #5352, #3632, #1243 ),
 ( #5962, #4241, #755, #5652, #2720, #5575, #1014, #3252, #5034, #6707, #3818, #3325, #4353 ),
 ( #3214, #1542, #6671, #7354, #6745, #4461, #4928, #7318, #3743, #2682, #6070, #4426, #2148 ),
 ( #3857, #6220, #1429, #5073, #6780, #865, #372, #1506, #6183, #1578, #2604, #444, #6145 ),
 ( #2001, #3175, #980, #5537, #1468, #3291, #3780, #7246, #2038, #2754, #6109, #904, #333 ),
 ( #2644, #4965, #7282, #4315, #2077, #4389, #943, #5000, #3892, #2114, #5614, #408, #6633 ),
 ( #5499, #295, #3509, #560, #5841, #6856, #1656, #7468, #2263, #483, #3363, #5230, #5804 ),
 ( #2827, #6370, #3434, #5691, #6975, #4046, #1128, #7428, #7391, #3472, #6936, #3398, #2187 ),
 ( #1165, #1618, #5767, #4657, #5729, #3929, #2900, #4579, #5112, #6259, #2790, #5151, #599 ),
 ( #29, #522, #2224, #4539, #1053, #1734, #2341, #3969, #6897, #638, #5190, #1092, #6335 ),
 ( #6297, #1695, #1772, #4083, #2302, #4008, #2864, #6407, #7506, #4618, #1201, #2941, #4498 ),
 ( #6818, #4268, #6518, #5989, #2451, #7085, #6589, #99, #4117, #4154, #5951, #211, #1385 ),
 ( #3658, #4230, #3091, #5418, #6444, #5303, #2524, #4767, #782, #3053, #3582, #745, #1235 ),
 ( #1311, #4843, #2414, #1882, #3015, #707, #3694, #5342, #7163, #3621, #1920, #4728, #7049 ),
 ( #1845, #6024, #4805, #1273, #5268, #1957, #6555, #7011, #5380, #819, #5911, #1808, #65 ),
 ( #2977, #3546, #671, #138, #2377, #5875, #1349, #4193, #6481, #174, #2487, #7122, #4693 ),
 ( #893, #3807, #2140, #3281, #2067, #2558, #1419, #6097, #399, #4417, #5566, #7235, #3731 ),
 ( #6060, #2593, #3243, #4880, #6772, #3848, #6697, #4453, #4379, #6174, #322, #4954, #1569 ),
 ( #2634, #4342, #2672, #284, #969, #360, #5604, #854, #933, #7197, #6135, #1991, #4992 ),
 ( #4305, #7309, #7346, #6623, #6212, #2709, #3163, #1495, #7272, #2105, #5026, #5488, #3883 ),
 ( #6736, #1533, #4917, #2027, #3127, #6659, #5453, #246, #1456, #3769, #3203, #5527, #1686 ),
 ( #5683, #6927, #2892, #1120, #5721, #3317, #2746, #3464, #5104, #3427, #2333, #1609, #591 ),
 ( #4649, #5643, #5796, #6362, #1648, #1725, #5221, #20, #513, #2178, #2856, #5758, #552 ),
 ( #7419, #5180, #5064, #3390, #6967, #6327, #2216, #7458, #3355, #1764, #7497, #436, #2293 ),
 ( #4076, #6289, #1007, #4529, #1157, #7383, #4609, #4000, #4037, #4490, #6250, #5141, #6810 ),
 ( #475, #6887, #3921, #6847, #2819, #3960, #1045, #2782, #1084, #2255, #4570, #1801, #4186 ),
 ( #7079, #2931, #1305, #7116, #5260, #3615, #3084, #5833, #1952, #3652, #58, #2445, #3576 ),
 ( #4224, #7005, #5410, #5906, #6512, #6399, #2369, #3046, #2408, #3539, #5944, #5868, #4111 ),
 ( #7154, #6438, #1229, #665, #4722, #5982, #701, #739, #3009, #2971, #1193, #1875, #5373 ),
 ( #168, #4837, #5296, #93, #6475, #1265, #7042, #4686, #6549, #4798, #2481, #1839, #1914 ),
 ( #775, #1343, #132, #4148, #3501, #205, #2518, #5337, #630, #4760, #925, #6019, #5519 ),
 ( #2587, #812, #7302, #4336, #1986, #3122, #7192, #2021, #4985, #5448, #5559, #4910, #4299 ),
 ( #241, #6129, #353, #1488, #1414, #6618, #3724, #5019, #4875, #6054, #848, #7228, #1526 ),
 ( #4372, #3762, #3156, #7338, #4947, #6690, #392, #7265, #2701, #5482, #278, #6652, #1448 ),
 ( #2553, #2098, #2665, #3235, #6090, #4410, #315, #884, #3840, #6728, #2625, #3196, #4263 ),
 ( #3800, #2058, #6584, #6167, #963, #3272, #5597, #1380, #3689, #6205, #5170, #2205, #7374 ),
 ( #5055, #7409, #2846, #1000, #3417, #465, #2169, #5633, #3310, #3989, #5747, #427, #4519 ),
 ( #7448, #3345, #1074, #4481, #6352, #2243, #1562, #4559, #6876, #5209, #6836, #579, #1034 ),
 ( #4446, #1676, #5131, #6317, #1111, #6801, #6279, #540, #1599, #3912, #503, #4597, #6241 ),
 ( #5673, #7487, #2773, #2283, #6917, #1716, #5094, #4028, #3876, #2809, #2738, #1146, #3454 ),
 ( #1637, #5785, #3950, #3381, #5711, #2881, #2133, #6765, #5285, #2960, #3642, #82, #7106 ),
 ( #4175, #49, #1792, #4748, #4102, #3527, #4676, #7068, #6996, #5251, #2360, #765, #621 ) ),
 .UNSPECIFIED., .F., .F., .F.,
 ( 4, 3, 3, 3, 3, 3, 3, 3, 3, 3, 3, 3, 3, 3, 3, 3, 3, 3, 3, 3, 3, 3, 3, 3, 4 ),
 ( 4, 3, 3, 3, 4 ),
 ( 0.000000000000000000, 0.05893215703578735809, 0.08839823555368098162, 0.1031312748126278489, 0.1178643140715746607, 0.1473303925894683397, 0.1767964711073619632, 0.2062625496252556423, 0.2209955888842024541, 0.2246788486989391709, 0.2283621085136758877, 0.2357286281431493213, 0.2504616674020961886, 0.2578281870315695667, 0.2651947066610430004, 0.2688779664757797172, 0.2725612262905163785, 0.2799277459199898122, 0.2946607851789366794, 0.3241268636968303030, 0.3535929422147239820, 0.3830590207326176611, 0.4125250992505112846, 0.4419911777684049636, 0.4714572562862986427 ),
 ( 0.5875137382791807417, 0.6391496027024450299, 0.6907854671257094292, 0.7424213315489737175, 0.7940571959722380058 ),
 .UNSPECIFIED. ) ;
#547 = CARTESIAN_POINT ( 'NONE',  ( 42.41221366124639047, 41.94351670991645875, 60.80571437944362145 ) ) ;
#548 = ADVANCED_FACE ( 'NONE', ( #6530 ), #1895, .F. ) ;
#549 = CARTESIAN_POINT ( 'NONE',  ( 36.82132204911098228, 86.96241479493188820, 221.5992057283343399 ) ) ;
#550 = ORIENTED_EDGE ( 'NONE', *, *, #3605, .T. ) ;
#551 = CARTESIAN_POINT ( 'NONE',  ( 0.000000000000000000, 76.52336289266699509, 103.2092734673777130 ) ) ;
#552 = CARTESIAN_POINT ( 'NONE',  ( -25.44038564483197007, 54.12964680871055378, 56.63269210658759789 ) ) ;
#553 = CARTESIAN_POINT ( 'NONE',  ( -54.40355638020238160, 1.278366087764094550, 95.91846264262643729 ) ) ;
#554 = CARTESIAN_POINT ( 'NONE',  ( 30.24801112841516826, 52.66527002249858924, 61.10860999986142872 ) ) ;
#555 = CARTESIAN_POINT ( 'NONE',  ( 27.60698677649146759, 53.29059088604622474, 57.96798239021882182 ) ) ;
#556 = CARTESIAN_POINT ( 'NONE',  ( -55.28895679616665859, -12.03699016990225523, 174.9357565051627148 ) ) ;
#557 = CARTESIAN_POINT ( 'NONE',  ( 24.00403345841925429, 52.83493001199116890, 53.75790418240133306 ) ) ;
#558 = CARTESIAN_POINT ( 'NONE',  ( 40.57847179566130080, -5.728293719096599901, 17.38822970210344465 ) ) ;
#559 = CARTESIAN_POINT ( 'NONE',  ( -9.769725132143777913, -54.06360092687814500, 95.91177177660478037 ) ) ;
#560 = CARTESIAN_POINT ( 'NONE',  ( -34.22866881838818642, 64.22978532324003709, 102.9116368428773853 ) ) ;
#561 = CARTESIAN_POINT ( 'NONE',  ( -34.76805405516773817, 12.46554703327072922, 9.999999999999994671 ) ) ;
#562 = CARTESIAN_POINT ( 'NONE',  ( 11.21144187187894126, 59.95868677717950845, 52.75087380057527753 ) ) ;
#563 = CARTESIAN_POINT ( 'NONE',  ( 3.914601520363868659, -44.34843204132757677, 297.8379727068644343 ) ) ;
#565 = CARTESIAN_POINT ( 'NONE',  ( -27.03173457190878892, 87.29058637223411665, 321.2153398975817140 ) ) ;
#564 = CARTESIAN_POINT ( 'NONE',  ( 51.11422127162909135, 8.287280167330475678, 236.0143575018415731 ) ) ;
#566 = CARTESIAN_POINT ( 'NONE',  ( 32.64938940119282762, 92.98230387101767747, 236.4230273054047302 ) ) ;
#567 = CARTESIAN_POINT ( 'NONE',  ( -38.15201093932198262, 64.10254194612672052, 120.7650405324219065 ) ) ;
#568 = CARTESIAN_POINT ( 'NONE',  ( -51.23332477911126404, -3.283508906239338998, 61.09911723606862211 ) ) ;
#569 = CARTESIAN_POINT ( 'NONE',  ( -41.30923959638710841, 36.65633747121646735, 58.30409580556887050 ) ) ;
#570 = CARTESIAN_POINT ( 'NONE',  ( -27.74925552164808806, -33.22797267977882996, 321.6228806003754244 ) ) ;
#571 = CARTESIAN_POINT ( 'NONE',  ( -9.980351540137981203, 104.9402995163244725, 236.5263991277287232 ) ) ;
#572 = CARTESIAN_POINT ( 'NONE',  ( -22.17261174236030286, 94.11832557995353454, 335.7801352291295416 ) ) ;
#573 = CARTESIAN_POINT ( 'NONE',  ( -46.06645483748179259, 46.98298768345202348, 120.5453402889148578 ) ) ;
#574 = SHAPE_DEFINITION_REPRESENTATION ( #3273, #1272 ) ;
#575 = CARTESIAN_POINT ( 'NONE',  ( 36.69212482603575154, 64.61049458358175457, 114.6146744868953107 ) ) ;
#576 = CARTESIAN_POINT ( 'NONE',  ( 10.21188983691131646, 37.86406561602583309, 9.999999999999992895 ) ) ;
#577 = CARTESIAN_POINT ( 'NONE',  ( 17.04490951909980367, 61.78355422850709289, 65.97883471385164000 ) ) ;
#578 = AXIS2_PLACEMENT_3D ( 'NONE', #6009, #2646, #4967 ) ;
#579 = CARTESIAN_POINT ( 'NONE',  ( -6.769646573784996235, 61.87655586213639936, 61.22731285588381667 ) ) ;
#580 = CARTESIAN_POINT ( 'NONE',  ( 38.12929608224892064, 47.29403365619096888, 70.60112645821939736 ) ) ;
#581 = CARTESIAN_POINT ( 'NONE',  ( -15.33517589864281305, 106.0762164066182862, 267.5605678917036698 ) ) ;
#582 = EDGE_CURVE ( 'NONE', #6395, #2890, #451, .T. ) ;
#583 = CARTESIAN_POINT ( 'NONE',  ( -37.69098288278345166, 48.97402040835974901, 59.04749151637246030 ) ) ;
#584 = CARTESIAN_POINT ( 'NONE',  ( 53.28737940699698328, -22.63934619320052732, 95.91787800630835648 ) ) ;
#585 = CARTESIAN_POINT ( 'NONE',  ( -53.07108516492338168, 30.76817290708295971, 120.0000000000000284 ) ) ;
#586 = ORIENTED_EDGE ( 'NONE', *, *, #5417, .F. ) ;
#587 = CARTESIAN_POINT ( 'NONE',  ( 3.181238838211595255, 57.69594724674672648, 52.54223713429899334 ) ) ;
#588 = CARTESIAN_POINT ( 'NONE',  ( 39.34331910949234157, 65.04004465220070585, 106.4445379168380299 ) ) ;
#589 = ORIENTED_EDGE ( 'NONE', *, *, #4517, .F. ) ;
#590 = CARTESIAN_POINT ( 'NONE',  ( 0.000000000000000000, 78.20823782530860058, 108.9923829245087035 ) ) ;
#591 = CARTESIAN_POINT ( 'NONE',  ( -26.01599406151285265, 53.76431595102041427, 56.62664325426208478 ) ) ;
#592 = CARTESIAN_POINT ( 'NONE',  ( 32.25686797869673939, 59.02614466544215333, 80.86901872796036628 ) ) ;
#593 = CARTESIAN_POINT ( 'NONE',  ( 19.39999999930778785, 58.94712605163963559, 55.51459907543716099 ) ) ;
#594 = CARTESIAN_POINT ( 'NONE',  ( -13.69578346457313422, -9.989204209172893201, 405.8633037638764449 ) ) ;
#595 = CARTESIAN_POINT ( 'NONE',  ( 40.90722684781835738, 59.88190119215728657, 95.91602962752698147 ) ) ;
#596 = CARTESIAN_POINT ( 'NONE',  ( 37.57800954191852583, 39.72312464641964169, 57.03696880691480686 ) ) ;
#597 = CARTESIAN_POINT ( 'NONE',  ( 54.40056800729996667, -5.740453619285426967, 192.3475962204593941 ) ) ;
#598 = CARTESIAN_POINT ( 'NONE',  ( -0.8036387596417916557, -30.61944119913579954, 391.5667729875975738 ) ) ;
#599 = CARTESIAN_POINT ( 'NONE',  ( -29.07439408962654426, 51.47987887195166223, 56.58596939726528063 ) ) ;
#600 = CARTESIAN_POINT ( 'NONE',  ( -45.25395573941621308, 8.161876146555426814, 34.36559907331182018 ) ) ;
#601 = CARTESIAN_POINT ( 'NONE',  ( 26.58439769986720336, 57.52617285162190797, 65.91145893417152024 ) ) ;
#602 = CARTESIAN_POINT ( 'NONE',  ( -15.86212517783102527, 58.66601417578949196, 52.99079459438784312 ) ) ;
#603 = CARTESIAN_POINT ( 'NONE',  ( 5.884888747807983655, -44.24089897522708981, 297.8217179801829957 ) ) ;
#605 = CARTESIAN_POINT ( 'NONE',  ( -42.80750725574684168, 74.57084001723440281, 192.3758988077698575 ) ) ;
#604 = CARTESIAN_POINT ( 'NONE',  ( 53.88087712612114188, 11.50368304056585700, 192.3496762764342236 ) ) ;
#606 = CARTESIAN_POINT ( 'NONE',  ( 22.25583775167117651, 49.79309130603478195, 34.00433718268447336 ) ) ;
#607 = CARTESIAN_POINT ( 'NONE',  ( -33.94180340917449712, 51.03024765627882431, 65.77058063857775494 ) ) ;
#608 = CARTESIAN_POINT ( 'NONE',  ( -54.38663311142379797, -4.916482986864352256, 192.3476141453412538 ) ) ;
#609 = CARTESIAN_POINT ( 'NONE',  ( 0.000000000000000000, 60.92116226309671134, 52.84991015362798805 ) ) ;
#610 = CIRCLE ( 'NONE', #6190, 0.5000000000000001110 ) ;
#611 = CARTESIAN_POINT ( 'NONE',  ( -36.85384720744252718, -36.83557582513209638, 34.36713745061690872 ) ) ;
#612 = CARTESIAN_POINT ( 'NONE',  ( -8.430569389796726654, 111.0783526193773696, 309.3053668309597697 ) ) ;
#613 = CARTESIAN_POINT ( 'NONE',  ( 33.24520902254579369, -39.87008860212530692, 34.35937563049589727 ) ) ;
#614 = CARTESIAN_POINT ( 'NONE',  ( -15.89033799229757093, 83.38418996675548556, 403.2451021366735517 ) ) ;
#615 = CARTESIAN_POINT ( 'NONE',  ( 0.000000000000000000, 60.45963184163122150, 52.54223714096968934 ) ) ;
#616 = CARTESIAN_POINT ( 'NONE',  ( 36.03188100336620181, 62.20157880099453962, 102.8650257526365124 ) ) ;
#617 = B_SPLINE_CURVE_WITH_KNOTS ( 'NONE', 3,
 ( #2181, #2785, #6813, #4493, #4040, #555, #6364, #5686, #478, #3466, #2894, #5107, #2219, #60, #2371, #4687, #7006, #5262, #1802, #6326 ),
 .UNSPECIFIED., .F., .F.,
 ( 4, 2, 2, 2, 2, 2, 2, 2, 2, 4 ),
 ( 0.01963303271729525609, 0.02384157120099292954, 0.02805010968469060298, 0.03015437892653943797, 0.03225864816838827642, 0.03646718665208593946, 0.04067572513578360249, 0.04277999437763244095, 0.04488426361948127941, 0.05330134058687664711 ),
 .UNSPECIFIED. ) ;
#618 = CARTESIAN_POINT ( 'NONE',  ( 18.84408894594456996, 102.1676237330502772, 236.4997088844062318 ) ) ;
#619 = CARTESIAN_POINT ( 'NONE',  ( 18.43455426698402633, 78.93119799822244431, 121.1263823575234966 ) ) ;
#620 = ORIENTED_EDGE ( 'NONE', *, *, #1709, .F. ) ;
#621 = CARTESIAN_POINT ( 'NONE',  ( 0.000000000000000000, 60.26618955333712790, 56.67129530983793018 ) ) ;
#622 = CARTESIAN_POINT ( 'NONE',  ( 43.03178926699090567, 44.14817590209663933, 85.90711682344385736 ) ) ;
#623 = CARTESIAN_POINT ( 'NONE',  ( -17.32396092534494514, 79.19717261653121909, 106.4332006678653784 ) ) ;
#624 = DIRECTION ( 'NONE',  ( 0.9969300687727278287, 0.000000000000000000, -0.07829711346406231787 ) ) ;
#625 = CARTESIAN_POINT ( 'NONE',  ( 49.98315695056953700, -26.85977981629717348, 211.2133819406969906 ) ) ;
#626 = CARTESIAN_POINT ( 'NONE',  ( 48.98394841455250770, 33.94023413093958652, 119.9999999999999147 ) ) ;
#627 = ORIENTED_EDGE ( 'NONE', *, *, #4153, .T. ) ;
#628 = CARTESIAN_POINT ( 'NONE',  ( -19.40000000029201033, 58.61082693182147807, 55.65728118310704531 ) ) ;
#629 = ORIENTED_EDGE ( 'NONE', *, *, #5507, .F. ) ;
#630 = CARTESIAN_POINT ( 'NONE',  ( -17.74918596768793932, 65.34441000318901160, 75.89958110168296912 ) ) ;
#631 = CARTESIAN_POINT ( 'NONE',  ( 33.25525642228987522, 59.92158154252992830, 86.21086732553385445 ) ) ;
#632 = CARTESIAN_POINT ( 'NONE',  ( -11.04951721587336877, 61.31417794856774606, 63.41201755256837913 ) ) ;
#633 = CARTESIAN_POINT ( 'NONE',  ( -34.88737886981567726, -13.49183996841204802, 338.7761436975787319 ) ) ;
#634 = CARTESIAN_POINT ( 'NONE',  ( 35.71267804113315947, 83.98826830476654948, 283.2404637697699741 ) ) ;
#635 = CARTESIAN_POINT ( 'NONE',  ( 39.28770520823304935, 40.75589739673827694, 57.27885774361117655 ) ) ;
#636 = CARTESIAN_POINT ( 'NONE',  ( 42.80010746909901798, -6.318932426268874636, 296.6508305861504482 ) ) ;
#637 = CARTESIAN_POINT ( 'NONE',  ( -1.175491246658291189, -51.76783516981456756, 221.5351191454790865 ) ) ;
#638 = CARTESIAN_POINT ( 'NONE',  ( -30.63183776329305985, 56.48981846005017360, 70.79731363576324554 ) ) ;
#639 = CARTESIAN_POINT ( 'NONE',  ( -26.52010035887316874, 7.041817363494678794, 359.5998399392112788 ) ) ;
#640 = CARTESIAN_POINT ( 'NONE',  ( 31.31705180435572800, 66.96235053691073347, 102.9818512723799699 ) ) ;
#641 = CARTESIAN_POINT ( 'NONE',  ( 17.40953988821851084, 58.25922800335533225, 53.09253305194233263 ) ) ;
#642 = CARTESIAN_POINT ( 'NONE',  ( 6.706693541892412291, -51.70884410230646466, 61.09571147708778227 ) ) ;
#644 = CARTESIAN_POINT ( 'NONE',  ( -39.72796301736433122, 56.91168432937396204, 82.47865688392327854 ) ) ;
#643 = CARTESIAN_POINT ( 'NONE',  ( 55.55556129862669934, 3.129651931030709378, 125.3245882065734662 ) ) ;
#645 = CARTESIAN_POINT ( 'NONE',  ( 17.32654004859512398, 35.28083778521709490, 9.999999999999998224 ) ) ;
#646 = CARTESIAN_POINT ( 'NONE',  ( -38.31111233895972390, 60.89781347132014844, 108.5892186544751752 ) ) ;
#647 = CARTESIAN_POINT ( 'NONE',  ( -48.97264855841746112, 51.59835618095627296, 125.3029892364779272 ) ) ;
#648 = CARTESIAN_POINT ( 'NONE',  ( -32.35893837798229100, 46.55085721578900859, 55.32945594277534695 ) ) ;
#649 = CARTESIAN_POINT ( 'NONE',  ( -32.39948757236342658, -45.74576672700735003, 61.09724415260151886 ) ) ;
#650 = CARTESIAN_POINT ( 'NONE',  ( 14.76985720745441988, -23.67019973328903149, 394.0308584438650428 ) ) ;
#651 = CARTESIAN_POINT ( 'NONE',  ( -22.38662345868551284, 38.23771720285905928, 17.21337615294903145 ) ) ;
#652 = CARTESIAN_POINT ( 'NONE',  ( 36.93169148362748899, 65.74703756774268015, 120.7947920531962609 ) ) ;
#653 = CARTESIAN_POINT ( 'NONE',  ( 20.04771394923378836, 98.91251713846918392, 211.2202672290316627 ) ) ;
#654 = CARTESIAN_POINT ( 'NONE',  ( 19.27232442835479986, 59.11045239871247503, 61.21707257927879198 ) ) ;
#655 = CARTESIAN_POINT ( 'NONE',  ( -13.51438149540191702, 60.84069899549979965, 63.53027257481227963 ) ) ;
#656 = CARTESIAN_POINT ( 'NONE',  ( 41.65443382782019910, 37.12652976240412528, 65.53527267254220590 ) ) ;
#657 = CARTESIAN_POINT ( 'NONE',  ( -14.30785050944680847, 102.1798343643551448, 221.6222292242597973 ) ) ;
#658 = CARTESIAN_POINT ( 'NONE',  ( -19.53414936047056827, 78.55065835295845034, 106.4338566239078006 ) ) ;
#659 = CARTESIAN_POINT ( 'NONE',  ( -32.80403509549211805, 70.13978917418380377, 120.0000000000000426 ) ) ;
#660 = CARTESIAN_POINT ( 'NONE',  ( 45.43995290893052896, -30.57366086125706417, 236.0819652489089151 ) ) ;
#661 = CARTESIAN_POINT ( 'NONE',  ( 18.93914544750558804, 55.66029242580978575, 53.23888800544384736 ) ) ;
#662 = ORIENTED_EDGE ( 'NONE', *, *, #5334, .T. ) ;
#663 = CARTESIAN_POINT ( 'NONE',  ( 6.346836027854140916, 57.79713545431683741, 53.28142399434118204 ) ) ;
#664 = ORIENTED_EDGE ( 'NONE', *, *, #6106, .F. ) ;
#665 = CARTESIAN_POINT ( 'NONE',  ( -22.27406740739809266, 72.56971101220504750, 103.1385491327595787 ) ) ;
#666 = CARTESIAN_POINT ( 'NONE',  ( -12.01969762520701757, -11.25862305181183132, 409.0779284778317333 ) ) ;
#667 = CARTESIAN_POINT ( 'NONE',  ( 15.68662085951247676, 70.03747808402631847, 374.7317950865955822 ) ) ;
#668 = DIRECTION ( 'NONE',  ( 0.9465059118346738076, 0.3130440480044762164, -0.07829420713554725852 ) ) ;
#669 = CARTESIAN_POINT ( 'NONE',  ( 40.58130672043027687, -5.802917149096558980, 309.1853665976517505 ) ) ;
#670 = CARTESIAN_POINT ( 'NONE',  ( -1.713832773923573471, -27.21458912211225467, 409.0779284778319607 ) ) ;
#671 = CARTESIAN_POINT ( 'NONE',  ( -32.58785415016303233, 67.50154930840726308, 108.7340263238067735 ) ) ;
#672 = CARTESIAN_POINT ( 'NONE',  ( -26.14904460368032701, 11.06861141499597956, 359.4787122088030173 ) ) ;
#673 = CARTESIAN_POINT ( 'NONE',  ( 30.39826882931132346, 62.47598632442451105, 86.27661529076821978 ) ) ;
#674 = CARTESIAN_POINT ( 'NONE',  ( -17.40763810118062693, 56.14449792908902737, 53.11778498297166351 ) ) ;
#675 = AXIS2_PLACEMENT_3D ( 'NONE', #6207, #3237, #5561 ) ;
#676 = CARTESIAN_POINT ( 'NONE',  ( 5.510387536433372979, -41.28500612334945430, 321.0028980597419945 ) ) ;
#678 = CARTESIAN_POINT ( 'NONE',  ( -6.823779600902719622, 57.28102256568218564, 404.2031610170262184 ) ) ;
#677 = CARTESIAN_POINT ( 'NONE',  ( 37.27056617082715206, 2.462225255952091629, 322.2551704974248423 ) ) ;
#679 = CARTESIAN_POINT ( 'NONE',  ( 29.74965023833557254, 73.75301923896574863, 106.4381105177280347 ) ) ;
#680 = CARTESIAN_POINT ( 'NONE',  ( -33.38752240956135608, 51.67905186575502796, 65.78469074191579580 ) ) ;
#681 = CARTESIAN_POINT ( 'NONE',  ( -39.45309683565793080, 30.76688321736221710, 34.20697410820720563 ) ) ;
#682 = CARTESIAN_POINT ( 'NONE',  ( 44.93555507834313545, 20.47985499532025955, 60.68584710222918233 ) ) ;
#683 = CARTESIAN_POINT ( 'NONE',  ( -24.74192507929681284, -35.39205696195011797, 321.5007917308348055 ) ) ;
#684 = CARTESIAN_POINT ( 'NONE',  ( 11.23459225180336318, -20.37521825269859477, 409.0779284778303690 ) ) ;
#686 = CARTESIAN_POINT ( 'NONE',  ( -32.22518415999918062, 93.71432748158407833, 267.2663362157514939 ) ) ;
#685 = CARTESIAN_POINT ( 'NONE',  ( 50.22210946449671809, 44.40859734123340985, 221.5520418434187775 ) ) ;
#687 = CARTESIAN_POINT ( 'NONE',  ( 35.02688073770911359, 63.37715429367148090, 102.8911244029561516 ) ) ;
#688 = CARTESIAN_POINT ( 'NONE',  ( 11.13544368694474507, 42.98622381491043143, 17.17402445461812377 ) ) ;
#689 = CARTESIAN_POINT ( 'NONE',  ( 20.10382081586200087, 62.64878816562051611, 70.92648090717433718 ) ) ;
#690 = CARTESIAN_POINT ( 'NONE',  ( -2.524354896707237777E-25, 63.64996744220073310, 65.01987264133462929 ) ) ;
#691 = CARTESIAN_POINT ( 'NONE',  ( 44.58402435919737172, 42.14121165474621478, 91.22433488840023585 ) ) ;
#692 = CARTESIAN_POINT ( 'NONE',  ( -14.30626260628566904, 79.93169766535595500, 106.4324251587397612 ) ) ;
#693 = CARTESIAN_POINT ( 'NONE',  ( -20.93184071208348840, 103.3070606577482806, 267.4848265402182506 ) ) ;
#694 = CARTESIAN_POINT ( 'NONE',  ( 19.39999999930045504, 57.96443167630390292, 54.13856607027881296 ) ) ;
#695 = CARTESIAN_POINT ( 'NONE',  ( 48.84540299131885632, -32.46164915079560842, 82.47353564057377184 ) ) ;
#696 = CARTESIAN_POINT ( 'NONE',  ( -53.52984902553232160, 27.10604614702786463, 119.9999999999999858 ) ) ;
#697 = EDGE_LOOP ( 'NONE', ( #1800, #3564, #3998, #3535, #2817, #3153, #3759, #1791 ) ) ;
#698 = CARTESIAN_POINT ( 'NONE',  ( 18.74595051386660316, 59.46908643135586203, 63.87318011855519728 ) ) ;
#699 = CARTESIAN_POINT ( 'NONE',  ( 29.47108614567024887, 70.07422708978481296, 108.8025721533623766 ) ) ;
#700 = VERTEX_POINT ( 'NONE', #6635 ) ;
#701 = CARTESIAN_POINT ( 'NONE',  ( -21.25597646922143014, 67.75569176099280355, 86.41478422745639421 ) ) ;
#702 = CARTESIAN_POINT ( 'NONE',  ( -39.65867568197285209, -18.73170549096267123, 17.38382516058653948 ) ) ;
#703 = CARTESIAN_POINT ( 'NONE',  ( 10.29036174037368134, 66.27597474889782347, 392.9819229557825224 ) ) ;
#704 = FACE_OUTER_BOUND ( 'NONE', #5756, .T. ) ;
#705 = CARTESIAN_POINT ( 'NONE',  ( 55.21426324191770618, -5.369002633712923078, 106.4752762601930272 ) ) ;
#706 = CARTESIAN_POINT ( 'NONE',  ( -1.222653847393870841, -54.83655215758767554, 106.4482205351770148 ) ) ;
#707 = CARTESIAN_POINT ( 'NONE',  ( -31.75964091148555823, 63.18077169467508014, 91.61392053410934011 ) ) ;
#708 = CARTESIAN_POINT ( 'NONE',  ( -54.94641901291687702, 14.51867888629100456, 125.3217742706964941 ) ) ;
#709 = CARTESIAN_POINT ( 'NONE',  ( 31.62342110311129773, 66.70225204649121054, 102.9749661976116073 ) ) ;
#710 = CARTESIAN_POINT ( 'NONE',  ( 45.38983079746662952, 27.15223356592392889, 70.78278425164739929 ) ) ;
#711 = CARTESIAN_POINT ( 'NONE',  ( -53.79603975428314300, -5.234958266707274710, 201.7386358935324040 ) ) ;
#712 = CARTESIAN_POINT ( 'NONE',  ( 4.636443085687899313, -33.38049028337729851, 373.1934686344453098 ) ) ;
#714 = CARTESIAN_POINT ( 'NONE',  ( -41.51408734125853073, 44.96807397517160609, 61.00267832873343821 ) ) ;
#713 = CARTESIAN_POINT ( 'NONE',  ( 54.25858017205716521, 4.122359982015428415, 95.91842194424297929 ) ) ;
#715 = CARTESIAN_POINT ( 'NONE',  ( -46.99507999103756362, 43.57403044061963016, 120.5193552480538983 ) ) ;
#716 = CARTESIAN_POINT ( 'NONE',  ( 36.37390622070769552, 78.11495218099518922, 149.0265509919405531 ) ) ;
#717 = CARTESIAN_POINT ( 'NONE',  ( -31.93168273969557092, 48.73517355252757000, 56.53026987453160501 ) ) ;
#718 = CARTESIAN_POINT ( 'NONE',  ( -5.000000000000000000, 45.82485989070251975, 409.0779284778315628 ) ) ;
#719 = CARTESIAN_POINT ( 'NONE',  ( 3.276580801722741576, 63.64996744260395189, 65.01987264117470033 ) ) ;
#720 = EDGE_CURVE ( 'NONE', #6509, #7345, #6894, .T. ) ;
#721 = CARTESIAN_POINT ( 'NONE',  ( -20.20450427912824054, -35.01224358079071663, 336.6294537848867776 ) ) ;
#722 = CARTESIAN_POINT ( 'NONE',  ( 29.90062835927473728, -50.06542585903937237, 95.91369382190376314 ) ) ;
#724 = CARTESIAN_POINT ( 'NONE',  ( -26.80646624554935897, 94.10080140844749508, 309.2778727753870385 ) ) ;
#723 = CARTESIAN_POINT ( 'NONE',  ( 52.67335366501364291, 28.99455723453675660, 106.4659600007578604 ) ) ;
#725 = CARTESIAN_POINT ( 'NONE',  ( 35.91771558690057020, 60.67727203149193116, 97.08505307411239471 ) ) ;
#726 = CARTESIAN_POINT ( 'NONE',  ( 20.01174873569482315, 104.3347249365812814, 283.6650108671940416 ) ) ;
#727 = CARTESIAN_POINT ( 'NONE',  ( 20.89359860146617720, 66.10048219106255374, 81.04588612324597818 ) ) ;
#728 = CARTESIAN_POINT ( 'NONE',  ( -35.27458073932961469, 46.24629440202048869, 55.90579231949514849 ) ) ;
#729 = CARTESIAN_POINT ( 'NONE',  ( -15.88719892365344499, 60.79775410250507406, 64.81976031831258922 ) ) ;
#730 = B_SPLINE_CURVE_WITH_KNOTS ( 'NONE', 3,
 ( #3192, #6385, #4514, #6953, #3985, #2841, #5669, #2239, #5127, #3413 ),
 .UNSPECIFIED., .F., .F.,
 ( 4, 2, 2, 2, 4 ),
 ( 7.868916788114160228E-16, 0.004840826753360501049, 0.009681653506720216268, 0.01452248026007993062, 0.01936330701343964497 ),
 .UNSPECIFIED. ) ;
#731 = CARTESIAN_POINT ( 'NONE',  ( 45.88212590414170222, 42.22689128038272344, 102.5729248021094833 ) ) ;
#732 = CARTESIAN_POINT ( 'NONE',  ( -13.94163277398604706, 76.89675565417566361, 95.91479512775394767 ) ) ;
#733 = CARTESIAN_POINT ( 'NONE',  ( -16.86111406771200549, 64.20439202885953023, 60.92819953871347138 ) ) ;
#734 = DIRECTION ( 'NONE',  ( 0.000000000000000000, 0.000000000000000000, -1.000000000000000000 ) ) ;
#735 = CARTESIAN_POINT ( 'NONE',  ( 45.14000270230052081, -20.23411302326612216, 34.39333359352516339 ) ) ;
#736 = ORIENTED_EDGE ( 'NONE', *, *, #3976, .T. ) ;
#737 = CARTESIAN_POINT ( 'NONE',  ( 18.70435205928299283, 54.94802165323256560, 53.22945185530801382 ) ) ;
#738 = CARTESIAN_POINT ( 'NONE',  ( 28.49504108501911759, 72.40575809704132837, 114.8064067957158869 ) ) ;
#739 = CARTESIAN_POINT ( 'NONE',  ( -20.89359860147017400, 66.10048219108145418, 81.04588612330456954 ) ) ;
#740 = CARTESIAN_POINT ( 'NONE',  ( -49.89176661724400219, -21.69498464732459553, 61.09926423067267365 ) ) ;
#741 = CARTESIAN_POINT ( 'NONE',  ( 6.595825139711466001, 71.09180666823270656, 403.7088957522989858 ) ) ;
#742 = CARTESIAN_POINT ( 'NONE',  ( 50.25222631276126606, 45.26141521497445552, 120.0000000000000711 ) ) ;
#743 = CARTESIAN_POINT ( 'NONE',  ( 54.60000444101896022, -5.396855884512887336, 95.91850868609911629 ) ) ;
#744 = CARTESIAN_POINT ( 'NONE',  ( -0.8626648274735992938, -36.80163856328391603, 354.2068946924327975 ) ) ;
#745 = CARTESIAN_POINT ( 'NONE',  ( -28.77176809118551404, 53.90257781826935002, 61.13312449458206288 ) ) ;
#746 = CARTESIAN_POINT ( 'NONE',  ( -49.58567961717704264, 8.492286629419469435, 250.8733701652242019 ) ) ;
#747 = CARTESIAN_POINT ( 'NONE',  ( 31.06139248125334973, 70.41798591023102460, 114.7523658389157930 ) ) ;
#748 = CARTESIAN_POINT ( 'NONE',  ( 19.05148578498821621, 59.45581771418189021, 56.42615221272413351 ) ) ;
#749 = CARTESIAN_POINT ( 'NONE',  ( -54.60000444101896022, -5.396855884512887336, 95.91850868609911629 ) ) ;
#750 = CARTESIAN_POINT ( 'NONE',  ( 2.662980237277245088, -50.60186288607863503, 236.3606088745235070 ) ) ;
#752 = CARTESIAN_POINT ( 'NONE',  ( -26.76558908160833283, 27.96313976114281985, 9.999999999999998224 ) ) ;
#751 = CARTESIAN_POINT ( 'NONE',  ( 40.19755007024765803, 2.637998037828876097, 309.1868535828529616 ) ) ;
#753 = CARTESIAN_POINT ( 'NONE',  ( -46.25325009807460930, 43.01374813696868671, 108.3578517222086788 ) ) ;
#754 = CARTESIAN_POINT ( 'NONE',  ( 19.59041987682523356, 34.02306453757994831, 9.999999999999998224 ) ) ;
#755 = CARTESIAN_POINT ( 'NONE',  ( -36.64064686116412872, 63.13011089966837375, 108.6321183740170682 ) ) ;
#756 = CARTESIAN_POINT ( 'NONE',  ( -49.98526609374781771, 49.67984677571020313, 211.2183938314661020 ) ) ;
#757 = CARTESIAN_POINT ( 'NONE',  ( -19.40000000029196059, 58.98778066310500634, 56.54320121508079922 ) ) ;
#758 = CARTESIAN_POINT ( 'NONE',  ( -8.734003575675011177, -25.47488139449234978, 403.7853512145564991 ) ) ;
#759 = CARTESIAN_POINT ( 'NONE',  ( 34.01249396129521330, -47.28677615877319340, 82.48152646220360396 ) ) ;
#761 = CARTESIAN_POINT ( 'NONE',  ( -35.65259688930191118, 69.05856685866888256, 106.4416489173293598 ) ) ;
#760 = CARTESIAN_POINT ( 'NONE',  ( 33.66078862291208651, 15.96815450586594487, 10.00000000000000533 ) ) ;
#762 = CARTESIAN_POINT ( 'NONE',  ( 36.76274724919190362, 61.29488505968366496, 102.8459567713782690 ) ) ;
#763 = CARTESIAN_POINT ( 'NONE',  ( 21.10036642176008925, 74.91045965998117140, 95.91498212023905978 ) ) ;
#764 = CARTESIAN_POINT ( 'NONE',  ( 28.74397584923797311, 52.31635063540789332, 54.38776287135996768 ) ) ;
#765 = CARTESIAN_POINT ( 'NONE',  ( 0.000000000000000000, 62.18178190911542913, 61.22617450812875006 ) ) ;
#766 = CARTESIAN_POINT ( 'NONE',  ( 40.68298647052134953, 36.67418164613710019, 60.82677310081853506 ) ) ;
#767 = CARTESIAN_POINT ( 'NONE',  ( -31.51286394818201586, 50.31294830113370864, 58.71264585892682675 ) ) ;
#768 = CARTESIAN_POINT ( 'NONE',  ( -21.76678825150214180, 99.36461859968835597, 221.6172238022536476 ) ) ;
#769 = CARTESIAN_POINT ( 'NONE',  ( -4.972065884338295660, 63.62951145369223838, 55.38237440233921660 ) ) ;
#770 = CARTESIAN_POINT ( 'NONE',  ( 44.35047980357051500, -35.52260093429034526, 221.5266786259768139 ) ) ;
#771 = CARTESIAN_POINT ( 'NONE',  ( -44.84836107108539949, 59.84725914993141060, 119.9999999999999716 ) ) ;
#772 = ORIENTED_EDGE ( 'NONE', *, *, #6846, .F. ) ;
#773 = CARTESIAN_POINT ( 'NONE',  ( -18.78895184384105832, 61.04778526394023430, 65.69647309181101491 ) ) ;
#774 = CARTESIAN_POINT ( 'NONE',  ( 26.64785782175467332, 65.11064811948251929, 86.34665194536107435 ) ) ;
#775 = CARTESIAN_POINT ( 'NONE',  ( -20.03828678575077760, 78.37876351751270931, 121.1140781630554670 ) ) ;
#776 = CARTESIAN_POINT ( 'NONE',  ( -12.37148435815167247, -12.80642019085374805, 409.0779284778318470 ) ) ;
#777 = CARTESIAN_POINT ( 'NONE',  ( 32.11932904389750831, 63.90650640742774868, 321.5764151017434074 ) ) ;
#778 = EDGE_CURVE ( 'NONE', #6966, #6463, #4170, .T. ) ;
#779 = CARTESIAN_POINT ( 'NONE',  ( 12.59587653199437796, 56.85620974891572388, 53.51672299379637110 ) ) ;
#780 = CARTESIAN_POINT ( 'NONE',  ( 37.25401141824335838, -6.474956792220855739, 10.00000000000001066 ) ) ;
#781 = CARTESIAN_POINT ( 'NONE',  ( 0.000000000000000000, -41.51854769391206190, 320.9717399628283374 ) ) ;
#782 = CARTESIAN_POINT ( 'NONE',  ( -30.47942291658417346, 58.64331697847119074, 75.75147595667938560 ) ) ;
#783 = CARTESIAN_POINT ( 'NONE',  ( -54.14470804041079788, 3.783831681897257493, 192.3483384712029363 ) ) ;
#784 = CARTESIAN_POINT ( 'NONE',  ( 31.44858910395828389, 61.60125631727981244, 86.25399355161120241 ) ) ;
#785 = CARTESIAN_POINT ( 'NONE',  ( 19.05262416651355650, 58.50189249242161793, 54.18550352137179260 ) ) ;
#786 = CARTESIAN_POINT ( 'NONE',  ( -53.11693139175028477, -5.733250820808043713, 211.2172972428551532 ) ) ;
#787 = CARTESIAN_POINT ( 'NONE',  ( 1.201022888612632178, -54.40723649315604149, 95.91147805922652481 ) ) ;
#789 = CARTESIAN_POINT ( 'NONE',  ( -10.80245739912939662, 53.12937317048966435, 394.0875306254684460 ) ) ;
#788 = CARTESIAN_POINT ( 'NONE',  ( 42.55527518931727826, 6.407974814295117838, 296.6819308671617250 ) ) ;
#790 = CARTESIAN_POINT ( 'NONE',  ( -43.55138074418341887, 45.16071470662010512, 91.26154191560624440 ) ) ;
#791 = CARTESIAN_POINT ( 'NONE',  ( 22.36439798309753257, 92.83584150910557753, 335.8458576883494402 ) ) ;
#792 = CARTESIAN_POINT ( 'NONE',  ( -33.49956282774409289, 51.55071607817528445, 65.78185981291765927 ) ) ;
#793 = CARTESIAN_POINT ( 'NONE',  ( -5.000000000000000000, 40.25609219126560134, 409.0779284778315059 ) ) ;
#794 = CARTESIAN_POINT ( 'NONE',  ( 3.235548832609519199, 62.13972375810958937, 63.20604504851749539 ) ) ;
#795 = CARTESIAN_POINT ( 'NONE',  ( -9.814459143467345825, -27.82893948785488902, 392.5008126009848866 ) ) ;
#796 = CARTESIAN_POINT ( 'NONE',  ( 20.74731562368533133, -45.52299165000608383, 34.33706039764805951 ) ) ;
#798 = CARTESIAN_POINT ( 'NONE',  ( -31.16846060470466284, 95.01353983942591697, 267.2914167803407963 ) ) ;
#797 = CARTESIAN_POINT ( 'NONE',  ( 18.35383639128107447, 26.40889773872673274, 378.6675201545299956 ) ) ;
#799 = CARTESIAN_POINT ( 'NONE',  ( 33.27451930490887122, 51.80646508002572403, 65.78751583421448856 ) ) ;
#800 = CARTESIAN_POINT ( 'NONE',  ( 14.53392892707860540, 52.61194511000936558, 33.95898219624178438 ) ) ;
#801 = CARTESIAN_POINT ( 'NONE',  ( -11.23584319940192167, 60.08358089261486867, 53.05937496732841652 ) ) ;
#802 = CARTESIAN_POINT ( 'NONE',  ( -43.45489226196261257, 30.56735635421355468, 64.49626494477085714 ) ) ;
#803 = CARTESIAN_POINT ( 'NONE',  ( 41.41493748174081446, 34.67759936481994743, 60.80204203330478663 ) ) ;
#804 = CARTESIAN_POINT ( 'NONE',  ( -19.24178172121899522, 59.36092530358437358, 56.44988337239642817 ) ) ;
#805 = CARTESIAN_POINT ( 'NONE',  ( -17.66751707559325624, 104.7110906796814618, 371.8809360928175920 ) ) ;
#806 = CARTESIAN_POINT ( 'NONE',  ( -29.54531156750982390, 56.28386875289575642, 57.21940877348281163 ) ) ;
#807 = CARTESIAN_POINT ( 'NONE',  ( 38.19866742901649559, -37.46480691487042236, 251.1714109304862177 ) ) ;
#808 = CARTESIAN_POINT ( 'NONE',  ( -14.70232195613785287, 83.46396090937679446, 120.0000000000000284 ) ) ;
#809 = VERTEX_POINT ( 'NONE', #1933 ) ;
#810 = CARTESIAN_POINT ( 'NONE',  ( 1.868087870743549539, 101.1357000780110127, 201.7340073341511584 ) ) ;
#811 = CARTESIAN_POINT ( 'NONE',  ( 28.75502106675426361, 67.26458383197054047, 97.25400814237539748 ) ) ;
#812 = CARTESIAN_POINT ( 'NONE',  ( -18.23734490521301055, 77.40773033165069705, 114.9417885367498968 ) ) ;
#813 = EDGE_CURVE ( 'NONE', #7281, #5445, #1454, .T. ) ;
#814 = CARTESIAN_POINT ( 'NONE',  ( 46.39099346340622532, 62.85650980306269275, 236.2434506562701415 ) ) ;
#815 = CARTESIAN_POINT ( 'NONE',  ( 41.53631168622369785, 65.48426929633917837, 120.0000000000000711 ) ) ;
#816 = CARTESIAN_POINT ( 'NONE',  ( 55.32701486754594100, -6.602804974401107252, 174.9348987199571752 ) ) ;
#817 = CARTESIAN_POINT ( 'NONE',  ( -0.2666871004288343672, -27.31785047043236858, 409.0779284778315628 ) ) ;
#818 = EDGE_CURVE ( 'NONE', #2478, #398, #5431, .T. ) ;
#819 = CARTESIAN_POINT ( 'NONE',  ( -29.63323022720278033, 57.31592210789977315, 70.81571267651972335 ) ) ;
#820 = CARTESIAN_POINT ( 'NONE',  ( -45.34437156756264642, 4.526368387407289973, 282.1930726493894781 ) ) ;
#821 = CARTESIAN_POINT ( 'NONE',  ( 29.77920706647290316, 57.19941699479603159, 70.81306186494748545 ) ) ;
#822 = CARTESIAN_POINT ( 'NONE',  ( -29.45394147912470473, -6.458819242947615891, 359.8100695893893999 ) ) ;
#823 = CARTESIAN_POINT ( 'NONE',  ( 1.217039077580357898, -53.05785347359048387, 201.7522587156810232 ) ) ;
#824 = CARTESIAN_POINT ( 'NONE',  ( 47.76100131204347576, -2.072349246146063528, 266.0988801844891896 ) ) ;
#825 = CARTESIAN_POINT ( 'NONE',  ( -12.30643220119286596, -52.45340058486254975, 201.7513803630878613 ) ) ;
#826 = CARTESIAN_POINT ( 'NONE',  ( -40.06135702379489061, 41.09462603506069200, 65.59017556081207090 ) ) ;
#827 = CARTESIAN_POINT ( 'NONE',  ( 27.68947570072270992, 95.85509879905478670, 297.7027140057940073 ) ) ;
#828 = CARTESIAN_POINT ( 'NONE',  ( -32.62555149275424782, 50.29376048946303257, 61.05770038466832972 ) ) ;
#829 = CARTESIAN_POINT ( 'NONE',  ( -50.92072697313178509, 34.53565582397966693, 95.91741718694669316 ) ) ;
#830 = CARTESIAN_POINT ( 'NONE',  ( 11.34908932213463295, 62.79379013733901616, 65.25123169951947943 ) ) ;
#831 = CARTESIAN_POINT ( 'NONE',  ( -13.75281389769910234, -30.08208249844994242, 374.6536346906927406 ) ) ;
#832 = CARTESIAN_POINT ( 'NONE',  ( 20.41455587234864311, -52.68106329960684064, 175.0277539684644523 ) ) ;
#834 = CARTESIAN_POINT ( 'NONE',  ( -37.30859453507278545, 64.32863726323265041, 95.91574891239194756 ) ) ;
#833 = CARTESIAN_POINT ( 'NONE',  ( 7.254113047771062028, 12.84221763753075329, 405.7183213228124714 ) ) ;
#835 = CARTESIAN_POINT ( 'NONE',  ( 35.72328996317647665, 57.18329566935913988, 86.14432178173129273 ) ) ;
#836 = CARTESIAN_POINT ( 'NONE',  ( 25.59277942048031562, 91.15990033322725594, 174.9449697106100245 ) ) ;
#837 = CARTESIAN_POINT ( 'NONE',  ( -4.851855743787639064, 60.79295007882685553, 52.54223714074671392 ) ) ;
#838 = CARTESIAN_POINT ( 'NONE',  ( 46.69344542045885049, 41.34230423762258511, 108.3447951652886019 ) ) ;
#839 = CARTESIAN_POINT ( 'NONE',  ( -35.28285577018360897, 46.23512557851366012, 59.73244777497578895 ) ) ;
#840 = CARTESIAN_POINT ( 'NONE',  ( -19.78815078269127170, 96.37773382686131640, 390.7956900492628165 ) ) ;
#841 = CARTESIAN_POINT ( 'NONE',  ( -15.91431355765365474, 61.88548970295475726, 55.81852791955011384 ) ) ;
#842 = CARTESIAN_POINT ( 'NONE',  ( 32.54830665140104173, -28.74785142230646429, 9.999999999999998224 ) ) ;
#843 = CARTESIAN_POINT ( 'NONE',  ( -38.18392168410145615, 69.78275275686874579, 120.0000000000000426 ) ) ;
#844 = EDGE_LOOP ( 'NONE', ( #4645, #3174, #772, #321 ) ) ;
#845 = CARTESIAN_POINT ( 'NONE',  ( 0.000000000000000000, 111.3910238415857918, 298.0087188451853422 ) ) ;
#846 = CARTESIAN_POINT ( 'NONE',  ( 24.00509689044888262, 60.95120852798736166, 70.89588015997593118 ) ) ;
#847 = ADVANCED_FACE ( 'NONE', ( #3745 ), #4766, .T. ) ;
#848 = CARTESIAN_POINT ( 'NONE',  ( -14.29011351796077278, 62.50273877003063916, 65.98390581685600864 ) ) ;
#849 = CARTESIAN_POINT ( 'NONE',  ( 44.73795073683756129, 69.63358936272844346, 236.2817962083018699 ) ) ;
#850 = CARTESIAN_POINT ( 'NONE',  ( 38.15043777554206628, 69.86082218532207833, 120.0000000000000284 ) ) ;
#851 = CARTESIAN_POINT ( 'NONE',  ( 29.50910310893225130, -6.690414841457164918, 359.8102681608411331 ) ) ;
#852 = CARTESIAN_POINT ( 'NONE',  ( -0.3156656417261630709, -43.01113364881287282, 309.3074982836325262 ) ) ;
#853 = VERTEX_POINT ( 'NONE', #5578 ) ;
#854 = CARTESIAN_POINT ( 'NONE',  ( -29.94288823621494089, 61.00456845410346318, 80.91899165572580443 ) ) ;
#855 = CARTESIAN_POINT ( 'NONE',  ( -36.95249142713322499, 0.2541063640927146983, 10.00000000000000178 ) ) ;
#856 = CARTESIAN_POINT ( 'NONE',  ( 27.99402494183934564, 52.35072568012068217, 56.60151016849761163 ) ) ;
#857 = CARTESIAN_POINT ( 'NONE',  ( -42.28710103536509024, 46.18727433854154185, 72.17644829571096921 ) ) ;
#858 = CARTESIAN_POINT ( 'NONE',  ( -40.58052660407712864, -6.166741895169912446, 17.38832198500689330 ) ) ;
#859 = CARTESIAN_POINT ( 'NONE',  ( 2.734427874153456894, -53.62467348290692826, 82.49038859486083197 ) ) ;
#860 = CARTESIAN_POINT ( 'NONE',  ( 28.19450435930625432, -2.853644847615362412, 359.7910048302314294 ) ) ;
#861 = APPLICATION_CONTEXT ( 'automotive_design' ) ;
#862 = CARTESIAN_POINT ( 'NONE',  ( -5.109739151741559127, -27.46787512206858395, 403.4963269054233592 ) ) ;
#863 = CARTESIAN_POINT ( 'NONE',  ( -43.28509237236114870, 53.38770669908089417, 114.4351555189725502 ) ) ;
#864 = CARTESIAN_POINT ( 'NONE',  ( 24.97342314724765089, 93.25564319209817654, 321.1158905719347558 ) ) ;
#865 = CARTESIAN_POINT ( 'NONE',  ( -34.75992690329400858, 60.23665473337315746, 91.53823482408846246 ) ) ;
#866 = CARTESIAN_POINT ( 'NONE',  ( -43.30685184140880750, 19.05040911973123841, 34.30126817782927162 ) ) ;
#867 = CARTESIAN_POINT ( 'NONE',  ( 18.85257723804262042, 59.43503034611875790, 63.88170064905276746 ) ) ;
#868 = CARTESIAN_POINT ( 'NONE',  ( -13.78029803444555057, -37.58678292936173193, 336.0927813067148691 ) ) ;
#869 = CARTESIAN_POINT ( 'NONE',  ( 9.814459143467345825, -27.82893948785488902, 392.5008126009848866 ) ) ;
#871 = CARTESIAN_POINT ( 'NONE',  ( -39.04585500349920579, 70.23130505925075795, 125.2901501658454890 ) ) ;
#870 = CARTESIAN_POINT ( 'NONE',  ( 11.97558004735068593, 13.55171652863063336, 397.0588212794785363 ) ) ;
#872 = CARTESIAN_POINT ( 'NONE',  ( 37.91172292730507820, 64.43865849416624769, 120.7709137204595038 ) ) ;
#873 = CARTESIAN_POINT ( 'NONE',  ( 18.29335931135465643, 105.3985775637422790, 283.6948008825505099 ) ) ;
#874 = CARTESIAN_POINT ( 'NONE',  ( -34.54184298843441070, 47.96882887320754918, 61.01125014466657603 ) ) ;
#875 = CARTESIAN_POINT ( 'NONE',  ( 46.34756416738488838, 35.82684539322588790, 91.16008795583213953 ) ) ;
#876 = CARTESIAN_POINT ( 'NONE',  ( -3.673940397442059967E-15, 114.9777999077196142, 409.0779284778315628 ) ) ;
#877 = CARTESIAN_POINT ( 'NONE',  ( -25.94734258642597879, 97.07052694420356431, 221.6134023525197847 ) ) ;
#878 = CARTESIAN_POINT ( 'NONE',  ( -48.00141790448512324, 39.21582755952109522, 120.4914082085035858 ) ) ;
#879 = CARTESIAN_POINT ( 'NONE',  ( 19.92709132600696975, -25.22010027183121750, 376.5590996151598802 ) ) ;
#880 = CARTESIAN_POINT ( 'NONE',  ( 40.22547570639038383, 41.32237471529474249, 57.41153416848182900 ) ) ;
#881 = VERTEX_POINT ( 'NONE', #1470 ) ;
#882 = CARTESIAN_POINT ( 'NONE',  ( 0.000000000000000000, 102.5138913959915783, 211.2204768672874309 ) ) ;
#883 = CARTESIAN_POINT ( 'NONE',  ( 7.296666491183309233, 69.23919417473604199, 81.09175556086226777 ) ) ;
#884 = CARTESIAN_POINT ( 'NONE',  ( -12.13775084516163894, 68.55247277269168649, 81.08573119925034689 ) ) ;
#885 =( BOUNDED_SURFACE ( )  B_SPLINE_SURFACE ( 3, 2, ( 
 ( #2722, #4392, #7394 ),
 ( #3294, #3328, #375 ),
 ( #5540, #3782, #6111 ),
 ( #6223, #1017, #906 ) ),
 .UNSPECIFIED., .F., .F., .F. ) 
 B_SPLINE_SURFACE_WITH_KNOTS ( ( 4, 4 ),
 ( 3, 3 ),
 ( 1.092940841995737600E-14, 0.001314765668328208605 ),
 ( 0.000000000000000000, 1.000000000000000000 ),
 .UNSPECIFIED. ) 
 GEOMETRIC_REPRESENTATION_ITEM ( )  RATIONAL_B_SPLINE_SURFACE ( (
 ( 1.000000000000000000, 0.7335664642580078665, 1.000000000000000000),
 ( 1.000000000000000000, 0.7337915134591099786, 1.000000000000000000),
 ( 1.000000000000000000, 0.7340240079863612488, 1.000000000000000000),
 ( 1.000000000000000000, 0.7342652437676274735, 1.000000000000000000) ) ) 
 REPRESENTATION_ITEM ( '' )  SURFACE ( )  );
#886 = B_SPLINE_CURVE_WITH_KNOTS ( 'NONE', 3,
 ( #52, #2326, #6920, #3569, #3495, #4679, #6468, #5826, #7451, #2286, #4600, #2884, #5212, #3420, #6320, #659, #5862, #5289, #6999, #5173, #1679, #1757, #1795, #4105, #4069, #1718, #6431, #1223, #6355, #86, #3532, #6392, #2400, #543 ),
 .UNSPECIFIED., .F., .F.,
 ( 4, 2, 2, 2, 2, 2, 2, 2, 2, 2, 2, 2, 2, 2, 2, 2, 4 ),
 ( 0.006137202286026255220, 0.01130201567555009709, 0.01646682906507394850, 0.02679645584412167561, 0.03712608262316939578, 0.04229089601269325066, 0.04745570940221711942, 0.05262052279174097430, 0.05520292948650290521, 0.05778533618126482918, 0.06295014957078866324, 0.06811496296031248343, 0.07069736965507439352, 0.07327977634983630362, 0.07844458973936015156, 0.08360940312888399950, 0.08877421651840783356 ),
 .UNSPECIFIED. ) ;
#887 = CARTESIAN_POINT ( 'NONE',  ( 46.92827751025426863, 64.63670587781983556, 192.3707664564144864 ) ) ;
#888 = CARTESIAN_POINT ( 'NONE',  ( 40.45931023273829652, 66.98708444940551487, 120.0000000000000568 ) ) ;
#889 = CARTESIAN_POINT ( 'NONE',  ( 46.25621272292480057, -6.383648617673992831, 34.40075853113152959 ) ) ;
#890 = SPHERICAL_SURFACE ( 'NONE', #1663, 0.5000000000000000000 ) ;
#891 = CARTESIAN_POINT ( 'NONE',  ( -0.3078513340561995215, -41.51854769391206190, 320.9717399628283374 ) ) ;
#892 = EDGE_LOOP ( 'NONE', ( #4759, #3462, #165, #7234 ) ) ;
#893 = CARTESIAN_POINT ( 'NONE',  ( -32.99467009422093611, 70.16032615364881053, 120.8929185595601155 ) ) ;
#894 = CARTESIAN_POINT ( 'NONE',  ( -52.40766499870453998, 4.119750746189259516, 221.5245436518836470 ) ) ;
#895 = CARTESIAN_POINT ( 'NONE',  ( 32.52925239438467742, 65.89534290286492535, 102.9539326852020054 ) ) ;
#896 = CARTESIAN_POINT ( 'NONE',  ( -6.385054680438305930, 60.21456109592920569, 52.60351650968667059 ) ) ;
#897 = CARTESIAN_POINT ( 'NONE',  ( -55.32286931100284733, -6.245991859594410833, 174.9348990387802587 ) ) ;
#898 = CARTESIAN_POINT ( 'NONE',  ( 0.3357357398032463913, -46.06296908967431136, 283.5898144950127744 ) ) ;
#899 = CARTESIAN_POINT ( 'NONE',  ( 55.92973637764376349, -2.603946628213003933, 149.0515242256481372 ) ) ;
#900 = CARTESIAN_POINT ( 'NONE',  ( -12.69174555215957767, -53.79370146483483239, 175.0375648867540690 ) ) ;
#901 = CARTESIAN_POINT ( 'NONE',  ( -44.20039756294570310, 49.43084461487524095, 108.4192598556272316 ) ) ;
#902 = CARTESIAN_POINT ( 'NONE',  ( 32.46490322674036122, 56.32352007971361019, 60.96333779806906250 ) ) ;
#903 = ORIENTED_EDGE ( 'NONE', *, *, #5659, .F. ) ;
#904 = CARTESIAN_POINT ( 'NONE',  ( -31.00223292238102957, 51.97678161253705298, 61.09409723076388588 ) ) ;
#905 = CARTESIAN_POINT ( 'NONE',  ( -47.54541800350610714, 46.36932620354161116, 251.1354166744839631 ) ) ;
#906 = CARTESIAN_POINT ( 'NONE',  ( 18.93914544750559159, 55.66029242580967917, 53.23888800544384736 ) ) ;
#907 = CARTESIAN_POINT ( 'NONE',  ( -8.197260635695020170, -24.31061072176135340, 409.0779284778317901 ) ) ;
#908 = CARTESIAN_POINT ( 'NONE',  ( 6.969389416332742115, -25.22917316886741546, 409.0779284778317901 ) ) ;
#910 = CARTESIAN_POINT ( 'NONE',  ( -8.915904919500972525, 77.31904124755081398, 403.4875723216958363 ) ) ;
#909 = CARTESIAN_POINT ( 'NONE',  ( 31.29988482061202149, 23.55405927531020538, 338.4597008190938823 ) ) ;
#911 = CARTESIAN_POINT ( 'NONE',  ( 37.78985599540548179, 63.16974345710602279, 114.5874273885836061 ) ) ;
#912 = CARTESIAN_POINT ( 'NONE',  ( 20.45836504139062129, 103.4618147093813576, 309.2927750153143052 ) ) ;
#913 = CARTESIAN_POINT ( 'NONE',  ( -37.00625190803520326, 53.53200389920829849, 80.73944147123837922 ) ) ;
#914 =( GEOMETRIC_REPRESENTATION_CONTEXT ( 3 ) GLOBAL_UNCERTAINTY_ASSIGNED_CONTEXT ( ( #1881 ) ) GLOBAL_UNIT_ASSIGNED_CONTEXT ( ( #4114, #1162, #4005 ) ) REPRESENTATION_CONTEXT ( 'NONE', 'WORKASPACE' ) );
#915 = CARTESIAN_POINT ( 'NONE',  ( -43.74193211693196304, -29.81337162402000018, 251.0289806860028818 ) ) ;
#916 = CARTESIAN_POINT ( 'NONE',  ( 44.92674602567673503, 35.74459683182034553, 80.46160068872150362 ) ) ;
#917 = CARTESIAN_POINT ( 'NONE',  ( 49.28389634597096602, 27.10604614702787885, 71.85503552398968452 ) ) ;
#918 = CARTESIAN_POINT ( 'NONE',  ( -27.75097476154912357, 89.85203182242669584, 174.9447540468056275 ) ) ;
#919 = CARTESIAN_POINT ( 'NONE',  ( -46.42008149367885039, 29.53130976133563834, 80.40404865945627932 ) ) ;
#920 = CARTESIAN_POINT ( 'NONE',  ( 25.32040126882154141, -26.11719842498156652, 357.5327856372857696 ) ) ;
#921 = CARTESIAN_POINT ( 'NONE',  ( 6.409927440394285192, 58.25650832373363386, 52.58965420592639362 ) ) ;
#922 = CARTESIAN_POINT ( 'NONE',  ( 1.921794007454578956, 86.35072990353059197, 125.2763118969026976 ) ) ;
#923 = CARTESIAN_POINT ( 'NONE',  ( 3.971347096348592398, 74.76525733813885211, 97.42577561498958971 ) ) ;
#924 = ADVANCED_FACE ( 'NONE', ( #336 ), #7142, .T. ) ;
#925 = CARTESIAN_POINT ( 'NONE',  ( -17.04490951910667462, 61.78355422853527301, 65.97883471392854915 ) ) ;
#926 = CARTESIAN_POINT ( 'NONE',  ( 50.49376245883300385, 50.22012597164248149, 149.0383569034248978 ) ) ;
#927 = CARTESIAN_POINT ( 'NONE',  ( -39.26383295451591948, 43.70122947934140711, 69.11047099519380765 ) ) ;
#928 = CARTESIAN_POINT ( 'NONE',  ( 55.97967300255644574, -6.599009708261006857, 125.3254267621806690 ) ) ;
#929 = DIRECTION ( 'NONE',  ( 0.9971789491235836245, 0.000000000000000000, -0.07506093141432222671 ) ) ;
#930 = CARTESIAN_POINT ( 'NONE',  ( 0.000000000000000000, -33.82651559785280426, 373.0243241031068351 ) ) ;
#931 = ORIENTED_EDGE ( 'NONE', *, *, #1504, .T. ) ;
#932 =( BOUNDED_SURFACE ( )  B_SPLINE_SURFACE ( 3, 2, ( 
 ( #1159, #6930, #6331 ),
 ( #1651, #3393, #22 ),
 ( #516, #593, #2822 ),
 ( #3358, #5835, #7386 ) ),
 .UNSPECIFIED., .F., .F., .F. ) 
 B_SPLINE_SURFACE_WITH_KNOTS ( ( 4, 4 ),
 ( 3, 3 ),
 ( 0.002586128773813289091, 0.005757857484562926148 ),
 ( 0.000000000000000000, 1.000000000000000000 ),
 .UNSPECIFIED. ) 
 GEOMETRIC_REPRESENTATION_ITEM ( )  RATIONAL_B_SPLINE_SURFACE ( (
 ( 1.000000000000000000, 0.8080626144432486724, 1.000000000000000000),
 ( 1.000000000000000000, 0.8077517351730970629, 1.000000000000000000),
 ( 1.000000000000000000, 0.8074446865916036220, 1.000000000000000000),
 ( 1.000000000000000000, 0.8071412646307173366, 1.000000000000000000) ) ) 
 REPRESENTATION_ITEM ( '' )  SURFACE ( )  );
#933 = CARTESIAN_POINT ( 'NONE',  ( -29.44223251436868694, 59.47229173532249291, 75.77134001782785333 ) ) ;
#934 = CARTESIAN_POINT ( 'NONE',  ( -45.95100053034951770, 1.417004366451256825, 34.38992624270394316 ) ) ;
#935 = CARTESIAN_POINT ( 'NONE',  ( 32.99467009422100006, 70.16032615364856895, 120.8929185595593339 ) ) ;
#936 = FACE_OUTER_BOUND ( 'NONE', #7041, .T. ) ;
#937 = CARTESIAN_POINT ( 'NONE',  ( -53.10166856565780336, -6.250748451671031880, 211.2172968372455557 ) ) ;
#938 = CARTESIAN_POINT ( 'NONE',  ( 0.000000000000000000, -53.06138260155653086, 201.7522653698673594 ) ) ;
#939 = CARTESIAN_POINT ( 'NONE',  ( 37.22755696550850502, -4.585192041848473288, 10.00000000000000178 ) ) ;
#940 = CARTESIAN_POINT ( 'NONE',  ( -12.97966572296515686, -45.17680288858266380, 283.4464583916976039 ) ) ;
#941 = CARTESIAN_POINT ( 'NONE',  ( -39.90417364806131673, 38.61942010385899948, 60.85278812948438798 ) ) ;
#942 = AXIS2_PLACEMENT_3D ( 'NONE', #272, #4179, #734 ) ;
#943 = CARTESIAN_POINT ( 'NONE',  ( -33.25525642229439427, 59.92158154254335756, 86.21086732558515564 ) ) ;
#944 = CARTESIAN_POINT ( 'NONE',  ( -47.30903502164390062, 29.55385884981798483, 61.04745043982720176 ) ) ;
#945 = CARTESIAN_POINT ( 'NONE',  ( 0.000000000000000000, 63.80856221424443930, 59.77885410901308205 ) ) ;
#946 = CARTESIAN_POINT ( 'NONE',  ( 13.55258867345260043, 61.31842491355230607, 64.68684222635280889 ) ) ;
#947 = CARTESIAN_POINT ( 'NONE',  ( -20.51761555168110007, -53.61494776721651334, 125.3279820937239464 ) ) ;
#948 = CARTESIAN_POINT ( 'NONE',  ( 25.06420276099779088, -50.68433138358413714, 192.4243938126638795 ) ) ;
#950 = CARTESIAN_POINT ( 'NONE',  ( -37.93402734328657289, 82.46412032661655189, 192.3801716720411434 ) ) ;
#949 = CARTESIAN_POINT ( 'NONE',  ( 55.07226275192429199, 15.24633948222042790, 149.0492076321450838 ) ) ;
#951 = CARTESIAN_POINT ( 'NONE',  ( 36.98955644478980531, 59.32630164769539505, 97.05603824922539502 ) ) ;
#952 = CARTESIAN_POINT ( 'NONE',  ( 17.72162667113882861, 85.39357902044312709, 409.0779284778311080 ) ) ;
#953 = CARTESIAN_POINT ( 'NONE',  ( -35.83092880825830662, 50.80501868910283747, 70.66970668036132963 ) ) ;
#954 = CARTESIAN_POINT ( 'NONE',  ( -18.35250334499541935, -16.48168322511991590, 396.2369710545312955 ) ) ;
#955 = CARTESIAN_POINT ( 'NONE',  ( 45.51386929112069879, 39.01458217375238746, 91.19063186442126323 ) ) ;
#956 = CARTESIAN_POINT ( 'NONE',  ( -1.225955861159480964, 39.00533594361594680, 10.00000000000000000 ) ) ;
#957 = CARTESIAN_POINT ( 'NONE',  ( -25.79769691755316074, 99.59324767424362790, 251.7291100954854812 ) ) ;
#958 = CARTESIAN_POINT ( 'NONE',  ( -45.95784369118233315, 39.83045821623650085, 96.77293679702054874 ) ) ;
#959 = CARTESIAN_POINT ( 'NONE',  ( 38.70280208804821598, -43.70310301856441271, 201.7454514830834853 ) ) ;
#960 = CARTESIAN_POINT ( 'NONE',  ( 25.40662364329570266, 55.60306290881374025, 53.84014959074981732 ) ) ;
#961 = CARTESIAN_POINT ( 'NONE',  ( 10.83233969770155625, 98.93591998410435906, 192.3907531197693572 ) ) ;
#962 = CARTESIAN_POINT ( 'NONE',  ( 5.943433262159903308, 77.98901552160093331, 108.9905969631629574 ) ) ;
#963 = CARTESIAN_POINT ( 'NONE',  ( -11.06035721421244666, 74.01556030522988294, 97.41811770016637695 ) ) ;
#964 = CARTESIAN_POINT ( 'NONE',  ( 42.10988912902877246, 53.88904871606010971, 282.7398322025164816 ) ) ;
#965 = CARTESIAN_POINT ( 'NONE',  ( -16.28555357253982194, 60.72744011415027643, 64.85247269327280151 ) ) ;
#966 = CARTESIAN_POINT ( 'NONE',  ( 42.04046055371542678, -15.01211487501360153, 296.6988238883604936 ) ) ;
#967 = DIRECTION ( 'NONE',  ( 4.317798897826046132E-11, 0.000000000000000000, -1.000000000000000000 ) ) ;
#968 = CARTESIAN_POINT ( 'NONE',  ( 9.450908437181332999, 62.21303891970747202, 64.48094685418327288 ) ) ;
#969 = CARTESIAN_POINT ( 'NONE',  ( -31.26378162319115717, 65.35516704236692931, 97.20175774661041146 ) ) ;
#970 = CARTESIAN_POINT ( 'NONE',  ( -40.36274323637901063, 0.1981979157013219472, 309.1861730890131525 ) ) ;
#971 = CARTESIAN_POINT ( 'NONE',  ( 30.06844335313819272, 56.96272409302959261, 70.80793159207868825 ) ) ;
#972 = CARTESIAN_POINT ( 'NONE',  ( 0.000000000000000000, 66.82417435002450645, 67.01547107705506789 ) ) ;
#973 = VECTOR ( 'NONE', #214, 1000.000000000000000 ) ;
#974 = CARTESIAN_POINT ( 'NONE',  ( -50.76087498454309355, -8.417531247165385366, 235.9981479677553864 ) ) ;
#975 = CARTESIAN_POINT ( 'NONE',  ( -19.40000000029201033, 55.66659322451641856, 53.73731346014906762 ) ) ;
#976 = CARTESIAN_POINT ( 'NONE',  ( 54.97514622480936453, 1.449166137214354722, 106.4747449602005815 ) ) ;
#977 = CARTESIAN_POINT ( 'NONE',  ( -9.679111956572487685, -52.11111171833208999, 211.1929964558786708 ) ) ;
#978 = AXIS2_PLACEMENT_3D ( 'NONE', #5140, #4569, #3463 ) ;
#979 = CARTESIAN_POINT ( 'NONE',  ( -37.38119741005690599, 40.98725412252201039, 56.38975405518547745 ) ) ;
#980 = CARTESIAN_POINT ( 'NONE',  ( -35.38393969877564160, 64.64113324433597541, 108.6639659138295713 ) ) ;
#981 = CARTESIAN_POINT ( 'NONE',  ( -53.84325384234791301, 18.85351027157320303, 106.4702473478821787 ) ) ;
#982 = DIRECTION ( 'NONE',  ( 0.3140079591486488186, 0.9494203503144961198, 0.000000000000000000 ) ) ;
#983 = CARTESIAN_POINT ( 'NONE',  ( -19.40000000029201388, 60.99977630801162576, 65.09933881614666973 ) ) ;
#984 = CARTESIAN_POINT ( 'NONE',  ( 5.497173108916133089, -29.75182504755317936, 391.8202980255168200 ) ) ;
#986 = CARTESIAN_POINT ( 'NONE',  ( -30.43947514313713043, 91.08137488661785142, 297.6261186258632279 ) ) ;
#985 = CARTESIAN_POINT ( 'NONE',  ( 52.57039246446827718, 28.84613620870438311, 201.7378996266619424 ) ) ;
#987 = CARTESIAN_POINT ( 'NONE',  ( 38.02932712570515150, 62.83952474711272629, 114.5815701725900766 ) ) ;
#988 = CARTESIAN_POINT ( 'NONE',  ( 26.44614241011446865, 99.63431753472382013, 267.3895699400083572 ) ) ;
#989 = CARTESIAN_POINT ( 'NONE',  ( -39.34045301338310452, 49.83164376969163101, 80.66498206336727606 ) ) ;
#990 = CARTESIAN_POINT ( 'NONE',  ( -38.19866742901649559, -37.46480691487042236, 251.1714109304862177 ) ) ;
#991 = CARTESIAN_POINT ( 'NONE',  ( 45.84516073630840793, 28.77058468250246648, 75.27443621065627610 ) ) ;
#992 = CARTESIAN_POINT ( 'NONE',  ( -4.126440626136170131, 113.2637705917363178, 334.9668236710422775 ) ) ;
#993 = CARTESIAN_POINT ( 'NONE',  ( -25.84366293393951963, 75.99360956721282889, 106.4362302231201625 ) ) ;
#994 = CARTESIAN_POINT ( 'NONE',  ( -43.82982918951429241, 26.31482204065991226, 60.72116744558361745 ) ) ;
#995 = CARTESIAN_POINT ( 'NONE',  ( 0.000000000000000000, 83.54334840448315447, 114.9300098289843248 ) ) ;
#996 = CARTESIAN_POINT ( 'NONE',  ( 39.50204786111255828, 60.64361630675000470, 114.5422282250060135 ) ) ;
#997 = CARTESIAN_POINT ( 'NONE',  ( 10.99285880377884261, 96.06286899773590449, 174.9459092120368666 ) ) ;
#998 = CARTESIAN_POINT ( 'NONE',  ( 5.263311734642458717, 63.87573936763954663, 65.98801638137233283 ) ) ;
#999 = B_SPLINE_CURVE_WITH_KNOTS ( 'NONE', 3,
 ( #6614, #2440, #237, #2549, #7188, #4181, #164, #1410, #3571, #5478 ),
 .UNSPECIFIED., .F., .F.,
 ( 4, 3, 3, 4 ),
 ( 1.551583845779545699E-17, 0.006517269338213479805, 0.009775898618521162986, 0.01081505169476921872 ),
 .UNSPECIFIED. ) ;
#1000 = CARTESIAN_POINT ( 'NONE',  ( -9.500571654679101030, 75.95819242041012842, 103.2042410942808317 ) ) ;
#1001 = CARTESIAN_POINT ( 'NONE',  ( 28.62573752494540358, 57.64919335446470683, 337.2890046032543410 ) ) ;
#1002 = CARTESIAN_POINT ( 'NONE',  ( 53.52984902553233582, 27.10604614702786463, 119.9999999999999432 ) ) ;
#1003 = CARTESIAN_POINT ( 'NONE',  ( 50.69568025434101344, -16.69194658443829482, 61.09946388955189889 ) ) ;
#1004 = CARTESIAN_POINT ( 'NONE',  ( 11.97045853230204315, 80.20397012040749019, 120.0000000000001137 ) ) ;
#1005 = DIRECTION ( 'NONE',  ( 0.000000000000000000, 0.3916709978725264052, 0.9201053360488349320 ) ) ;
#1006 = CARTESIAN_POINT ( 'NONE',  ( 24.00403345841925429, 52.83493001199116890, 53.75790418240133306 ) ) ;
#1007 = CARTESIAN_POINT ( 'NONE',  ( -28.18016941289310040, 71.02628918262682589, 108.8289054542928085 ) ) ;
#1008 = CARTESIAN_POINT ( 'NONE',  ( -49.74550139539176286, 0.3173249125596362963, 250.8492170868408380 ) ) ;
#1009 = CARTESIAN_POINT ( 'NONE',  ( 30.98835962926057519, 60.15278292943466454, 80.89747048839444687 ) ) ;
#1010 = CARTESIAN_POINT ( 'NONE',  ( -29.50910310893225130, -6.690414841457164918, 359.8102681608411331 ) ) ;
#1011 = CARTESIAN_POINT ( 'NONE',  ( -1.429007040487351821E-15, -27.31785047043236503, 409.0779284778315628 ) ) ;
#1012 = CARTESIAN_POINT ( 'NONE',  ( 53.15628205813288787, -3.904638847132464452, 211.2173005124139991 ) ) ;
#1013 = CARTESIAN_POINT ( 'NONE',  ( -7.059159430015749415, -42.97250253241079321, 17.34004389182294048 ) ) ;
#1014 = CARTESIAN_POINT ( 'NONE',  ( -35.01464279023022641, 58.03200856096952975, 86.16410783684759167 ) ) ;
#1015 = CARTESIAN_POINT ( 'NONE',  ( -54.07130086926690637, 25.16433383077506392, 125.3175988513186496 ) ) ;
#1016 = CARTESIAN_POINT ( 'NONE',  ( -19.40000000029201033, 56.98125940729438810, 53.72114124397334933 ) ) ;
#1017 = CARTESIAN_POINT ( 'NONE',  ( 19.39999999930045860, 55.66074990459037508, 53.27507691862677319 ) ) ;
#1018 = CARTESIAN_POINT ( 'NONE',  ( 12.69174555215957767, -53.79370146483483239, 175.0375648867540690 ) ) ;
#1020 = CARTESIAN_POINT ( 'NONE',  ( -38.28031500894724815, 58.72841237810130366, 82.47914786764185635 ) ) ;
#1019 = CARTESIAN_POINT ( 'NONE',  ( 36.94768383544862900, 6.048733712955052688, 322.2390044714872488 ) ) ;
#1021 = CARTESIAN_POINT ( 'NONE',  ( 36.67449928424122874, 57.92053954357653822, 91.48494422653618585 ) ) ;
#1022 = CARTESIAN_POINT ( 'NONE',  ( 22.31145852974918142, 62.39155113895252924, 60.93801936710398337 ) ) ;
#1023 = CARTESIAN_POINT ( 'NONE',  ( -38.83849786101677637, 46.08376076553857104, 70.57868122766144836 ) ) ;
#1024 = CARTESIAN_POINT ( 'NONE',  ( -10.14353148620779699, -4.912194116059293236, 405.9626187462250755 ) ) ;
#1025 = CARTESIAN_POINT ( 'NONE',  ( -21.52397368388716359, -23.22045527268080889, 377.2218700236675772 ) ) ;
#1026 = CARTESIAN_POINT ( 'NONE',  ( 46.43593888561469640, 25.65002506342298361, 75.25229803916052163 ) ) ;
#1027 = CARTESIAN_POINT ( 'NONE',  ( -1.790062670483652640, 73.89364767014448887, 82.48426016609995770 ) ) ;
#1028 = CARTESIAN_POINT ( 'NONE',  ( -33.53863066827350536, 85.20374325857851261, 174.9440229531619764 ) ) ;
#1029 = CARTESIAN_POINT ( 'NONE',  ( -46.70630645359894828, 34.20129405883798057, 91.14684176574704111 ) ) ;
#1030 = CARTESIAN_POINT ( 'NONE',  ( -18.74046272907007449, 55.23072150970784833, 53.92322663160524598 ) ) ;
#1031 = CARTESIAN_POINT ( 'NONE',  ( 41.16061667727802131, 57.83811202800161055, 114.4962220708077325 ) ) ;
#1032 = CARTESIAN_POINT ( 'NONE',  ( 11.44901981013037329, 111.2473621027540815, 353.0741896992451530 ) ) ;
#1033 = CARTESIAN_POINT ( 'NONE',  ( 18.08437680918110146, 67.08449398570469668, 81.06515968832611918 ) ) ;
#1034 = CARTESIAN_POINT ( 'NONE',  ( -6.624328642475187046, 59.96703331629031197, 56.67301590415811319 ) ) ;
#1035 = CIRCLE ( 'NONE', #2970, 0.4999999999999967804 ) ;
#1036 = CARTESIAN_POINT ( 'NONE',  ( 42.46691507021881762, 45.57691786552489077, 85.92755503914733595 ) ) ;
#1037 = CARTESIAN_POINT ( 'NONE',  ( 48.64907237358033143, 37.39901881174431253, 82.47391483263560019 ) ) ;
#1038 = CARTESIAN_POINT ( 'NONE',  ( -49.13502072450295088, 27.10604614702787885, 103.8928739548190237 ) ) ;
#1039 = CARTESIAN_POINT ( 'NONE',  ( 55.18502094342525055, -12.09223361389160090, 106.4750809699452816 ) ) ;
#1040 = CARTESIAN_POINT ( 'NONE',  ( 1.167514139727097472E-25, 57.98445078868660829, 53.23456412832487672 ) ) ;
#1041 = CARTESIAN_POINT ( 'NONE',  ( -18.90000000029202099, 57.78272231591505914, 53.71169823300256496 ) ) ;
#1042 = CARTESIAN_POINT ( 'NONE',  ( 27.03173457190878892, 87.29058637223411665, 321.2153398975817140 ) ) ;
#1043 = ORIENTED_EDGE ( 'NONE', *, *, #6846, .T. ) ;
#1044 = CARTESIAN_POINT ( 'NONE',  ( 2.077276666158017093, 76.52336289266699509, 103.2092734673777130 ) ) ;
#1045 = CARTESIAN_POINT ( 'NONE',  ( -25.33823474752836802, 65.85235227027929739, 86.36667214431854234 ) ) ;
#1046 = CARTESIAN_POINT ( 'NONE',  ( -28.19450435930625432, -2.853644847615362412, 359.7910048302314294 ) ) ;
#1047 = CARTESIAN_POINT ( 'NONE',  ( 30.33848071903102905, 54.71127073340257141, 65.85260910458632111 ) ) ;
#1048 = CARTESIAN_POINT ( 'NONE',  ( -12.61142546556994226, 61.03852276322025716, 63.48083344414788343 ) ) ;
#1049 = CARTESIAN_POINT ( 'NONE',  ( -49.27252186394640887, -6.266194160315891715, 250.8422681871332998 ) ) ;
#1050 = CARTESIAN_POINT ( 'NONE',  ( -18.93879117666793022, 56.09862911738002822, 53.23331898911763460 ) ) ;
#1051 = CARTESIAN_POINT ( 'NONE',  ( 29.10239404485728087, -5.440496092148991991, 359.8077047179686474 ) ) ;
#1052 = CARTESIAN_POINT ( 'NONE',  ( -4.023403191661011569, -27.84343551900678193, 403.4491007111210479 ) ) ;
#1053 = CARTESIAN_POINT ( 'NONE',  ( -33.04449823001839803, 63.76238107944750055, 97.15985569646072406 ) ) ;
#1054 = CARTESIAN_POINT ( 'NONE',  ( -52.69580721207303498, 23.14111823609577812, 95.91789738967905521 ) ) ;
#1055 = CARTESIAN_POINT ( 'NONE',  ( -19.40000000029293759, 57.24297512220836381, 53.25455857843438423 ) ) ;
#1056 = CARTESIAN_POINT ( 'NONE',  ( 12.73359183120850346, 59.35317699273684156, 52.81894414035201635 ) ) ;
#1057 = CARTESIAN_POINT ( 'NONE',  ( 8.884597155194651208, -48.98423088160341621, 251.6182858225529060 ) ) ;
#1059 = CARTESIAN_POINT ( 'NONE',  ( -26.03519514340369057, 35.41622599239010327, 17.23175393959791180 ) ) ;
#1058 = CARTESIAN_POINT ( 'NONE',  ( 19.37840039667223024, 10.02821343584255054, 379.6682004846153404 ) ) ;
#1060 = ADVANCED_FACE ( 'NONE', ( #2647 ), #885, .T. ) ;
#1061 = CARTESIAN_POINT ( 'NONE',  ( 28.89945635526742507, 96.36389117174091723, 236.4482176816873391 ) ) ;
#1062 = CARTESIAN_POINT ( 'NONE',  ( -37.13620356223754726, 57.31773702594810516, 91.47191454727581572 ) ) ;
#1063 = CARTESIAN_POINT ( 'NONE',  ( -34.34829908667956744, -4.965619043703797253, 338.9072658652136738 ) ) ;
#1064 = CARTESIAN_POINT ( 'NONE',  ( -50.55688091963194353, -32.68780969347139376, 174.9602033835230657 ) ) ;
#1065 = CARTESIAN_POINT ( 'NONE',  ( 45.15108120992736218, 24.18963628752358019, 65.41351050295091341 ) ) ;
#1066 = CARTESIAN_POINT ( 'NONE',  ( -5.572846004278805054, 99.57364106496748946, 192.3913294216725944 ) ) ;
#1067 = CARTESIAN_POINT ( 'NONE',  ( -27.72386743182303803, 98.20962113889419243, 251.7066239371664267 ) ) ;
#1068 = CARTESIAN_POINT ( 'NONE',  ( -43.67793439831473279, 37.06177385642426714, 75.35556259105707966 ) ) ;
#1069 =( LENGTH_UNIT ( ) NAMED_UNIT ( * ) SI_UNIT ( .MILLI., .METRE. ) );
#1070 = CARTESIAN_POINT ( 'NONE',  ( 36.09943633854534539, 45.79275061617514808, 60.96997494291508701 ) ) ;
#1071 = CARTESIAN_POINT ( 'NONE',  ( 8.598137392621424624, 110.4082190529456682, 297.9866999401868952 ) ) ;
#1072 = CARTESIAN_POINT ( 'NONE',  ( 11.21483610490754224, 61.25678635811536310, 61.22778150156559462 ) ) ;
#1073 = B_SPLINE_CURVE_WITH_KNOTS ( 'NONE', 3,
 ( #2968, #1227, #3006, #3536, #4144, #6472, #1262 ),
 .UNSPECIFIED., .F., .F.,
 ( 4, 3, 4 ),
 ( 0.000000000000000000, 0.0006575538630167037388, 0.001315099461115235534 ),
 .UNSPECIFIED. ) ;
#1074 = CARTESIAN_POINT ( 'NONE',  ( -7.825568886579647554, 77.84493515886295256, 108.9892611576534165 ) ) ;
#1075 = CARTESIAN_POINT ( 'NONE',  ( 44.20039756294465150, 49.43084461487258352, 108.4192598556075637 ) ) ;
#1076 = CARTESIAN_POINT ( 'NONE',  ( 46.79100587960751056, 52.80477293495515312, 251.1980047815277146 ) ) ;
#1077 = CARTESIAN_POINT ( 'NONE',  ( 19.05148578498821621, 59.45581771418189021, 56.42615221272413351 ) ) ;
#1078 = CARTESIAN_POINT ( 'NONE',  ( 43.14974593371722023, -19.72270325434978488, 282.2926505310324501 ) ) ;
#1079 = CARTESIAN_POINT ( 'NONE',  ( -19.40000000029211336, 60.29842758625905930, 64.37052438116238307 ) ) ;
#1080 = FACE_OUTER_BOUND ( 'NONE', #4746, .T. ) ;
#1081 = CARTESIAN_POINT ( 'NONE',  ( 29.39596929085667298, 88.14851403850907730, 309.2699275837656501 ) ) ;
#1082 = VERTEX_POINT ( 'NONE', #4501 ) ;
#1083 = CARTESIAN_POINT ( 'NONE',  ( 39.26383295451591948, 43.70122947934140711, 69.11047099519380765 ) ) ;
#1084 = CARTESIAN_POINT ( 'NONE',  ( -24.47869813734525479, 62.63595267523761123, 75.84692519422002022 ) ) ;
#1085 = CARTESIAN_POINT ( 'NONE',  ( -45.41749524183881448, 2.834143744768256923, 282.1851880037540923 ) ) ;
#1086 = CARTESIAN_POINT ( 'NONE',  ( 33.18809973096541910, 61.86376216212965318, 91.57947456849393575 ) ) ;
#1087 = CARTESIAN_POINT ( 'NONE',  ( 3.174617812929364291, 62.13972375795777481, 63.20604504817028868 ) ) ;
#1088 = CARTESIAN_POINT ( 'NONE',  ( -46.19293100051940115, -11.20126604781919788, 34.40012518613108483 ) ) ;
#1089 = CARTESIAN_POINT ( 'NONE',  ( 0.000000000000000000, -55.25367027560801603, 149.1163318187778373 ) ) ;
#1090 = CARTESIAN_POINT ( 'NONE',  ( 53.55015124105185009, -4.347729716210582573, 82.46848489712388641 ) ) ;
#1091 = CARTESIAN_POINT ( 'NONE',  ( -6.706693541892412291, -51.70884410230646466, 61.09571147708778227 ) ) ;
#1092 = CARTESIAN_POINT ( 'NONE',  ( -29.46210919896453717, 53.34380638318200596, 61.12238691242839650 ) ) ;
#1093 = CARTESIAN_POINT ( 'NONE',  ( -41.42727627547333924, 25.06557862688916671, 296.8052330763715645 ) ) ;
#1094 = CARTESIAN_POINT ( 'NONE',  ( -15.93546595556683343, 60.34700084493781702, 56.20328076245482407 ) ) ;
#1095 = CARTESIAN_POINT ( 'NONE',  ( 16.11961494458689970, -53.38223204408816969, 175.0336512417531765 ) ) ;
#1097 = CARTESIAN_POINT ( 'NONE',  ( -10.05038579194489579, 70.68800456558881251, 392.6240025159520428 ) ) ;
#1096 = CARTESIAN_POINT ( 'NONE',  ( 44.88534153908362612, 13.04764028497155159, 282.2439140212438815 ) ) ;
#1098 = CARTESIAN_POINT ( 'NONE',  ( 20.29149846066628271, 39.51805268472739385, 17.20420638519892975 ) ) ;
#1099 = B_SPLINE_CURVE_WITH_KNOTS ( 'NONE', 3,
 ( #748, #5421, #1238, #3130, #5915, #785, #2490 ),
 .UNSPECIFIED., .F., .F.,
 ( 4, 3, 4 ),
 ( 1.551583845779545699E-17, 0.001000000000322506149, 0.003152886896305955380 ),
 .UNSPECIFIED. ) ;
#1100 = CARTESIAN_POINT ( 'NONE',  ( -36.87238147517368958, 59.47977362211295826, 97.05922058742575587 ) ) ;
#1101 = CARTESIAN_POINT ( 'NONE',  ( -40.57336553839369486, -5.201185033933578339, 17.38808974904444682 ) ) ;
#1102 = CARTESIAN_POINT ( 'NONE',  ( 46.92264075667129930, 22.48542479001759631, 75.23445742383246682 ) ) ;
#1103 = CARTESIAN_POINT ( 'NONE',  ( -41.24398309075925795, -33.85412210976778624, 251.0978219708369181 ) ) ;
#1104 = CARTESIAN_POINT ( 'NONE',  ( 0.000000000000000000, 101.1357000780110127, 201.7340073341511584 ) ) ;
#1105 = CARTESIAN_POINT ( 'NONE',  ( -31.31210757276888046, 89.66205485073353998, 192.3843648630540599 ) ) ;
#1106 = CARTESIAN_POINT ( 'NONE',  ( -46.10956581396679610, 41.40879665342417582, 102.5657289609105050 ) ) ;
#1107 = CARTESIAN_POINT ( 'NONE',  ( 6.351958059962884207, 63.47445742348209308, 65.06874615643789639 ) ) ;
#1108 = CARTESIAN_POINT ( 'NONE',  ( 40.08853579534846290, 54.66772052327141296, 96.96575169472973244 ) ) ;
#1109 = CARTESIAN_POINT ( 'NONE',  ( 16.91427915246674729, 105.8544636939744379, 402.8484212796498696 ) ) ;
#1110 = CARTESIAN_POINT ( 'NONE',  ( 13.90460801802253776, 69.98139408141723550, 86.45649322632550593 ) ) ;
#1111 = CARTESIAN_POINT ( 'NONE',  ( -5.802642049929227497, 74.62702636259139410, 97.42459163421013102 ) ) ;
#1112 = CARTESIAN_POINT ( 'NONE',  ( 41.85273602476296873, 46.96503514838278903, 85.94933463380552041 ) ) ;
#1113 = CARTESIAN_POINT ( 'NONE',  ( 52.44237169841118629, 37.45579318041402672, 125.3114638394002895 ) ) ;
#1114 = CARTESIAN_POINT ( 'NONE',  ( 40.50221767446985410, -10.70507791529158226, 309.1863018646396313 ) ) ;
#1115 = CARTESIAN_POINT ( 'NONE',  ( 43.70278669052026288, 53.91369651857075240, 120.0000000000000142 ) ) ;
#1116 = CARTESIAN_POINT ( 'NONE',  ( 20.66483609210706618, 60.51374872047126985, 56.16157963548163679 ) ) ;
#1117 = CARTESIAN_POINT ( 'NONE',  ( 28.07020404206933506, 46.13271314289264780, 34.04953921801384809 ) ) ;
#1118 = VERTEX_POINT ( 'NONE', #6821 ) ;
#1119 = CARTESIAN_POINT ( 'NONE',  ( 2.056829440501538819, 74.83848796002538961, 97.42616401024670836 ) ) ;
#1120 = CARTESIAN_POINT ( 'NONE',  ( -30.38853017970593839, 67.72451788948053775, 103.0022312174481414 ) ) ;
#1121 = CARTESIAN_POINT ( 'NONE',  ( -52.44365113487421581, 2.496250032803407848, 221.5240570457676768 ) ) ;
#1122 = CARTESIAN_POINT ( 'NONE',  ( 31.43589622652491400, 55.77219015193492169, 70.78074490786775641 ) ) ;
#1123 = CARTESIAN_POINT ( 'NONE',  ( 554.2981223361939556, 34.22548254520827982, 62.73587823517973305 ) ) ;
#1124 = CARTESIAN_POINT ( 'NONE',  ( -46.25854380057079851, -8.253272922936428557, 34.40077200447448291 ) ) ;
#1125 = CARTESIAN_POINT ( 'NONE',  ( 0.000000000000000000, 75.79854234633847909, 99.40502491441388599 ) ) ;
#1126 = CARTESIAN_POINT ( 'NONE',  ( 37.24897462516725710, -5.836742891971876901, 10.00000000000000000 ) ) ;
#1127 = CARTESIAN_POINT ( 'NONE',  ( -9.930022098126988439, -54.48334566419777047, 106.4493512920322473 ) ) ;
#1128 = CARTESIAN_POINT ( 'NONE',  ( -32.72248385483591449, 60.44495341379923303, 86.22424664827853746 ) ) ;
#1129 = CARTESIAN_POINT ( 'NONE',  ( -4.969399662952201702, 12.56197045733627071, 409.0779284778313922 ) ) ;
#1130 = CARTESIAN_POINT ( 'NONE',  ( -4.882116685049032512, 62.13249092520091210, 55.75675664180323565 ) ) ;
#1131 =( BOUNDED_SURFACE ( )  B_SPLINE_SURFACE ( 3, 2, ( 
 ( #5717, #2815, #2929 ),
 ( #5942, #5258, #4183 ),
 ( #628, #4073, #6396 ),
 ( #1836, #6510, #4604 ) ),
 .UNSPECIFIED., .F., .F., .F. ) 
 B_SPLINE_SURFACE_WITH_KNOTS ( ( 4, 4 ),
 ( 3, 3 ),
 ( 0.002586128773740326622, 0.005757857484491154566 ),
 ( 0.000000000000000000, 1.000000000000000000 ),
 .UNSPECIFIED. ) 
 GEOMETRIC_REPRESENTATION_ITEM ( )  RATIONAL_B_SPLINE_SURFACE ( (
 ( 1.000000000000000000, 0.8080626144496002583, 1.000000000000000000),
 ( 1.000000000000000000, 0.8077517351794163414, 1.000000000000000000),
 ( 1.000000000000000000, 0.8074446865978976984, 1.000000000000000000),
 ( 1.000000000000000000, 0.8071412646369784394, 1.000000000000000000) ) ) 
 REPRESENTATION_ITEM ( '' )  SURFACE ( )  );
#1132 = CARTESIAN_POINT ( 'NONE',  ( 12.26382615175871216, -53.84365027192447428, 95.91193151763495450 ) ) ;
#1134 = CARTESIAN_POINT ( 'NONE',  ( -36.67214156698695149, 86.27350929578477690, 267.1394861918234369 ) ) ;
#1133 = CARTESIAN_POINT ( 'NONE',  ( 54.77857594407559105, 7.273112108655828578, 174.9352365799757365 ) ) ;
#1135 = CARTESIAN_POINT ( 'NONE',  ( 29.91808983259769406, 94.24340476133374978, 221.6090405027125030 ) ) ;
#1136 = CARTESIAN_POINT ( 'NONE',  ( -34.32172406123331854, 52.73585413718941339, 70.71018431468083065 ) ) ;
#1137 = CARTESIAN_POINT ( 'NONE',  ( -10.76439807395047765, -5.513293627326315338, 405.9646870397042449 ) ) ;
#1138 = CARTESIAN_POINT ( 'NONE',  ( 0.000000000000000000, 57.69594724149796861, 52.54223714099317277 ) ) ;
#1139 = CARTESIAN_POINT ( 'NONE',  ( -47.76901115036158529, -37.30337731564588211, 174.9695317976333797 ) ) ;
#1140 = CARTESIAN_POINT ( 'NONE',  ( -8.108821138904701797, 112.8856529317305757, 352.9526403242312540 ) ) ;
#1141 = CARTESIAN_POINT ( 'NONE',  ( -30.03862308970131423, 96.31016027820800218, 267.3170911456854810 ) ) ;
#1142 = CARTESIAN_POINT ( 'NONE',  ( -44.26341227469847439, 38.01605734957571769, 80.48681861258020831 ) ) ;
#1143 = CARTESIAN_POINT ( 'NONE',  ( 39.31427327184567844, 62.39013252381719354, 120.7347437227119258 ) ) ;
#1144 = CARTESIAN_POINT ( 'NONE',  ( 16.02017309516052279, 104.6407334901527975, 251.8207650491244749 ) ) ;
#1145 = CARTESIAN_POINT ( 'NONE',  ( 13.66901890289083710, 68.24560458954179865, 81.08236505624533663 ) ) ;
#1146 = CARTESIAN_POINT ( 'NONE',  ( -3.548447889682798007, 62.11536222572242849, 61.22654373369458369 ) ) ;
#1147 = CARTESIAN_POINT ( 'NONE',  ( 41.92402585973784568, 52.93637743897718195, 102.6978173567801065 ) ) ;
#1148 = CARTESIAN_POINT ( 'NONE',  ( -11.57857024820258474, 111.4095115097666451, 371.4456280545525146 ) ) ;
#1149 = CARTESIAN_POINT ( 'NONE',  ( -45.01227789800988432, 36.50079159707446053, 62.16685778271491358 ) ) ;
#1150 = CARTESIAN_POINT ( 'NONE',  ( 43.82603686636004170, -24.73800725363787123, 266.2957455515905281 ) ) ;
#1151 = CARTESIAN_POINT ( 'NONE',  ( 18.93837081912249687, 56.64198186552161474, 53.22664195398444065 ) ) ;
#1152 = CARTESIAN_POINT ( 'NONE',  ( 18.93914544750559514, 55.66029242580977865, 53.23888800544386157 ) ) ;
#1153 = ADVANCED_FACE ( 'NONE', ( #1621 ), #3217, .T. ) ;
#1154 = CARTESIAN_POINT ( 'NONE',  ( 30.43947514313713043, 91.08137488661785142, 297.6261186258632279 ) ) ;
#1155 = ORIENTED_EDGE ( 'NONE', *, *, #720, .T. ) ;
#1156 = CARTESIAN_POINT ( 'NONE',  ( 1.980522659608708880, 69.56930806926911259, 81.09348171574148978 ) ) ;
#1157 = CARTESIAN_POINT ( 'NONE',  ( -27.46988779074585452, 68.15655177469659520, 97.27898133916835377 ) ) ;
#1158 = CARTESIAN_POINT ( 'NONE',  ( 34.88323108101011627, 66.74378913537724145, 114.6600109283830449 ) ) ;
#1159 = CARTESIAN_POINT ( 'NONE',  ( 19.05296518816130913, 58.22071724709111606, 53.52525228489913189 ) ) ;
#1160 = CARTESIAN_POINT ( 'NONE',  ( -46.26010236882148519, -15.89112958372264650, 266.1468039297853352 ) ) ;
#1161 = CARTESIAN_POINT ( 'NONE',  ( 32.19565720600628822, 86.95653885710478903, 297.5691759595453618 ) ) ;
#1162 =( NAMED_UNIT ( * ) PLANE_ANGLE_UNIT ( ) SI_UNIT ( $, .RADIAN. ) );
#1163 = CARTESIAN_POINT ( 'NONE',  ( 55.28373483263883514, -5.271923369213519450, 174.9349028357782174 ) ) ;
#1164 = CARTESIAN_POINT ( 'NONE',  ( -1.198531762207990514, -52.46988325912649742, 211.1919372283173004 ) ) ;
#1165 = CARTESIAN_POINT ( 'NONE',  ( -34.57628273772849781, 68.53760318456555467, 120.8532235130782055 ) ) ;
#1166 = CARTESIAN_POINT ( 'NONE',  ( -39.74912311636883544, 8.424256641871085804, 309.1890303868458432 ) ) ;
#1167 = CARTESIAN_POINT ( 'NONE',  ( 27.77003974843988843, 56.72229022289140232, 65.89485159889970589 ) ) ;
#1168 = CARTESIAN_POINT ( 'NONE',  ( 18.93752795637889363, 57.77694130588858457, 53.21314208525021883 ) ) ;
#1169 = CARTESIAN_POINT ( 'NONE',  ( 5.253996178233595771, -43.09248100213665111, 17.33912023636378663 ) ) ;
#1171 = CARTESIAN_POINT ( 'NONE',  ( -27.55855469729336349, 85.57839053810371865, 321.2412688300743753 ) ) ;
#1170 = CARTESIAN_POINT ( 'NONE',  ( 52.96733211029614807, 7.858284988440133567, 211.2173927472271657 ) ) ;
#1172 = CARTESIAN_POINT ( 'NONE',  ( 26.81416357868813805, 97.14247477435185374, 297.7252802620051284 ) ) ;
#1173 = CARTESIAN_POINT ( 'NONE',  ( -34.98963997218644550, 51.92350300986370115, 70.69282248190918949 ) ) ;
#1174 = CARTESIAN_POINT ( 'NONE',  ( -28.97961770177319707, -5.104956508470305465, 359.8063327038062198 ) ) ;
#1175 = CARTESIAN_POINT ( 'NONE',  ( -33.75535178739531972, 44.95294208336817832, 55.72907039990903399 ) ) ;
#1176 = CARTESIAN_POINT ( 'NONE',  ( -36.08868246014993986, -48.46413098522427987, 149.0900400561460231 ) ) ;
#1177 = CARTESIAN_POINT ( 'NONE',  ( -3.409132713362472700, 38.92228236740488256, 9.999999999999991118 ) ) ;
#1178 = CARTESIAN_POINT ( 'NONE',  ( 28.16270177033828048, -40.05185572161654761, 283.0108228544385156 ) ) ;
#1179 = CARTESIAN_POINT ( 'NONE',  ( -26.78196359422627282, 98.89693495956190361, 283.5239600868661114 ) ) ;
#1180 = CARTESIAN_POINT ( 'NONE',  ( 12.64719763299188671, 62.58414344963212983, 65.30671844357446787 ) ) ;
#1181 = CARTESIAN_POINT ( 'NONE',  ( 32.69799637832641537, 54.54917210614290468, 70.75183727588006377 ) ) ;
#1182 = CARTESIAN_POINT ( 'NONE',  ( 13.41626447492274465, 72.71622590736956226, 82.48372866140874748 ) ) ;
#1183 = CARTESIAN_POINT ( 'NONE',  ( 14.14019713315423843, 71.71718357329267235, 91.83062139640568944 ) ) ;
#1184 = CARTESIAN_POINT ( 'NONE',  ( 19.39999999930054031, 60.29842758659972901, 64.37052438112003472 ) ) ;
#1185 = CARTESIAN_POINT ( 'NONE',  ( 43.89707025452499778, 51.83633819511095453, 114.4173572331201427 ) ) ;
#1186 = CARTESIAN_POINT ( 'NONE',  ( -15.74407498641786063, 107.6601837212099753, 353.2991265592645505 ) ) ;
#1187 = CARTESIAN_POINT ( 'NONE',  ( -38.45433987566348577, 48.01975197690914854, 59.28613964823461657 ) ) ;
#1188 = CARTESIAN_POINT ( 'NONE',  ( 48.58801024706963290, -26.64335581591281610, 61.09900584859391870 ) ) ;
#1189 = CARTESIAN_POINT ( 'NONE',  ( 46.39792678811138416, 45.74243602493672967, 120.0000000000000568 ) ) ;
#1190 = ORIENTED_EDGE ( 'NONE', *, *, #5986, .F. ) ;
#1191 = CARTESIAN_POINT ( 'NONE',  ( 17.41343270671365673, 56.16489344104117976, 53.11268237513999679 ) ) ;
#1192 = ORIENTED_EDGE ( 'NONE', *, *, #4397, .F. ) ;
#1193 = CARTESIAN_POINT ( 'NONE',  ( -19.69855557812067914, 60.90128194333347267, 65.96932918642832533 ) ) ;
#1194 = CARTESIAN_POINT ( 'NONE',  ( 31.73898292055002557, 57.54595159585874597, 75.72509473722007556 ) ) ;
#1195 = DIRECTION ( 'NONE',  ( 1.000000000000000000, 0.000000000000000000, 0.000000000000000000 ) ) ;
#1196 = CARTESIAN_POINT ( 'NONE',  ( -55.96432163972422558, -12.14451914440662605, 125.3254503680148133 ) ) ;
#1197 = CARTESIAN_POINT ( 'NONE',  ( 27.81510459493499710, 33.69460569634906477, 17.24261140536765780 ) ) ;
#1198 = CARTESIAN_POINT ( 'NONE',  ( 28.74397584923797311, 52.31635063540789332, 54.38776287135996768 ) ) ;
#1199 = CARTESIAN_POINT ( 'NONE',  ( 23.35794236809167401, -6.519943132523385643, 380.0936201873398090 ) ) ;
#1200 = CARTESIAN_POINT ( 'NONE',  ( -1.268451529683962242, -55.24968361771420433, 149.1163002181015713 ) ) ;
#1201 = CARTESIAN_POINT ( 'NONE',  ( -29.79625020559608828, 55.17370769207096970, 65.86252861767803779 ) ) ;
#1202 = CARTESIAN_POINT ( 'NONE',  ( -51.11422127162909135, 8.287280167330475678, 236.0143575018415731 ) ) ;
#1203 = CARTESIAN_POINT ( 'NONE',  ( 31.67839401554242684, 69.88148339171864620, 114.7383654945119673 ) ) ;
#1204 = CARTESIAN_POINT ( 'NONE',  ( -19.05148578599622766, 59.45581771386712688, 56.42615221280286164 ) ) ;
#1205 = CARTESIAN_POINT ( 'NONE',  ( 3.898419312928217195, -26.71225214695256511, 409.0779284778320175 ) ) ;
#1207 = CARTESIAN_POINT ( 'NONE',  ( -44.67664931060330247, 70.70028146166870897, 192.3738773747296591 ) ) ;
#1206 = CARTESIAN_POINT ( 'NONE',  ( 53.08207952645622640, 3.994840972008240954, 211.2173510419876834 ) ) ;
#1208 = CARTESIAN_POINT ( 'NONE',  ( 31.52744243911445565, 65.15498642165036358, 82.48096350796008380 ) ) ;
#1209 = CARTESIAN_POINT ( 'NONE',  ( -36.14922618366632889, 54.71156786922485793, 80.76484252911720318 ) ) ;
#1210 = CARTESIAN_POINT ( 'NONE',  ( -11.10028871453714316, 42.97374276991504871, 394.9564990126257840 ) ) ;
#1211 = CARTESIAN_POINT ( 'NONE',  ( -17.97753840911579815, 55.24022093113644871, 53.15637722673626087 ) ) ;
#1212 = CARTESIAN_POINT ( 'NONE',  ( -35.25650449685575438, -48.27731340483628486, 106.4592106982952657 ) ) ;
#1213 = CARTESIAN_POINT ( 'NONE',  ( -10.53706282782355252, 101.7116274352887331, 211.2204253013513267 ) ) ;
#1214 = CARTESIAN_POINT ( 'NONE',  ( 33.72833465485998516, -45.91809224404134682, 211.2022321768951656 ) ) ;
#1215 = CARTESIAN_POINT ( 'NONE',  ( -36.33794657232013492, 82.21963849492452425, 174.9435686131372165 ) ) ;
#1216 = CARTESIAN_POINT ( 'NONE',  ( 33.27999074304879912, 56.04262238046255362, 75.68812589965193638 ) ) ;
#1217 = CARTESIAN_POINT ( 'NONE',  ( 12.93255168702731872, 53.01099583676300853, 33.95198839746039710 ) ) ;
#1218 = CARTESIAN_POINT ( 'NONE',  ( 17.97399664550593457, 59.53661627576480697, 61.22029849535280732 ) ) ;
#1219 = CARTESIAN_POINT ( 'NONE',  ( -10.54546483674678115, 62.91893265308819139, 65.21800794244364852 ) ) ;
#1220 = CARTESIAN_POINT ( 'NONE',  ( 45.78090793279262272, 44.65846632399422589, 108.3719105836729426 ) ) ;
#1221 = CARTESIAN_POINT ( 'NONE',  ( -11.51201010840716243, 110.3774302003401715, 320.7983769936552108 ) ) ;
#1222 = CARTESIAN_POINT ( 'NONE',  ( -19.10210754970741220, 104.3053285406548270, 267.5124287594156840 ) ) ;
#1223 = CARTESIAN_POINT ( 'NONE',  ( -13.76295880158893858, 79.86539528515098141, 120.0000000000000142 ) ) ;
#1224 = CARTESIAN_POINT ( 'NONE',  ( 53.93841309625607749, -22.78503734964061778, 106.4728591319141628 ) ) ;
#1225 = CARTESIAN_POINT ( 'NONE',  ( 49.28389634597096602, 27.10604614702787885, 71.85503552398968452 ) ) ;
#1226 = ORIENTED_EDGE ( 'NONE', *, *, #5934, .T. ) ;
#1227 = CARTESIAN_POINT ( 'NONE',  ( -18.93896831378142664, 55.87945928731836887, 53.23610351617718095 ) ) ;
#1228 = EDGE_LOOP ( 'NONE', ( #3882, #3958, #6051, #2407, #2996 ) ) ;
#1229 = CARTESIAN_POINT ( 'NONE',  ( -22.58841355989409294, 74.12328362295168915, 108.9175582282428820 ) ) ;
#1230 = CARTESIAN_POINT ( 'NONE',  ( -40.22538913958040752, -14.69824522707552639, 17.38633750343542417 ) ) ;
#1231 = CARTESIAN_POINT ( 'NONE',  ( 42.65542015519199026, 65.27481856950309691, 125.2937365483975043 ) ) ;
#1232 = CARTESIAN_POINT ( 'NONE',  ( -18.93811975778133672, 56.97529099647105966, 53.22263220477626788 ) ) ;
#1233 = CARTESIAN_POINT ( 'NONE',  ( 49.33446537551563438, -5.728520701639228996, 250.8423997194465471 ) ) ;
#1234 = CARTESIAN_POINT ( 'NONE',  ( -2.749483115915630993, -51.74880516849022172, 221.5350837507238850 ) ) ;
#1235 = CARTESIAN_POINT ( 'NONE',  ( -28.13471257136043135, 52.24167404618332000, 56.59973977681421786 ) ) ;
#1236 = CARTESIAN_POINT ( 'NONE',  ( -41.80519143384526615, 18.44726975639993682, 296.7517759243126534 ) ) ;
#1237 = CARTESIAN_POINT ( 'NONE',  ( 27.70887261557751557, 58.74778575523881585, 70.84814966481800980 ) ) ;
#1238 = CARTESIAN_POINT ( 'NONE',  ( 19.05179529258660409, 59.19470181358573768, 55.81274954268691602 ) ) ;
#1239 = CARTESIAN_POINT ( 'NONE',  ( 7.445171975095936645, -53.38845627750440315, 192.4450082018350372 ) ) ;
#1241 = CARTESIAN_POINT ( 'NONE',  ( -41.64901836950076586, 61.95225575744247948, 106.4466701685408623 ) ) ;
#1240 = CARTESIAN_POINT ( 'NONE',  ( 4.880880583966709985, 1.472894287428911708, 409.0779284778315628 ) ) ;
#1242 = CARTESIAN_POINT ( 'NONE',  ( 29.74478387860260398, 66.38652392182243034, 82.48134220015884921 ) ) ;
#1243 = CARTESIAN_POINT ( 'NONE',  ( -31.71180125613400591, 48.97579464655883186, 56.53524097475368393 ) ) ;
#1244 = CARTESIAN_POINT ( 'NONE',  ( -47.24916662496393371, 58.24961157336290540, 236.2181653803020254 ) ) ;
#1245 = CARTESIAN_POINT ( 'NONE',  ( -9.454593450506493468, 59.28106273795687287, 52.64599349339241741 ) ) ;
#1246 = CARTESIAN_POINT ( 'NONE',  ( -34.78785974887372845, -46.90567950223356064, 192.4068496516668745 ) ) ;
#1247 = CARTESIAN_POINT ( 'NONE',  ( 16.00663297944399588, -28.66083063176040824, 375.2542703734056317 ) ) ;
#1249 = CARTESIAN_POINT ( 'NONE',  ( -22.53352597700328985, 91.61916941003116222, 335.9100601082063804 ) ) ;
#1248 = CARTESIAN_POINT ( 'NONE',  ( 4.994904605211376136, 22.87568480367074741, 409.0779284778316196 ) ) ;
#1250 = CARTESIAN_POINT ( 'NONE',  ( 32.40245293094073986, 50.54146212430087814, 61.06299423442787599 ) ) ;
#1251 = CARTESIAN_POINT ( 'NONE',  ( 15.05292075244565275, 108.2812548561988706, 409.0779284778320743 ) ) ;
#1252 = CARTESIAN_POINT ( 'NONE',  ( 21.95972125490014548, 71.01613840144821665, 97.35954003723988137 ) ) ;
#1253 = ORIENTED_EDGE ( 'NONE', *, *, #6653, .F. ) ;
#1254 = DIRECTION ( 'NONE',  ( 0.9509336118417983652, 0.3001519884608932487, -0.07506030703696806028 ) ) ;
#1255 = CARTESIAN_POINT ( 'NONE',  ( 40.15312222724265467, 34.86206702896121357, 56.30210015547303470 ) ) ;
#1256 = CARTESIAN_POINT ( 'NONE',  ( -15.81185131131532629, 107.4957017761192049, 309.2993027770937715 ) ) ;
#1257 = CARTESIAN_POINT ( 'NONE',  ( -17.24497560433223953, 105.2293931483611544, 267.5377225618441344 ) ) ;
#1258 = CARTESIAN_POINT ( 'NONE',  ( -18.93914544849985404, 55.66029242548084000, 53.23888800552609268 ) ) ;
#1259 = CARTESIAN_POINT ( 'NONE',  ( 51.25640472687538818, -33.32995947821867588, 125.3261231342875988 ) ) ;
#1260 = CARTESIAN_POINT ( 'NONE',  ( -29.94954392206604510, 77.15217048196130634, 119.9999999999999432 ) ) ;
#1261 = ORIENTED_EDGE ( 'NONE', *, *, #1600, .F. ) ;
#1262 = CARTESIAN_POINT ( 'NONE',  ( -18.93811975778133672, 56.97529099647105966, 53.22263220477626788 ) ) ;
#1263 = CARTESIAN_POINT ( 'NONE',  ( 22.50262248101916285, 55.75749444458985238, 56.65631170723366239 ) ) ;
#1264 = ORIENTED_EDGE ( 'NONE', *, *, #2059, .F. ) ;
#1265 = CARTESIAN_POINT ( 'NONE',  ( -20.16818975694130600, 69.94238922802709624, 91.79599004997545819 ) ) ;
#1266 = CARTESIAN_POINT ( 'NONE',  ( -52.94783809755705306, -22.28476125151153653, 192.3565563901416624 ) ) ;
#1267 = CARTESIAN_POINT ( 'NONE',  ( 37.23408163182508446, 79.52219626103762096, 283.1636421020846228 ) ) ;
#1268 = SURFACE_SIDE_STYLE ('',( #6367 ) ) ;
#1269 = CARTESIAN_POINT ( 'NONE',  ( 42.82872051788243795, -5.776769520821631865, 296.6510037834297577 ) ) ;
#1270 = CARTESIAN_POINT ( 'NONE',  ( -1.254894994252674589, -54.42525749996848816, 175.0446416147003106 ) ) ;
#1271 = ADVANCED_FACE ( 'NONE', ( #7321 ), #7427, .T. ) ;
#1272 = ADVANCED_BREP_SHAPE_REPRESENTATION ( 'HATCH FRONT 1', ( #4014, #5234 ), #2270 ) ;
#1273 = CARTESIAN_POINT ( 'NONE',  ( -32.37919098139710172, 66.03166837806996625, 102.9574638953144330 ) ) ;
#1274 = CARTESIAN_POINT ( 'NONE',  ( -4.917767949233901703, 4.784205258476426970, 409.0779284778315628 ) ) ;
#1275 = CARTESIAN_POINT ( 'NONE',  ( 31.56746165144121008, 65.09560084358827226, 97.19487355191691336 ) ) ;
#1276 = CARTESIAN_POINT ( 'NONE',  ( 45.17901044825934065, 27.33316138679685636, 69.73331033702987725 ) ) ;
#1277 = PRESENTATION_LAYER_ASSIGNMENT (  '', '', ( #4185 ) ) ;
#1278 = CARTESIAN_POINT ( 'NONE',  ( 1.896662633255307373, -33.75486520490240849, 373.0480561164325195 ) ) ;
#1280 = CARTESIAN_POINT ( 'NONE',  ( -33.82937984308858859, 71.88595083024148380, 309.2497927673927052 ) ) ;
#1279 = CARTESIAN_POINT ( 'NONE',  ( 45.41749524183881448, 2.834143744768256923, 282.1851880037540923 ) ) ;
#1281 = CARTESIAN_POINT ( 'NONE',  ( -46.54137256880191842, 45.28918887922761627, 120.5320121422067103 ) ) ;
#1282 = CARTESIAN_POINT ( 'NONE',  ( 36.98445890151187143, 83.68998281861220789, 192.3808651540942094 ) ) ;
#1283 = CARTESIAN_POINT ( 'NONE',  ( -33.86921966601298095, 53.26486692953402269, 70.72212948223550200 ) ) ;
#1284 = CARTESIAN_POINT ( 'NONE',  ( -38.37428581564700636, 60.47234543810309049, 297.2071996349247343 ) ) ;
#1285 = CARTESIAN_POINT ( 'NONE',  ( -1.565100035958487422E-24, 63.64996744220074731, 65.01987264133461508 ) ) ;
#1286 = CARTESIAN_POINT ( 'NONE',  ( -13.31147768299727119, -25.19936701306930615, 393.4793302912000286 ) ) ;
#1287 = EDGE_CURVE ( 'NONE', #1082, #3005, #103, .T. ) ;
#1288 = CARTESIAN_POINT ( 'NONE',  ( 29.11591826869958410, -48.03321862105997297, 211.1999278923750012 ) ) ;
#1290 = CARTESIAN_POINT ( 'NONE',  ( -32.68411370033201280, 64.25050017953809345, 82.48070104110963996 ) ) ;
#1289 = CARTESIAN_POINT ( 'NONE',  ( 49.82065476827458639, 36.97633346462946946, 236.1111139746039385 ) ) ;
#1291 = CARTESIAN_POINT ( 'NONE',  ( 34.25341949875110004, 60.78703821660672446, 91.55188800919486880 ) ) ;
#1292 = CARTESIAN_POINT ( 'NONE',  ( 18.88371068411270315, 101.8672128300566300, 372.0408263861291971 ) ) ;
#1293 = CARTESIAN_POINT ( 'NONE',  ( 21.61835433697036279, 69.41090133089093683, 91.78368233156395206 ) ) ;
#1294 = CARTESIAN_POINT ( 'NONE',  ( 42.89592672921845207, 32.31228758824921954, 59.39047711664824902 ) ) ;
#1295 = CARTESIAN_POINT ( 'NONE',  ( 46.54922710270464847, 43.74347738575523437, 114.3405857917310868 ) ) ;
#1296 = CARTESIAN_POINT ( 'NONE',  ( -13.24699397673110290, 105.6254139500467915, 251.8387935991663369 ) ) ;
#1297 = CARTESIAN_POINT ( 'NONE',  ( -18.72963673883764457, 104.8244500739065757, 320.8999352614530949 ) ) ;
#1298 = FACE_OUTER_BOUND ( 'NONE', #4718, .T. ) ;
#1299 = CARTESIAN_POINT ( 'NONE',  ( 48.99249482762951402, -26.56238141412534048, 221.5246904950450073 ) ) ;
#1300 = CARTESIAN_POINT ( 'NONE',  ( -50.43295216030445971, 27.10604614702787885, 79.84160437973338276 ) ) ;
#1301 = ORIENTED_EDGE ( 'NONE', *, *, #3186, .T. ) ;
#1302 = CARTESIAN_POINT ( 'NONE',  ( -19.40000000029201388, 56.92638664105347601, 56.69157950104311539 ) ) ;
#1303 = CARTESIAN_POINT ( 'NONE',  ( 27.14856394665471129, 73.30084317949959427, 114.8322551067701909 ) ) ;
#1304 = AXIS2_PLACEMENT_3D ( 'NONE', #5363, #6464, #4639 ) ;
#1305 = CARTESIAN_POINT ( 'NONE',  ( -25.43833582039384567, 72.66314431298543752, 108.8762162312473123 ) ) ;
#1306 = CARTESIAN_POINT ( 'NONE',  ( -41.15884187181374898, -19.05223280300137745, 296.7585709918368480 ) ) ;
#1307 = CARTESIAN_POINT ( 'NONE',  ( 26.67976758179353070, 34.80898646091281279, 17.23558942435739993 ) ) ;
#1308 = CARTESIAN_POINT ( 'NONE',  ( 19.90698107672014316, 82.06606026347442651, 120.0000000000000426 ) ) ;
#1309 = CARTESIAN_POINT ( 'NONE',  ( 45.15791532030914368, -5.753152317812995520, 282.1648644729027069 ) ) ;
#1310 = CARTESIAN_POINT ( 'NONE',  ( -1.875480822910749801, -40.42613779987303246, 9.999999999999998224 ) ) ;
#1311 = CARTESIAN_POINT ( 'NONE',  ( -33.43976393933831304, 69.72326992632598319, 120.8821063226765204 ) ) ;
#1312 = CARTESIAN_POINT ( 'NONE',  ( -54.62482180828595801, 11.13239928715955251, 174.9354310606254899 ) ) ;
#1313 = CARTESIAN_POINT ( 'NONE',  ( 29.62171945977516074, 64.91394747811891364, 91.66029775410162017 ) ) ;
#1314 = CARTESIAN_POINT ( 'NONE',  ( 19.39999999929541374, 59.44925775517225475, 64.35725695122543755 ) ) ;
#1315 = CARTESIAN_POINT ( 'NONE',  ( -53.79417827598516055, -5.736872006809078606, 201.7386368738305862 ) ) ;
#1316 = CARTESIAN_POINT ( 'NONE',  ( 7.351056648157799245, -52.86114351108469833, 201.7519393147382800 ) ) ;
#1318 = CARTESIAN_POINT ( 'NONE',  ( -40.90722684781835738, 59.88190119215728657, 95.91602962752698147 ) ) ;
#1317 = CARTESIAN_POINT ( 'NONE',  ( 53.68664550436785277, 2.298154064835253418, 201.7385804371572817 ) ) ;
#1319 = CARTESIAN_POINT ( 'NONE',  ( -45.06442582101654892, 40.59187820902603505, 91.20694405035889929 ) ) ;
#1320 = CARTESIAN_POINT ( 'NONE',  ( 33.72191568916900906, 92.27162107436684835, 251.6243654412140245 ) ) ;
#1321 = CARTESIAN_POINT ( 'NONE',  ( -35.25365983578099360, 57.75230856721380945, 86.15750771372498207 ) ) ;
#1322 = CARTESIAN_POINT ( 'NONE',  ( -36.49203619345381355, 53.23133605884224551, 309.2274345095315766 ) ) ;
#1323 = CARTESIAN_POINT ( 'NONE',  ( 554.2981223361939556, 105.6329236794297373, 44.87795496527282069 ) ) ;
#1324 = CARTESIAN_POINT ( 'NONE',  ( -31.69427151984416469, -37.67075881567572537, 282.8772093989214795 ) ) ;
#1325 = CARTESIAN_POINT ( 'NONE',  ( 25.04499221433097844, -44.13947109209942710, 34.34409454713278365 ) ) ;
#1327 = CARTESIAN_POINT ( 'NONE',  ( -34.49379548251269512, 75.04247835864086369, 125.2865635882103277 ) ) ;
#1326 = CARTESIAN_POINT ( 'NONE',  ( 41.03070432933713363, 31.69812211976937633, 296.8672178467381286 ) ) ;
#1328 = CARTESIAN_POINT ( 'NONE',  ( 33.86921966600448286, 53.26486692951315405, 70.72212948216487405 ) ) ;
#1329 = CARTESIAN_POINT ( 'NONE',  ( 19.53414936047056827, 78.55065835295845034, 106.4338566239078006 ) ) ;
#1330 = CARTESIAN_POINT ( 'NONE',  ( 41.30923959638710841, 36.65633747121646735, 58.30409580556887050 ) ) ;
#1331 = CARTESIAN_POINT ( 'NONE',  ( -18.90000000029201388, 55.66659322451634750, 53.73731346014906762 ) ) ;
#1332 = VECTOR ( 'NONE', #5761, 1000.000000000000000 ) ;
#1333 = EDGE_CURVE ( 'NONE', #6885, #6963, #6268, .T. ) ;
#1334 = CARTESIAN_POINT ( 'NONE',  ( 45.53443306688942016, 45.46949892315669928, 108.3792898930930733 ) ) ;
#1335 = LINE ( 'NONE', #270, #2901 ) ;
#1336 = CARTESIAN_POINT ( 'NONE',  ( -20.67086393471050343, 96.15052449382882571, 192.3885722426588245 ) ) ;
#1337 = CARTESIAN_POINT ( 'NONE',  ( 19.39999999930041952, 58.98778066341472481, 56.54320121500335006 ) ) ;
#1338 = CARTESIAN_POINT ( 'NONE',  ( 25.93599062394584820, -31.18213085003002050, 337.2441877144313480 ) ) ;
#1339 = CARTESIAN_POINT ( 'NONE',  ( -44.41716216878673151, 60.67341424506539482, 120.0000000000000142 ) ) ;
#1340 = VERTEX_POINT ( 'NONE', #1698 ) ;
#1341 = CARTESIAN_POINT ( 'NONE',  ( -19.04377479249990301, 60.92686493709621942, 65.61472455236683743 ) ) ;
#1342 = CARTESIAN_POINT ( 'NONE',  ( 29.78535842465434769, 71.42285027339309522, 114.7795422231411493 ) ) ;
#1343 = CARTESIAN_POINT ( 'NONE',  ( -19.82280751430226573, 76.87442350896979804, 114.9301790788109656 ) ) ;
#1344 = CARTESIAN_POINT ( 'NONE',  ( -23.82472647837007429, -18.78645823521578606, 378.4645645396237228 ) ) ;
#1345 = CARTESIAN_POINT ( 'NONE',  ( 44.37674555058315207, 71.88154214309506074, 201.7358633554244705 ) ) ;
#1346 = CARTESIAN_POINT ( 'NONE',  ( 0.000000000000000000, 57.98445078868659408, 53.23456412832486251 ) ) ;
#1347 = CARTESIAN_POINT ( 'NONE',  ( 47.34790448748402980, -6.627606575959478441, 266.0946107118872987 ) ) ;
#1348 = CARTESIAN_POINT ( 'NONE',  ( 0.000000000000000000, -36.81024945201490794, 354.2041573336304623 ) ) ;
#1349 = CARTESIAN_POINT ( 'NONE',  ( -31.00080055119064326, 61.98198094800434887, 86.26375797654200994 ) ) ;
#1350 = CARTESIAN_POINT ( 'NONE',  ( -51.18002285847064314, 6.181292003424125880, 236.0104610861525032 ) ) ;
#1351 = CARTESIAN_POINT ( 'NONE',  ( 32.67768258505785184, 65.75816830730886409, 102.9503501886596268 ) ) ;
#1352 = CARTESIAN_POINT ( 'NONE',  ( 45.48512879435141087, 27.10604614702786819, 71.31505606627808902 ) ) ;
#1353 = CARTESIAN_POINT ( 'NONE',  ( -38.01842374727112173, -5.256462810864277024, 322.2734596753230676 ) ) ;
#1354 = CARTESIAN_POINT ( 'NONE',  ( 0.3912785396924737258, -51.77078327003781055, 221.5351251701182491 ) ) ;
#1356 = CARTESIAN_POINT ( 'NONE',  ( -28.68328417318406309, 25.51713363761335529, 10.00000000000000178 ) ) ;
#1355 = CARTESIAN_POINT ( 'NONE',  ( 26.90210648195402854, 3.226057227960813290, 359.6912556370865559 ) ) ;
#1357 = CARTESIAN_POINT ( 'NONE',  ( -44.76109238521425482, 47.87100983613893845, 108.4024605793868119 ) ) ;
#1358 = CARTESIAN_POINT ( 'NONE',  ( 31.49248036509828097, 57.10904052710888124, 60.96043707223196861 ) ) ;
#1359 = CARTESIAN_POINT ( 'NONE',  ( -33.64065210003230533, 53.52690057020354431, 70.72809754233145441 ) ) ;
#1360 = CARTESIAN_POINT ( 'NONE',  ( -34.23927805434021110, 24.35868407753685361, 17.29580206463547398 ) ) ;
#1361 = CARTESIAN_POINT ( 'NONE',  ( 19.34660925890011285, 60.59043371149587642, 65.04458337742670437 ) ) ;
#1362 = CARTESIAN_POINT ( 'NONE',  ( -22.27334005151897145, -46.64898668449016839, 251.4657667690855476 ) ) ;
#1363 = CARTESIAN_POINT ( 'NONE',  ( 12.46034949846831275, -43.48362242445576697, 297.7297543013017389 ) ) ;
#1365 = CARTESIAN_POINT ( 'NONE',  ( -33.40652155030986137, 71.07424397024119855, 106.4401915952778523 ) ) ;
#1364 = CARTESIAN_POINT ( 'NONE',  ( 37.87168520576146591, 14.67672638910219085, 17.34083559378404971 ) ) ;
#1366 = CARTESIAN_POINT ( 'NONE',  ( 31.93168273968220205, 48.73517355249806826, 56.53026987444537355 ) ) ;
#1367 = CARTESIAN_POINT ( 'NONE',  ( 18.70266981715646537, 63.66747741060702026, 60.93120414751311387 ) ) ;
#1368 = EDGE_CURVE ( 'NONE', #5445, #7151, #3176, .T. ) ;
#1369 = CARTESIAN_POINT ( 'NONE',  ( 0.000000000000000000, 60.79295007846437215, 52.54223714097110332 ) ) ;
#1370 = CARTESIAN_POINT ( 'NONE',  ( -43.78791891312195617, 29.80448228036397751, 65.18092426458247246 ) ) ;
#1371 = CARTESIAN_POINT ( 'NONE',  ( 43.02415756143390269, 36.05703832870418779, 70.43291811236291267 ) ) ;
#1372 = CARTESIAN_POINT ( 'NONE',  ( 0.000000000000000000, 114.6144342979059587, 371.1444589219916566 ) ) ;
#1373 = CARTESIAN_POINT ( 'NONE',  ( -22.27693521369799612, 97.91570670208825788, 211.2202151646027346 ) ) ;
#1374 = CARTESIAN_POINT ( 'NONE',  ( -46.43593888562227079, 25.65002506343162736, 75.25229803922519523 ) ) ;
#1375 = CARTESIAN_POINT ( 'NONE',  ( 46.75424226978233122, -36.72535689933914682, 192.3790713967543127 ) ) ;
#1376 = CARTESIAN_POINT ( 'NONE',  ( -20.02433781802810131, 82.02655884217193716, 120.0000000000000568 ) ) ;
#1377 = ORIENTED_EDGE ( 'NONE', *, *, #4856, .T. ) ;
#1378 = CARTESIAN_POINT ( 'NONE',  ( -19.21625263965843899, 60.78666667184145922, 65.41648098114821153 ) ) ;
#1379 = CARTESIAN_POINT ( 'NONE',  ( 28.10655423915970985, 62.34525533933492625, 80.95342292278712648 ) ) ;
#1380 = CARTESIAN_POINT ( 'NONE',  ( -10.54426219918603458, 68.80080980812277858, 81.08807419204786981 ) ) ;
#1381 = CARTESIAN_POINT ( 'NONE',  ( 43.00758650767800617, 65.02182500872734749, 266.8004057706122580 ) ) ;
#1382 = CARTESIAN_POINT ( 'NONE',  ( 3.700615539443735003, 84.85777298126143364, 120.0000000015007799 ) ) ;
#1383 = CARTESIAN_POINT ( 'NONE',  ( 40.58067204740910938, -6.444519036269055867, 17.38835079535924777 ) ) ;
#1384 = CARTESIAN_POINT ( 'NONE',  ( -0.3501515911744078613, -47.77431481950398506, 267.3981681540126374 ) ) ;
#1385 = CARTESIAN_POINT ( 'NONE',  ( -28.27223586085230167, 52.13329421455343748, 56.59784756386444116 ) ) ;
#1386 = CARTESIAN_POINT ( 'NONE',  ( -4.880880583966709985, 1.472894287428911708, 409.0779284778315628 ) ) ;
#1387 = CARTESIAN_POINT ( 'NONE',  ( 30.03664550334513095, 59.00469364684384033, 75.76003889600963248 ) ) ;
#1388 = CARTESIAN_POINT ( 'NONE',  ( 19.39999999930045149, 60.04941656489786084, 64.02189013293020992 ) ) ;
#1389 = CARTESIAN_POINT ( 'NONE',  ( -40.58130672043027687, -5.802917149096558980, 309.1853665976517505 ) ) ;
#1390 = CARTESIAN_POINT ( 'NONE',  ( 0.9737557189577743522, -44.41619298931090043, 297.8498342641724435 ) ) ;
#1391 = CARTESIAN_POINT ( 'NONE',  ( 53.74420247166402476, -0.04925432039388796118, 201.7386062644539777 ) ) ;
#1392 = CARTESIAN_POINT ( 'NONE',  ( -6.653954257080989088, -29.34135037536032087, 391.9581800636833577 ) ) ;
#1393 = CARTESIAN_POINT ( 'NONE',  ( -43.43929361969224345, 47.60196439500368371, 96.85758487112367732 ) ) ;
#1394 = CARTESIAN_POINT ( 'NONE',  ( 13.72033568570337181, 82.33925683184499178, 391.6185326915131100 ) ) ;
#1395 = CARTESIAN_POINT ( 'NONE',  ( -34.57948448844528144, 54.58864835264348159, 75.65360016245921315 ) ) ;
#1396 = CARTESIAN_POINT ( 'NONE',  ( -52.54944766199449901, 34.33090772960261461, 192.3568199002841368 ) ) ;
#1397 = CARTESIAN_POINT ( 'NONE',  ( 554.2981223361939556, 27.10604614702787885, 71.85503552398968452 ) ) ;
#1398 = CARTESIAN_POINT ( 'NONE',  ( -22.45741342551448128, -38.79919264584551541, 309.2689683197198178 ) ) ;
#1399 = CARTESIAN_POINT ( 'NONE',  ( 23.10703246442026781, -47.91432353511974185, 236.2780124488955948 ) ) ;
#1401 = CARTESIAN_POINT ( 'NONE',  ( -14.81213203188166538, 81.73421774117304039, 373.6659852995044844 ) ) ;
#1400 = CARTESIAN_POINT ( 'NONE',  ( 39.21964169347970142, 8.684385459207861757, 17.36266684596982302 ) ) ;
#1402 = CARTESIAN_POINT ( 'NONE',  ( 35.12172130778090917, 55.98913692909960815, 80.79380160695305335 ) ) ;
#1403 = CARTESIAN_POINT ( 'NONE',  ( 20.00222822556246882, 102.8982397504110224, 251.7886321841774020 ) ) ;
#1404 = CARTESIAN_POINT ( 'NONE',  ( -40.22547570639038383, 41.32237471529474249, 57.41153416848182900 ) ) ;
#1405 = CARTESIAN_POINT ( 'NONE',  ( 42.71816456699829700, 30.54988444252180102, 60.75827627710837930 ) ) ;
#1406 = CARTESIAN_POINT ( 'NONE',  ( 18.75356353885432981, 59.84501986237651749, 64.59607535123114985 ) ) ;
#1407 = CARTESIAN_POINT ( 'NONE',  ( -19.19900083835627314, 51.11509375380364162, 33.98428949460155479 ) ) ;
#1408 = CARTESIAN_POINT ( 'NONE',  ( -48.87700302837467348, 24.78436569070847995, 96.67410885631552731 ) ) ;
#1409 = CARTESIAN_POINT ( 'NONE',  ( 41.08573679467722428, -39.36872589409450285, 221.5277992088660710 ) ) ;
#1410 = CARTESIAN_POINT ( 'NONE',  ( -18.74083088899094918, 55.50239419965035381, 54.56050390543877882 ) ) ;
#1411 = ORIENTED_EDGE ( 'NONE', *, *, #1561, .F. ) ;
#1412 = CARTESIAN_POINT ( 'NONE',  ( 0.000000000000000000, 114.9777999077163315, 402.6283615271067333 ) ) ;
#1413 = CARTESIAN_POINT ( 'NONE',  ( 30.11654451205959404, 69.59819604336600207, 108.7894055029070586 ) ) ;
#1414 = CARTESIAN_POINT ( 'NONE',  ( -15.93038869345736508, 73.00494089532688236, 97.40299910064631206 ) ) ;
#1415 = CARTESIAN_POINT ( 'NONE',  ( 45.71721001854504607, 68.01444266062443944, 221.5771465916578222 ) ) ;
#1416 = CARTESIAN_POINT ( 'NONE',  ( -19.40000000029201388, 57.78001072648031311, 876.6628439616355308 ) ) ;
#1417 = CARTESIAN_POINT ( 'NONE',  ( 51.21554295901498932, -6.319019771706812172, 61.09961917165641410 ) ) ;
#1418 = CARTESIAN_POINT ( 'NONE',  ( 0.000000000000000000, 63.62951145369177652, 55.38237440233847764 ) ) ;
#1419 = CARTESIAN_POINT ( 'NONE',  ( -30.85065483450392421, 62.10670493885782406, 86.26699688070472405 ) ) ;
#1420 = CARTESIAN_POINT ( 'NONE',  ( -51.05548360758395887, 1.611758280311446745, 61.09649104659100516 ) ) ;
#1421 = CARTESIAN_POINT ( 'NONE',  ( 32.07828832680006315, 66.30273025731990799, 102.9645045943187114 ) ) ;
#1422 = CARTESIAN_POINT ( 'NONE',  ( -36.33666661793711228, 53.97655881439141012, 70.22846581251884857 ) ) ;
#1423 = CARTESIAN_POINT ( 'NONE',  ( -55.21426324191770618, -5.369002633712923078, 106.4752762601930272 ) ) ;
#1424 = CARTESIAN_POINT ( 'NONE',  ( 2.284314026142951981, -47.90907299919210516, 34.31825718627436572 ) ) ;
#1425 = CARTESIAN_POINT ( 'NONE',  ( 40.51215406054129176, -3.025382813277839755, 17.38682873401755913 ) ) ;
#1426 = CARTESIAN_POINT ( 'NONE',  ( -8.254893848620238117, -40.08985269111219196, 10.00000000000000000 ) ) ;
#1427 = CARTESIAN_POINT ( 'NONE',  ( -39.13006094370476973, 37.39256874139596931, 56.33539040428591704 ) ) ;
#1428 = CARTESIAN_POINT ( 'NONE',  ( 36.33794657232013492, 82.21963849492452425, 174.9435686131372165 ) ) ;
#1429 = CARTESIAN_POINT ( 'NONE',  ( -35.89582027613857917, 64.04640526996101357, 108.6509950900947103 ) ) ;
#1430 = CARTESIAN_POINT ( 'NONE',  ( -34.69018520095133340, 37.35038264156623455, 321.9527618989623079 ) ) ;
#1431 = CARTESIAN_POINT ( 'NONE',  ( 19.39600509090739422, 60.41042487451183263, 64.64311513401364095 ) ) ;
#1432 = CARTESIAN_POINT ( 'NONE',  ( -20.74731562368533133, -45.52299165000608383, 34.33706039764805951 ) ) ;
#1433 = CARTESIAN_POINT ( 'NONE',  ( 16.95215991049720117, -38.68854900267898955, 9.999999999999976907 ) ) ;
#1435 = CARTESIAN_POINT ( 'NONE',  ( -10.42884335373778981, 77.83166070051220231, 392.0567325905846587 ) ) ;
#1434 = CARTESIAN_POINT ( 'NONE',  ( 48.98507188219060282, 24.69120148064141773, 250.9595270541216223 ) ) ;
#1436 = CARTESIAN_POINT ( 'NONE',  ( 34.57948448843809786, 54.58864835262560433, 75.65360016239438323 ) ) ;
#1437 = CARTESIAN_POINT ( 'NONE',  ( 16.86111406771200549, 64.20439202885953023, 60.92819953871347138 ) ) ;
#1438 = CARTESIAN_POINT ( 'NONE',  ( 0.000000000000000000, 59.69594724148635834, 52.54223714096647058 ) ) ;
#1439 = CARTESIAN_POINT ( 'NONE',  ( 46.99507999103750677, 43.57403044061966568, 120.5193552480531451 ) ) ;
#1440 = CARTESIAN_POINT ( 'NONE',  ( 51.75778826852972969, 27.10604614702785753, 91.85513980476309825 ) ) ;
#1441 = CARTESIAN_POINT ( 'NONE',  ( -23.41826700613355783, 101.9100176553720019, 283.5985613071160287 ) ) ;
#1442 = CARTESIAN_POINT ( 'NONE',  ( -44.93555507835593232, 20.47985499533237075, 60.68584710231054657 ) ) ;
#1443 = CARTESIAN_POINT ( 'NONE',  ( 44.03386269118508523, -35.87400027546803472, 61.09835989339656948 ) ) ;
#1444 = CARTESIAN_POINT ( 'NONE',  ( 18.93914544750558804, 55.66029242580978575, 53.23888800544384736 ) ) ;
#1445 = ORIENTED_EDGE ( 'NONE', *, *, #1368, .F. ) ;
#1446 = CARTESIAN_POINT ( 'NONE',  ( 1.314184126046650691, 44.21636641687423008, 17.16247404122409037 ) ) ;
#1447 = CARTESIAN_POINT ( 'NONE',  ( 11.49420949507945089, 78.96712665108842089, 114.9684471525553278 ) ) ;
#1448 = CARTESIAN_POINT ( 'NONE',  ( -12.33221801511073679, 59.09656556961240881, 56.67511987034205134 ) ) ;
#1449 = CARTESIAN_POINT ( 'NONE',  ( 10.57362586278651939, 59.66586423606855760, 393.5327506256454058 ) ) ;
#1450 = CARTESIAN_POINT ( 'NONE',  ( 32.81256076296476465, 74.99322679351081433, 120.0000000000000142 ) ) ;
#1451 = CARTESIAN_POINT ( 'NONE',  ( 37.25453325313229413, -6.661685226313403874, 9.999999999999998224 ) ) ;
#1452 = CARTESIAN_POINT ( 'NONE',  ( -18.93752795737163552, 57.77694130557525654, 53.21314208532858459 ) ) ;
#1453 = CARTESIAN_POINT ( 'NONE',  ( -0.2659805302817203621, -40.43996528639332411, 9.999999999999998224 ) ) ;
#1454 = B_SPLINE_CURVE_WITH_KNOTS ( 'NONE', 3,
 ( #4243, #6492, #260, #6567, #1856, #2004, #2570, #1361, #5924, #1431, #6001, #5354 ),
 .UNSPECIFIED., .F., .F.,
 ( 4, 2, 2, 2, 2, 4 ),
 ( 2.575238921743452622E-15, 0.0002212375751184213614, 0.0004424751502342674715, 0.0008849503004659497714, 0.001327425450697632126, 0.001769900600929314588 ),
 .UNSPECIFIED. ) ;
#1455 = ORIENTED_EDGE ( 'NONE', *, *, #818, .F. ) ;
#1456 = CARTESIAN_POINT ( 'NONE',  ( -28.84052760209988975, 59.91877439799542771, 75.78214585803124237 ) ) ;
#1457 = CARTESIAN_POINT ( 'NONE',  ( -47.81238189221625845, 4.512608345308288804, 266.1209883264183418 ) ) ;
#1458 = CARTESIAN_POINT ( 'NONE',  ( 28.64770600464637340, 56.08170267603436088, 65.88138392756178519 ) ) ;
#1459 = CARTESIAN_POINT ( 'NONE',  ( -15.85791353190588104, 58.66711186362932295, 52.99052004518041059 ) ) ;
#1460 = CARTESIAN_POINT ( 'NONE',  ( -42.78845502235699172, -6.643769814031863064, 296.6507919032117684 ) ) ;
#1461 = CARTESIAN_POINT ( 'NONE',  ( 0.2992597794967298830, -39.54025308811204553, 335.5788767518578197 ) ) ;
#1462 = ADVANCED_FACE ( 'NONE', ( #5731 ), #6079, .T. ) ;
#1463 = CARTESIAN_POINT ( 'NONE',  ( 45.40450990695145350, -2.075405332464517638, 282.1692121806762543 ) ) ;
#1464 = CARTESIAN_POINT ( 'NONE',  ( -19.34030684620329055, -52.07729705973446244, 82.48706848365618782 ) ) ;
#1465 = CARTESIAN_POINT ( 'NONE',  ( -45.57965240304984889, 47.06102440098161566, 114.3685255361549622 ) ) ;
#1466 = CARTESIAN_POINT ( 'NONE',  ( 39.04585500349920579, 70.23130505925075795, 125.2901501658454890 ) ) ;
#1467 = ORIENTED_EDGE ( 'NONE', *, *, #2615, .T. ) ;
#1468 = CARTESIAN_POINT ( 'NONE',  ( -34.66982177664675646, 62.11317534301857535, 97.11828289213872267 ) ) ;
#1469 = CARTESIAN_POINT ( 'NONE',  ( -50.51065888049588892, 40.60625388687078896, 106.4599890823276809 ) ) ;
#1470 = CARTESIAN_POINT ( 'NONE',  ( -45.84334653097243972, 34.22548254520827982, 62.73587823517973305 ) ) ;
#1471 = CARTESIAN_POINT ( 'NONE',  ( -23.10703246442026781, -47.91432353511974185, 236.2780124488955948 ) ) ;
#1472 = CARTESIAN_POINT ( 'NONE',  ( 19.81912389102735261, -52.80446069933125841, 95.91256017588285943 ) ) ;
#1474 = CARTESIAN_POINT ( 'NONE',  ( -14.67942190797045932, 79.27549649708511481, 373.8893052669305916 ) ) ;
#1473 = CARTESIAN_POINT ( 'NONE',  ( 51.74126530205531793, 23.61871715008629025, 221.5344904689891052 ) ) ;
#1475 = ADVANCED_FACE ( 'NONE', ( #4086 ), #4542, .T. ) ;
#1476 = CARTESIAN_POINT ( 'NONE',  ( 35.60656849348993802, 57.32636809756547791, 86.14761454419991082 ) ) ;
#1477 = CARTESIAN_POINT ( 'NONE',  ( 20.06040618262090192, 103.1483155631122486, 320.9293604311895365 ) ) ;
#1478 = CARTESIAN_POINT ( 'NONE',  ( -39.06915078714812495, 61.33277663623756837, 114.5540472010188751 ) ) ;
#1479 = CARTESIAN_POINT ( 'NONE',  ( -24.47942708741916107, -16.41860524380745190, 379.0030654965391932 ) ) ;
#1480 = CARTESIAN_POINT ( 'NONE',  ( 47.12222217269410152, 39.66657292508115518, 108.3320660539324933 ) ) ;
#1481 = CARTESIAN_POINT ( 'NONE',  ( -29.35020311284529981, 52.06499694767251896, 58.27448493622658532 ) ) ;
#1482 = CARTESIAN_POINT ( 'NONE',  ( -19.73301904179301403, 102.3596360936916057, 335.4269663478683015 ) ) ;
#1483 = CARTESIAN_POINT ( 'NONE',  ( -43.44156083067577612, 31.51137350375928037, 65.47279938096332330 ) ) ;
#1484 = CARTESIAN_POINT ( 'NONE',  ( 11.84108653143643863, -18.92433324033565967, 409.0779284778324154 ) ) ;
#1485 = CARTESIAN_POINT ( 'NONE',  ( 0.000000000000000000, 81.23719565832706735, 106.4309323311144624 ) ) ;
#1486 = CARTESIAN_POINT ( 'NONE',  ( 1.298331277339349388, 114.6144342979059587, 371.1444589219916566 ) ) ;
#1487 = CARTESIAN_POINT ( 'NONE',  ( 7.411973944778313061, 71.00262088937311944, 86.46750610644731694 ) ) ;
#1488 = CARTESIAN_POINT ( 'NONE',  ( -16.15921238646740221, 74.63795069835197182, 103.1847281512481658 ) ) ;
#1489 = CARTESIAN_POINT ( 'NONE',  ( 44.60511646198096969, 62.04095664234887408, 125.2959993858284946 ) ) ;
#1490 = CARTESIAN_POINT ( 'NONE',  ( -37.57800954191852583, 39.72312464641964169, 57.03696880691480686 ) ) ;
#1491 = CARTESIAN_POINT ( 'NONE',  ( 23.43233451584169202, -6.709742368002325819, 380.0938751272109926 ) ) ;
#1492 = CARTESIAN_POINT ( 'NONE',  ( -18.74595051484778452, 59.46908643104374192, 63.87318011863325751 ) ) ;
#1493 = CARTESIAN_POINT ( 'NONE',  ( -0.3990577282667757131, -52.47315856824186397, 211.1919248396908415 ) ) ;
#1494 = ORIENTED_EDGE ( 'NONE', *, *, #7095, .F. ) ;
#1495 = CARTESIAN_POINT ( 'NONE',  ( -29.64043358370460979, 61.23755431740601551, 80.92494903754453617 ) ) ;
#1496 = CARTESIAN_POINT ( 'NONE',  ( -54.08817850606153854, 5.564220918259667137, 192.3485954874197716 ) ) ;
#1497 = CARTESIAN_POINT ( 'NONE',  ( 32.37919098139528273, 66.03166837806358558, 102.9574638952863950 ) ) ;
#1498 = CARTESIAN_POINT ( 'NONE',  ( -6.417658062688485821, 60.67479286880773515, 52.91152021556086282 ) ) ;
#1499 = CARTESIAN_POINT ( 'NONE',  ( -37.25401141824335838, -6.474956792220855739, 10.00000000000001066 ) ) ;
#1500 = CARTESIAN_POINT ( 'NONE',  ( 0.7751191789501495899, -27.30100470207349872, 409.0779284778314491 ) ) ;
#1501 = CARTESIAN_POINT ( 'NONE',  ( 46.24277206471678170, -3.824779866875784418, 34.39946496130803411 ) ) ;
#1502 = CARTESIAN_POINT ( 'NONE',  ( -6.969389416332742115, -25.22917316886741546, 409.0779284778317901 ) ) ;
#1503 = CARTESIAN_POINT ( 'NONE',  ( -44.13874770745695031, 52.68398040642273372, 120.5999930780041893 ) ) ;
#1504 = EDGE_CURVE ( 'NONE', #700, #4756, #5905, .T. ) ;
#1505 = EDGE_LOOP ( 'NONE', ( #6144, #2291, #3008, #4944, #4489 ) ) ;
#1506 = CARTESIAN_POINT ( 'NONE',  ( -33.81027681917621663, 57.48225531435659974, 80.82984855218066400 ) ) ;
#1507 = CARTESIAN_POINT ( 'NONE',  ( -50.82237872855476013, 43.61824847281352646, 211.2182008268868572 ) ) ;
#1508 = CARTESIAN_POINT ( 'NONE',  ( -45.57068175236877750, 27.10604614702787885, 71.85503552398968452 ) ) ;
#1509 = CARTESIAN_POINT ( 'NONE',  ( 17.41531453245016792, 60.38832697295457308, 64.92227926617759692 ) ) ;
#1510 = CARTESIAN_POINT ( 'NONE',  ( -9.425226401539550380, -23.08678139245468941, 409.0779284778305964 ) ) ;
#1511 = CARTESIAN_POINT ( 'NONE',  ( 16.39502008705262881, -44.54234491376151794, 283.3699090161411505 ) ) ;
#1513 = CARTESIAN_POINT ( 'NONE',  ( -6.122450740094030230, 73.83640334771257585, 409.0779284778320743 ) ) ;
#1512 = CARTESIAN_POINT ( 'NONE',  ( 36.01445082583860113, 17.85858079347532623, 322.1604614584076103 ) ) ;
#1514 = CARTESIAN_POINT ( 'NONE',  ( 35.03419653023647129, 54.04210715266289355, 75.64097402580362939 ) ) ;
#1515 = CARTESIAN_POINT ( 'NONE',  ( 24.95555945333274650, 99.06241515001809717, 236.4709776834441755 ) ) ;
#1516 = CARTESIAN_POINT ( 'NONE',  ( -38.01622978751768045, 57.92373903865530593, 97.02739444116610912 ) ) ;
#1517 = CARTESIAN_POINT ( 'NONE',  ( -39.31215376114300142, -18.44048239436708769, 309.1963220410127064 ) ) ;
#1518 = CARTESIAN_POINT ( 'NONE',  ( 44.74553069714067988, 33.33937661180413414, 75.31570401175308405 ) ) ;
#1519 = CARTESIAN_POINT ( 'NONE',  ( -1.947430561696071649, 91.88541255089855042, 149.0192602527410770 ) ) ;
#1520 = CARTESIAN_POINT ( 'NONE',  ( -19.39631430559116154, 90.46828174837776260, 403.0957483373699688 ) ) ;
#1521 = CARTESIAN_POINT ( 'NONE',  ( -46.69344542045985236, 41.34230423762470963, 108.3447951653081986 ) ) ;
#1522 = CARTESIAN_POINT ( 'NONE',  ( 33.23044505140508420, -39.22986829579414092, 266.7463894329503091 ) ) ;
#1523 = CARTESIAN_POINT ( 'NONE',  ( 0.000000000000000000, 58.44598121014752934, 52.54223714098316123 ) ) ;
#1524 = CARTESIAN_POINT ( 'NONE',  ( 4.126440626136170131, 113.2637705917363178, 334.9668236710422775 ) ) ;
#1525 = CARTESIAN_POINT ( 'NONE',  ( 10.35658877311854198, 67.00760268173021927, 75.91769683235916943 ) ) ;
#1526 = CARTESIAN_POINT ( 'NONE',  ( -13.66411509880801312, 58.78250505153889804, 56.67486336851507644 ) ) ;
#1527 = CARTESIAN_POINT ( 'NONE',  ( 5.000000000000000000, 40.25609219126560134, 409.0779284778315059 ) ) ;
#1528 = CARTESIAN_POINT ( 'NONE',  ( 19.39999999930045149, 59.09156037877400536, 56.51724747454687758 ) ) ;
#1529 = CARTESIAN_POINT ( 'NONE',  ( 18.25862263015162767, -10.57948356840636706, 397.3934010520585502 ) ) ;
#1530 = CARTESIAN_POINT ( 'NONE',  ( 9.466330862652141665E-27, 58.44598121014752934, 52.54223714098316123 ) ) ;
#1531 = CARTESIAN_POINT ( 'NONE',  ( 18.93752795637889008, 57.77694130589520682, 53.21314208525014777 ) ) ;
#1532 = CARTESIAN_POINT ( 'NONE',  ( 39.52413448857952716, 35.79024075415757977, 58.02052370865986575 ) ) ;
#1533 = CARTESIAN_POINT ( 'NONE',  ( -31.67839401554286383, 69.88148339172084889, 114.7383654945224691 ) ) ;
#1534 = CARTESIAN_POINT ( 'NONE',  ( -40.19755007024765803, 2.637998037828876097, 309.1868535828529616 ) ) ;
#1535 = CARTESIAN_POINT ( 'NONE',  ( 30.47942291657742331, 58.64331697845191371, 75.75147595661447042 ) ) ;
#1536 = CARTESIAN_POINT ( 'NONE',  ( -1.603452433713612457, 60.79295007891251856, 52.54223714085492247 ) ) ;
#1537 = CARTESIAN_POINT ( 'NONE',  ( -49.11064495348283288, -8.371359114841421700, 250.8422388099025966 ) ) ;
#1538 = CARTESIAN_POINT ( 'NONE',  ( 0.2659805302817203621, -40.43996528639332411, 9.999999999999998224 ) ) ;
#1539 = CARTESIAN_POINT ( 'NONE',  ( 51.18701134373822015, -2.181289994632192641, 235.9996318448313275 ) ) ;
#1540 = CARTESIAN_POINT ( 'NONE',  ( -15.60930663450063527, -53.46318521846625060, 95.91218229387590100 ) ) ;
#1541 = CARTESIAN_POINT ( 'NONE',  ( -41.54199038178438030, 51.92417856844455315, 96.91982331234848402 ) ) ;
#1542 = CARTESIAN_POINT ( 'NONE',  ( -36.69212482603624892, 64.61049458358360198, 114.6146744869058551 ) ) ;
#1543 = CARTESIAN_POINT ( 'NONE',  ( -51.59836496145894813, 35.67867893975901694, 106.4626813480985561 ) ) ;
#1544 = CARTESIAN_POINT ( 'NONE',  ( -19.40000000029203520, 57.51556742625675156, 53.71479602884652849 ) ) ;
#1545 = CARTESIAN_POINT ( 'NONE',  ( 17.36256716000018940, 59.91286436555559902, 63.76214952851263007 ) ) ;
#1546 = CARTESIAN_POINT ( 'NONE',  ( 12.30643220119286596, -52.45340058486254975, 201.7513803630878613 ) ) ;
#1548 = CARTESIAN_POINT ( 'NONE',  ( -35.91599933761853691, 65.76410829577663719, 95.91565523919271641 ) ) ;
#1547 = CARTESIAN_POINT ( 'NONE',  ( 54.72072573946477547, 20.80978013619919764, 149.0479339851179645 ) ) ;
#1549 = CARTESIAN_POINT ( 'NONE',  ( 37.13620356223391639, 57.31773702593814335, 91.47191454723156312 ) ) ;
#1550 = CARTESIAN_POINT ( 'NONE',  ( 20.08125557506235026, 98.19327604206822002, 353.8155806339892138 ) ) ;
#1551 = CARTESIAN_POINT ( 'NONE',  ( -36.03259525094549076, 48.31586084491890887, 65.71603279902474526 ) ) ;
#1552 = CARTESIAN_POINT ( 'NONE',  ( -32.54830665140104173, -28.74785142230646429, 9.999999999999998224 ) ) ;
#1553 = CARTESIAN_POINT ( 'NONE',  ( 49.36025553292462575, 29.80163527329987971, 114.2612927889706924 ) ) ;
#1554 = CARTESIAN_POINT ( 'NONE',  ( -3.957108396339393597, 114.4045939806013905, 371.1720236380202778 ) ) ;
#1555 = CARTESIAN_POINT ( 'NONE',  ( -13.85353296337925677, 36.77096029483554673, 9.999999999999996447 ) ) ;
#1556 = CARTESIAN_POINT ( 'NONE',  ( -46.19889392435801057, 33.42450663725107773, 85.78949001967252741 ) ) ;
#1557 = CARTESIAN_POINT ( 'NONE',  ( 0.000000000000000000, 84.68733232281469725, 119.3387353082970748 ) ) ;
#1558 = CARTESIAN_POINT ( 'NONE',  ( 41.19614234901137451, 54.34057742922195189, 102.7199668089137532 ) ) ;
#1559 = CARTESIAN_POINT ( 'NONE',  ( 6.841799772672400692, 43.80795613496468377, 17.16613675703128550 ) ) ;
#1560 = CARTESIAN_POINT ( 'NONE',  ( 5.552648474610385243, 69.36907627620051642, 81.09251982955447602 ) ) ;
#1561 = EDGE_CURVE ( 'NONE', #511, #2969, #1099, .T. ) ;
#1562 = CARTESIAN_POINT ( 'NONE',  ( -7.411973944779461476, 71.00262088938998772, 86.46750610649880286 ) ) ;
#1563 = CARTESIAN_POINT ( 'NONE',  ( 48.85985849388055868, 55.89683446289389934, 211.2185997944496592 ) ) ;
#1564 = CARTESIAN_POINT ( 'NONE',  ( 19.39999999930045504, 55.66659322484434824, 53.73731346006704968 ) ) ;
#1565 = CARTESIAN_POINT ( 'NONE',  ( 52.34642570645172555, -16.90674228334584939, 211.2162808792859892 ) ) ;
#1566 = CARTESIAN_POINT ( 'NONE',  ( -15.66909871778990393, 55.86453377081531357, 53.00024600784245621 ) ) ;
#1567 = CARTESIAN_POINT ( 'NONE',  ( 19.39999999930045149, 59.05552401813625352, 61.68804587987660426 ) ) ;
#1568 = ORIENTED_EDGE ( 'NONE', *, *, #778, .F. ) ;
#1569 = CARTESIAN_POINT ( 'NONE',  ( -27.43354334519490934, 52.77256430359598482, 56.60919218197521730 ) ) ;
#1570 = CARTESIAN_POINT ( 'NONE',  ( -54.19564027605725443, 2.213149447906789469, 192.3481310000080100 ) ) ;
#1571 = CARTESIAN_POINT ( 'NONE',  ( 33.04449823001591824, 63.76238107943895983, 97.15985569642427322 ) ) ;
#1572 = CARTESIAN_POINT ( 'NONE',  ( -8.019959408109013310, 60.39180041115434250, 52.64255861807494341 ) ) ;
#1573 = AXIS2_PLACEMENT_3D ( 'NONE', #5602, #6247, #967 ) ;
#1574 = CARTESIAN_POINT ( 'NONE',  ( -42.72730732956232202, -8.168101842121428646, 296.6507919032117684 ) ) ;
#1575 = CARTESIAN_POINT ( 'NONE',  ( 0.3883685771087636573, -53.64666704428780974, 82.49046243477845053 ) ) ;
#1576 = CARTESIAN_POINT ( 'NONE',  ( 54.59648486690694114, -5.105454710055357559, 95.91850792942825876 ) ) ;
#1577 = CARTESIAN_POINT ( 'NONE',  ( -2.972658668383121761, -30.38279797645749269, 391.6268183913150551 ) ) ;
#1578 = CARTESIAN_POINT ( 'NONE',  ( -32.69799637833479977, 54.54917210616422807, 70.75183727595070593 ) ) ;
#1579 = CARTESIAN_POINT ( 'NONE',  ( -38.61008745920732110, 11.69598173585932166, 17.35235604267437282 ) ) ;
#1580 = CARTESIAN_POINT ( 'NONE',  ( -48.43396827176354691, 27.98984572453167630, 67.73661539163703083 ) ) ;
#1581 = CARTESIAN_POINT ( 'NONE',  ( 15.88097748687512301, 60.79922673932252764, 64.81938767002604607 ) ) ;
#1582 = CARTESIAN_POINT ( 'NONE',  ( 7.600543596426097004, -42.63511865777557830, 309.3023390856781134 ) ) ;
#1584 = CARTESIAN_POINT ( 'NONE',  ( -38.30184225791245467, 84.97696430072946328, 251.5396930656709173 ) ) ;
#1583 = CARTESIAN_POINT ( 'NONE',  ( 26.14904460368032701, 11.06861141499597956, 359.4787122088030173 ) ) ;
#1585 = CARTESIAN_POINT ( 'NONE',  ( 33.28408223221467921, 49.53950794725597717, 61.04181031565842375 ) ) ;
#1586 = CARTESIAN_POINT ( 'NONE',  ( 23.98422086890823834, 100.6049492024704932, 297.7889848568651132 ) ) ;
#1587 = CARTESIAN_POINT ( 'NONE',  ( -39.64139083872360914, 53.52562297574826999, 91.39531289956897808 ) ) ;
#1588 = CARTESIAN_POINT ( 'NONE',  ( -53.79588747919799374, -3.940359134284316500, 201.7386321133462275 ) ) ;
#1589 = CARTESIAN_POINT ( 'NONE',  ( -48.84540299131885632, -32.46164915079560842, 82.47353564057377184 ) ) ;
#1590 = CARTESIAN_POINT ( 'NONE',  ( 47.42379102601598362, 30.95019139004505249, 91.12034938544380225 ) ) ;
#1591 = CARTESIAN_POINT ( 'NONE',  ( 0.000000000000000000, 108.9964298403724428, 267.6395684617824600 ) ) ;
#1592 = CARTESIAN_POINT ( 'NONE',  ( -19.02238089006189270, 40.18290070593162255, 17.19902550245420159 ) ) ;
#1593 = CARTESIAN_POINT ( 'NONE',  ( -45.32718134583618763, 34.20592394282844850, 80.44618308066887380 ) ) ;
#1594 = ADVANCED_FACE ( 'NONE', ( #6558 ), #3783, .T. ) ;
#1595 = CARTESIAN_POINT ( 'NONE',  ( 18.88743976948916625, 58.20497931410257308, 53.18944956869999174 ) ) ;
#1596 = CARTESIAN_POINT ( 'NONE',  ( 38.05054775048429150, 49.83273435114546857, 75.55304648246881527 ) ) ;
#1597 = CARTESIAN_POINT ( 'NONE',  ( 12.06204375497441283, 111.1451024805289762, 409.0779284778312217 ) ) ;
#1598 = CARTESIAN_POINT ( 'NONE',  ( 11.06035721421125473, 74.01556030521908269, 97.41811770012989768 ) ) ;
#1599 = CARTESIAN_POINT ( 'NONE',  ( -5.460107959100978015, 67.56229690306007285, 75.92080757160707094 ) ) ;
#1600 = EDGE_CURVE ( 'NONE', #1340, #398, #5043, .T. ) ;
#1601 = CARTESIAN_POINT ( 'NONE',  ( 43.81984559131708323, 48.51640450493512446, 102.6384223633473880 ) ) ;
#1602 = CARTESIAN_POINT ( 'NONE',  ( 51.39762233582115414, 46.69834726673910552, 174.9387597499864171 ) ) ;
#1603 = CARTESIAN_POINT ( 'NONE',  ( 0.000000000000000000, 57.69594724149796861, 52.54223714099317277 ) ) ;
#1604 = CARTESIAN_POINT ( 'NONE',  ( 30.31161395342575204, -12.56933439469724512, 359.5858047390486263 ) ) ;
#1605 = CARTESIAN_POINT ( 'NONE',  ( -18.90000000029201743, 57.78272231591505914, 53.71169823300256496 ) ) ;
#1606 = CARTESIAN_POINT ( 'NONE',  ( 19.39999999930044794, 55.80249532831521009, 54.05593468750405606 ) ) ;
#1607 = CARTESIAN_POINT ( 'NONE',  ( 38.28759819107455797, 79.81448031202029370, 174.9432100267429178 ) ) ;
#1608 = CARTESIAN_POINT ( 'NONE',  ( 4.061297637740453048, 78.13309588434428576, 108.9919327686922088 ) ) ;
#1609 = CARTESIAN_POINT ( 'NONE',  ( -26.61451971809139749, 55.47295676432678135, 61.16328902588355021 ) ) ;
#1610 = CARTESIAN_POINT ( 'NONE',  ( -52.46023485645889650, 0.1087216946607219847, 221.5234830454974428 ) ) ;
#1611 = CARTESIAN_POINT ( 'NONE',  ( 34.29989419351091584, 68.83809344632203420, 120.8601958564288452 ) ) ;
#1612 = DIRECTION ( 'NONE',  ( 1.000000000000000000, -8.688932143535996703E-11, 7.234649809913372750E-11 ) ) ;
#1613 = EDGE_CURVE ( 'NONE', #5063, #4682, #3018, .T. ) ;
#1614 = CARTESIAN_POINT ( 'NONE',  ( -56.12967712767942885, -6.245635149993630897, 149.0516127121937870 ) ) ;
#1615 = CARTESIAN_POINT ( 'NONE',  ( 0.000000000000000000, -43.22824026788681806, 17.33791332656385009 ) ) ;
#1616 = CARTESIAN_POINT ( 'NONE',  ( 8.662126782780298129, -5.798196466636451163, 409.0779284778321880 ) ) ;
#1617 = CARTESIAN_POINT ( 'NONE',  ( -3.679238610717980418, -41.41978176773010034, 320.9852524028163430 ) ) ;
#1618 = CARTESIAN_POINT ( 'NONE',  ( -34.33437504578148491, 67.33324837975152377, 114.6738896021524710 ) ) ;
#1619 = CARTESIAN_POINT ( 'NONE',  ( -11.97558004735068593, 13.55171652863063336, 397.0588212794785363 ) ) ;
#1620 = CARTESIAN_POINT ( 'NONE',  ( 45.57068175236877750, 27.10604614702787885, 71.85503552398968452 ) ) ;
#1621 = FACE_OUTER_BOUND ( 'NONE', #202, .T. ) ;
#1622 = CARTESIAN_POINT ( 'NONE',  ( 8.176185754417430118, -45.75182540041285506, 283.5296188496884042 ) ) ;
#1624 = CARTESIAN_POINT ( 'NONE',  ( -40.87184795561313422, 80.44064576392099752, 236.3446074991473154 ) ) ;
#1623 = CARTESIAN_POINT ( 'NONE',  ( 54.62482180828595801, 11.13239928715955251, 174.9354310606254899 ) ) ;
#1625 = B_SPLINE_CURVE_WITH_KNOTS ( 'NONE', 3,
 ( #4032, #5716, #6394, #4644, #1759, #6922, #3422, #3497, #2927, #2851, #4681, #54, #508, #2365, #3955, #5175, #7001, #6284, #1797, #1225 ),
 .UNSPECIFIED., .F., .F.,
 ( 4, 2, 2, 2, 2, 2, 2, 2, 2, 4 ),
 ( 0.000000000000000000, 0.003219542633706883560, 0.004024428292133598595, 0.004829313950560313630, 0.006439085267413762782, 0.007243970925840504706, 0.008048856584267247496, 0.009658627901120724404, 0.01126839921797419958, 0.01287817053482767649 ),
 .UNSPECIFIED. ) ;
#1626 = CARTESIAN_POINT ( 'NONE',  ( 24.60091180449933290, 101.0081931228562837, 267.4232570747146269 ) ) ;
#1627 = CARTESIAN_POINT ( 'NONE',  ( -37.50583846648962805, 54.80433453519426479, 86.09275009141941837 ) ) ;
#1628 = CARTESIAN_POINT ( 'NONE',  ( -55.83017447310247405, -2.689799252833754206, 125.3252910338272841 ) ) ;
#1629 = CARTESIAN_POINT ( 'NONE',  ( -37.66439525904381469, -31.50435355867594467, 282.6141579083720217 ) ) ;
#1630 = CARTESIAN_POINT ( 'NONE',  ( 43.04453393438817699, 25.43169147521097884, 56.20813941603383768 ) ) ;
#1631 = CARTESIAN_POINT ( 'NONE',  ( -1.314184126046650691, 44.21636641687423008, 17.16247404122409037 ) ) ;
#1632 = CARTESIAN_POINT ( 'NONE',  ( -20.29149846066628271, 39.51805268472739385, 17.20420638519892975 ) ) ;
#1633 = CARTESIAN_POINT ( 'NONE',  ( -46.39338190636429005, 38.21652782280371241, 96.75821398939217488 ) ) ;
#1634 = CARTESIAN_POINT ( 'NONE',  ( 38.38858717727408987, 59.08015870495281519, 102.8022051918527779 ) ) ;
#1635 = CARTESIAN_POINT ( 'NONE',  ( 6.303430275480061518, 38.62335299514724340, 10.00000000000001243 ) ) ;
#1636 = CARTESIAN_POINT ( 'NONE',  ( 16.67566886265707282, 59.96278015281713891, 61.22352441142682267 ) ) ;
#1637 = CARTESIAN_POINT ( 'NONE',  ( -2.128229945964378977, 81.44057322201170734, 121.1659485889601058 ) ) ;
#1638 = MECHANICAL_DESIGN_GEOMETRIC_PRESENTATION_REPRESENTATION (  '', ( #4185 ), #914 ) ;
#1639 = CARTESIAN_POINT ( 'NONE',  ( 40.72081952340185751, 47.24099575188588318, 80.61763386158980893 ) ) ;
#1640 = CARTESIAN_POINT ( 'NONE',  ( 7.036073936159557896, 35.72045551433386379, 405.0175480124228784 ) ) ;
#1641 = CARTESIAN_POINT ( 'NONE',  ( -29.32377734933953306, 49.38107434864465972, 54.62166135448771342 ) ) ;
#1642 = CARTESIAN_POINT ( 'NONE',  ( 34.40879171024704419, -16.81073289365518875, 338.6102631134156695 ) ) ;
#1643 = CARTESIAN_POINT ( 'NONE',  ( -19.40000000029196059, 58.98778066310500634, 56.54320121508079922 ) ) ;
#1644 = CARTESIAN_POINT ( 'NONE',  ( 19.39999999930045149, 58.20404876468040811, 59.68938276026069900 ) ) ;
#1645 = CARTESIAN_POINT ( 'NONE',  ( 32.59479498174828649, 91.05921717750824484, 283.3622188215772439 ) ) ;
#1646 = VERTEX_POINT ( 'NONE', #1960 ) ;
#1647 = CARTESIAN_POINT ( 'NONE',  ( 1.920220583027136163, 65.91200022406464143, 70.95450733778579888 ) ) ;
#1648 = CARTESIAN_POINT ( 'NONE',  ( -29.39758770476235128, 66.81859986062120527, 97.24152154403365955 ) ) ;
#1649 = CARTESIAN_POINT ( 'NONE',  ( -55.62344055708990709, 1.689405328710131604, 125.3248204544771482 ) ) ;
#1650 = CARTESIAN_POINT ( 'NONE',  ( 33.40056112327471993, 65.06956943076561117, 102.9325405907866866 ) ) ;
#1651 = CARTESIAN_POINT ( 'NONE',  ( 19.05246276771823943, 58.63496716598292835, 54.49798735207892975 ) ) ;
#1652 = CARTESIAN_POINT ( 'NONE',  ( -24.30780700225570001, -9.150766308196548238, 380.0386442598349959 ) ) ;
#1653 = CARTESIAN_POINT ( 'NONE',  ( 0.000000000000000000, -41.51854769391206190, 320.9717399628283374 ) ) ;
#1654 = CARTESIAN_POINT ( 'NONE',  ( 40.54755684007150762, -3.830092455102560578, 309.1854920261957886 ) ) ;
#1655 = CARTESIAN_POINT ( 'NONE',  ( -5.698557759442536508, -42.80901173923646752, 309.3045757321900737 ) ) ;
#1656 = CARTESIAN_POINT ( 'NONE',  ( -32.99192340275092761, 60.18449054267274789, 86.21757258628586840 ) ) ;
#1657 = CARTESIAN_POINT ( 'NONE',  ( -54.72072573946477547, 20.80978013619919764, 149.0479339851179645 ) ) ;
#1658 = CARTESIAN_POINT ( 'NONE',  ( 4.851855743787639064, 60.79295007882685553, 52.54223714074671392 ) ) ;
#1659 = CARTESIAN_POINT ( 'NONE',  ( 19.39999999930045149, 60.14109059733229401, 64.15796154923518202 ) ) ;
#1660 = CARTESIAN_POINT ( 'NONE',  ( 10.25048139114994505, -54.86011393024009664, 149.1135983602832766 ) ) ;
#1662 = CARTESIAN_POINT ( 'NONE',  ( -40.17192308307760840, 63.96346440042201209, 106.4452911514403297 ) ) ;
#1661 = CARTESIAN_POINT ( 'NONE',  ( 45.25395573941621308, 8.161876146555426814, 34.36559907331182018 ) ) ;
#1663 = AXIS2_PLACEMENT_3D ( 'NONE', #3880, #3804, #6094 ) ;
#1664 = CARTESIAN_POINT ( 'NONE',  ( 18.43617632886868662, 89.91191004688755584, 372.7978803979723352 ) ) ;
#1665 = CARTESIAN_POINT ( 'NONE',  ( -33.17537996196316641, 49.66779898545480165, 61.04432389869076303 ) ) ;
#1666 = CARTESIAN_POINT ( 'NONE',  ( -15.08066135017003440, -4.769072312348520803, 397.6273485648173391 ) ) ;
#1667 = CARTESIAN_POINT ( 'NONE',  ( 45.64801077248283434, 21.17314298618298452, 65.39705119611215878 ) ) ;
#1668 = CARTESIAN_POINT ( 'NONE',  ( -42.63088955041609296, -41.14416827938739374, 82.47740216716883310 ) ) ;
#1669 = CARTESIAN_POINT ( 'NONE',  ( -1.454959031366928723, 112.1035485132183425, 309.3073450306594623 ) ) ;
#1670 = CARTESIAN_POINT ( 'NONE',  ( -24.01456423347065794, 95.77979707400206166, 321.0657245214281375 ) ) ;
#1671 = CARTESIAN_POINT ( 'NONE',  ( -46.08061317115554800, 45.41849857123470002, 114.3540353570702308 ) ) ;
#1672 = CARTESIAN_POINT ( 'NONE',  ( 15.74307177674477032, 61.91773837362917021, 65.47901646823076760 ) ) ;
#1673 = CARTESIAN_POINT ( 'NONE',  ( 34.38224214715603466, 50.50220534954641494, 65.75980570651091739 ) ) ;
#1674 = CARTESIAN_POINT ( 'NONE',  ( 4.569552120206468615, 110.1986871790139588, 283.8268821520093184 ) ) ;
#1675 = CARTESIAN_POINT ( 'NONE',  ( 18.00618411475055325, 75.83634143057743415, 108.9584569154955176 ) ) ;
#1676 = CARTESIAN_POINT ( 'NONE',  ( -6.005203511163237806, 79.62542670334173067, 114.9763413786022568 ) ) ;
#1677 = CARTESIAN_POINT ( 'NONE',  ( 44.50904813668935844, 50.28496969114220860, 114.3995589472784360 ) ) ;
#1678 = CARTESIAN_POINT ( 'NONE',  ( 43.79357508851284564, 60.24723152880473975, 266.7276539269826685 ) ) ;
#1679 = CARTESIAN_POINT ( 'NONE',  ( -26.63511516660856770, 74.91248726345065734, 120.0000000000000284 ) ) ;
#1680 = CARTESIAN_POINT ( 'NONE',  ( 54.87540321484932093, -17.30862192864878679, 174.9392948691363472 ) ) ;
#1681 = CARTESIAN_POINT ( 'NONE',  ( 18.93889301851450924, 55.97536665883998097, 53.23491159486001578 ) ) ;
#1682 = CARTESIAN_POINT ( 'NONE',  ( 19.39999999930045149, 59.90673788008265888, 63.68682034428803718 ) ) ;
#1683 = CARTESIAN_POINT ( 'NONE',  ( 39.96711300769615605, 81.27102254581778595, 211.2195015028282228 ) ) ;
#1684 = ORIENTED_EDGE ( 'NONE', *, *, #6445, .T. ) ;
#1685 = CARTESIAN_POINT ( 'NONE',  ( 0.000000000000000000, 65.91200022406464143, 70.95450733778579888 ) ) ;
#1686 = CARTESIAN_POINT ( 'NONE',  ( -26.58493039912790223, 53.37496096370792031, 56.61987033340469821 ) ) ;
#1687 = CARTESIAN_POINT ( 'NONE',  ( -33.88285192895106235, -2.527735841406076212, 338.8985694783581835 ) ) ;
#1688 = CARTESIAN_POINT ( 'NONE',  ( 29.46210919895362679, 53.34380638315389689, 61.12238691234665566 ) ) ;
#1689 = LINE ( 'NONE', #1123, #1332 ) ;
#1690 = CARTESIAN_POINT ( 'NONE',  ( -14.18143333923613980, -11.65757035206549830, 405.7348485153734146 ) ) ;
#1691 = FILL_AREA_STYLE_COLOUR ( '', #7218 ) ;
#1692 = CARTESIAN_POINT ( 'NONE',  ( 40.57336553839369486, -5.201185033933578339, 17.38808974904444682 ) ) ;
#1693 = CARTESIAN_POINT ( 'NONE',  ( -6.889900263545648329, -50.45315609857289729, 236.3531283597595802 ) ) ;
#1694 = B_SPLINE_SURFACE_WITH_KNOTS ( 'NONE', 1, 3, ( 
 ( #3469, #7503, #2974, #2411, #1731, #5299, #3431, #1198, #1769, #7045, #5801, #635, #3012, #4654 ),
 ( #2448, #5265, #4615, #6441, #4763, #5763, #557, #2861, #5187, #6933, #4043, #596, #5227, #2338 ) ),
 .UNSPECIFIED., .F., .F., .F.,
 ( 2, 2 ),
 ( 4, 2, 2, 2, 2, 2, 4 ),
 ( 0.000000000000000000, 1.000000000000000000 ),
 ( 0.000000000000000000, 0.2500000000000000000, 0.3750000000000000000, 0.5000000000000000000, 0.6250000000000000000, 0.7500000000000000000, 1.000000000000000000 ),
 .UNSPECIFIED. ) ;
#1695 = CARTESIAN_POINT ( 'NONE',  ( -33.77404448488722721, 67.91688003347759661, 114.6881172866230401 ) ) ;
#1696 = AXIS2_PLACEMENT_3D ( 'NONE', #3881, #6285, #4415 ) ;
#1697 = CARTESIAN_POINT ( 'NONE',  ( -31.76460023555167922, 17.21542949463208672, 338.6153906004792589 ) ) ;
#1698 = CARTESIAN_POINT ( 'NONE',  ( 41.97802173263998071, 34.22548254520827982, 62.73587823517973305 ) ) ;
#1699 = ADVANCED_FACE ( 'NONE', ( #7166 ), #4271, .T. ) ;
#1700 = CARTESIAN_POINT ( 'NONE',  ( 15.82790689171483045, -52.56755319284742711, 192.4373569982886920 ) ) ;
#1702 = CARTESIAN_POINT ( 'NONE',  ( -42.52576787389699575, 75.82980934713835097, 201.7356500283501362 ) ) ;
#1701 = CARTESIAN_POINT ( 'NONE',  ( 53.52273987987187809, 7.695712035218345015, 201.7384978192696678 ) ) ;
#1703 = CARTESIAN_POINT ( 'NONE',  ( 24.31842651746483952, 98.48582651464207061, 309.2848057688953531 ) ) ;
#1704 = CARTESIAN_POINT ( 'NONE',  ( -35.95509237888131082, 56.89476119854374048, 86.13775306900269868 ) ) ;
#1705 = CARTESIAN_POINT ( 'NONE',  ( -52.38441863469218873, -3.862790014799408311, 221.5229085652915444 ) ) ;
#1706 = CARTESIAN_POINT ( 'NONE',  ( -19.40000000029201388, 57.64914486999263943, 53.71324713092491265 ) ) ;
#1707 = CARTESIAN_POINT ( 'NONE',  ( -51.45849567755399789, -33.21226740709870029, 149.0665291530228274 ) ) ;
#1708 = CARTESIAN_POINT ( 'NONE',  ( -10.99285880377884261, 96.06286899773590449, 174.9459092120368666 ) ) ;
#1709 = EDGE_CURVE ( 'NONE', #7004, #5322, #3682, .T. ) ;
#1710 = CARTESIAN_POINT ( 'NONE',  ( -12.77181149458487219, 79.45300623983831656, 409.0779284778311649 ) ) ;
#1711 = CARTESIAN_POINT ( 'NONE',  ( -40.39303309406445663, 34.21179520172200483, 56.29420950886134278 ) ) ;
#1712 = CARTESIAN_POINT ( 'NONE',  ( -19.05225766368412721, 58.80649612860798925, 54.90087216182560326 ) ) ;
#1713 = CARTESIAN_POINT ( 'NONE',  ( 40.05632859705382742, 58.21664160626511375, 108.5412104108209377 ) ) ;
#1714 = CARTESIAN_POINT ( 'NONE',  ( 17.75503191869857034, 99.78188058349924461, 211.2203142535571487 ) ) ;
#1715 = CARTESIAN_POINT ( 'NONE',  ( 14.99601218249853041, 58.46844453342985304, 56.67460686660147218 ) ) ;
#1716 = CARTESIAN_POINT ( 'NONE',  ( -3.920387614969889967, 73.03683304967627521, 91.84552376461947176 ) ) ;
#1717 = CARTESIAN_POINT ( 'NONE',  ( 45.06722855865327659, 48.69321052285921780, 114.3833619679089111 ) ) ;
#1718 = CARTESIAN_POINT ( 'NONE',  ( -17.11333727564334950, 79.01609854166864011, 119.9999999999999716 ) ) ;
#1719 = CARTESIAN_POINT ( 'NONE',  ( 49.89176661724400219, -21.69498464732459553, 61.09926423067267365 ) ) ;
#1720 = CARTESIAN_POINT ( 'NONE',  ( -18.93811975778133672, 56.97529099647105966, 53.22263220477626788 ) ) ;
#1721 = CARTESIAN_POINT ( 'NONE',  ( -19.40000000029201388, 59.48117332997716034, 62.68741506780328621 ) ) ;
#1722 = CARTESIAN_POINT ( 'NONE',  ( 6.122450740094030230, 73.83640334771257585, 409.0779284778320743 ) ) ;
#1723 = ORIENTED_EDGE ( 'NONE', *, *, #2615, .F. ) ;
#1724 = CARTESIAN_POINT ( 'NONE',  ( 41.28431441065273333, 39.60399682900018092, 70.13512704078749493 ) ) ;
#1725 = CARTESIAN_POINT ( 'NONE',  ( -28.99334183235148998, 65.36899045964527488, 91.67278172736109809 ) ) ;
#1726 = CARTESIAN_POINT ( 'NONE',  ( -54.33605767996435532, -2.430861836592444813, 192.3477106230807863 ) ) ;
#1727 = CARTESIAN_POINT ( 'NONE',  ( 31.69308290258148020, 55.52953847644074870, 70.77503745844104799 ) ) ;
#1728 = CARTESIAN_POINT ( 'NONE',  ( 18.74595051386660316, 59.46908643135586203, 63.87318011855519728 ) ) ;
#1729 = CARTESIAN_POINT ( 'NONE',  ( -37.25453325313229413, -8.006426954955317754, 9.999999999999998224 ) ) ;
#1730 = CARTESIAN_POINT ( 'NONE',  ( 43.15948104918934547, 72.24535119634704472, 174.9421200764166997 ) ) ;
#1731 = CARTESIAN_POINT ( 'NONE',  ( 18.56513965345907025, 57.15481936001600616, 53.17773487067823623 ) ) ;
#1732 = CARTESIAN_POINT ( 'NONE',  ( 56.01101704036391737, -4.087861282351882508, 149.0515753223775448 ) ) ;
#1733 = CARTESIAN_POINT ( 'NONE',  ( -5.510387536433372979, -41.28500612334945430, 321.0028980597419945 ) ) ;
#1734 = CARTESIAN_POINT ( 'NONE',  ( -32.63268402060865725, 62.39417676641838995, 91.59327928536998797 ) ) ;
#1735 = CARTESIAN_POINT ( 'NONE',  ( -53.70394251867735136, 27.55346083522045575, 174.9366824925457422 ) ) ;
#1736 = CARTESIAN_POINT ( 'NONE',  ( 32.54503972865312278, 70.59009823485740753, 120.9036566394521373 ) ) ;
#1737 = CARTESIAN_POINT ( 'NONE',  ( 19.39999999930054031, 60.29842758659972901, 64.37052438112003472 ) ) ;
#1738 = CARTESIAN_POINT ( 'NONE',  ( 5.037627612667280097, -54.34073328482042342, 175.0435559802996011 ) ) ;
#1740 = CARTESIAN_POINT ( 'NONE',  ( -39.54434608194740264, 82.78856962875335057, 221.5941304192313623 ) ) ;
#1739 = CARTESIAN_POINT ( 'NONE',  ( 54.74136690963599960, 6.076549765076105558, 106.4739534392445961 ) ) ;
#1741 = CARTESIAN_POINT ( 'NONE',  ( 32.36776816792806244, 90.96628796341802570, 211.2198893340192853 ) ) ;
#1742 = CARTESIAN_POINT ( 'NONE',  ( -37.48634011914182906, 62.03023600861109799, 108.6106687503975650 ) ) ;
#1743 = CARTESIAN_POINT ( 'NONE',  ( -42.86730672379518126, -4.794744038746967973, 296.6515585544222517 ) ) ;
#1744 = CARTESIAN_POINT ( 'NONE',  ( -4.789880424296416805, 59.69594724186622869, 52.54223714079380869 ) ) ;
#1745 = CARTESIAN_POINT ( 'NONE',  ( -38.05646016402686627, -43.21728254639256761, 211.2046107931723213 ) ) ;
#1746 = CARTESIAN_POINT ( 'NONE',  ( -9.098780272597599250, 65.78648279363322615, 60.91907727440314346 ) ) ;
#1747 = CARTESIAN_POINT ( 'NONE',  ( 12.40582092776204703, -21.44960995392472825, 404.4351836481608302 ) ) ;
#1748 = CARTESIAN_POINT ( 'NONE',  ( -17.32654004859512398, 35.28083778521709490, 9.999999999999998224 ) ) ;
#1749 = CARTESIAN_POINT ( 'NONE',  ( -45.53443306689045045, 45.46949892315915775, 108.3792898931126985 ) ) ;
#1750 = CARTESIAN_POINT ( 'NONE',  ( 19.39999999930043018, 59.29460214647301086, 61.89780907921998931 ) ) ;
#1751 = CARTESIAN_POINT ( 'NONE',  ( 35.25365983577636797, 57.75230856720090600, 86.15750771367368088 ) ) ;
#1752 = CARTESIAN_POINT ( 'NONE',  ( 18.29418708406168648, 97.02926449536130349, 192.3892210261480216 ) ) ;
#1753 = CARTESIAN_POINT ( 'NONE',  ( 15.68659001630960681, 62.16908346181653400, 65.98184826779541368 ) ) ;
#1754 = CARTESIAN_POINT ( 'NONE',  ( 19.39999999930044083, 57.78272231621672006, 53.71169823289771017 ) ) ;
#1755 = CARTESIAN_POINT ( 'NONE',  ( 43.28509237236063001, 53.38770669907970046, 114.4351555189618495 ) ) ;
#1756 = CARTESIAN_POINT ( 'NONE',  ( -18.01952697559340066, 84.12944063669036154, 125.2788233586929749 ) ) ;
#1757 = CARTESIAN_POINT ( 'NONE',  ( -23.61840475478644308, 76.57178103074178921, 120.0000000000000142 ) ) ;
#1758 = CARTESIAN_POINT ( 'NONE',  ( 41.92898332523650140, -28.90544385973850439, 266.3950399661268307 ) ) ;
#1759 = CARTESIAN_POINT ( 'NONE',  ( 47.07041188879079385, 31.00426679720826684, 64.22899575047296139 ) ) ;
#1760 = ORIENTED_EDGE ( 'NONE', *, *, #3401, .F. ) ;
#1761 = CARTESIAN_POINT ( 'NONE',  ( 1.979725327742651227E-23, 57.98445078868558511, 53.23456412832494777 ) ) ;
#1762 = CARTESIAN_POINT ( 'NONE',  ( 23.67820652331032960, 31.01273538854801615, 9.999999999999987566 ) ) ;
#1763 = ORIENTED_EDGE ( 'NONE', *, *, #7325, .F. ) ;
#1764 = CARTESIAN_POINT ( 'NONE',  ( -26.49103086958728426, 59.52875955563122545, 70.86545413156493112 ) ) ;
#1765 = CARTESIAN_POINT ( 'NONE',  ( 35.14947273319396004, 66.44479823454327061, 114.6532781183541800 ) ) ;
#1766 = CARTESIAN_POINT ( 'NONE',  ( 4.321300188933143574E-10, 65.83196712941133910, 61.66742914963890598 ) ) ;
#1767 = CARTESIAN_POINT ( 'NONE',  ( -51.39579043097577227, -16.76838037746352228, 221.5232807294753457 ) ) ;
#1768 = CARTESIAN_POINT ( 'NONE',  ( 41.09924141873010939, 78.46900718050359558, 201.7355060884092381 ) ) ;
#1769 = CARTESIAN_POINT ( 'NONE',  ( 30.56871613923570052, 50.94872432401223961, 54.72978557012627476 ) ) ;
#1770 = CARTESIAN_POINT ( 'NONE',  ( 37.25268416098201385, -6.225597080473308509, 9.999999999999976907 ) ) ;
#1771 = CARTESIAN_POINT ( 'NONE',  ( -1.232968491173381143, -53.59119587329963963, 192.4473474233010677 ) ) ;
#1772 = CARTESIAN_POINT ( 'NONE',  ( -33.47261770454601759, 66.66008982211623390, 108.7123962604179752 ) ) ;
#1773 = CARTESIAN_POINT ( 'NONE',  ( -39.43408220409315845, 12.76399085229486552, 309.1911503125673448 ) ) ;
#1774 = CARTESIAN_POINT ( 'NONE',  ( 31.32027141977443563, 71.69636785160950865, 120.9318438554623896 ) ) ;
#1775 = CARTESIAN_POINT ( 'NONE',  ( -1.447633775899330513E-11, 60.79295007846437926, 52.54223714097110332 ) ) ;
#1776 = CARTESIAN_POINT ( 'NONE',  ( 6.560536881022307476, -40.22707124923965694, 9.999999999999998224 ) ) ;
#1778 = CARTESIAN_POINT ( 'NONE',  ( -29.36377119074981934, 32.00499231639761888, 17.25301837547245398 ) ) ;
#1777 = CARTESIAN_POINT ( 'NONE',  ( 45.95100053034951770, 1.417004366451256825, 34.38992624270394316 ) ) ;
#1779 = CARTESIAN_POINT ( 'NONE',  ( 34.49379548251269512, 75.04247835864086369, 125.2865635882103277 ) ) ;
#1780 = CARTESIAN_POINT ( 'NONE',  ( -36.67449928424483119, 57.92053954358662082, 91.48494422658043845 ) ) ;
#1781 = CARTESIAN_POINT ( 'NONE',  ( -50.04290335561049119, 47.90143442731719148, 125.3053020485911730 ) ) ;
#1782 = CARTESIAN_POINT ( 'NONE',  ( -42.89592672921845207, 32.31228758824921954, 59.39047711664824902 ) ) ;
#1783 = CARTESIAN_POINT ( 'NONE',  ( -33.24520902254579369, -39.87008860212530692, 34.35937563049589727 ) ) ;
#1784 = CARTESIAN_POINT ( 'NONE',  ( -9.602291562906549061, 106.6010458179829499, 251.8567759627173928 ) ) ;
#1785 = CARTESIAN_POINT ( 'NONE',  ( 40.57453079262381834, -45.78873396600582169, 125.3269375355641273 ) ) ;
#1786 = CARTESIAN_POINT ( 'NONE',  ( -16.61706207014481151, 86.33788977857967950, 373.1611835217290718 ) ) ;
#1787 = CARTESIAN_POINT ( 'NONE',  ( 18.93752795637889008, 57.77694130589520682, 53.21314208525014777 ) ) ;
#1788 = CARTESIAN_POINT ( 'NONE',  ( 35.49476289478062085, 59.38767299791548737, 91.51805511632369416 ) ) ;
#1789 = CARTESIAN_POINT ( 'NONE',  ( 12.42689127801166826, 65.23839587822830310, 60.92227741747846181 ) ) ;
#1790 = CARTESIAN_POINT ( 'NONE',  ( 19.29410448160857783, 73.72260810432787537, 103.1668693561464920 ) ) ;
#1791 = ORIENTED_EDGE ( 'NONE', *, *, #5642, .T. ) ;
#1792 = CARTESIAN_POINT ( 'NONE',  ( 0.000000000000000000, 78.20823782531390123, 108.9923829245282576 ) ) ;
#1793 = CARTESIAN_POINT ( 'NONE',  ( 41.14315686384203730, 38.46931478069219423, 65.55306734675009750 ) ) ;
#1794 = CARTESIAN_POINT ( 'NONE',  ( -16.54042635564701769, 106.4485157680154543, 390.3800096164603701 ) ) ;
#1795 = CARTESIAN_POINT ( 'NONE',  ( -22.04768357935432377, 77.29365517981337064, 120.0000000000000142 ) ) ;
#1796 = CARTESIAN_POINT ( 'NONE',  ( 43.99127747113517017, -24.74142687066074231, 34.38799734219207238 ) ) ;
#1797 = CARTESIAN_POINT ( 'NONE',  ( 49.20067823702090237, 27.10604614702788950, 71.31664756272473937 ) ) ;
#1798 = ORIENTED_EDGE ( 'NONE', *, *, #3725, .F. ) ;
#1799 = CARTESIAN_POINT ( 'NONE',  ( 18.74180460620259225, 56.21851812834825068, 56.24025819043448848 ) ) ;
#1800 = ORIENTED_EDGE ( 'NONE', *, *, #6445, .F. ) ;
#1801 = CARTESIAN_POINT ( 'NONE',  ( -23.02899519053360677, 57.53292072291291248, 61.19838529604117383 ) ) ;
#1802 = CARTESIAN_POINT ( 'NONE',  ( 40.97557830860414185, 36.80391535967027039, 62.09105110475895373 ) ) ;
#1803 = CARTESIAN_POINT ( 'NONE',  ( -50.69568025434101344, -16.69194658443829482, 61.09946388955189889 ) ) ;
#1804 = CARTESIAN_POINT ( 'NONE',  ( 42.18889565124386820, 77.12256936711389699, 211.2193486448351791 ) ) ;
#1805 = DIRECTION ( 'NONE',  ( 5.437009901748719627E-15, 0.3917778522804040153, 0.9200598428703178344 ) ) ;
#1806 = CARTESIAN_POINT ( 'NONE',  ( 55.93928030950834795, -5.330569180139000274, 125.3254087003052035 ) ) ;
#1807 = CARTESIAN_POINT ( 'NONE',  ( -5.037627612667280097, -54.34073328482042342, 175.0435559802996011 ) ) ;
#1808 = CARTESIAN_POINT ( 'NONE',  ( -28.48652794597389715, 54.12481096463526598, 61.13728443022066017 ) ) ;
#1809 = CARTESIAN_POINT ( 'NONE',  ( -44.61397983970723402, 18.55010459094474129, 282.2886037042842418 ) ) ;
#1810 = CARTESIAN_POINT ( 'NONE',  ( 30.02845794891384301, 66.34934136815168415, 97.22857562736749060 ) ) ;
#1811 = CARTESIAN_POINT ( 'NONE',  ( 19.39999999930046215, 55.66659322484436956, 53.73731346006706389 ) ) ;
#1812 = CARTESIAN_POINT ( 'NONE',  ( 3.796422134339112908, -42.92832897857011432, 309.3062308506089835 ) ) ;
#1814 = CARTESIAN_POINT ( 'NONE',  ( -39.03546664207393491, 72.57611113819305615, 283.0454161068720396 ) ) ;
#1813 = CARTESIAN_POINT ( 'NONE',  ( 12.66236878217881312, 0.4794081024846819639, 397.5406461881872247 ) ) ;
#1815 = CARTESIAN_POINT ( 'NONE',  ( 20.09807841339267043, 93.33394144996130137, 354.1274526100551157 ) ) ;
#1816 = CARTESIAN_POINT ( 'NONE',  ( -36.98955644479242721, 59.32630164770315417, 97.05603824926181744 ) ) ;
#1817 = CARTESIAN_POINT ( 'NONE',  ( -38.34150092816131661, 33.20862885269213649, 34.18470208331405047 ) ) ;
#1818 = CARTESIAN_POINT ( 'NONE',  ( 44.15588085889213943, 19.75640807582995251, 56.17425139263821876 ) ) ;
#1819 = CARTESIAN_POINT ( 'NONE',  ( -25.82775791282300659, -38.38929075969917193, 17.35840616235080702 ) ) ;
#1820 = CARTESIAN_POINT ( 'NONE',  ( 27.18462493407380620, -34.24492983052216033, 10.00000000000002842 ) ) ;
#1821 = B_SPLINE_CURVE_WITH_KNOTS ( 'NONE', 3,
 ( #3491, #3565, #6222, #2684, #4428, #335 ),
 .UNSPECIFIED., .F., .F.,
 ( 4, 2, 4 ),
 ( 0.000000000000000000, 0.01440808325405657994, 0.01924992330555067716 ),
 .UNSPECIFIED. ) ;
#1823 = CARTESIAN_POINT ( 'NONE',  ( -12.46911249434596236, 81.24912682878078840, 391.7446477091530141 ) ) ;
#1822 = CARTESIAN_POINT ( 'NONE',  ( 30.85849556943834315, 29.90836142689224886, 338.2791750152354666 ) ) ;
#1824 = CARTESIAN_POINT ( 'NONE',  ( 34.23279110442408779, 54.99250963175055062, 75.66302906555702634 ) ) ;
#1825 = CARTESIAN_POINT ( 'NONE',  ( 14.85335222316819248, 84.94359829957943475, 125.2779647288901401 ) ) ;
#1826 = CARTESIAN_POINT ( 'NONE',  ( 19.48898770532363756, 66.59248808838361811, 81.05552290578604868 ) ) ;
#1827 = CARTESIAN_POINT ( 'NONE',  ( -15.83958673821116214, 60.32101607316811709, 63.66014256588463383 ) ) ;
#1828 = CARTESIAN_POINT ( 'NONE',  ( 43.81546720970325026, 41.94203396910276638, 85.87835149280658698 ) ) ;
#1829 = CARTESIAN_POINT ( 'NONE',  ( -16.20850349175512051, 72.07967831419762206, 82.48345254999986764 ) ) ;
#1830 = CARTESIAN_POINT ( 'NONE',  ( -18.17817208881700353, 103.5299418106218070, 390.5071968784588989 ) ) ;
#1831 = ADVANCED_FACE ( 'NONE', ( #936 ), #3449, .T. ) ;
#1832 = CARTESIAN_POINT ( 'NONE',  ( 18.89999999929320396, 57.78272231622189281, 53.71169823290390610 ) ) ;
#1833 = CARTESIAN_POINT ( 'NONE',  ( 14.42890996252267222, -13.34443095794518541, 405.5686123114280122 ) ) ;
#1834 = CARTESIAN_POINT ( 'NONE',  ( -18.93752795737163552, 57.77694130557525654, 53.21314208532858459 ) ) ;
#1835 = EDGE_LOOP ( 'NONE', ( #6211, #7078, #3768, #1445 ) ) ;
#1836 = CARTESIAN_POINT ( 'NONE',  ( -19.40000000029201033, 59.02476490767608652, 56.63012130687058487 ) ) ;
#1837 = CARTESIAN_POINT ( 'NONE',  ( 20.06946119518300620, 56.81860755763636206, 56.66691467490342404 ) ) ;
#1838 = ORIENTED_EDGE ( 'NONE', *, *, #5411, .F. ) ;
#1839 = CARTESIAN_POINT ( 'NONE',  ( -17.97399664551310039, 59.53661627579647586, 61.22029849543487501 ) ) ;
#1840 = CARTESIAN_POINT ( 'NONE',  ( -52.22376623910641769, -22.11587362932721135, 201.7398619665812873 ) ) ;
#1841 = CARTESIAN_POINT ( 'NONE',  ( 29.63789800356834547, 77.99082012998276525, 321.3590933360292183 ) ) ;
#1842 = CARTESIAN_POINT ( 'NONE',  ( -17.32839718357138636, 57.49223814310287395, 53.09335152572659666 ) ) ;
#1843 = CARTESIAN_POINT ( 'NONE',  ( 55.95746367543729605, -5.778692366071116915, 125.3254190986842218 ) ) ;
#1844 = CARTESIAN_POINT ( 'NONE',  ( -1.217039077580357898, -53.05785347359048387, 201.7522587156810232 ) ) ;
#1845 = CARTESIAN_POINT ( 'NONE',  ( -33.29169982992471688, 69.86944672295713588, 120.8857151352349462 ) ) ;
#1846 = ADVANCED_FACE ( 'NONE', ( #3246 ), #3444, .T. ) ;
#1847 = CARTESIAN_POINT ( 'NONE',  ( -36.77364450599122847, 2.094237915903564673, 10.00000000000000711 ) ) ;
#1848 = CARTESIAN_POINT ( 'NONE',  ( 32.28587018636640238, 67.77620753049906455, 108.7411100389157781 ) ) ;
#1849 = CARTESIAN_POINT ( 'NONE',  ( 44.40171921330488658, 28.55110867524026119, 66.84029837581759637 ) ) ;
#1850 = CARTESIAN_POINT ( 'NONE',  ( 1.713832773923573471, -27.21458912211225467, 409.0779284778319607 ) ) ;
#1852 = CARTESIAN_POINT ( 'NONE',  ( -29.63789800356834547, 77.99082012998276525, 321.3590933360292183 ) ) ;
#1851 = CARTESIAN_POINT ( 'NONE',  ( 19.98990858838654461, 2.568934615765285479, 379.9410785533530657 ) ) ;
#1853 = CARTESIAN_POINT ( 'NONE',  ( 34.75655760757326362, 89.51825503059345124, 221.6025027815269368 ) ) ;
#1854 = CARTESIAN_POINT ( 'NONE',  ( -35.00504390798649723, 56.12740225242328052, 80.79707426281936478 ) ) ;
#1855 = CARTESIAN_POINT ( 'NONE',  ( -48.30856235531596354, 51.77575164062806579, 236.1833888795036955 ) ) ;
#1856 = CARTESIAN_POINT ( 'NONE',  ( 19.09118987100538334, 60.89242306022123330, 65.57028960404841200 ) ) ;
#1857 = CARTESIAN_POINT ( 'NONE',  ( -14.76985720745441988, -23.67019973328903149, 394.0308584438650428 ) ) ;
#1858 = CARTESIAN_POINT ( 'NONE',  ( 18.30989347636729292, -31.97438889485761848, 355.9724911199479038 ) ) ;
#1860 = CARTESIAN_POINT ( 'NONE',  ( -9.151614894151858692, 77.16747646279294770, 409.0779284778315628 ) ) ;
#1859 = CARTESIAN_POINT ( 'NONE',  ( 11.44951166116591779, 29.98920633154339654, 396.0021658397528768 ) ) ;
#1861 = CARTESIAN_POINT ( 'NONE',  ( 34.28510186123050829, 58.85945502385174422, 86.18404168808325494 ) ) ;
#1862 = CARTESIAN_POINT ( 'NONE',  ( 20.33758063740050659, 83.40544783690685904, 125.2795496214649518 ) ) ;
#1863 = CARTESIAN_POINT ( 'NONE',  ( 23.02401234272588582, 68.80663496974236182, 91.76800749983141259 ) ) ;
#1864 = CARTESIAN_POINT ( 'NONE',  ( -3.223438150225433674, 60.87471387490638364, 52.86152466969693364 ) ) ;
#1865 = CARTESIAN_POINT ( 'NONE',  ( -11.17197764080818878, 61.27842373215406013, 63.42094968697151103 ) ) ;
#1866 = CARTESIAN_POINT ( 'NONE',  ( 43.78972398626610385, 39.50972593187603366, 80.50470175251794558 ) ) ;
#1867 = CARTESIAN_POINT ( 'NONE',  ( -14.85058651285845599, 99.41953666087040631, 201.7341631534810062 ) ) ;
#1868 = CARTESIAN_POINT ( 'NONE',  ( -18.70266981715646537, 63.66747741060702026, 60.93120414751311387 ) ) ;
#1869 = CARTESIAN_POINT ( 'NONE',  ( -36.09477839715582803, 50.81289737580348742, 58.58761614112009397 ) ) ;
#1870 = CARTESIAN_POINT ( 'NONE',  ( 54.01771120235723345, -22.56028979053941441, 174.9447632498215341 ) ) ;
#1871 = CARTESIAN_POINT ( 'NONE',  ( 0.000000000000000000, 63.64996744220073310, 65.01987264133462929 ) ) ;
#1872 = ORIENTED_EDGE ( 'NONE', *, *, #2676, .F. ) ;
#1873 = CARTESIAN_POINT ( 'NONE',  ( -19.40000000029201388, 59.90673787976722764, 63.68682034436694295 ) ) ;
#1874 = CARTESIAN_POINT ( 'NONE',  ( 29.39758770475964411, 66.81859986061219558, 97.24152154399710923 ) ) ;
#1875 = CARTESIAN_POINT ( 'NONE',  ( -19.27232442836206161, 59.11045239874405155, 61.21707257936079571 ) ) ;
#1876 = CARTESIAN_POINT ( 'NONE',  ( -53.28737940699698328, -22.63934619320052732, 95.91787800630835648 ) ) ;
#1877 = CARTESIAN_POINT ( 'NONE',  ( 41.74976436219365894, 78.54693865945114339, 221.5891840870766600 ) ) ;
#1878 = FACE_OUTER_BOUND ( 'NONE', #6398, .T. ) ;
#1879 = CARTESIAN_POINT ( 'NONE',  ( 55.97434119395909136, -6.251349130238918583, 125.3254253630573203 ) ) ;
#1880 = CARTESIAN_POINT ( 'NONE',  ( -1.805632922421429587, -30.54549135333975940, 391.5841935676888852 ) ) ;
#1881 = UNCERTAINTY_MEASURE_WITH_UNIT (LENGTH_MEASURE( 1.000000000000000082E-05 ), #4114, 'distance_accuracy_value', 'NONE');
#1882 = CARTESIAN_POINT ( 'NONE',  ( -32.52925239438651772, 65.89534290287129181, 102.9539326852300576 ) ) ;
#1883 = CARTESIAN_POINT ( 'NONE',  ( -19.67986068130492683, 6.199975668947032226, 379.8237127082174993 ) ) ;
#1884 = CARTESIAN_POINT ( 'NONE',  ( 26.02764441377307492, 55.85020729503290227, 61.17022899525446888 ) ) ;
#1885 = CARTESIAN_POINT ( 'NONE',  ( 44.47394312064430011, 28.41501925722796074, 67.06304602880696564 ) ) ;
#1886 = CARTESIAN_POINT ( 'NONE',  ( -15.85629843593228472, -5.699012627778171414, 397.6336909657812839 ) ) ;
#1887 = CARTESIAN_POINT ( 'NONE',  ( 2.972658668383121761, -30.38279797645749269, 391.6268183913150551 ) ) ;
#1889 = CARTESIAN_POINT ( 'NONE',  ( -44.02017754197238730, 73.09702262574656118, 211.2192021291936612 ) ) ;
#1888 = CARTESIAN_POINT ( 'NONE',  ( 37.08372733671021848, -1.502511496409777880, 10.00000000000000000 ) ) ;
#1890 = CARTESIAN_POINT ( 'NONE',  ( -44.54787369625451277, 39.68035684712793909, 85.85125624818229539 ) ) ;
#1891 = CARTESIAN_POINT ( 'NONE',  ( 26.15128584824514490, 95.36013762576389752, 309.2798532602187151 ) ) ;
#1892 = EDGE_CURVE ( 'NONE', #6966, #1118, #1942, .T. ) ;
#1893 = CARTESIAN_POINT ( 'NONE',  ( -37.12660697238401042, 62.50590799315594381, 108.6198214973292266 ) ) ;
#1894 = CARTESIAN_POINT ( 'NONE',  ( -35.04203759068250434, 64.75518535137709364, 309.2410806140330806 ) ) ;
#1895 = PLANE ( 'NONE',  #3271 ) ;
#1896 = CARTESIAN_POINT ( 'NONE',  ( -40.69263145525302861, -39.81381927642592444, 61.09799580955821341 ) ) ;
#1897 = CARTESIAN_POINT ( 'NONE',  ( 30.32507659474158501, -50.43154073004841109, 106.4567508061890067 ) ) ;
#1899 = CARTESIAN_POINT ( 'NONE',  ( -34.56280767720724612, 70.06594073540556167, 106.4409287811792808 ) ) ;
#1898 = CARTESIAN_POINT ( 'NONE',  ( 45.49148822631065059, 47.02160344056898822, 266.5338285665748117 ) ) ;
#1900 = CARTESIAN_POINT ( 'NONE',  ( 36.43338283525329757, 66.38886638108924387, 120.8069574370885704 ) ) ;
#1901 = CARTESIAN_POINT ( 'NONE',  ( 19.32408837528868517, 100.1210735848877391, 390.6459917747448571 ) ) ;
#1902 = FACE_OUTER_BOUND ( 'NONE', #3686, .T. ) ;
#1903 = CARTESIAN_POINT ( 'NONE',  ( -17.41760175444491310, 60.38759063846428887, 64.92246274527421690 ) ) ;
#1904 = CARTESIAN_POINT ( 'NONE',  ( 45.57965240304942967, 47.06102440098035800, 114.3685255361444746 ) ) ;
#1905 = CARTESIAN_POINT ( 'NONE',  ( -12.42689127801166826, 65.23839587822830310, 60.92227741747846181 ) ) ;
#1906 = CARTESIAN_POINT ( 'NONE',  ( -11.45102433989289814, 37.54025891792331038, 9.999999999999998224 ) ) ;
#1907 = CARTESIAN_POINT ( 'NONE',  ( -33.47599881056521554, 53.34619277586106278, 57.95407719677952230 ) ) ;
#1908 = CARTESIAN_POINT ( 'NONE',  ( 35.96621285384652111, -30.22190988211137963, 297.0291902252352543 ) ) ;
#1909 = CARTESIAN_POINT ( 'NONE',  ( -46.80621073384471487, 55.66116722335124223, 119.9999999999999574 ) ) ;
#1910 = ORIENTED_EDGE ( 'NONE', *, *, #135, .T. ) ;
#1911 = CARTESIAN_POINT ( 'NONE',  ( 1.263025337073748089, 114.9108385403007304, 389.8678880722445683 ) ) ;
#1912 = CARTESIAN_POINT ( 'NONE',  ( 25.74357830604641606, 74.10632516337989273, 114.8553531878461911 ) ) ;
#1913 = AXIS2_PLACEMENT_3D ( 'NONE', #6502, #1254, #6427 ) ;
#1914 = CARTESIAN_POINT ( 'NONE',  ( -17.56057683251646395, 57.69447925769263463, 56.67193556977512259 ) ) ;
#1915 = CARTESIAN_POINT ( 'NONE',  ( -49.98315695056953700, -26.85977981629717348, 211.2133819406969906 ) ) ;
#1916 = CARTESIAN_POINT ( 'NONE',  ( 31.41153860423614219, 29.27824290279409780, 17.26903435683385979 ) ) ;
#1917 = DIRECTION ( 'NONE',  ( -1.000000000000000000, 0.000000000000000000, 0.000000000000000000 ) ) ;
#1918 = CARTESIAN_POINT ( 'NONE',  ( 50.99211171418993871, -5.178879092419948371, 235.9983454327831964 ) ) ;
#1919 = CARTESIAN_POINT ( 'NONE',  ( -2.466582652647010931, -47.75786443674275006, 267.3937921982437160 ) ) ;
#1920 = CARTESIAN_POINT ( 'NONE',  ( -29.22655247654352451, 55.63372401120695798, 65.87186831881155058 ) ) ;
#1921 = CARTESIAN_POINT ( 'NONE',  ( -7.300917271894824978, 8.461803804137028706, 405.8077913600234297 ) ) ;
#1922 = CARTESIAN_POINT ( 'NONE',  ( 30.83992605881392279, 60.27767447408800905, 80.90050998454321984 ) ) ;
#1923 = CARTESIAN_POINT ( 'NONE',  ( 43.44522899577914643, 30.60373299277928894, 64.53460989903481959 ) ) ;
#1924 = CARTESIAN_POINT ( 'NONE',  ( -45.15791532030914368, -5.753152317812995520, 282.1648644729027069 ) ) ;
#1925 = CARTESIAN_POINT ( 'NONE',  ( 0.3646494413089462761, -49.29133392571988281, 251.6525086451857476 ) ) ;
#1927 = CARTESIAN_POINT ( 'NONE',  ( -45.71721001854504607, 68.01444266062443944, 221.5771465916578222 ) ) ;
#1926 = CARTESIAN_POINT ( 'NONE',  ( 49.72833828866642136, 4.425022089082849774, 250.8598458643937477 ) ) ;
#1928 = CARTESIAN_POINT ( 'NONE',  ( -44.74835214640468450, 51.10056091568046810, 120.5826275936750136 ) ) ;
#1929 = CARTESIAN_POINT ( 'NONE',  ( 27.19960249455521151, 46.78363760469443378, 34.04206357472319411 ) ) ;
#1930 = CARTESIAN_POINT ( 'NONE',  ( -37.42671856872032521, 65.10075657398495252, 120.7827625705754713 ) ) ;
#1931 = EDGE_CURVE ( 'NONE', #4991, #1118, #4685, .T. ) ;
#1932 = CARTESIAN_POINT ( 'NONE',  ( -40.45190724635617130, 65.45893130789542624, 282.9263418097875729 ) ) ;
#1933 = CARTESIAN_POINT ( 'NONE',  ( 18.93914544750558804, 55.66029242580978575, 53.23888800544384736 ) ) ;
#1934 = CARTESIAN_POINT ( 'NONE',  ( -10.16588812702364564, -24.24071126164689360, 403.9818121828546964 ) ) ;
#1935 = CARTESIAN_POINT ( 'NONE',  ( 20.03586529573157549, -51.87349189028677898, 192.4319962824284005 ) ) ;
#1937 = CARTESIAN_POINT ( 'NONE',  ( -22.36439798309753257, 92.83584150910557753, 335.8458576883494402 ) ) ;
#1936 = CARTESIAN_POINT ( 'NONE',  ( 50.23826425333585632, 30.58972356725297104, 236.0837281518339239 ) ) ;
#1938 = CARTESIAN_POINT ( 'NONE',  ( 34.92159437807922018, 54.17960121543225682, 75.64417476591502520 ) ) ;
#1939 = CARTESIAN_POINT ( 'NONE',  ( 17.65956933956295316, 51.66917725977901910, 33.97517562106270361 ) ) ;
#1940 = CARTESIAN_POINT ( 'NONE',  ( -15.95881681368198990, 59.11532968823205891, 53.30152189680594432 ) ) ;
#1941 = CARTESIAN_POINT ( 'NONE',  ( -45.39963807257279171, 27.10604614702788240, 70.77546942128959984 ) ) ;
#1942 = CIRCLE ( 'NONE', #4240, 4.000000000000003553 ) ;
#1943 = CARTESIAN_POINT ( 'NONE',  ( 40.39303309404950681, 34.21179520170053223, 56.29420950877531737 ) ) ;
#1944 = CARTESIAN_POINT ( 'NONE',  ( -19.15333400718404278, 59.42401384171845535, 56.43410588120969607 ) ) ;
#1945 = CARTESIAN_POINT ( 'NONE',  ( -19.69620272464766941, 98.83655039488226635, 402.9627143973561942 ) ) ;
#1946 = CARTESIAN_POINT ( 'NONE',  ( -46.92264075667873158, 22.48542479002549044, 75.23445742389712620 ) ) ;
#1947 = CARTESIAN_POINT ( 'NONE',  ( 35.22198724234748823, -30.32655892779189699, 17.37244572532984677 ) ) ;
#1948 = CARTESIAN_POINT ( 'NONE',  ( -50.32992135438949788, 45.24794235772481699, 120.0000000000000284 ) ) ;
#1949 = VERTEX_POINT ( 'NONE', #4573 ) ;
#1950 = CARTESIAN_POINT ( 'NONE',  ( 0.000000000000000000, 101.1357000780110127, 201.7340073341511584 ) ) ;
#1951 = CARTESIAN_POINT ( 'NONE',  ( 27.07554103363351672, 66.66349962618131997, 91.70865030516543470 ) ) ;
#1952 = CARTESIAN_POINT ( 'NONE',  ( -23.16616448183202692, 63.24811835839270913, 75.86009693921243979 ) ) ;
#1953 = CARTESIAN_POINT ( 'NONE',  ( 35.04203759068250434, 64.75518535137709364, 309.2410806140330806 ) ) ;
#1954 = DIRECTION ( 'NONE',  ( 0.000000000000000000, 0.000000000000000000, 1.000000000000000000 ) ) ;
#1955 = CARTESIAN_POINT ( 'NONE',  ( 29.77220967921197925, -7.747180500851279739, 359.8102681608411331 ) ) ;
#1956 = CARTESIAN_POINT ( 'NONE',  ( 0.000000000000000000, -54.42922362320734919, 175.0446952262756781 ) ) ;
#1957 = CARTESIAN_POINT ( 'NONE',  ( -31.60945245298839978, 63.31045035509433205, 91.61734129871057064 ) ) ;
#1958 = CARTESIAN_POINT ( 'NONE',  ( -7.353900861210766138, 3.187494322710440642, 405.8900223721930729 ) ) ;
#1959 = CARTESIAN_POINT ( 'NONE',  ( 30.39292994226286382, 60.64524717326381875, 80.90984022525636021 ) ) ;
#1960 = CARTESIAN_POINT ( 'NONE',  ( -41.97802173263998071, 34.22548254520827982, 62.73587823517973305 ) ) ;
#1961 = CARTESIAN_POINT ( 'NONE',  ( -46.25998668811937620, -5.730389643057775650, 34.40059807139103754 ) ) ;
#1962 = CARTESIAN_POINT ( 'NONE',  ( 0.9732328113256151214, -47.92628355087512659, 34.31801968266389480 ) ) ;
#1963 = CARTESIAN_POINT ( 'NONE',  ( 37.18756071555992548, -3.414351176970585211, 9.999999999999992895 ) ) ;
#1964 = CARTESIAN_POINT ( 'NONE',  ( -10.23587721914826432, -45.54235322534560737, 283.4972593409304409 ) ) ;
#1965 = CARTESIAN_POINT ( 'NONE',  ( -42.71020460858274248, 39.95585741274880576, 75.39139777506929363 ) ) ;
#1966 = CARTESIAN_POINT ( 'NONE',  ( 36.30958233302040838, 86.61133679822637532, 211.2197086109602253 ) ) ;
#1967 = CARTESIAN_POINT ( 'NONE',  ( -37.36713825485955454, 62.19016330258229175, 108.6137030247269735 ) ) ;
#1968 = CARTESIAN_POINT ( 'NONE',  ( -48.50473078586230713, 23.89607912256062860, 61.06101456906107217 ) ) ;
#1969 = CARTESIAN_POINT ( 'NONE',  ( 10.41576282549319288, 61.88019920185919887, 64.54108235897280110 ) ) ;
#1970 = CARTESIAN_POINT ( 'NONE',  ( -19.59418128329283704, -41.74488511344410568, 297.5739432275273089 ) ) ;
#1971 = CARTESIAN_POINT ( 'NONE',  ( 18.34409965216532967, -50.36660947648148579, 61.09623411356567857 ) ) ;
#1973 = CARTESIAN_POINT ( 'NONE',  ( -23.18655609644494220, 37.68791946537711368, 17.21704309976818692 ) ) ;
#1972 = CARTESIAN_POINT ( 'NONE',  ( 18.05247284758878834, 32.23545385032973343, 378.2110838321493134 ) ) ;
#1974 = CARTESIAN_POINT ( 'NONE',  ( 37.12047087048120630, 60.83099053951371360, 102.8365484814640638 ) ) ;
#1975 = CARTESIAN_POINT ( 'NONE',  ( 23.32371366580521510, 87.68154007732346145, 149.0219227198818714 ) ) ;
#1976 = LINE ( 'NONE', #4250, #3597 ) ;
#1977 = CARTESIAN_POINT ( 'NONE',  ( 43.44156083066471297, 31.51137350374442292, 65.47279938088709628 ) ) ;
#1978 = CARTESIAN_POINT ( 'NONE',  ( 0.000000000000000000, 111.3910238415857918, 298.0087188451853422 ) ) ;
#1979 = CARTESIAN_POINT ( 'NONE',  ( -12.50014539509437306, 42.63619531362171955, 17.17736459512263991 ) ) ;
#1980 = CARTESIAN_POINT ( 'NONE',  ( -49.97685100313459827, 26.61289963305557649, 120.4383461105396549 ) ) ;
#1981 = CARTESIAN_POINT ( 'NONE',  ( 14.25133133970866162, -16.70220385457432855, 405.1530218015644778 ) ) ;
#1982 = CARTESIAN_POINT ( 'NONE',  ( -52.21435615209486514, 36.24206597836353438, 120.0000000000000426 ) ) ;
#1983 = ORIENTED_EDGE ( 'NONE', *, *, #4517, .T. ) ;
#1984 = CARTESIAN_POINT ( 'NONE',  ( 1.790062670483652640, 73.89364767014448887, 82.48426016609995770 ) ) ;
#1985 = CARTESIAN_POINT ( 'NONE',  ( 23.16616448182643495, 63.24811835837149232, 75.86009693914741092 ) ) ;
#1986 = CARTESIAN_POINT ( 'NONE',  ( -17.49861434122905379, 72.59919517410891387, 97.39586546484102314 ) ) ;
#1987 = CARTESIAN_POINT ( 'NONE',  ( 47.95162308707446641, 60.31351226665817222, 211.2187495458841511 ) ) ;
#1988 = CARTESIAN_POINT ( 'NONE',  ( 18.89999999930045860, 55.66659322484436956, 53.73731346006706389 ) ) ;
#1989 = CARTESIAN_POINT ( 'NONE',  ( 53.54228658131601293, -8.502561724832313317, 82.46846619459346073 ) ) ;
#1990 = CARTESIAN_POINT ( 'NONE',  ( 0.000000000000000000, -53.59492887231033365, 192.4473961570816130 ) ) ;
#1991 = CARTESIAN_POINT ( 'NONE',  ( -27.77207474815396537, 54.66322140412940200, 61.14782152747925892 ) ) ;
#1992 = CARTESIAN_POINT ( 'NONE',  ( -51.23557240075587060, 4.287019323785258074, 236.0073156428206858 ) ) ;
#1993 = CARTESIAN_POINT ( 'NONE',  ( 30.18425357987826629, 58.88490181262719148, 75.75714715358482465 ) ) ;
#1994 = CARTESIAN_POINT ( 'NONE',  ( -15.93823945830591882, 58.99072756724758193, 52.99294578986663851 ) ) ;
#1995 = CARTESIAN_POINT ( 'NONE',  ( -50.99211171418993871, -5.178879092419948371, 235.9983454327831964 ) ) ;
#1996 = CARTESIAN_POINT ( 'NONE',  ( 2.363944899721763804, -46.04522058083916392, 283.5850301590403433 ) ) ;
#1997 = CARTESIAN_POINT ( 'NONE',  ( 40.36274323637901063, 0.1981979157013219472, 309.1861730890131525 ) ) ;
#1998 = CARTESIAN_POINT ( 'NONE',  ( -9.832425046728971552, -43.86082796538939022, 297.7725144832018032 ) ) ;
#1999 = CARTESIAN_POINT ( 'NONE',  ( -37.97853084462651196, 39.80124566757996263, 56.37137026058265121 ) ) ;
#2000 = CARTESIAN_POINT ( 'NONE',  ( 29.42402334394974872, 95.83469299545024001, 283.4562711395786323 ) ) ;
#2001 = CARTESIAN_POINT ( 'NONE',  ( -35.92089964051740480, 67.01425331754482784, 120.8195016426734298 ) ) ;
#2002 = AXIS2_PLACEMENT_3D ( 'NONE', #2936, #668, #6972 ) ;
#2003 = CARTESIAN_POINT ( 'NONE',  ( -35.58600066911777304, 21.46437324119710865, 17.31043156484773959 ) ) ;
#2004 = CARTESIAN_POINT ( 'NONE',  ( 19.21458471875386209, 60.78834802925436520, 65.41919722740725263 ) ) ;
#2005 = CARTESIAN_POINT ( 'NONE',  ( -15.72810622412806936, -42.83883545364133028, 297.6653211504931846 ) ) ;
#2006 = CARTESIAN_POINT ( 'NONE',  ( 15.72810622412806936, -42.83883545364133028, 297.6653211504931846 ) ) ;
#2008 = CARTESIAN_POINT ( 'NONE',  ( -35.93236636907970194, 89.10271550756641545, 236.3969001233102176 ) ) ;
#2007 = CARTESIAN_POINT ( 'NONE',  ( 50.80819246605242512, 17.81432778232971259, 236.0380795534699132 ) ) ;
#2009 = CARTESIAN_POINT ( 'NONE',  ( 34.80784708146705242, 54.31631033615909843, 75.64731558887888241 ) ) ;
#2010 = CARTESIAN_POINT ( 'NONE',  ( 19.00566609175972843, 75.60320656173627185, 95.91491918126088478 ) ) ;
#2011 = CARTESIAN_POINT ( 'NONE',  ( -30.56871613923570052, 50.94872432401223961, 54.72978557012627476 ) ) ;
#2012 = CARTESIAN_POINT ( 'NONE',  ( 43.67793439830703051, 37.06177385641209554, 75.35556259099242027 ) ) ;
#2013 = CARTESIAN_POINT ( 'NONE',  ( 51.36146248464741149, 27.10604614702787885, 87.84669539936886906 ) ) ;
#2014 = CARTESIAN_POINT ( 'NONE',  ( -27.96181233881426209, 95.73030421943118995, 221.6112843132530372 ) ) ;
#2015 = CARTESIAN_POINT ( 'NONE',  ( -47.97450825186911061, 23.67979398668708058, 85.72242323466285541 ) ) ;
#2016 = CARTESIAN_POINT ( 'NONE',  ( 32.79003073356015108, -27.82065042559732149, 321.8632430622822653 ) ) ;
#2017 = CARTESIAN_POINT ( 'NONE',  ( 0.000000000000000000, 84.85777298089909948, 120.0000000015958506 ) ) ;
#2018 = VERTEX_POINT ( 'NONE', #6969 ) ;
#2019 = CARTESIAN_POINT ( 'NONE',  ( 1.379341781467414041, 113.4534268831262835, 334.9546424867822907 ) ) ;
#2020 = CARTESIAN_POINT ( 'NONE',  ( 7.729752945044153556, 76.16686527293980191, 103.2063344054956673 ) ) ;
#2021 = CARTESIAN_POINT ( 'NONE',  ( -16.64139474890307113, 67.51163061541366517, 81.07208001077277970 ) ) ;
#2022 = CARTESIAN_POINT ( 'NONE',  ( 48.97264855841746112, 51.59835618095627296, 125.3029892364779272 ) ) ;
#2023 = CARTESIAN_POINT ( 'NONE',  ( 18.14289135564911604, 82.60524856037105224, 119.9999999999999716 ) ) ;
#2024 = CARTESIAN_POINT ( 'NONE',  ( 42.78845502235699172, -6.643769814031863064, 296.6507919032117684 ) ) ;
#2025 = CARTESIAN_POINT ( 'NONE',  ( 4.971939169822147342, 63.62951145369177652, 55.38237440233846343 ) ) ;
#2026 = ORIENTED_EDGE ( 'NONE', *, *, #5986, .T. ) ;
#2027 = CARTESIAN_POINT ( 'NONE',  ( -31.00754459614031688, 67.21640632110504043, 102.9886445874213621 ) ) ;
#2028 = CARTESIAN_POINT ( 'NONE',  ( -19.98990858838654461, 2.568934615765285479, 379.9410785533530657 ) ) ;
#2029 = CARTESIAN_POINT ( 'NONE',  ( 30.69113158334917912, 60.40075367728330491, 80.90363193712850887 ) ) ;
#2030 = CARTESIAN_POINT ( 'NONE',  ( -18.88743976948916625, 58.20497931410257308, 53.18944956869999174 ) ) ;
#2031 = CARTESIAN_POINT ( 'NONE',  ( -34.41814059358325295, -5.326773503925789299, 338.9080442879914585 ) ) ;
#2032 = CARTESIAN_POINT ( 'NONE',  ( 0.2740244662608425363, -30.63364143246819182, 391.5638077824757488 ) ) ;
#2033 = CARTESIAN_POINT ( 'NONE',  ( 53.40058998659738876, 1.002261707329937357, 82.46866116624902077 ) ) ;
#2034 = CARTESIAN_POINT ( 'NONE',  ( -10.53874472113350613, -39.85066355559018092, 10.00000000000000533 ) ) ;
#2035 = CARTESIAN_POINT ( 'NONE',  ( -43.58673520470726714, 50.94994213935817129, 108.4376259023911899 ) ) ;
#2036 = CARTESIAN_POINT ( 'NONE',  ( 38.66842865355992842, 83.36391026768444590, 211.2195808582209793 ) ) ;
#2037 = ORIENTED_EDGE ( 'NONE', *, *, #487, .F. ) ;
#2038 = CARTESIAN_POINT ( 'NONE',  ( -32.78435094151679863, 56.55115346150296318, 75.70065931414001170 ) ) ;
#2039 = CARTESIAN_POINT ( 'NONE',  ( -49.09264226191538683, 45.46413718415138305, 236.1508003833065175 ) ) ;
#2040 = CARTESIAN_POINT ( 'NONE',  ( -19.40000000029201388, 59.27420312362518473, 63.95616489860996978 ) ) ;
#2041 = CARTESIAN_POINT ( 'NONE',  ( -19.09819653612084522, -50.14414477850793617, 221.5332213841347482 ) ) ;
#2042 = CARTESIAN_POINT ( 'NONE',  ( 24.72372036682519081, -50.18381659854403409, 201.7491245939285136 ) ) ;
#2044 = CARTESIAN_POINT ( 'NONE',  ( -5.200930069614648765, 71.46035792127189268, 409.0779284778313354 ) ) ;
#2043 = CARTESIAN_POINT ( 'NONE',  ( 53.68895350352120488, 16.46461640963774187, 192.3508522103153382 ) ) ;
#2045 = CARTESIAN_POINT ( 'NONE',  ( 37.23896172929701009, 60.67504116837075401, 102.8334275317189679 ) ) ;
#2046 = CARTESIAN_POINT ( 'NONE',  ( 22.59686100366538852, 82.56110665758815514, 125.2803537222235377 ) ) ;
#2047 = CARTESIAN_POINT ( 'NONE',  ( -40.05879795949792310, 48.55679609659231488, 80.64082744658652757 ) ) ;
#2048 = CARTESIAN_POINT ( 'NONE',  ( -39.96601093788277126, -27.82646003949521685, 282.4930707143084874 ) ) ;
#2049 = CARTESIAN_POINT ( 'NONE',  ( 44.48452352502041407, 37.25890384365044383, 80.47841263792177813 ) ) ;
#2050 = CARTESIAN_POINT ( 'NONE',  ( 554.2981223361939556, 27.10604614702787885, 71.85503552398968452 ) ) ;
#2051 = CARTESIAN_POINT ( 'NONE',  ( -20.73067091077735924, 50.49342910426879172, 33.99402430722559387 ) ) ;
#2052 = CARTESIAN_POINT ( 'NONE',  ( -48.82123164879347144, 33.36679953210175142, 114.2760969123009716 ) ) ;
#2053 = CARTESIAN_POINT ( 'NONE',  ( 43.31596581334503782, -40.74570277972416221, 192.3881358799369252 ) ) ;
#2054 = CARTESIAN_POINT ( 'NONE',  ( 15.07824348726122032, 56.76833106923014327, 52.96178688905929022 ) ) ;
#2055 = ORIENTED_EDGE ( 'NONE', *, *, #2152, .T. ) ;
#2056 = CARTESIAN_POINT ( 'NONE',  ( 1.225955861159480964, 39.00533594361594680, 10.00000000000000000 ) ) ;
#2057 = CARTESIAN_POINT ( 'NONE',  ( 3.682707036488172214, 65.84360428391296693, 70.95459595539922759 ) ) ;
#2058 = CARTESIAN_POINT ( 'NONE',  ( -11.49420949507981149, 78.96712665109104989, 114.9684471525658296 ) ) ;
#2059 = EDGE_CURVE ( 'NONE', #5901, #4964, #5798, .T. ) ;
#2060 = CARTESIAN_POINT ( 'NONE',  ( 46.01272026839473739, 54.13724013350747555, 106.4518592600333164 ) ) ;
#2061 = CARTESIAN_POINT ( 'NONE',  ( 19.39999999930045149, 56.98125940761282493, 53.72114124389371881 ) ) ;
#2063 = B_SPLINE_CURVE_WITH_KNOTS ( 'NONE', 3,
 ( #3573, #3194, #2516, #4297, #1378, #6616, #1341, #3650, #3120, #773 ),
 .UNSPECIFIED., .F., .F.,
 ( 4, 2, 2, 2, 4 ),
 ( 2.783984199568338430E-15, 0.0008743624974823119116, 0.001311543746222071415, 0.001530134370591935012, 0.001748724994961798609 ),
 .UNSPECIFIED. ) ;
#2062 = CARTESIAN_POINT ( 'NONE',  ( 11.85791574529428516, -6.739192102390050287, 405.9665717087519852 ) ) ;
#2064 = CARTESIAN_POINT ( 'NONE',  ( -12.57697752951658110, 56.56916311813859721, 52.82402884390273812 ) ) ;
#2065 = CARTESIAN_POINT ( 'NONE',  ( 0.000000000000000000, -43.01113364881287282, 309.3074982836325262 ) ) ;
#2066 = CARTESIAN_POINT ( 'NONE',  ( 18.55693505522467390, 60.08783862766895822, 65.01242737143056161 ) ) ;
#2067 = CARTESIAN_POINT ( 'NONE',  ( -31.71930166556984076, 64.96581774421221667, 97.19143145462477662 ) ) ;
#2068 = CARTESIAN_POINT ( 'NONE',  ( -12.40316598443284768, 3.570717399853333696, 397.4584027819377638 ) ) ;
#2069 = CARTESIAN_POINT ( 'NONE',  ( 29.48725338791677331, 57.43242722095868658, 70.81836348795047797 ) ) ;
#2070 = CARTESIAN_POINT ( 'NONE',  ( 554.2981223361939556, 36.50604614702788098, 71.85503552398968452 ) ) ;
#2071 = CARTESIAN_POINT ( 'NONE',  ( -38.17434164725789714, -8.019602869098644504, 322.2740212379210334 ) ) ;
#2072 = CARTESIAN_POINT ( 'NONE',  ( 2.576730528929166653, -51.85870406261567922, 61.09562901992813977 ) ) ;
#2073 = CARTESIAN_POINT ( 'NONE',  ( 54.55680287322040556, -2.876702833450290431, 95.91849947604953286 ) ) ;
#2074 = CARTESIAN_POINT ( 'NONE',  ( -6.051822722306520852, -33.07420827451994683, 373.3229159798571573 ) ) ;
#2075 = CARTESIAN_POINT ( 'NONE',  ( -42.59095262584882846, 51.48952548585573652, 102.6770847518626368 ) ) ;
#2076 = ORIENTED_EDGE ( 'NONE', *, *, #5754, .F. ) ;
#2077 = CARTESIAN_POINT ( 'NONE',  ( -34.13837522783407508, 62.66698887423059716, 97.13206679560168766 ) ) ;
#2078 = CARTESIAN_POINT ( 'NONE',  ( -4.999027960287330430, 28.04662567015114760, 409.0779284778316196 ) ) ;
#2079 = CARTESIAN_POINT ( 'NONE',  ( -46.55663176645393264, 32.31277618867394352, 63.42681692410837258 ) ) ;
#2080 = CARTESIAN_POINT ( 'NONE',  ( 12.77379856570361127, 61.47465582942982110, 64.64648280546400372 ) ) ;
#2081 = CARTESIAN_POINT ( 'NONE',  ( -21.38535298608146817, -45.16833922428637749, 267.0977388997728781 ) ) ;
#2082 = CARTESIAN_POINT ( 'NONE',  ( 13.75281389769910234, -30.08208249844994242, 374.6536346906927406 ) ) ;
#2084 = CARTESIAN_POINT ( 'NONE',  ( -23.80118386296665633, 85.65077816377507247, 336.1676235695212540 ) ) ;
#2083 = CARTESIAN_POINT ( 'NONE',  ( 51.99501039311935813, 17.37301885791549338, 221.5304394140707700 ) ) ;
#2085 = B_SPLINE_CURVE_WITH_KNOTS ( 'NONE', 3,
 ( #4555, #461, #3946, #6992, #1712, #4635, #4672 ),
 .UNSPECIFIED., .F., .F.,
 ( 4, 3, 4 ),
 ( 0.0003337214951897326826, 0.001000000000345559973, 0.003486608391589302199 ),
 .UNSPECIFIED. ) ;
#2086 = CARTESIAN_POINT ( 'NONE',  ( 37.42861628864272916, 63.65742667605971405, 114.5964165876905270 ) ) ;
#2087 = CARTESIAN_POINT ( 'NONE',  ( 22.48739415181663048, 102.1302384031203729, 297.8185938657967426 ) ) ;
#2088 = CARTESIAN_POINT ( 'NONE',  ( -41.19614234901327166, 54.34057742922694700, 102.7199668089417912 ) ) ;
#2089 = CARTESIAN_POINT ( 'NONE',  ( -38.71084230998111764, -22.75033133686379827, 17.38057389337034664 ) ) ;
#2090 = CARTESIAN_POINT ( 'NONE',  ( 47.79082251850025642, 38.60832335765967116, 114.3051390295227208 ) ) ;
#2091 = CARTESIAN_POINT ( 'NONE',  ( -1.803464641817566383, 103.9406128168738519, 221.6256922400351073 ) ) ;
#2092 = CARTESIAN_POINT ( 'NONE',  ( -29.78609513167720380, 83.98009716290319204, 149.0237900884220039 ) ) ;
#2093 = CARTESIAN_POINT ( 'NONE',  ( -47.49811530045569441, 35.58479907405139642, 102.5216095300287691 ) ) ;
#2094 = CARTESIAN_POINT ( 'NONE',  ( 31.69427151984416469, -37.67075881567572537, 282.8772093989214795 ) ) ;
#2095 = CARTESIAN_POINT ( 'NONE',  ( 43.89904129186951565, 32.72168500822475323, 59.56243685336747262 ) ) ;
#2096 = CARTESIAN_POINT ( 'NONE',  ( 9.980351540137981203, 104.9402995163244725, 236.5263991277287232 ) ) ;
#2097 = CARTESIAN_POINT ( 'NONE',  ( 9.242249504135447324, 72.56694937866262762, 91.84136138210448053 ) ) ;
#2098 = CARTESIAN_POINT ( 'NONE',  ( -13.25579312475251825, 78.67447785798130155, 114.9644502979274563 ) ) ;
#2099 = CARTESIAN_POINT ( 'NONE',  ( 34.23927805434021110, 24.35868407753685361, 17.29580206463547398 ) ) ;
#2100 = CARTESIAN_POINT ( 'NONE',  ( -4.676890161362729614, 57.69594724180897316, 52.54223714082039720 ) ) ;
#2101 = CARTESIAN_POINT ( 'NONE',  ( 52.17342083232846051, -8.454408537922516231, 221.5227867090615348 ) ) ;
#2102 = CARTESIAN_POINT ( 'NONE',  ( -17.23583240729107757, 55.72835949198208283, 53.79876909658791106 ) ) ;
#2103 = CARTESIAN_POINT ( 'NONE',  ( 18.93811975678487869, 56.97529099679106679, 53.22263220469624656 ) ) ;
#2104 = CARTESIAN_POINT ( 'NONE',  ( 4.676890161362729614, 57.69594724180897316, 52.54223714082039720 ) ) ;
#2105 = CARTESIAN_POINT ( 'NONE',  ( -28.60348920511897219, 58.10690558805359274, 70.83367326031125799 ) ) ;
#2106 = CARTESIAN_POINT ( 'NONE',  ( -51.12104519766923971, 0.4201243269255702795, 61.09735886581338349 ) ) ;
#2107 = CARTESIAN_POINT ( 'NONE',  ( 32.34828113986073816, 62.65712084613765853, 91.60021337976601785 ) ) ;
#2108 = CARTESIAN_POINT ( 'NONE',  ( 19.39999999930045149, 56.98125940761282493, 53.72114124389371881 ) ) ;
#2109 = CARTESIAN_POINT ( 'NONE',  ( -12.28725237858183483, -7.307018039198926118, 405.9665717087519852 ) ) ;
#2110 = CARTESIAN_POINT ( 'NONE',  ( 0.000000000000000000, -39.54025308811204553, 335.5788767518578197 ) ) ;
#2111 = CARTESIAN_POINT ( 'NONE',  ( 53.78468062388315474, -2.382324169322974861, 201.7386248006254732 ) ) ;
#2112 = CARTESIAN_POINT ( 'NONE',  ( -15.85408331491016476, -53.87172359710689307, 106.4509317065839298 ) ) ;
#2113 = CARTESIAN_POINT ( 'NONE',  ( -39.49396781680359680, 44.83390615362423404, 70.55695550954118289 ) ) ;
#2114 = CARTESIAN_POINT ( 'NONE',  ( -31.69308290258980421, 55.52953847646237762, 70.77503745851173278 ) ) ;
#2115 = CARTESIAN_POINT ( 'NONE',  ( -50.44327984135584586, 48.87434187380578265, 201.7370402385690227 ) ) ;
#2116 = CARTESIAN_POINT ( 'NONE',  ( -47.24531486780618650, 30.55899349304770851, 64.50280779868926118 ) ) ;
#2117 = CARTESIAN_POINT ( 'NONE',  ( 11.12643009962735619, -48.77537923458597646, 251.5998885826404887 ) ) ;
#2119 = CARTESIAN_POINT ( 'NONE',  ( -33.81677979233585063, 55.10907731192936154, 60.96780961069465832 ) ) ;
#2118 = CARTESIAN_POINT ( 'NONE',  ( 53.40112241837380225, 22.42499292019195778, 192.3525794331701206 ) ) ;
#2120 = EDGE_CURVE ( 'NONE', #809, #3730, #610, .T. ) ;
#2121 = CARTESIAN_POINT ( 'NONE',  ( 37.72451202268551640, 61.70839471705765078, 108.6046770190930317 ) ) ;
#2122 = CARTESIAN_POINT ( 'NONE',  ( 22.75947916154166606, 102.2193232325647756, 267.4550559600510837 ) ) ;
#2123 = CARTESIAN_POINT ( 'NONE',  ( -38.05054775049176641, 49.83273435116193184, 75.55304648253354571 ) ) ;
#2124 = CARTESIAN_POINT ( 'NONE',  ( -14.25133133970866162, -16.70220385457432855, 405.1530218015644778 ) ) ;
#2125 = CARTESIAN_POINT ( 'NONE',  ( 42.79150808174496490, 36.77424729584951280, 70.44124639346934202 ) ) ;
#2126 = CARTESIAN_POINT ( 'NONE',  ( -1.418941784856243782, 112.7580379459900257, 320.7469887188660209 ) ) ;
#2127 = CARTESIAN_POINT ( 'NONE',  ( -20.64122102234113854, 100.2593745959623845, 335.5083666441049672 ) ) ;
#2128 = CARTESIAN_POINT ( 'NONE',  ( -43.03702517384608939, 32.94194906696127845, 65.48701222603899907 ) ) ;
#2129 = CARTESIAN_POINT ( 'NONE',  ( 26.49884362715399533, 61.37819076346566760, 68.37742937539640309 ) ) ;
#2130 = CARTESIAN_POINT ( 'NONE',  ( 39.13174945299103058, 52.31605720925809067, 86.04222478980720723 ) ) ;
#2131 = CARTESIAN_POINT ( 'NONE',  ( 9.789273028547555100, 73.33036981719459391, 82.48400406546033992 ) ) ;
#2132 = CARTESIAN_POINT ( 'NONE',  ( 3.864509036503586792, 71.26789571366361997, 86.46940393141089487 ) ) ;
#2133 = CARTESIAN_POINT ( 'NONE',  ( -2.006852427836008701, 71.33920929086373519, 86.46968911461348739 ) ) ;
#2134 = CARTESIAN_POINT ( 'NONE',  ( 17.36460173813738805, 45.92807766765083244, 377.0064863997602629 ) ) ;
#2135 = CARTESIAN_POINT ( 'NONE',  ( -42.87039105141394657, 35.26161835829756797, 71.22109035686253264 ) ) ;
#2136 = CARTESIAN_POINT ( 'NONE',  ( 13.69578346457313422, -9.989204209172893201, 405.8633037638764449 ) ) ;
#2137 = CARTESIAN_POINT ( 'NONE',  ( -18.93914544849987536, 55.66029242548091815, 53.23888800552609268 ) ) ;
#2138 = CARTESIAN_POINT ( 'NONE',  ( 40.87631823241238749, 44.55087485292148131, 60.15365346092633558 ) ) ;
#2139 = CARTESIAN_POINT ( 'NONE',  ( 16.28555357253982194, 60.72744011415027643, 64.85247269327280151 ) ) ;
#2140 = CARTESIAN_POINT ( 'NONE',  ( -32.43727498803368547, 67.63964277044067330, 108.7375777340687080 ) ) ;
#2141 = CARTESIAN_POINT ( 'NONE',  ( -20.77186446429383793, -1.147659261142891518, 380.0333166273094321 ) ) ;
#2142 = CARTESIAN_POINT ( 'NONE',  ( 30.90219812829770163, 56.25119191967112187, 70.79182771793040274 ) ) ;
#2143 = CARTESIAN_POINT ( 'NONE',  ( -37.93983226263175368, 52.13481777347873702, 70.68905744929442392 ) ) ;
#2144 = CARTESIAN_POINT ( 'NONE',  ( -53.55003698899556497, -6.286450079849238648, 82.46846664451251741 ) ) ;
#2145 = CARTESIAN_POINT ( 'NONE',  ( 19.39999971465736905, 55.66610248142157502, 53.73752277776996777 ) ) ;
#2146 = CARTESIAN_POINT ( 'NONE',  ( 53.13786544293289893, -4.874154953485276387, 211.2172985420698978 ) ) ;
#2147 = CARTESIAN_POINT ( 'NONE',  ( -4.886722139382428942, -40.32756449908242047, 9.999999999999998224 ) ) ;
#2148 = CARTESIAN_POINT ( 'NONE',  ( -31.26009567743885142, 49.44721463379807602, 56.54503320971468128 ) ) ;
#2149 = CARTESIAN_POINT ( 'NONE',  ( -46.93859619787694726, 25.04034203608746267, 266.2703234693272520 ) ) ;
#2150 = CARTESIAN_POINT ( 'NONE',  ( -18.93772132869943192, 57.50972569731834483, 53.21625514095850917 ) ) ;
#2151 = CARTESIAN_POINT ( 'NONE',  ( 18.74595051386660316, 59.46908643135586914, 63.87318011855519728 ) ) ;
#2152 = EDGE_CURVE ( 'NONE', #1118, #6669, #6411, .T. ) ;
#2153 = CARTESIAN_POINT ( 'NONE',  ( 7.424921709846808326, -32.70733073914286138, 373.4834306881680845 ) ) ;
#2155 = CARTESIAN_POINT ( 'NONE',  ( -41.78402531656561081, 71.09405487141324897, 149.0297326117815544 ) ) ;
#2154 = CARTESIAN_POINT ( 'NONE',  ( 12.15845021759428946, 9.013626996040636996, 397.2670353353787505 ) ) ;
#2156 = CARTESIAN_POINT ( 'NONE',  ( 36.07008831974283680, 56.74938533526979256, 86.13444729558852941 ) ) ;
#2157 = CARTESIAN_POINT ( 'NONE',  ( 16.18208375570045732, 35.82618134432504320, 9.999999999999998224 ) ) ;
#2158 = CARTESIAN_POINT ( 'NONE',  ( -37.28060110407233907, 51.03596140067809728, 75.57715334488862879 ) ) ;
#2159 = CARTESIAN_POINT ( 'NONE',  ( -49.43156454098385666, -4.785056456049806783, 250.8428210327163868 ) ) ;
#2160 = CARTESIAN_POINT ( 'NONE',  ( -46.75424226978233122, -36.72535689933914682, 192.3790713967543127 ) ) ;
#2161 = CARTESIAN_POINT ( 'NONE',  ( 49.01786103886240653, 33.89056009937770142, 120.4635807194380277 ) ) ;
#2162 = CARTESIAN_POINT ( 'NONE',  ( -5.316818507498569879, 103.7954597091291475, 221.6253752850881256 ) ) ;
#2163 = CARTESIAN_POINT ( 'NONE',  ( -27.74070868876810536, 85.34347040463742928, 149.0231241793019876 ) ) ;
#2164 = CARTESIAN_POINT ( 'NONE',  ( -42.71816456701126441, 30.54988444253868352, 60.75827627718978619 ) ) ;
#2165 = CARTESIAN_POINT ( 'NONE',  ( 16.56923544899320788, 58.85720336237480410, 53.02633817831918606 ) ) ;
#2166 = CARTESIAN_POINT ( 'NONE',  ( 36.58594724968098433, 54.12731903087865959, 80.75210759104500369 ) ) ;
#2167 = CARTESIAN_POINT ( 'NONE',  ( 8.861555408228094066, 109.4269310454697859, 283.8049806235394499 ) ) ;
#2168 = CARTESIAN_POINT ( 'NONE',  ( 8.464152167826915374, 63.57655810837415089, 65.98808440714029189 ) ) ;
#2169 = CARTESIAN_POINT ( 'NONE',  ( -9.096511528673516978, 70.80804811111514141, 86.46588928349711978 ) ) ;
#2170 = CARTESIAN_POINT ( 'NONE',  ( 41.54199038178167314, 51.92417856843788115, 96.91982331231207581 ) ) ;
#2171 = CARTESIAN_POINT ( 'NONE',  ( 41.19132808344209451, 60.64087943332545194, 282.8478235383603874 ) ) ;
#2172 = CARTESIAN_POINT ( 'NONE',  ( -46.20261552809201078, 27.10604614702791793, 75.84357391509468016 ) ) ;
#2173 = CARTESIAN_POINT ( 'NONE',  ( 18.57920417521961909, -12.54445907286658191, 397.0909501296287090 ) ) ;
#2174 = CARTESIAN_POINT ( 'NONE',  ( -11.04209958449060025, 57.13830961409147591, 53.44617636880752087 ) ) ;
#2175 = CARTESIAN_POINT ( 'NONE',  ( 19.39999999930045149, 56.07426986426111171, 54.69318979745873577 ) ) ;
#2176 = CARTESIAN_POINT ( 'NONE',  ( 29.28745456234588929, 93.28317127214548066, 297.6592065546701065 ) ) ;
#2177 = CARTESIAN_POINT ( 'NONE',  ( 32.35893837798229100, 46.55085721578900859, 55.32945594277534695 ) ) ;
#2178 = CARTESIAN_POINT ( 'NONE',  ( -27.10402065372955249, 59.14993053903548059, 70.85713968216826686 ) ) ;
#2179 = CARTESIAN_POINT ( 'NONE',  ( -42.78846816255977359, 2.760672116481881933, 296.6675550880671608 ) ) ;
#2180 = CARTESIAN_POINT ( 'NONE',  ( 31.46591553756437065, 57.79111310593967232, 75.73104633127448437 ) ) ;
#2181 = CARTESIAN_POINT ( 'NONE',  ( 19.39999999930041952, 57.19302574422281538, 56.99204233192523361 ) ) ;
#2182 = CARTESIAN_POINT ( 'NONE',  ( -55.97434119395909136, -6.251349130238918583, 125.3254253630573203 ) ) ;
#2183 = CARTESIAN_POINT ( 'NONE',  ( 9.156231734339618434E-14, -40.43996528639333121, 10.00000000000000000 ) ) ;
#2184 = CARTESIAN_POINT ( 'NONE',  ( 51.09353478850454167, -3.806104729358157357, 235.9987838099168300 ) ) ;
#2185 = CARTESIAN_POINT ( 'NONE',  ( -9.208333800143218895, -50.29698218119050779, 236.3464691478035604 ) ) ;
#2186 = PRODUCT_DEFINITION_CONTEXT ( 'detailed design', #861, 'design' ) ;
#2187 = CARTESIAN_POINT ( 'NONE',  ( -29.33463319085766230, 51.26070470051198669, 56.58184650524782455 ) ) ;
#2188 = CARTESIAN_POINT ( 'NONE',  ( -49.84438019342842097, 15.27997492398673174, 61.07875177287905899 ) ) ;
#2189 = CARTESIAN_POINT ( 'NONE',  ( -19.40000000029203520, 57.77734491157256969, 53.24794919343327138 ) ) ;
#2190 = CARTESIAN_POINT ( 'NONE',  ( -19.40000000029201388, 60.04910175525080973, 64.02115082888181519 ) ) ;
#2191 = CARTESIAN_POINT ( 'NONE',  ( 14.11584708883676775, -48.40876859996338766, 251.5710068941758379 ) ) ;
#2193 = CARTESIAN_POINT ( 'NONE',  ( -29.39596929085667298, 88.14851403850907730, 309.2699275837656501 ) ) ;
#2192 = CARTESIAN_POINT ( 'NONE',  ( 36.95249142713322499, 0.2541063640927146983, 10.00000000000000178 ) ) ;
#2194 = CARTESIAN_POINT ( 'NONE',  ( 23.86552304318952622, 100.8123753572583468, 251.7503358475797199 ) ) ;
#2195 = CARTESIAN_POINT ( 'NONE',  ( -35.35922695110128444, 44.36377575481567703, 56.44757621687037386 ) ) ;
#2196 = CARTESIAN_POINT ( 'NONE',  ( -53.15628205813288787, -3.904638847132464452, 211.2173005124139991 ) ) ;
#2197 = CARTESIAN_POINT ( 'NONE',  ( -44.03386269118508523, -35.87400027546803472, 61.09835989339656948 ) ) ;
#2198 = CARTESIAN_POINT ( 'NONE',  ( 44.46165180618633883, 30.93907486204074786, 70.38092601483847943 ) ) ;
#2199 = CARTESIAN_POINT ( 'NONE',  ( 0.000000000000000000, 107.4661037658447498, 251.8734979200430928 ) ) ;
#2200 = CARTESIAN_POINT ( 'NONE',  ( -22.25583775167117651, 49.79309130603478195, 34.00433718268447336 ) ) ;
#2201 = CARTESIAN_POINT ( 'NONE',  ( -48.20134905331240560, 32.20895752071695739, 102.4993144055080876 ) ) ;
#2202 = CARTESIAN_POINT ( 'NONE',  ( 38.62210806726216106, 51.10649144277712708, 80.68913668008963214 ) ) ;
#2203 = CARTESIAN_POINT ( 'NONE',  ( 11.85814001269010021, 109.2681809741752232, 297.9630213751139536 ) ) ;
#2204 = CARTESIAN_POINT ( 'NONE',  ( 14.58317342953945861, 64.30752195071609378, 70.94659000759941136 ) ) ;
#2205 = CARTESIAN_POINT ( 'NONE',  ( -9.752388496892404390, 61.48012008388035099, 61.22773829640089360 ) ) ;
#2206 = CARTESIAN_POINT ( 'NONE',  ( 42.61894986501540927, 54.89986409005791046, 114.4544469947424403 ) ) ;
#2207 = CARTESIAN_POINT ( 'NONE',  ( 5.000607319111026072, 34.98267493087544722, 409.0779284778315628 ) ) ;
#2208 = CARTESIAN_POINT ( 'NONE',  ( -15.78824046105049561, 55.85769423110305354, 53.00195647401955767 ) ) ;
#2209 = CARTESIAN_POINT ( 'NONE',  ( 44.11414584183997079, -15.46038235363510616, 282.2216683827899715 ) ) ;
#2210 = CARTESIAN_POINT ( 'NONE',  ( -18.93801911860686005, 57.10889907205191207, 53.22102488341935356 ) ) ;
#2211 = DIRECTION ( 'NONE',  ( 3.824024430443292946E-11, 0.9198229214394300080, -0.3923337777895655187 ) ) ;
#2212 = CARTESIAN_POINT ( 'NONE',  ( 39.28177702882064892, 80.54473882113477146, 192.3791025872763498 ) ) ;
#2213 = ORIENTED_EDGE ( 'NONE', *, *, #5754, .T. ) ;
#2214 = CARTESIAN_POINT ( 'NONE',  ( 33.78293861355779626, 50.87319123145640276, 67.31687160789212498 ) ) ;
#2215 = B_SPLINE_CURVE_WITH_KNOTS ( 'NONE', 3,
 ( #6058, #2025, #3767, #5524, #320, #4952, #7270, #1116, #509, #5639, #7344, #6734, #6882, #6807, #2779, #5024, #5137, #3846, #397, #7454, #7415, #5753, #5100, #6323, #3918, #3423, #2138, #4566, #547, #5679, #2852, #5176 ),
 .UNSPECIFIED., .F., .F.,
 ( 4, 2, 2, 2, 2, 2, 2, 2, 2, 2, 2, 2, 2, 2, 2, 4 ),
 ( 0.000000000000000000, 0.01476445787082451659, 0.01845557233853064791, 0.02030112957238371096, 0.02214668680623677402, 0.02583780127394291054, 0.02952891574164904706, 0.03137447297550210318, 0.03322003020935516276, 0.03691114467706126806, 0.04060225914476737336, 0.04429337361247347171, 0.04613893084632651742, 0.04798448808017956313, 0.05167560254788566149, 0.05905783148329787208 ),
 .UNSPECIFIED. ) ;
#2216 = CARTESIAN_POINT ( 'NONE',  ( -27.91591796442508056, 64.27496463949827898, 86.32428553187304487 ) ) ;
#2217 = CARTESIAN_POINT ( 'NONE',  ( -46.10908392636976316, -0.6964172412991556094, 34.39493335455203038 ) ) ;
#2218 = CARTESIAN_POINT ( 'NONE',  ( 29.07439408961406357, 51.47987887192050493, 56.58596939717898522 ) ) ;
#2219 = CARTESIAN_POINT ( 'NONE',  ( 35.27833648814064560, 46.27106950976999400, 59.72345874027300283 ) ) ;
#2220 = CARTESIAN_POINT ( 'NONE',  ( -38.11479169818781543, -6.660225949632801346, 322.2740212379210334 ) ) ;
#2221 = CARTESIAN_POINT ( 'NONE',  ( 0.3234059236387126779, -47.92900152199584340, 34.31797925651743242 ) ) ;
#2222 = CARTESIAN_POINT ( 'NONE',  ( 40.57490537411622711, -5.214291584286022463, 309.1853924264085549 ) ) ;
#2223 = CARTESIAN_POINT ( 'NONE',  ( -7.001698426487832805, -39.03804204972453107, 335.7195499923483908 ) ) ;
#2224 = CARTESIAN_POINT ( 'NONE',  ( -33.75662401653458033, 66.37675778209631972, 108.7052254851686683 ) ) ;
#2225 = CARTESIAN_POINT ( 'NONE',  ( -50.23826425333585632, 30.58972356725297104, 236.0837281518339239 ) ) ;
#2226 = CARTESIAN_POINT ( 'NONE',  ( 0.000000000000000000, 60.79295007846437215, 52.54223714097110332 ) ) ;
#2227 = CARTESIAN_POINT ( 'NONE',  ( 6.413310309124981679, 60.54675983203051004, 52.60380560580117759 ) ) ;
#2228 = CARTESIAN_POINT ( 'NONE',  ( 9.824390195812002347, -52.68724648062529070, 201.7516897827515834 ) ) ;
#2230 = CARTESIAN_POINT ( 'NONE',  ( -40.88846983969705917, 76.05783718119577941, 174.9426580378350593 ) ) ;
#2229 = CARTESIAN_POINT ( 'NONE',  ( 4.946233518939884277, 8.250245127363310615, 409.0779284778314491 ) ) ;
#2231 = CARTESIAN_POINT ( 'NONE',  ( 26.78196359422627282, 98.89693495956190361, 283.5239600868661114 ) ) ;
#2232 = CARTESIAN_POINT ( 'NONE',  ( -36.07008831974757612, 56.74938533528239049, 86.13444729563983060 ) ) ;
#2233 = CARTESIAN_POINT ( 'NONE',  ( -51.09353478850454167, -3.806104729358157357, 235.9987838099168300 ) ) ;
#2234 = CARTESIAN_POINT ( 'NONE',  ( 47.48579479104009948, 23.10449601672281617, 80.36298818473825634 ) ) ;
#2235 = CARTESIAN_POINT ( 'NONE',  ( -44.10774406898696753, -41.98864981668091900, 106.4642891852233930 ) ) ;
#2236 = CARTESIAN_POINT ( 'NONE',  ( 0.000000000000000000, 105.7791907876932385, 236.5351059486960139 ) ) ;
#2237 = CARTESIAN_POINT ( 'NONE',  ( -29.74965023833557254, 73.75301923896574863, 106.4381105177280347 ) ) ;
#2238 = CARTESIAN_POINT ( 'NONE',  ( -41.89605567940243702, 36.43898717246861452, 65.52680957041961562 ) ) ;
#2239 = CARTESIAN_POINT ( 'NONE',  ( 3.223438150049924733, 60.87471387491149954, 52.86152466969571861 ) ) ;
#2240 = CARTESIAN_POINT ( 'NONE',  ( 36.03259525093498894, 48.31586084489681099, 65.71603279894840455 ) ) ;
#2241 = CARTESIAN_POINT ( 'NONE',  ( 8.108821138904701797, 112.8856529317305757, 352.9526403242312540 ) ) ;
#2242 = CARTESIAN_POINT ( 'NONE',  ( 13.41905992901819999, 66.46767125511347274, 75.91337367439706441 ) ) ;
#2243 = CARTESIAN_POINT ( 'NONE',  ( -7.527281398374229049, 72.76604760402403826, 91.84325665207671818 ) ) ;
#2244 = CIRCLE ( 'NONE', #5912, 0.4999999999999991673 ) ;
#2245 = CARTESIAN_POINT ( 'NONE',  ( 40.05879795949170585, 48.55679609657921958, 80.64082744652822043 ) ) ;
#2246 = CARTESIAN_POINT ( 'NONE',  ( 50.84127088860925170, 48.09951774373319466, 192.3627255296877081 ) ) ;
#2247 = DIRECTION ( 'NONE',  ( 0.000000000000000000, -0.9201053360492638111, 0.3916709978715189333 ) ) ;
#2248 = CARTESIAN_POINT ( 'NONE',  ( 51.39579043097577227, -16.76838037746352228, 221.5232807294753457 ) ) ;
#2249 = CARTESIAN_POINT ( 'NONE',  ( 18.93811975678487869, 56.97529099679106679, 53.22263220469624656 ) ) ;
#2250 = CARTESIAN_POINT ( 'NONE',  ( 18.89999999930045860, 55.66659322484436956, 53.73731346006706389 ) ) ;
#2251 = CARTESIAN_POINT ( 'NONE',  ( 37.51350736813993336, 86.56911634437325631, 251.5572037915497106 ) ) ;
#2252 = ORIENTED_EDGE ( 'NONE', *, *, #7446, .T. ) ;
#2253 = CARTESIAN_POINT ( 'NONE',  ( 0.000000000000000000, 67.75888104428730685, 75.92133414053918727 ) ) ;
#2254 = ADVANCED_FACE ( 'NONE', ( #3503 ), #932, .T. ) ;
#2255 = CARTESIAN_POINT ( 'NONE',  ( -24.00509689045586015, 60.95120852801137801, 70.89588016004672966 ) ) ;
#2256 = CARTESIAN_POINT ( 'NONE',  ( -45.40450990695145350, -2.075405332464517638, 282.1692121806762543 ) ) ;
#2257 = CARTESIAN_POINT ( 'NONE',  ( 31.88647327627094796, 61.21827448970537944, 86.24417647008533550 ) ) ;
#2258 = CARTESIAN_POINT ( 'NONE',  ( 12.61323471531442486, 61.03809608743706860, 63.48094005486527891 ) ) ;
#2259 = CARTESIAN_POINT ( 'NONE',  ( -40.09261264076619824, -14.60005429256910858, 309.1902383625011339 ) ) ;
#2260 = CARTESIAN_POINT ( 'NONE',  ( 0.000000000000000000, -52.47315856824187108, 211.1919248396908415 ) ) ;
#2261 = CARTESIAN_POINT ( 'NONE',  ( 56.05901895453044403, -4.988790032442620870, 149.0515953679359313 ) ) ;
#2262 = CARTESIAN_POINT ( 'NONE',  ( -7.351056648157799245, -52.86114351108469833, 201.7519393147382800 ) ) ;
#2263 = CARTESIAN_POINT ( 'NONE',  ( -32.00497204785149563, 57.29899320761891346, 75.71905314029221756 ) ) ;
#2264 = EDGE_CURVE ( 'NONE', #2018, #1340, #1689, .T. ) ;
#2265 = CARTESIAN_POINT ( 'NONE',  ( -53.02998276052028359, 28.38348271631965503, 192.3545821869253416 ) ) ;
#2266 = CARTESIAN_POINT ( 'NONE',  ( 0.000000000000000000, 62.13249092479360769, 55.75675664197579806 ) ) ;
#2267 = CARTESIAN_POINT ( 'NONE',  ( 9.832425046728971552, -43.86082796538939022, 297.7725144832018032 ) ) ;
#2269 = CARTESIAN_POINT ( 'NONE',  ( -31.00483026633205341, 83.39734083586438373, 309.2640635646434930 ) ) ;
#2268 = CARTESIAN_POINT ( 'NONE',  ( 42.12838131198974168, 12.95620478889802385, 296.7153810398037308 ) ) ;
#2270 =( GEOMETRIC_REPRESENTATION_CONTEXT ( 3 ) GLOBAL_UNCERTAINTY_ASSIGNED_CONTEXT ( ( #521 ) ) GLOBAL_UNIT_ASSIGNED_CONTEXT ( ( #1069, #6423, #2279 ) ) REPRESENTATION_CONTEXT ( 'NONE', 'WORKASPACE' ) );
#2271 = CARTESIAN_POINT ( 'NONE',  ( 22.17261174236030286, 94.11832557995353454, 335.7801352291295416 ) ) ;
#2272 = CARTESIAN_POINT ( 'NONE',  ( -37.35703423373951182, 60.51734818238222147, 102.8303576341872656 ) ) ;
#2273 = CARTESIAN_POINT ( 'NONE',  ( -22.23942341908861309, -4.517477641715570869, 380.0832776198726606 ) ) ;
#2274 = CARTESIAN_POINT ( 'NONE',  ( -19.40000000029201388, 57.51556756534277781, 53.71480826239525896 ) ) ;
#2275 = CARTESIAN_POINT ( 'NONE',  ( -44.35047980357051500, -35.52260093429034526, 221.5266786259768139 ) ) ;
#2276 = CARTESIAN_POINT ( 'NONE',  ( -10.83233969770155625, 98.93591998410435906, 192.3907531197693572 ) ) ;
#2277 = CARTESIAN_POINT ( 'NONE',  ( -21.31489111843148621, 98.15655312074666483, 335.5946005707174891 ) ) ;
#2278 = CARTESIAN_POINT ( 'NONE',  ( -43.78972398627237084, 39.50972593188666337, 80.50470175257628114 ) ) ;
#2279 =( NAMED_UNIT ( * ) SI_UNIT ( $, .STERADIAN. ) SOLID_ANGLE_UNIT ( ) );
#2280 = CARTESIAN_POINT ( 'NONE',  ( 36.44683527177576821, 52.19580433263034536, 75.60147947683267944 ) ) ;
#2281 = CARTESIAN_POINT ( 'NONE',  ( 16.07050646366812074, 107.1684641406035468, 371.7344176748466111 ) ) ;
#2282 = CARTESIAN_POINT ( 'NONE',  ( 17.22350815481105712, 70.93294018951478108, 91.81726636749756665 ) ) ;
#2283 = CARTESIAN_POINT ( 'NONE',  ( -4.016322367044628194, 76.44917661124982544, 103.2088541918689231 ) ) ;
#2284 = CARTESIAN_POINT ( 'NONE',  ( 39.34624851514639232, 39.87732802581221847, 60.87105268069716146 ) ) ;
#2285 = CARTESIAN_POINT ( 'NONE',  ( 46.18675434505338728, 38.24548367965716977, 266.4196411871761256 ) ) ;
#2286 = CARTESIAN_POINT ( 'NONE',  ( -41.55371611890305417, 58.37928579955492836, 120.0000000000000284 ) ) ;
#2287 = CARTESIAN_POINT ( 'NONE',  ( 41.78547143484892956, -23.87017391594320870, 282.3845097817015812 ) ) ;
#2288 = CARTESIAN_POINT ( 'NONE',  ( -18.74595051484778452, 59.46908643104374192, 63.87318011863325751 ) ) ;
#2289 = CARTESIAN_POINT ( 'NONE',  ( -19.40000000029201388, 58.62978639115784318, 60.68871432030941548 ) ) ;
#2290 = CARTESIAN_POINT ( 'NONE',  ( 14.81213203188166538, 81.73421774117304039, 373.6659852995044844 ) ) ;
#2291 = ORIENTED_EDGE ( 'NONE', *, *, #4301, .T. ) ;
#2292 = CARTESIAN_POINT ( 'NONE',  ( 1.951486993217688592, 67.75888104428730685, 75.92133414053918727 ) ) ;
#2293 = CARTESIAN_POINT ( 'NONE',  ( -24.85829983476099159, 54.47286433470181066, 56.63802257579130384 ) ) ;
#2294 = CARTESIAN_POINT ( 'NONE',  ( -52.43401693233246164, -2.266217458933043272, 221.5230710872884856 ) ) ;
#2295 = CARTESIAN_POINT ( 'NONE',  ( 33.72377456294771747, 61.32665736305717274, 91.56568082340730541 ) ) ;
#2296 = CARTESIAN_POINT ( 'NONE',  ( 0.000000000000000000, 62.13972375767053080, 63.20604504837260151 ) ) ;
#2297 = CARTESIAN_POINT ( 'NONE',  ( -34.97154498934823152, -10.13984152677282324, 338.8834781932129658 ) ) ;
#2298 = CARTESIAN_POINT ( 'NONE',  ( 15.19115879784430945, 74.51265384113496282, 374.3194744203620985 ) ) ;
#2299 = CARTESIAN_POINT ( 'NONE',  ( 15.08066135017003440, -4.769072312348520803, 397.6273485648173391 ) ) ;
#2300 = CARTESIAN_POINT ( 'NONE',  ( -6.118771378756190593, -45.90308176366131221, 283.5557152277190767 ) ) ;
#2301 = B_SPLINE_SURFACE_WITH_KNOTS ( 'NONE', 3, 3, ( 
 ( #876, #3188, #5511, #1372, #2545, #4867, #307, #7184, #1978, #7257, #1591, #2199, #2236, #4552, #7367, #1104, #496, #5626, #7331, #6721, #6868, #6794, #2766, #5012, #5124, #3832, #385 ),
 ( #3868, #5740, #5086, #6309, #3905, #3410, #2126, #1669, #534, #5666, #2838, #5163, #3982, #2091, #4403, #3265, #6233, #4510, #1519, #5590, #2694, #7440, #1027, #6758, #6159, #1631, #956 ),
 ( #3338, #6830, #4439, #1554, #6197, #992, #458, #3303, #420, #2731, #4474, #3943, #5047, #2162, #7403, #6273, #1066, #3375, #5704, #2801, #4059, #3484, #6382, #6949, #4591, #4095, #1177 ),
 ( #5816, #3446, #6420, #6346, #1140, #2352, #6988, #612, #4631, #7479, #6910, #1784, #571, #2915, #1213, #5778, #2276, #1708, #4021, #2875, #5202, #2, #2316, #1746, #5243, #41, #4669 ),
 ( #6354, #7108, #2962, #1148, #5253, #5787, #1221, #3607, #5936, #5896, #6429, #1296, #5860, #657, #4750, #1867, #2325, #5287, #5211, #6998, #692, #732, #4678, #1905, #4641, #4138, #84 ),
 ( #6959, #2398, #3000, #4104, #4713, #11, #7033, #3456, #51, #4177, #581, #5825, #7070, #2924, #4068, #2883, #6504, #3038, #3530, #1756, #623, #160, #1829, #6391, #5365, #2473, #2362 ),
 ( #5326, #4790, #1794, #122, #1186, #6466, #3493, #1256, #3567, #2436, #1257, #5897, #5403, #234, #2546, #6012, #1336, #3681, #3531, #4139, #658, #3115, #3645, #733, #5327, #1979, #1906 ),
 ( #5975, #4868, #1830, #805, #5441, #7185, #5861, #4292, #6577, #5366, #1222, #2963, #5288, #768, #1373, #161, #3608, #4178, #85, #2399, #6505, #4714, #124, #1868, #2437, #4751, #7147 ),
 ( #3039, #1945, #4255, #7034, #2474, #6467, #1297, #3077, #3568, #7071, #693, #3001, #6542, #4791, #7109, #4217, #5937, #198, #2511, #4830, #421, #3189, #7368, #6122, #6722, #6759, #1555 ),
 ( #5512, #4329, #840, #4440, #6198, #1482, #3717, #6083, #2732, #347, #6046, #3869, #7332, #877, #5048, #7296, #3304, #918, #2163, #6645, #993, #5627, #2658, #6611, #1407, #3149, #5475 ),
 ( #3228, #1520, #271, #2580, #4903, #2127, #5553, #7221, #2618, #1441, #3794, #957, #3755, #2014, #6684, #308, #4940, #7258, #2092, #4979, #4404, #3833, #6160, #5013, #2051, #4366, #3266 ),
 ( #5591, #386, #2695, #43, #459, #2277, #6311, #3983, #535, #7404, #5667, #1067, #6869, #5818, #3376, #5245, #1105, #4592, #4633, #6951, #2237, #3486, #2876, #497, #2200, #1592, #1748 ),
 ( #3944, #614, #5741, #3906, #2317, #5203, #6274, #2917, #5164, #1179, #3411, #4475, #4511, #4061, #6795, #2839, #6234, #1028, #6384, #3339, #2767, #5087, #7480, #6911, #6831, #1632, #5705 ),
 ( #1710, #2802, #5125, #7441, #4553, #572, #1670, #4022, #6347, #3, #1141, #3447, #5779, #4131, #6534, #4671, #6571, #2391, #7026, #1327, #1365, #3674, #7139, #2467, #4823, #6991, #5281 ),
 ( #4247, #4784, #7063, #1786, #4097, #1937, #6459, #7102, #6005, #2956, #798, #3108, #5435, #6422, #2354, #191, #6496, #1215, #3522, #5854, #1899, #2504, #1290, #4742, #5318, #651, #78 ),
 ( #1860, #4706, #1823, #4210, #2429, #1249, #3560, #724, #3638, #5890, #686, #3599, #5968, #114, #5928, #2992, #3031, #4169, #5358, #153, #761, #3070, #5396, #4322, #5469, #1973, #5582 ),
 ( #4934, #910, #3143, #3259, #4284, #6040, #379, #5544, #7179, #301, #6714, #3862, #2008, #4396, #6752, #3221, #950, #7213, #4896, #6605, #7289, #1548, #6189, #6639, #228, #340, #6115 ),
 ( #1513, #4359, #1435, #1401, #264, #2540, #3825, #7252, #986, #3297, #2688, #4862, #3749, #6152, #6076, #5006, #3711, #4432, #2574, #871, #7324, #834, #3182, #2119, #2651, #5504, #2611 ),
 ( #2044, #6677, #4972, #1474, #3787, #2084, #565, #2193, #5734, #6942, #6226, #5196, #7513, #1740, #414, #2869, #3439, #2230, #2310, #2725, #4625, #527, #5772, #4545, #490, #1059, #5040 ),
 ( #7360, #2796, #4052, #6376, #5156, #5697, #1171, #5118, #7434, #4013, #1134, #1584, #6862, #4467, #6265, #7473, #5620, #3936, #2155, #3898, #1662, #3975, #1020, #3331, #6786, #6303, #5658 ),
 ( #2832, #450, #1097, #3404, #3369, #2760, #5080, #2269, #7397, #4504, #4585, #6824, #1624, #6340, #6902, #1702, #605, #35, #3022, #5237, #1241, #1318, #644, #2420, #7017, #4734, #6981 ),
 ( #4774, #4237, #4089, #7055, #5349, #3552, #1852, #2346, #4160, #5810, #4699, #3628, #3478, #2948, #1889, #71, #1207, #4663, #5958, #3061, #5881, #2909, #5274, #4812, #6487, #1778, #752 ),
 ( #6414, #678, #2458, #7130, #2383, #145, #2494, #1280, #4200, #1814, #4123, #3515, #7092, #1927, #6562, #6451, #5847, #3589, #5919, #2984, #5309, #6525, #106, #714, #5387, #181, #1356 ),
 ( #3665, #3098, #789, #5425, #5996, #6454, #7022, #1894, #38, #1932, #5277, #2387, #4204, #4242, #6566, #2499, #5353, #185, #2349, #647, #4666, #7134, #149, #4737, #1817, #6000, #5923 ),
 ( #718, #3669, #4702, #4126, #5850, #6491, #7097, #2987, #1284, #4092, #3593, #6985, #1244, #3065, #5240, #3555, #3633, #5884, #2951, #1781, #5391, #4817, #109, #6417, #681, #1360, #3026 ),
 ( #793, #2462, #1210, #5312, #6529, #3518, #2424, #1322, #74, #4778, #5963, #7058, #1855, #4164, #756, #2115, #6746, #7208, #3103, #6110, #1469, #4427, #4891, #7283, #7247, #2003, #4279 ),
 ( #4966, #3138, #4857, #3177, #2535, #5538, #4316, #3706, #296, #3781, #334, #905, #2039, #6035, #1507, #2606, #2683, #4390, #2645, #2569, #1543, #829, #5464, #944, #5001, #3216, #4929 ),
 ( #2078, #6708, #3858, #3819, #6184, #6634, #1430, #5500, #4354, #259, #6600, #3253, #6672, #5576, #6146, #373, #1396, #3744, #5430, #223, #7319, #7174, #6071, #1968, #866, #5768, #561 ),
 ( #6898, #2828, #7508, #5615, #5035, #523, #2721, #6260, #6336, #5653, #7429, #4499, #2225, #4462, #6781, #6857, #2265, #1735, #5152, #1015, #7355, #1054, #409, #3399, #2755, #1579, #5692 ),
 ( #3292, #5192, #3326, #445, #7469, #2304, #4619, #2865, #1093, #3435, #2149, #3893, #6221, #6937, #5730, #484, #5074, #4047, #1657, #4581, #981, #3970, #7392, #2188, #6819, #3364, #2791 ),
 ( #1129, #5113, #1619, #3930, #4540, #1697, #6298, #4009, #1236, #1809, #5805, #4806, #4118, #3055, #2942, #7012, #5269, #66, #4768, #708, #5381, #3473, #2903, #5913, #600, #6446, #4194 ),
 ( #4694, #1921, #2342, #4155, #672, #5876, #2415, #1773, #30, #2378, #3547, #175, #2978, #7124, #5304, #6482, #6519, #1312, #100, #2488, #7086, #4729, #4084, #5231, #3622, #7050, #1847 ),
 ( #1274, #4658, #5952, #1883, #639, #6371, #3583, #1166, #3016, #6976, #6408, #746, #1202, #5343, #3510, #5842, #139, #2452, #7310, #5419, #6061, #6660, #4231, #212, #2525, #7273, #855 ),
 ( #4844, #1958, #2068, #3164, #6698, #3732, #4380, #7164, #4269, #6556, #4993, #5489, #1350, #3128, #3659, #6624, #1496, #3808, #3770, #4306, #6136, #285, #2594, #2635, #934, #6590, #4918 ),
 ( #1386, #7236, #247, #2028, #3695, #6025, #4343, #5528, #5990, #820, #1457, #6098, #1992, #894, #3092, #3204, #783, #5454, #3244, #2559, #4881, #4955, #7198, #1420, #323, #5567, #361 ),
 ( #2673, #5027, #5142, #3849, #400, #7459, #7420, #1534, #2179, #1085, #5759, #3884, #6290, #1121, #5105, #2820, #1570, #6773, #6175, #1649, #3428, #553, #6213, #2106, #2217, #476, #2857 ),
 ( #3922, #2710, #5644, #2141, #4491, #3962, #4454, #970, #6811, #3282, #4530, #1008, #7347, #1610, #2783, #5605, #6737, #3318, #437, #3391, #5181, #4418, #6889, #6848, #4571, #2747, #5065 ),
 ( #4001, #5722, #6251, #7384, #1046, #1687, #3356, #514, #5684, #2256, #6328, #4038, #7498, #2294, #4610, #6928, #1726, #6343, #3481, #1628, #4017, #6379, #2835, #568, #6827, #4507, #6791 ),
 ( #2912, #1024, #1666, #2273, #7364, #3335, #5663, #2872, #3979, #455, #3372, #7400, #2233, #1705, #2196, #1588, #7437, #3902, #4588, #3940, #2763, #6306, #493, #5813, #4628, #1101, #5083 ),
 ( #6945, #1137, #6905, #6270, #1174, #1063, #5701, #5199, #1743, #7476, #4549, #2159, #6230, #2313, #2799, #3442, #608, #5121, #4056, #4471, #6865, #3407, #5737, #7516, #531, #5160, #5775 ),
 ( #7167, #2528, #1886, #6559, #3019, #2031, #1353, #288, #178, #4234, #2491, #4809, #1995, #5457, #2597, #711, #142, #3131, #5346, #3662, #1423, #749, #4847, #7127, #1961, #7089, #4197 ),
 ( #4346, #6522, #4272, #250, #5993, #6593, #2455, #1389, #5916, #1924, #3735, #3586, #3058, #4309, #786, #1315, #4771, #6064, #3167, #3095, #3625, #5384, #4921, #3698, #5955, #858, #6627 ),
 ( #6028, #5422, #215, #5492, #822, #2562, #7239, #4884, #7201, #6663, #6814, #1049, #3852, #6101, #937, #2786, #2713, #897, #1614, #2182, #3247, #5108, #2144, #5687, #3285, #7423, #1499 ),
 ( #4494, #5570, #6139, #3207, #1010, #479, #2220, #365, #1460, #4457, #7350, #4534, #2677, #5647, #5609, #4996, #2638, #6701, #3773, #5068, #6178, #5531, #326, #3811, #4958, #440, #7313 ),
 ( #3359, #2109, #4421, #6740, #2750, #7276, #2071, #6254, #1574, #3925, #4383, #1537, #974, #403, #3888, #5030, #6776, #6216, #3321, #7387, #2972, #23, #5297, #6332, #1124, #6931, #1729 ),
 ( #4688, #3467, #4112, #1652, #6439, #2297, #2895, #5799, #5145, #4613, #6293, #94, #4041, #3541, #3430, #7501, #5762, #556, #5263, #1196, #5869, #3965, #3394, #6402, #1088, #6365, #7007 ),
 ( #2860, #594, #2823, #7463, #5225, #633, #2409, #2259, #2336, #3504, #1160, #4652, #5725, #1767, #6851, #6970, #517, #5184, #4079, #5836, #2934, #4574, #6892, #1803, #61, #1230, #2372 ),
 ( #666, #1690, #4004, #169, #4149, #3263, #2482, #1517, #1306, #5374, #3616, #5945, #3225, #6681, #3830, #1840, #1266, #4363, #6476, #4799, #2655, #1876, #3653, #740, #5983, #702, #3010 ),
 ( #776, #5550, #3086, #1479, #7117, #5412, #3577, #206, #7043, #3047, #4976, #4723, #4187, #344, #1915, #2446, #5907, #7293, #4401, #4225, #5338, #6513, #6157, #2519, #133, #2089, #6719 ),
 ( #6550, #3791, #954, #1344, #6119, #5588, #4838, #383, #7155, #2048, #4761, #915, #7080, #6345, #6792, #2692, #5702, #1064, #1707, #4472, #6867, #6828, #1589, #3866, #418, #5010, #6308 ),
 ( #2764, #2124, #5123, #3903, #3301, #3445, #6271, #533, #4019, #1629, #5624, #1103, #7401, #2275, #3981, #7439, #2160, #1139, #2729, #5045, #2837, #4590, #2800, #2197, #7329, #4437, #1552 ),
 ( #6231, #5162, #6756, #1025, #3409, #3336, #7365, #6195, #7478, #6909, #5084, #990, #5664, #5777, #3941, #456, #4508, #5739, #3373, #494, #2235, #4551, #1668, #1896, #611, #3028, #7099 ),
 ( #5242, #1, #111, #4206, #6531, #4668, #570, #3557, #6456, #1324, #2351, #4739, #4704, #6987, #1745, #5815, #2874, #4166, #5279, #3635, #5201, #2914, #4780, #7060, #1783, #2389, #76 ),
 ( #40, #4094, #1857, #2315, #4630, #5355, #683, #150, #6947, #3483, #4058, #2464, #2989, #7024, #6419, #6381, #1246, #5315, #1176, #5886, #1212, #3520, #5852, #649, #2953, #1819, #4128 ),
 ( #2426, #6493, #1286, #3595, #5925, #721, #4244, #1398, #5393, #4393, #3708, #2648, #2537, #6602, #4859, #7176, #4356, #298, #4969, #3067, #2501, #5501, #188, #6037, #3784, #3105, #4893 ),
 ( #1510, #1934, #3746, #831, #3179, #3671, #7286, #7136, #1970, #3140, #2081, #1362, #1471, #4819, #6568, #6112, #6073, #6002, #5466, #4931, #6711, #225, #2608, #5965, #1432, #6674, #5432 ),
 ( #907, #758, #795, #4281, #261, #868, #2571, #7210, #2005, #3218, #4319, #6636, #7249, #2041, #5541, #337, #6149, #3822, #5579, #947, #3256, #376, #1464, #4924, #2600, #2680, #4312 ),
 ( #1502, #291, #4998, #4386, #329, #2565, #4424, #6031, #5460, #940, #7316, #3210, #7242, #5426, #4851, #5573, #7204, #5534, #6743, #3701, #2112, #1540, #3855, #218, #370, #3250, #2034 ),
 ( #4349, #6181, #1392, #2531, #3099, #3170, #6666, #7170, #1998, #1964, #5495, #4275, #6596, #2641, #3776, #825, #6104, #900, #3815, #6142, #3134, #4962, #254, #3739, #7279, #4887, #1426 ),
 ( #6630, #862, #6067, #2074, #6704, #2223, #2826, #6258, #4537, #7353, #6855, #3289, #2185, #6334, #977, #443, #6896, #5072, #6219, #2718, #1127, #559, #3362, #5612, #4497, #1013, #5690 ),
 ( #5033, #1052, #5651, #3324, #4007, #6779, #1733, #1655, #3433, #2300, #7426, #3891, #1693, #482, #2863, #2262, #5728, #2753, #4617, #7390, #6817, #5765, #5189, #1091, #2789, #406, #2147 ),
 ( #3397, #6935, #1577, #7505, #4045, #4460, #1617, #3928, #5111, #3968, #6296, #520, #5149, #7467, #4578, #5301, #4656, #1807, #5803, #4804, #4116, #3052, #2938, #7010, #5267, #64, #4765 ),
 ( #670, #7084, #1880, #2340, #2976, #5229, #6443, #5910, #5950, #4692, #1919, #6974, #4152, #1234, #3581, #4082, #5379, #27, #2376, #3545, #173, #5873, #7121, #98, #6480, #6517, #1310 ),
 ( #2413, #6406, #598, #4191, #744, #4727, #3471, #5840, #2486, #7047, #2899, #3620, #6369, #637, #1164, #1844, #1771, #1270, #1200, #3508, #706, #3014, #5341, #137, #2450, #4377, #7307 ),
 ( #817, #4229, #7233, #2591, #3241, #6023, #891, #852, #3126, #4267, #1384, #3201, #5564, #358, #1493, #4340, #6695, #6554, #7161, #3657, #6133, #6657, #3729, #5452, #4990, #4914, #1453 ),
 ( #2670, #4842, #3805, #930, #1348, #5988, #781, #2065, #3161, #3090, #5416, #210, #7196, #282, #5486, #2523, #1990, #1956, #6588, #4304, #3693, #245, #4879, #2557, #6622, #2632, #6095 ) ),
 .UNSPECIFIED., .F., .F., .F.,
 ( 4, 1, 1, 1, 1, 1, 1, 1, 1, 1, 1, 1, 1, 2, 1, 1, 1, 2, 1, 1, 1, 2, 1, 1, 1, 1, 1, 1, 1, 2, 1, 1, 1, 2, 1, 1, 1, 2, 1, 1, 1, 1, 1, 1, 1, 1, 1, 1, 1, 1, 1, 1, 1, 1, 1, 1, 1, 4 ),
 ( 4, 1, 1, 1, 1, 1, 1, 1, 1, 1, 1, 1, 1, 1, 1, 1, 1, 1, 1, 1, 1, 1, 1, 1, 4 ),
 ( 0.000000000000000000, 0.02540166409538497858, 0.05080332819076995715, 0.07620499228615493226, 0.08890582433384743022, 0.1016066563815399143, 0.1143074884292323845, 0.1270083204769248686, 0.1397091525246173804, 0.1524099845723098645, 0.1651108166200023764, 0.1778116486676948604, 0.1905124807153873723, 0.2032133127630798286, 0.2149060589727569415, 0.2265988051824340821, 0.2382915513921111950, 0.2499842976017883633, 0.2807342849841110710, 0.3114842723664338897, 0.3422342597487565419, 0.3729842471310793606, 0.4280735546070352782, 0.4556182083450131537, 0.4831628620829911402, 0.5107075158209690713, 0.5382521695589471689, 0.5657968232969250444, 0.5795691501659140377, 0.5933414770349030309, 0.6043852910936353684, 0.6154291051523675948, 0.6264729192111000433, 0.6375167332698323808, 0.6399596253890293962, 0.6424025175082263006, 0.6448454096274233160, 0.6472883017466202205, 0.6693327828874564567, 0.6913772640282924709, 0.7134217451691287071, 0.7354662263099649433, 0.7575107074508011795, 0.7795551885916375268, 0.8015996697324736520, 0.8236441508733099992, 0.8456886320141463464, 0.8677331131549824716, 0.8897775942958185968, 0.9118220754366550551, 0.9338665565774912913, 0.9448887971479090764, 0.9559110377183275276, 0.9669332782887456457, 0.9779555188591637638, 0.9889777594295816598, 0.9944888797147908299, 1.000000000000000000 ),
 ( 0.000000000000000000, 0.03125000000000000000, 0.06250000000000000000, 0.09375000000000000000, 0.1250000000000000000, 0.1562500000000000000, 0.1700202541018640545, 0.1875000000000000000, 0.2187500000000000000, 0.2500000000000000000, 0.2812500000000000000, 0.3125000000000000000, 0.3437500000000000000, 0.3750000000000000000, 0.3798720419360750999, 0.4062500000000000000, 0.4375000000000000000, 0.5000000000000000000, 0.5937500000000000000, 0.6250000000000000000, 0.6607583740006235384, 0.6875000000000000000, 0.7500000000000000000, 0.8750000000000000000, 1.000000000000000000 ),
 .UNSPECIFIED. ) ;
#2302 = CARTESIAN_POINT ( 'NONE',  ( -32.75974623640813377, 64.03203039494729865, 97.16691569115316440 ) ) ;
#2303 = AXIS2_PLACEMENT_3D ( 'NONE', #1041, #1005, #3279 ) ;
#2304 = CARTESIAN_POINT ( 'NONE',  ( -31.29988482061202149, 23.55405927531020538, 338.4597008190938823 ) ) ;
#2305 = CARTESIAN_POINT ( 'NONE',  ( 32.29185755605232799, 69.33925615735908821, 114.7242927188550539 ) ) ;
#2306 = CARTESIAN_POINT ( 'NONE',  ( 3.193572847802754744, 60.41391131951723992, 52.55366684329587201 ) ) ;
#2307 = AXIS2_PLACEMENT_3D ( 'NONE', #7477, #6946, #5241 ) ;
#2308 = CARTESIAN_POINT ( 'NONE',  ( 4.244359048069945572, -47.71655536383978813, 267.3846424725452948 ) ) ;
#2310 = CARTESIAN_POINT ( 'NONE',  ( -40.96232053673400486, 72.33136208730066130, 149.0291832530585623 ) ) ;
#2309 = CARTESIAN_POINT ( 'NONE',  ( 50.65551780653783709, 7.294605552706046936, 61.09089521872208906 ) ) ;
#2311 = CARTESIAN_POINT ( 'NONE',  ( 25.44681982927693653, 96.64453114867734485, 309.2818806344806717 ) ) ;
#2312 = CARTESIAN_POINT ( 'NONE',  ( -38.03186693331356594, 64.27060022014651963, 120.7679771264410817 ) ) ;
#2313 = CARTESIAN_POINT ( 'NONE',  ( -52.34292122267462588, -4.848222456011574089, 221.5228448069219098 ) ) ;
#2314 = CARTESIAN_POINT ( 'NONE',  ( -19.40000000029201388, 56.76214748689834266, 53.72376456643410592 ) ) ;
#2315 = CARTESIAN_POINT ( 'NONE',  ( -18.07629115727031177, -27.03616238288233475, 375.8963292066485451 ) ) ;
#2316 = CARTESIAN_POINT ( 'NONE',  ( -9.789273028547555100, 73.33036981719459391, 82.48400406546033992 ) ) ;
#2317 = CARTESIAN_POINT ( 'NONE',  ( -20.09807841339267043, 93.33394144996130137, 354.1274526100551157 ) ) ;
#2318 = CARTESIAN_POINT ( 'NONE',  ( -43.81546720970824538, 41.94203396911188975, 85.87835149285791658 ) ) ;
#2319 = CARTESIAN_POINT ( 'NONE',  ( 18.78895184285920905, 61.04778526424630769, 65.69647309173464578 ) ) ;
#2320 = CARTESIAN_POINT ( 'NONE',  ( 35.67139067391092766, 60.96761524556058021, 97.09164089258295860 ) ) ;
#2321 = CARTESIAN_POINT ( 'NONE',  ( 16.06751618836076290, 107.1090662586570517, 297.9192022927325070 ) ) ;
#2322 = CARTESIAN_POINT ( 'NONE',  ( 16.29240074674066818, 58.10684213988945856, 56.67385950997617527 ) ) ;
#2323 = CARTESIAN_POINT ( 'NONE',  ( -10.38467706709331928, 61.40322671825124701, 63.38980396564951292 ) ) ;
#2324 = CARTESIAN_POINT ( 'NONE',  ( 43.52914326850911664, 54.26739989716515566, 120.6173585623324840 ) ) ;
#2325 = CARTESIAN_POINT ( 'NONE',  ( -15.04183034435971855, 98.01952586339622542, 192.3899880554668016 ) ) ;
#2326 = CARTESIAN_POINT ( 'NONE',  ( -49.69576777236998311, 28.81531465514443369, 120.0000000000000142 ) ) ;
#2327 = CARTESIAN_POINT ( 'NONE',  ( 32.22087439635961914, -23.16949445140409480, 338.1418944051917492 ) ) ;
#2328 = CARTESIAN_POINT ( 'NONE',  ( 34.53091466444097080, 68.44177994181201541, 119.9999999999999289 ) ) ;
#2329 = ORIENTED_EDGE ( 'NONE', *, *, #3050, .T. ) ;
#2330 = CARTESIAN_POINT ( 'NONE',  ( 6.336901095986974930, 57.50890874838323441, 52.58901264539981923 ) ) ;
#2331 = CARTESIAN_POINT ( 'NONE',  ( 30.44927193713333224, 44.06279643169266080, 34.07286606747313584 ) ) ;
#2332 = ORIENTED_EDGE ( 'NONE', *, *, #1561, .T. ) ;
#2333 = CARTESIAN_POINT ( 'NONE',  ( -27.18113061526973340, 57.13668083362706795, 65.90349995941792827 ) ) ;
#2334 = CARTESIAN_POINT ( 'NONE',  ( 34.49473945816065168, 63.94557498004639484, 102.9047993628849440 ) ) ;
#2335 = CARTESIAN_POINT ( 'NONE',  ( -36.10787997447732067, 46.95569998340101847, 56.00272454310741921 ) ) ;
#2336 = CARTESIAN_POINT ( 'NONE',  ( -42.04046055371542678, -15.01211487501360153, 296.6988238883604936 ) ) ;
#2337 = CARTESIAN_POINT ( 'NONE',  ( 37.27194495173093713, 51.34134472910444202, 60.98121051407752446 ) ) ;
#2338 = CARTESIAN_POINT ( 'NONE',  ( 41.06709907474674282, 31.56589495156666914, 59.07696883589773762 ) ) ;
#2339 = CARTESIAN_POINT ( 'NONE',  ( 11.39957235240181710, -6.181176402389949587, 405.9660508407442876 ) ) ;
#2340 = CARTESIAN_POINT ( 'NONE',  ( -1.896662633255307373, -33.75486520490240849, 373.0480561164325195 ) ) ;
#2341 = CARTESIAN_POINT ( 'NONE',  ( -32.16969103869415392, 60.96191833879862543, 86.23753688194703670 ) ) ;
#2342 = CARTESIAN_POINT ( 'NONE',  ( -12.15845021759428946, 9.013626996040636996, 397.2670353353787505 ) ) ;
#2343 = CARTESIAN_POINT ( 'NONE',  ( 28.89964985591156577, 57.88696048255972926, 70.82868922138243306 ) ) ;
#2344 = CARTESIAN_POINT ( 'NONE',  ( 7.102195459171437797, -53.46846619629948805, 82.48993615754748987 ) ) ;
#2346 = CARTESIAN_POINT ( 'NONE',  ( -32.29740268430196437, 78.87775140567180188, 309.2584428541577495 ) ) ;
#2345 = CARTESIAN_POINT ( 'NONE',  ( 52.40766499870453998, 4.119750746189259516, 221.5245436518836470 ) ) ;
#2347 = CARTESIAN_POINT ( 'NONE',  ( 31.80549350305485845, 92.60319322376103912, 221.6066802496429489 ) ) ;
#2348 = CARTESIAN_POINT ( 'NONE',  ( -36.55907321474664684, 58.07124017299625507, 91.48820164640657993 ) ) ;
#2349 = CARTESIAN_POINT ( 'NONE',  ( -49.46721580709265709, 54.13372346069718333, 149.0368333872496862 ) ) ;
#2350 = CARTESIAN_POINT ( 'NONE',  ( -4.676890161362729614, 57.69594724180897316, 52.54223714082039720 ) ) ;
#2351 = CARTESIAN_POINT ( 'NONE',  ( -33.23044505140508420, -39.22986829579414092, 266.7463894329503091 ) ) ;
#2352 = CARTESIAN_POINT ( 'NONE',  ( -8.178849805361936731, 112.3107840377418825, 335.0187708283351071 ) ) ;
#2353 = CARTESIAN_POINT ( 'NONE',  ( 35.51058463742986504, -47.66345437325118439, 175.0000903955842091 ) ) ;
#2354 = CARTESIAN_POINT ( 'NONE',  ( -35.26354501835374577, 87.88505419592711121, 211.2197602364632303 ) ) ;
#2355 = B_SPLINE_CURVE_WITH_KNOTS ( 'NONE', 3,
 ( #2249, #1151, #5864, #1681, #3994, #14, #661 ),
 .UNSPECIFIED., .F., .F.,
 ( 4, 3, 4 ),
 ( 4.163336342344337027E-17, 0.001000000031491745430, 0.001315099447551824506 ),
 .UNSPECIFIED. ) ;
#2356 = CARTESIAN_POINT ( 'NONE',  ( 37.18084580781458470, 65.42612316106939829, 120.7887093612501275 ) ) ;
#2357 = CARTESIAN_POINT ( 'NONE',  ( 14.30785050944680847, 102.1798343643551448, 221.6222292242597973 ) ) ;
#2358 = CARTESIAN_POINT ( 'NONE',  ( 14.76988804420310331, 76.70557957216628608, 108.9744574881652852 ) ) ;
#2359 = ORIENTED_EDGE ( 'NONE', *, *, #366, .T. ) ;
#2360 = CARTESIAN_POINT ( 'NONE',  ( 0.000000000000000000, 64.06511940387166248, 65.98768053510939069 ) ) ;
#2361 = CARTESIAN_POINT ( 'NONE',  ( 45.15903329442156888, 44.63537705985843473, 102.5959044500850581 ) ) ;
#2362 = CARTESIAN_POINT ( 'NONE',  ( -10.21188983691131646, 37.86406561602583309, 9.999999999999992895 ) ) ;
#2363 = CARTESIAN_POINT ( 'NONE',  ( 19.39999999930322616, 57.51018353651579673, 53.25122742386651709 ) ) ;
#2364 = CARTESIAN_POINT ( 'NONE',  ( 39.65867568197285209, -18.73170549096267123, 17.38382516058653948 ) ) ;
#2365 = CARTESIAN_POINT ( 'NONE',  ( 48.42567560525586146, 28.03145715073045707, 67.75478114941670071 ) ) ;
#2366 = ORIENTED_EDGE ( 'NONE', *, *, #3401, .T. ) ;
#2367 = CARTESIAN_POINT ( 'NONE',  ( 17.23583240638441438, 55.72835949224467811, 53.79876909652531936 ) ) ;
#2368 = ORIENTED_EDGE ( 'NONE', *, *, #6670, .T. ) ;
#2369 = CARTESIAN_POINT ( 'NONE',  ( -22.64206312951382571, 67.17491382428015356, 86.40076297994316690 ) ) ;
#2370 = CARTESIAN_POINT ( 'NONE',  ( 35.92089964051675821, 67.01425331754526837, 120.8195016426725061 ) ) ;
#2371 = CARTESIAN_POINT ( 'NONE',  ( 36.91629500267710995, 44.01980856787161400, 60.28646512339480523 ) ) ;
#2372 = CARTESIAN_POINT ( 'NONE',  ( -36.94988337622576324, -14.18024447757694340, 10.00000000000000178 ) ) ;
#2373 = CARTESIAN_POINT ( 'NONE',  ( 10.05038579194489579, 70.68800456558881251, 392.6240025159520428 ) ) ;
#2374 = CARTESIAN_POINT ( 'NONE',  ( -18.93811975777858692, 56.97529099647194073, 53.22263220477604762 ) ) ;
#2375 = CARTESIAN_POINT ( 'NONE',  ( 16.18877599945571077, -6.135064327980093601, 397.6353357116028633 ) ) ;
#2376 = CARTESIAN_POINT ( 'NONE',  ( -2.964751227231217534, -55.22569062853099098, 149.1161145641287931 ) ) ;
#2377 = CARTESIAN_POINT ( 'NONE',  ( -31.87040498665236044, 64.83443839813001830, 97.18796388699085753 ) ) ;
#2378 = CARTESIAN_POINT ( 'NONE',  ( -44.88534153908362612, 13.04764028497155159, 282.2439140212438815 ) ) ;
#2379 = CARTESIAN_POINT ( 'NONE',  ( 30.09407979922370302, 62.71565361849349074, 86.28289634637897620 ) ) ;
#2380 = CARTESIAN_POINT ( 'NONE',  ( 7.983649022220578040, 60.06035964178852282, 52.64207970027963768 ) ) ;
#2381 = CARTESIAN_POINT ( 'NONE',  ( 7.059159430015749415, -42.97250253241079321, 17.34004389182294048 ) ) ;
#2383 = CARTESIAN_POINT ( 'NONE',  ( -21.88960252113921001, 66.62056241058175488, 356.1280158203504698 ) ) ;
#2382 = CARTESIAN_POINT ( 'NONE',  ( 53.33435824399683156, 2.298823961024538676, 82.46873585070045465 ) ) ;
#2384 = CARTESIAN_POINT ( 'NONE',  ( 16.86907247042176650, 86.07258866666285257, 391.3031625815582402 ) ) ;
#2385 = CARTESIAN_POINT ( 'NONE',  ( -38.39029469504185954, 63.76213414386857892, 120.7591495419333398 ) ) ;
#2386 = EDGE_CURVE ( 'NONE', #3500, #1340, #617, .T. ) ;
#2387 = CARTESIAN_POINT ( 'NONE',  ( -44.94908311760745789, 64.10775105654568051, 251.3133569257551301 ) ) ;
#2388 = CARTESIAN_POINT ( 'NONE',  ( 49.79789530803001441, 26.19643300461444468, 114.2495951414564672 ) ) ;
#2389 = CARTESIAN_POINT ( 'NONE',  ( -29.36778770313278386, -36.26594778884934556, 17.36313527830163750 ) ) ;
#2390 = CARTESIAN_POINT ( 'NONE',  ( 23.91657030289227137, -36.18142365468393251, 9.999999999999968026 ) ) ;
#2391 = CARTESIAN_POINT ( 'NONE',  ( -35.25579467193229277, 83.45184056107137849, 174.9437546031742556 ) ) ;
#2392 = CARTESIAN_POINT ( 'NONE',  ( 31.48808662225462029, 49.21307717559662365, 56.54017013775253275 ) ) ;
#2393 = CARTESIAN_POINT ( 'NONE',  ( 20.67086393471050343, 96.15052449382882571, 192.3885722426588245 ) ) ;
#2394 = CARTESIAN_POINT ( 'NONE',  ( 21.85363082631360143, 63.86028404152622784, 75.87326868413973102 ) ) ;
#2395 = ORIENTED_EDGE ( 'NONE', *, *, #4580, .F. ) ;
#2396 = CARTESIAN_POINT ( 'NONE',  ( -3.233834684206415400, 62.13972375793937886, 63.20604504810951596 ) ) ;
#2397 = CARTESIAN_POINT ( 'NONE',  ( 46.54137256880184026, 45.28918887922762337, 120.5320121422059003 ) ) ;
#2398 = CARTESIAN_POINT ( 'NONE',  ( -14.89803737164641007, 108.4824953752723360, 402.7990590801052804 ) ) ;
#2399 = CARTESIAN_POINT ( 'NONE',  ( -22.59686100366538852, 82.56110665758815514, 125.2803537222235377 ) ) ;
#2400 = CARTESIAN_POINT ( 'NONE',  ( -1.739541843252026876, 81.13940464604824854, 120.0000000000000426 ) ) ;
#2401 = CARTESIAN_POINT ( 'NONE',  ( 50.55688091963194353, -32.68780969347139376, 174.9602033835230657 ) ) ;
#2402 = CARTESIAN_POINT ( 'NONE',  ( -19.40000000029202809, 57.19302574388904503, 56.99204233200872949 ) ) ;
#2403 = ORIENTED_EDGE ( 'NONE', *, *, #6749, .T. ) ;
#2404 = CARTESIAN_POINT ( 'NONE',  ( 15.66909871695541767, 55.86453377104146512, 53.00024600777194195 ) ) ;
#2405 = ADVANCED_FACE ( 'NONE', ( #6121 ), #5974, .F. ) ;
#2406 = CARTESIAN_POINT ( 'NONE',  ( 20.54164683203465813, 58.63085696675626224, 61.21240958421817169 ) ) ;
#2407 = ORIENTED_EDGE ( 'NONE', *, *, #6539, .F. ) ;
#2408 = CARTESIAN_POINT ( 'NONE',  ( -21.85363082631879550, 63.86028404154780702, 75.87326868420487358 ) ) ;
#2409 = CARTESIAN_POINT ( 'NONE',  ( -37.92795983529013171, -14.13918712946742851, 322.2218791165552716 ) ) ;
#2410 = CARTESIAN_POINT ( 'NONE',  ( 38.30184225791245467, 84.97696430072946328, 251.5396930656709173 ) ) ;
#2411 = CARTESIAN_POINT ( 'NONE',  ( 16.29259581947612645, 57.79473419467925055, 53.01770182883787186 ) ) ;
#2412 = CARTESIAN_POINT ( 'NONE',  ( 53.13019399950979249, -5.219699555353019882, 211.2172979161361752 ) ) ;
#2413 = CARTESIAN_POINT ( 'NONE',  ( -0.7751191789501495899, -27.30100470207349872, 409.0779284778314491 ) ) ;
#2414 = CARTESIAN_POINT ( 'NONE',  ( -32.88736903161981218, 67.22225015989829444, 108.7268866667021570 ) ) ;
#2415 = CARTESIAN_POINT ( 'NONE',  ( -36.41202474245180554, 12.47449941819381003, 322.2013886765478787 ) ) ;
#2416 = CARTESIAN_POINT ( 'NONE',  ( 32.59334108884007719, 69.05933528993028858, 114.7171524896490382 ) ) ;
#2417 = CARTESIAN_POINT ( 'NONE',  ( -12.72950451279282547, 57.30383522552758535, 52.82787674167435199 ) ) ;
#2418 = CARTESIAN_POINT ( 'NONE',  ( 3.943619378247300578, -47.86392954050926818, 34.31883831212976332 ) ) ;
#2420 = CARTESIAN_POINT ( 'NONE',  ( -37.27194495173093713, 51.34134472910444202, 60.98121051407752446 ) ) ;
#2419 = CARTESIAN_POINT ( 'NONE',  ( 40.38896419453714515, -0.8972540951129452935, 17.38450064581632404 ) ) ;
#2421 = CARTESIAN_POINT ( 'NONE',  ( 10.92152831759074694, 78.18933645425772738, 409.0779284778315628 ) ) ;
#2422 = EDGE_CURVE ( 'NONE', #1646, #4110, #6047, .T. ) ;
#2423 = CARTESIAN_POINT ( 'NONE',  ( -34.69409978486197588, 54.45301945690388123, 75.65045641190752690 ) ) ;
#2424 = CARTESIAN_POINT ( 'NONE',  ( -33.44868810554351057, 52.47220031446799737, 321.7472222962165915 ) ) ;
#2425 = CARTESIAN_POINT ( 'NONE',  ( -3.182319772272605096, 63.64996744201223322, 65.01987264085231288 ) ) ;
#2426 = CARTESIAN_POINT ( 'NONE',  ( -10.43247938593119706, -21.76815507722417919, 409.0779284778325859 ) ) ;
#2427 = CARTESIAN_POINT ( 'NONE',  ( 32.39948757236342658, -45.74576672700735003, 61.09724415260151886 ) ) ;
#2429 = CARTESIAN_POINT ( 'NONE',  ( -19.27254319071283462, 88.74135770772925014, 354.5235880784441633 ) ) ;
#2428 = CARTESIAN_POINT ( 'NONE',  ( 47.30903502164390062, 29.55385884981798483, 61.04745043982720176 ) ) ;
#2430 = CARTESIAN_POINT ( 'NONE',  ( 33.81027681917059624, 57.48225531434085411, 80.82984855212228581 ) ) ;
#2431 = CARTESIAN_POINT ( 'NONE',  ( 14.98551904889730402, 64.68138256694996358, 60.92548577990547898 ) ) ;
#2432 = CARTESIAN_POINT ( 'NONE',  ( 24.33859266543812438, 74.91180714726019119, 114.8784512689221771 ) ) ;
#2433 = CARTESIAN_POINT ( 'NONE',  ( -18.78895184384105832, 61.04778526394023430, 65.69647309181101491 ) ) ;
#2434 = CARTESIAN_POINT ( 'NONE',  ( 0.000000000000000000, 57.98445078868659408, 53.23456412832486251 ) ) ;
#2435 = CARTESIAN_POINT ( 'NONE',  ( 44.07310104055385835, 43.65635748759738988, 91.24277212216067312 ) ) ;
#2436 = CARTESIAN_POINT ( 'NONE',  ( -16.53702835546345895, 106.3836801495342286, 283.7220995123229841 ) ) ;
#2437 = CARTESIAN_POINT ( 'NONE',  ( -16.10707433725307425, 52.16592338488624847, 33.96672556285927413 ) ) ;
#2438 = FACE_OUTER_BOUND ( 'NONE', #4721, .T. ) ;
#2439 = CARTESIAN_POINT ( 'NONE',  ( 14.44928574916830932, -15.03174315337590805, 405.3721513431274275 ) ) ;
#2440 = CARTESIAN_POINT ( 'NONE',  ( -18.74489929562907520, 58.61829250543826930, 61.87428773237319746 ) ) ;
#2441 = ORIENTED_EDGE ( 'NONE', *, *, #258, .T. ) ;
#2442 = CARTESIAN_POINT ( 'NONE',  ( -19.40000000029201388, 58.20404876436042940, 59.68938276034153745 ) ) ;
#2443 = CARTESIAN_POINT ( 'NONE',  ( 22.26300769588855744, 59.83529193661527756, 65.95383569788968714 ) ) ;
#2444 = VERTEX_POINT ( 'NONE', #3227 ) ;
#2445 = CARTESIAN_POINT ( 'NONE',  ( -21.78532101128832466, 58.08188884485011982, 61.20539744017068529 ) ) ;
#2446 = CARTESIAN_POINT ( 'NONE',  ( -50.80397607929121051, -27.11159803275184288, 201.7407403191748188 ) ) ;
#2447 = CARTESIAN_POINT ( 'NONE',  ( 33.29483022562411776, 83.92563834338746176, 297.5269623833608534 ) ) ;
#2448 = CARTESIAN_POINT ( 'NONE',  ( 0.000000000000000000, 57.69594724149796861, 52.54223714099317277 ) ) ;
#2449 = CARTESIAN_POINT ( 'NONE',  ( 55.32286931100284733, -6.245991859594410833, 174.9348990387802587 ) ) ;
#2450 = CARTESIAN_POINT ( 'NONE',  ( -0.9732328113256151214, -47.92628355087512659, 34.31801968266389480 ) ) ;
#2451 = CARTESIAN_POINT ( 'NONE',  ( -32.46668369092257223, 64.30023366625816550, 97.17395021392269427 ) ) ;
#2452 = CARTESIAN_POINT ( 'NONE',  ( -54.77857594407559105, 7.273112108655828578, 174.9352365799757365 ) ) ;
#2453 = CARTESIAN_POINT ( 'NONE',  ( 31.93451832917712352, 71.14601089343135243, 120.9177840775261075 ) ) ;
#2454 = CARTESIAN_POINT ( 'NONE',  ( 19.39999999930045149, 60.72174823345196160, 64.86951361047438525 ) ) ;
#2455 = CARTESIAN_POINT ( 'NONE',  ( -38.06266273839597858, -5.835323823584555036, 322.2737829718018361 ) ) ;
#2456 = CARTESIAN_POINT ( 'NONE',  ( 6.388269702700899444, -47.62124436672880279, 267.3669795238054121 ) ) ;
#2458 = CARTESIAN_POINT ( 'NONE',  ( -10.57362586278651939, 59.66586423606855760, 393.5327506256454058 ) ) ;
#2457 = CARTESIAN_POINT ( 'NONE',  ( 54.14470804041079788, 3.783831681897257493, 192.3483384712029363 ) ) ;
#2459 = CARTESIAN_POINT ( 'NONE',  ( -45.74007458359135114, 40.63742341295289151, 96.78029820083474988 ) ) ;
#2460 = CARTESIAN_POINT ( 'NONE',  ( 11.44771267541676529, 80.02816373479271306, 391.8674375302708768 ) ) ;
#2461 = CARTESIAN_POINT ( 'NONE',  ( -33.98350344900332232, 53.13385010919925833, 70.71914545218750447 ) ) ;
#2462 = CARTESIAN_POINT ( 'NONE',  ( -6.989103928958764200, 41.10620806404239858, 404.8149488265061109 ) ) ;
#2463 = CARTESIAN_POINT ( 'NONE',  ( 0.000000000000000000, 63.64996744220073310, 65.01987264133462929 ) ) ;
#2464 = CARTESIAN_POINT ( 'NONE',  ( -30.76909686552671985, -43.10220792976829784, 251.3233365246024391 ) ) ;
#2465 = CARTESIAN_POINT ( 'NONE',  ( 23.35187323032068107, -40.28483932155247516, 297.4720216980654186 ) ) ;
#2467 = CARTESIAN_POINT ( 'NONE',  ( -29.31018508552083190, 58.72787640479717908, 60.95440797836437241 ) ) ;
#2466 = CARTESIAN_POINT ( 'NONE',  ( 34.76805405516773817, 12.46554703327072922, 9.999999999999994671 ) ) ;
#2468 = CARTESIAN_POINT ( 'NONE',  ( 36.52268813355978949, 61.60161726527275050, 102.8522572968409747 ) ) ;
#2469 = CARTESIAN_POINT ( 'NONE',  ( 13.83817304049488328, 42.24374588654093543, 17.18106271874457747 ) ) ;
#2470 = CARTESIAN_POINT ( 'NONE',  ( 18.89999999930164876, 57.78272231622332811, 53.71169823289773149 ) ) ;
#2471 = CARTESIAN_POINT ( 'NONE',  ( -10.41361326612521587, 61.88052486909498384, 64.54099697545740355 ) ) ;
#2472 = CARTESIAN_POINT ( 'NONE',  ( 45.27188358922067124, 42.23098830302815543, 96.79605324239028619 ) ) ;
#2473 = CARTESIAN_POINT ( 'NONE',  ( -11.13544368694474507, 42.98622381491043143, 17.17402445461812377 ) ) ;
#2474 = CARTESIAN_POINT ( 'NONE',  ( -18.62150499329587916, 103.3229898742605144, 353.5377868453520591 ) ) ;
#2475 = CARTESIAN_POINT ( 'NONE',  ( -48.41614881184296593, 28.21642483605395668, 96.68949653952731182 ) ) ;
#2476 = CARTESIAN_POINT ( 'NONE',  ( 47.07491761464021351, -37.56440568170774696, 95.91629090187896622 ) ) ;
#2477 = CARTESIAN_POINT ( 'NONE',  ( -43.51712104528756697, 62.29269417355699545, 120.0000000000000142 ) ) ;
#2478 = VERTEX_POINT ( 'NONE', #917 ) ;
#2479 = CARTESIAN_POINT ( 'NONE',  ( 0.000000000000000000, 78.14528303371176321, 95.91466575645878834 ) ) ;
#2480 = CARTESIAN_POINT ( 'NONE',  ( 23.99014893851745711, 66.51363304726424985, 86.38371756207943974 ) ) ;
#2481 = CARTESIAN_POINT ( 'NONE',  ( -18.37173254861367866, 61.34241808593437639, 65.97408195017844434 ) ) ;
#2482 = CARTESIAN_POINT ( 'NONE',  ( -37.26951528980203676, -17.76020160227152900, 322.1570194046114466 ) ) ;
#2483 = CARTESIAN_POINT ( 'NONE',  ( 46.21447455200705434, 66.79848177989450164, 211.2189766464866807 ) ) ;
#2484 = CARTESIAN_POINT ( 'NONE',  ( 7.365514600888541707, 84.63441015554251123, 120.0000000000000284 ) ) ;
#2485 = CARTESIAN_POINT ( 'NONE',  ( 29.28177289259470228, -5.963536147518752273, 359.8091805143566262 ) ) ;
#2486 = CARTESIAN_POINT ( 'NONE',  ( -0.9737557189577743522, -44.41619298931090043, 297.8498342641724435 ) ) ;
#2487 = CARTESIAN_POINT ( 'NONE',  ( -28.93786127249752838, 55.86016079509901999, 65.87668807996789155 ) ) ;
#2488 = CARTESIAN_POINT ( 'NONE',  ( -55.20887360703562763, 10.07038296553069401, 125.3230906374276117 ) ) ;
#2489 = CARTESIAN_POINT ( 'NONE',  ( 32.43727498803262677, 67.63964277043643847, 108.7375777340490259 ) ) ;
#2490 = CARTESIAN_POINT ( 'NONE',  ( 19.05296518816130202, 58.22071724709792306, 53.52525228491509779 ) ) ;
#2491 = CARTESIAN_POINT ( 'NONE',  ( -47.50155169126043830, -5.154000518373821116, 266.0951788664463606 ) ) ;
#2492 = CARTESIAN_POINT ( 'NONE',  ( 1.099151737956372665, -51.87674202349462860, 61.09561751996819368 ) ) ;
#2494 = CARTESIAN_POINT ( 'NONE',  ( -31.02070305377686665, 71.00770606899796178, 321.4673657776028222 ) ) ;
#2493 = CARTESIAN_POINT ( 'NONE',  ( 51.18002285847064314, 6.181292003424125880, 236.0104610861525032 ) ) ;
#2495 = CARTESIAN_POINT ( 'NONE',  ( -43.24614594289754876, 35.33549397792116764, 70.42491826611143324 ) ) ;
#2496 = CARTESIAN_POINT ( 'NONE',  ( 32.22518415999918062, 93.71432748158407833, 267.2663362157514939 ) ) ;
#2497 = EDGE_CURVE ( 'NONE', #6509, #4110, #4328, .T. ) ;
#2498 = CARTESIAN_POINT ( 'NONE',  ( -35.12172130778674983, 55.98913692911484929, 80.79380160701143154 ) ) ;
#2499 = CARTESIAN_POINT ( 'NONE',  ( -48.36630157201634006, 59.33220355971721460, 201.7365223176491895 ) ) ;
#2500 = CARTESIAN_POINT ( 'NONE',  ( -11.08212590422245469, 62.85186927420242853, 65.23610121004600160 ) ) ;
#2501 = CARTESIAN_POINT ( 'NONE',  ( -30.32507659474158501, -50.43154073004841109, 106.4567508061890067 ) ) ;
#2502 = CARTESIAN_POINT ( 'NONE',  ( 10.43247938593119706, -21.76815507722417919, 409.0779284778325859 ) ) ;
#2504 = CARTESIAN_POINT ( 'NONE',  ( -33.81653421781999214, 67.66300580328906733, 95.91553206792576702 ) ) ;
#2503 = CARTESIAN_POINT ( 'NONE',  ( 51.59836496145894813, 35.67867893975901694, 106.4626813480985561 ) ) ;
#2505 = CARTESIAN_POINT ( 'NONE',  ( 33.49956282773413818, 51.55071607815168022, 65.78185981284119066 ) ) ;
#2506 = CARTESIAN_POINT ( 'NONE',  ( 22.22565008608955850, 70.18895196051141738, 82.48267825261375208 ) ) ;
#2507 = CARTESIAN_POINT ( 'NONE',  ( 24.90980607711802364, 54.62255052286346313, 53.81101708713629250 ) ) ;
#2508 = CARTESIAN_POINT ( 'NONE',  ( -44.41491068079569970, 28.50093358285495171, 66.81788432546065337 ) ) ;
#2509 = CARTESIAN_POINT ( 'NONE',  ( 42.96151574388503747, 39.24390971835019570, 75.38208982411586589 ) ) ;
#2510 = CARTESIAN_POINT ( 'NONE',  ( 18.78895184285920905, 61.04778526424630769, 65.69647309173464578 ) ) ;
#2511 = CARTESIAN_POINT ( 'NONE',  ( -25.58253388331219469, 86.58191999750603429, 149.0225007454729109 ) ) ;
#2512 = CARTESIAN_POINT ( 'NONE',  ( 19.39999999930045149, 58.76781036015211868, 56.02623198140062044 ) ) ;
#2513 = CARTESIAN_POINT ( 'NONE',  ( 34.44581191650112828, -29.07558892614283153, 309.2238775260408943 ) ) ;
#2514 = CARTESIAN_POINT ( 'NONE',  ( -49.90057954480094082, 27.10604614702787529, 75.84472976666664579 ) ) ;
#2515 = ORIENTED_EDGE ( 'NONE', *, *, #6715, .T. ) ;
#2516 = CARTESIAN_POINT ( 'NONE',  ( -19.38605694346157904, 60.52301475853511192, 64.91221678215087820 ) ) ;
#2517 = CARTESIAN_POINT ( 'NONE',  ( 20.99451974821862166, 60.40411949247257439, 65.96283626998261695 ) ) ;
#2518 = CARTESIAN_POINT ( 'NONE',  ( -18.40120099304758838, 68.77918555543682544, 86.43672872836367560 ) ) ;
#2519 = CARTESIAN_POINT ( 'NONE',  ( -48.58801024706963290, -26.64335581591281610, 61.09900584859391870 ) ) ;
#2520 = CARTESIAN_POINT ( 'NONE',  ( 6.823779600902719622, 57.28102256568218564, 404.2031610170262184 ) ) ;
#2521 = CARTESIAN_POINT ( 'NONE',  ( 51.52297368392353150, 39.86010311113041382, 119.9999999999999574 ) ) ;
#2522 = CARTESIAN_POINT ( 'NONE',  ( 34.79484428750806302, -7.907744462510787997, 338.9094986770033984 ) ) ;
#2523 = CARTESIAN_POINT ( 'NONE',  ( 0.000000000000000000, -53.06138260155653086, 201.7522653698673594 ) ) ;
#2524 = CARTESIAN_POINT ( 'NONE',  ( -31.44858910396278873, 61.60125631729359696, 86.25399355166250359 ) ) ;
#2525 = CARTESIAN_POINT ( 'NONE',  ( -45.84628360621288579, 2.645876161464983944, 34.38649416360274813 ) ) ;
#2526 = CARTESIAN_POINT ( 'NONE',  ( 31.29978348514804409, 61.72922308437594552, 86.25721525930418920 ) ) ;
#2527 = CARTESIAN_POINT ( 'NONE',  ( 18.77820860737339359, 60.71066875712609345, 65.49158145148795995 ) ) ;
#2528 = CARTESIAN_POINT ( 'NONE',  ( -11.02122228260971148, -5.769970474066879795, 405.9653440898521808 ) ) ;
#2529 = CARTESIAN_POINT ( 'NONE',  ( 2.928582613051547767, -55.27970433259148564, 125.3284381658162090 ) ) ;
#2530 = CARTESIAN_POINT ( 'NONE',  ( 42.88654231778227199, 0.3056576034332569303, 296.6599806610806809 ) ) ;
#2531 = CARTESIAN_POINT ( 'NONE',  ( -7.424921709846808326, -32.70733073914286138, 373.4834306881680845 ) ) ;
#2532 = CARTESIAN_POINT ( 'NONE',  ( -40.62200409704259130, 39.80191354227639522, 65.57111939554302182 ) ) ;
#2533 = CARTESIAN_POINT ( 'NONE',  ( 35.96623380652258817, 84.93705961563605911, 192.3815774159133127 ) ) ;
#2534 = CARTESIAN_POINT ( 'NONE',  ( -37.00198001166722861, 60.98693991066243569, 102.8396694312371693 ) ) ;
#2535 = CARTESIAN_POINT ( 'NONE',  ( -23.94329863777483425, 42.60165058648324532, 357.8285716998943258 ) ) ;
#2536 = CARTESIAN_POINT ( 'NONE',  ( 6.433109566969788418, 61.95018953814744833, 63.25335078059697480 ) ) ;
#2537 = CARTESIAN_POINT ( 'NONE',  ( -27.61600202523867864, -46.35352668173857182, 236.2471137054183998 ) ) ;
#2538 = CARTESIAN_POINT ( 'NONE',  ( 9.204064769206167895, -32.14212571159134768, 373.7354215205707533 ) ) ;
#2540 = CARTESIAN_POINT ( 'NONE',  ( -23.21972668657409500, 88.12142812019361315, 336.0689357517549070 ) ) ;
#2539 = CARTESIAN_POINT ( 'NONE',  ( 37.12147561054237599, 46.70345403764706305, 309.2200303658550524 ) ) ;
#2541 = CARTESIAN_POINT ( 'NONE',  ( 33.98350344899474607, 53.13385010917850337, 70.71914545211687653 ) ) ;
#2542 = CARTESIAN_POINT ( 'NONE',  ( 20.93184071208348840, 103.3070606577482806, 267.4848265402182506 ) ) ;
#2543 = CARTESIAN_POINT ( 'NONE',  ( -29.36873948450120508, 53.21990527432188145, 54.43614134596737131 ) ) ;
#2544 = CARTESIAN_POINT ( 'NONE',  ( 42.31328019805675211, 31.94274216148906831, 60.77193041741608681 ) ) ;
#2545 = CARTESIAN_POINT ( 'NONE',  ( 0.000000000000000000, 114.1269897751958524, 352.8396104960729076 ) ) ;
#2546 = CARTESIAN_POINT ( 'NONE',  ( -20.04771394923378836, 98.91251713846918392, 211.2202672290316627 ) ) ;
#2547 = CARTESIAN_POINT ( 'NONE',  ( 49.90177573649046394, 27.10604614702789306, 119.9999999999985079 ) ) ;
#2548 = CARTESIAN_POINT ( 'NONE',  ( 30.50351993349007884, -26.09945138816552657, 337.8589216439749521 ) ) ;
#2549 = CARTESIAN_POINT ( 'NONE',  ( -18.74270714452406494, 56.91569676636157027, 57.87693209777383174 ) ) ;
#2550 = EDGE_LOOP ( 'NONE', ( #359, #1377, #1411, #589 ) ) ;
#2551 = CARTESIAN_POINT ( 'NONE',  ( 1.892811877726348735, 99.71049082051534640, 192.3914645597634774 ) ) ;
#2552 = CARTESIAN_POINT ( 'NONE',  ( 23.53149564355848966, 59.26646438075798073, 65.94483512579677154 ) ) ;
#2553 = CARTESIAN_POINT ( 'NONE',  ( -13.39030480377961752, 80.23853936813878818, 121.1506348011692893 ) ) ;
#2554 = CARTESIAN_POINT ( 'NONE',  ( 33.82937984308858859, 71.88595083024148380, 309.2497927673927052 ) ) ;
#2555 = CARTESIAN_POINT ( 'NONE',  ( 50.48274071959453835, 44.36384255214441197, 119.9999999999999716 ) ) ;
#2556 = CARTESIAN_POINT ( 'NONE',  ( 54.60667265882443644, -6.271531609451224121, 95.91850999033444225 ) ) ;
#2557 = CARTESIAN_POINT ( 'NONE',  ( 0.000000000000000000, -51.87957328486703545, 61.09561556252820935 ) ) ;
#2558 = CARTESIAN_POINT ( 'NONE',  ( -31.30837972673957381, 63.56816270443513162, 91.62415353609470969 ) ) ;
#2559 = CARTESIAN_POINT ( 'NONE',  ( -55.55556129862669934, 3.129651931030709378, 125.3245882065734662 ) ) ;
#2560 = CARTESIAN_POINT ( 'NONE',  ( 27.57417367073103875, 52.66907135325004674, 56.60732587598627674 ) ) ;
#2561 = CARTESIAN_POINT ( 'NONE',  ( 43.27117142445580811, 31.01216863979992766, 64.22330951758155493 ) ) ;
#2562 = CARTESIAN_POINT ( 'NONE',  ( -34.61311762310243978, -6.403511806444468490, 338.9093860159642873 ) ) ;
#2563 = CARTESIAN_POINT ( 'NONE',  ( 0.8626648274735992938, -36.80163856328391603, 354.2068946924327975 ) ) ;
#2564 = CARTESIAN_POINT ( 'NONE',  ( 53.17236517019791364, -2.328851787389715433, 211.2173055348805804 ) ) ;
#2565 = CARTESIAN_POINT ( 'NONE',  ( -10.98363994162249924, -38.30891179570084404, 335.9138904806569599 ) ) ;
#2566 = CARTESIAN_POINT ( 'NONE',  ( -38.57586427919611793, 38.61523721263791487, 56.35298646597982497 ) ) ;
#2567 = CARTESIAN_POINT ( 'NONE',  ( 35.26354501835374577, 87.88505419592711121, 211.2197602364632303 ) ) ;
#2568 = CARTESIAN_POINT ( 'NONE',  ( -34.20927768376817824, 52.86886095236449989, 70.71317121354671542 ) ) ;
#2569 = CARTESIAN_POINT ( 'NONE',  ( -52.44237169841118629, 37.45579318041402672, 125.3114638394002895 ) ) ;
#2570 = CARTESIAN_POINT ( 'NONE',  ( 19.26931088625115862, 60.71976032568964854, 65.29709943478056289 ) ) ;
#2571 = CARTESIAN_POINT ( 'NONE',  ( -14.56862547842902345, -39.74514691811921807, 321.1726778939467408 ) ) ;
#2572 = CARTESIAN_POINT ( 'NONE',  ( 13.78029803444555057, -37.58678292936173193, 336.0927813067148691 ) ) ;
#2574 = CARTESIAN_POINT ( 'NONE',  ( -39.68840218272915621, 74.10867632275170536, 149.0283759203965133 ) ) ;
#2573 = CARTESIAN_POINT ( 'NONE',  ( 35.57233886879851070, 24.34538275247316008, 322.1003471716609283 ) ) ;
#2575 = CARTESIAN_POINT ( 'NONE',  ( 35.83919117102655605, 57.03902843394509858, 86.14103742534136643 ) ) ;
#2576 = CARTESIAN_POINT ( 'NONE',  ( 20.00719402132296665, 94.66923183675297082, 403.0270400747649546 ) ) ;
#2577 = CARTESIAN_POINT ( 'NONE',  ( -22.87662111968417378, 55.56985084606030512, 53.57411157400093060 ) ) ;
#2578 = CARTESIAN_POINT ( 'NONE',  ( 44.03132157148620962, 38.76883548521940526, 80.49556844594738436 ) ) ;
#2579 = CARTESIAN_POINT ( 'NONE',  ( 18.76828407591557735, 60.38206529782848975, 65.21555883578344037 ) ) ;
#2580 = CARTESIAN_POINT ( 'NONE',  ( -19.69179049297548545, 95.57604823813311157, 372.3974774158166952 ) ) ;
#2581 = CARTESIAN_POINT ( 'NONE',  ( -20.68470733531058059, 60.52007615433225141, 56.15999723977337510 ) ) ;
#2582 = CARTESIAN_POINT ( 'NONE',  ( 28.39427083609857405, -28.78341202211975158, 337.5564335199119341 ) ) ;
#2583 = CARTESIAN_POINT ( 'NONE',  ( 15.85904136862435720, 56.57229547251341017, 53.01080384921401389 ) ) ;
#2584 = ORIENTED_EDGE ( 'NONE', *, *, #2264, .T. ) ;
#2585 = CARTESIAN_POINT ( 'NONE',  ( 1.947430561696071649, 91.88541255089855042, 149.0192602527410770 ) ) ;
#2586 = CARTESIAN_POINT ( 'NONE',  ( 5.723834506671515499, 72.90144032683622299, 91.84439020830373579 ) ) ;
#2587 = CARTESIAN_POINT ( 'NONE',  ( -18.43455426698400501, 78.93119799822262905, 121.1263823575243634 ) ) ;
#2588 = CARTESIAN_POINT ( 'NONE',  ( 10.80245739912939662, 53.12937317048966435, 394.0875306254684460 ) ) ;
#2589 = CARTESIAN_POINT ( 'NONE',  ( 17.22502139310440583, 55.70978406938953498, 53.80341544618512728 ) ) ;
#2590 = CARTESIAN_POINT ( 'NONE',  ( 53.75327083678336493, -8.493862815941158217, 201.7386375963002081 ) ) ;
#2591 = CARTESIAN_POINT ( 'NONE',  ( -0.2816841536668359680, -33.82651559785280426, 373.0243241031068351 ) ) ;
#2592 = ORIENTED_EDGE ( 'NONE', *, *, #1287, .F. ) ;
#2593 = CARTESIAN_POINT ( 'NONE',  ( -32.59334108884046799, 69.05933528993246284, 114.7171524896595258 ) ) ;
#2594 = CARTESIAN_POINT ( 'NONE',  ( -53.25453450017491974, 3.730771168483977718, 82.46882837012303469 ) ) ;
#2595 = CARTESIAN_POINT ( 'NONE',  ( 27.43354334518291893, 52.77256430356408856, 56.60919218188885793 ) ) ;
#2596 = CARTESIAN_POINT ( 'NONE',  ( -3.208917139591510370, 60.87522733800143016, 52.86139627194472013 ) ) ;
#2597 = CARTESIAN_POINT ( 'NONE',  ( -53.13019399950979249, -5.219699555353019882, 211.2172979161361752 ) ) ;
#2598 = CARTESIAN_POINT ( 'NONE',  ( 1.167433747677212530, -53.64366002886354323, 82.49045169442678116 ) ) ;
#2599 = CARTESIAN_POINT ( 'NONE',  ( 8.164027988926571666, -1.906259288085365267, 405.9439828609084202 ) ) ;
#2600 = CARTESIAN_POINT ( 'NONE',  ( -16.44050713349748705, -46.52175804658430991, 34.33075391879994953 ) ) ;
#2601 = CARTESIAN_POINT ( 'NONE',  ( -41.79589762415015031, 39.56327831980518539, 70.47703421792297718 ) ) ;
#2602 = CARTESIAN_POINT ( 'NONE',  ( 37.67534074973654867, 71.83610583426705887, 125.2889534084088439 ) ) ;
#2603 = EDGE_LOOP ( 'NONE', ( #1264, #5178, #128, #1192 ) ) ;
#2604 = CARTESIAN_POINT ( 'NONE',  ( -32.11600201361385842, 53.05572183184744262, 65.81554865218471662 ) ) ;
#2605 = AXIS2_PLACEMENT_3D ( 'NONE', #1416, #1917, #1954 ) ;
#2606 = CARTESIAN_POINT ( 'NONE',  ( -51.30170168173668799, 42.90986448928869379, 201.7373212536312224 ) ) ;
#2607 = CARTESIAN_POINT ( 'NONE',  ( 13.73332218901907886, 62.35433209621010775, 65.36634450004130770 ) ) ;
#2608 = CARTESIAN_POINT ( 'NONE',  ( -24.30290522034458789, -50.95142717878612615, 82.48539298879832415 ) ) ;
#2609 = CARTESIAN_POINT ( 'NONE',  ( 20.69398827850518430, -53.50911710002418431, 149.1063460050854701 ) ) ;
#2611 = CARTESIAN_POINT ( 'NONE',  ( -22.73322875105974461, 31.80644432252829290, 10.00000000000001066 ) ) ;
#2610 = CARTESIAN_POINT ( 'NONE',  ( 19.03795554514134025, 14.82636737648967262, 379.4283400332574274 ) ) ;
#2612 = CARTESIAN_POINT ( 'NONE',  ( 33.06705576088604204, 49.79389212281057553, 61.04707932456131658 ) ) ;
#2613 = CARTESIAN_POINT ( 'NONE',  ( 23.33226205077124149, 92.32417911577387315, 174.9451696663910525 ) ) ;
#2614 = CARTESIAN_POINT ( 'NONE',  ( -38.76486573591341767, 48.59015073143344665, 75.52963463797058807 ) ) ;
#2615 = EDGE_CURVE ( 'NONE', #6963, #6395, #1335, .T. ) ;
#2616 = CARTESIAN_POINT ( 'NONE',  ( 44.77908362108748008, 38.91073688060067326, 85.84271726677782510 ) ) ;
#2617 = CARTESIAN_POINT ( 'NONE',  ( -19.36613505718824157, 59.19346664128833169, 56.49176225637075532 ) ) ;
#2618 = CARTESIAN_POINT ( 'NONE',  ( -22.48739415181663048, 102.1302384031203729, 297.8185938657967426 ) ) ;
#2619 = CARTESIAN_POINT ( 'NONE',  ( -47.62533424758230893, 40.97283185708928954, 120.5018170402376683 ) ) ;
#2620 = CARTESIAN_POINT ( 'NONE',  ( 45.28853505621550823, -35.98079067999533720, 211.2092936939693004 ) ) ;
#2621 = CARTESIAN_POINT ( 'NONE',  ( 19.59599488398033884, 64.13322266012002615, 67.68843747996125160 ) ) ;
#2622 = ORIENTED_EDGE ( 'NONE', *, *, #5934, .F. ) ;
#2623 = CARTESIAN_POINT ( 'NONE',  ( 0.000000000000000000, 39.00533594361594680, 10.00000000000000000 ) ) ;
#2624 = CARTESIAN_POINT ( 'NONE',  ( 13.09637232047255573, 77.06195856092742247, 108.9796595079538690 ) ) ;
#2625 = CARTESIAN_POINT ( 'NONE',  ( -11.45719680612969782, 63.11795863602144863, 65.98701246366387352 ) ) ;
#2626 = CARTESIAN_POINT ( 'NONE',  ( 34.16818497459771464, 39.95006829759443434, 34.11739089674451009 ) ) ;
#2627 = EDGE_CURVE ( 'NONE', #4991, #7281, #7021, .T. ) ;
#2628 = PLANE ( 'NONE',  #2605 ) ;
#2629 = CARTESIAN_POINT ( 'NONE',  ( 17.63476072579970833, -8.649244527318817433, 397.5891045901014422 ) ) ;
#2630 = CIRCLE ( 'NONE', #332, 0.5000000000000014433 ) ;
#2631 = CARTESIAN_POINT ( 'NONE',  ( 6.890997669208760890, 80.93661869546004084, 120.0000000000000711 ) ) ;
#2632 = CARTESIAN_POINT ( 'NONE',  ( 0.000000000000000000, -43.22824026788681806, 17.33791332656385009 ) ) ;
#2633 = CARTESIAN_POINT ( 'NONE',  ( 0.000000000000000000, 62.62777405832367350, 64.37722785569040695 ) ) ;
#2634 = CARTESIAN_POINT ( 'NONE',  ( -32.54503972865315831, 70.59009823485757806, 120.9036566394528762 ) ) ;
#2635 = CARTESIAN_POINT ( 'NONE',  ( -50.97392198010938813, 2.924690040458728379, 61.09541598837216725 ) ) ;
#2636 = CARTESIAN_POINT ( 'NONE',  ( 31.75964091148216539, 63.18077169466388199, 91.61392053406515856 ) ) ;
#2637 = CARTESIAN_POINT ( 'NONE',  ( -16.56923544899320788, 58.85720336237480410, 53.02633817831918606 ) ) ;
#2638 = CARTESIAN_POINT ( 'NONE',  ( -54.40528427903138464, -6.605821850106935678, 192.3475893745212488 ) ) ;
#2639 = CARTESIAN_POINT ( 'NONE',  ( 0.9474859591064023201, -43.00755576645893541, 309.3074386397254898 ) ) ;
#2640 = CARTESIAN_POINT ( 'NONE',  ( 55.80836230846325918, -0.3626554633323218479, 149.0513947064584386 ) ) ;
#2641 = CARTESIAN_POINT ( 'NONE',  ( -11.89799049890116578, -51.20078992515209393, 221.5343238931062615 ) ) ;
#2642 = CARTESIAN_POINT ( 'NONE',  ( -44.90009115811060525, 45.41990716912522430, 102.6041402960017450 ) ) ;
#2643 = ORIENTED_EDGE ( 'NONE', *, *, #2497, .F. ) ;
#2644 = CARTESIAN_POINT ( 'NONE',  ( -35.38929412553061127, 67.62718603847618226, 120.8328043597737746 ) ) ;
#2645 = CARTESIAN_POINT ( 'NONE',  ( -52.76857316536685971, 39.22998837049475185, 149.0424158530961734 ) ) ;
#2646 = DIRECTION ( 'NONE',  ( 0.0009866687537836813134, 0.9999205967106099546, -0.01256291202977151238 ) ) ;
#2647 = FACE_OUTER_BOUND ( 'NONE', #3043, .T. ) ;
#2648 = CARTESIAN_POINT ( 'NONE',  ( -26.60363149801769822, -45.11586077863044864, 251.3969254842509145 ) ) ;
#2649 = CARTESIAN_POINT ( 'NONE',  ( 10.16588812702364564, -24.24071126164689360, 403.9818121828546964 ) ) ;
#2651 = CARTESIAN_POINT ( 'NONE',  ( -29.29572658636281801, 45.11904026734269024, 34.06106380803893074 ) ) ;
#2650 = CARTESIAN_POINT ( 'NONE',  ( 54.41550006706624032, 15.96211480042130226, 174.9357310255751088 ) ) ;
#2652 = CARTESIAN_POINT ( 'NONE',  ( 36.88277680700795003, 61.14151895688912930, 102.8428065086469161 ) ) ;
#2653 = CARTESIAN_POINT ( 'NONE',  ( 27.75097476154912357, 89.85203182242669584, 174.9447540468056275 ) ) ;
#2654 = CARTESIAN_POINT ( 'NONE',  ( -39.67883300317348727, 57.10739833668583287, 102.7655570200045645 ) ) ;
#2655 = CARTESIAN_POINT ( 'NONE',  ( -53.93841309625607749, -22.78503734964061778, 106.4728591319141628 ) ) ;
#2656 = CARTESIAN_POINT ( 'NONE',  ( 47.20516474321908618, 42.70696424610955688, 120.5135091787810637 ) ) ;
#2657 = FACE_OUTER_BOUND ( 'NONE', #3119, .T. ) ;
#2658 = CARTESIAN_POINT ( 'NONE',  ( -24.15675854404307898, 69.39091564946019730, 82.48237391050807332 ) ) ;
#2659 = CARTESIAN_POINT ( 'NONE',  ( -41.52836404261762482, 30.90331565625953658, 56.25719605159717673 ) ) ;
#2660 = CARTESIAN_POINT ( 'NONE',  ( 40.11145221864956767, -44.86715700630711723, 174.9897969731160288 ) ) ;
#2661 = CARTESIAN_POINT ( 'NONE',  ( -19.40000000029202454, 57.08100058600847859, 57.05337846648845357 ) ) ;
#2662 = CARTESIAN_POINT ( 'NONE',  ( 9.220591472505004660, 108.0989976888444914, 267.6145168357557509 ) ) ;
#2663 = CARTESIAN_POINT ( 'NONE',  ( 5.802642049928771861, 74.62702636258042332, 97.42459163417359491 ) ) ;
#2664 = CIRCLE ( 'NONE', #2303, 0.4999999999999996669 ) ;
#2665 = CARTESIAN_POINT ( 'NONE',  ( -13.09637232047336219, 77.06195856093252416, 108.9796595079734089 ) ) ;
#2666 = CARTESIAN_POINT ( 'NONE',  ( 5.000000000000000000, 45.82485989070251975, 409.0779284778315628 ) ) ;
#2667 = CARTESIAN_POINT ( 'NONE',  ( -45.57068175236877750, 27.10604614702787885, 71.85503552398968452 ) ) ;
#2668 = CARTESIAN_POINT ( 'NONE',  ( 55.34105535633817397, -8.537765581089276523, 174.9348987199571752 ) ) ;
#2669 = CARTESIAN_POINT ( 'NONE',  ( -12.59929916689782026, 56.85553280067349391, 53.51689229669595704 ) ) ;
#2670 = CARTESIAN_POINT ( 'NONE',  ( 1.429007040487351821E-15, -27.31785047043236503, 409.0779284778315628 ) ) ;
#2671 = ORIENTED_EDGE ( 'NONE', *, *, #5507, .T. ) ;
#2672 = CARTESIAN_POINT ( 'NONE',  ( -31.98306058303503008, 68.04933705062853733, 108.7481746486688508 ) ) ;
#2673 = CARTESIAN_POINT ( 'NONE',  ( -5.011671903651335747, 0.05558751713613985235, 409.0779284778308806 ) ) ;
#2674 = CARTESIAN_POINT ( 'NONE',  ( 28.77176809117473510, 53.90257781824102779, 61.13312449450029362 ) ) ;
#2675 = CARTESIAN_POINT ( 'NONE',  ( -17.17740905685780817, 64.81250768611302249, 67.51855854747334718 ) ) ;
#2676 = EDGE_CURVE ( 'NONE', #1082, #6509, #2939, .T. ) ;
#2677 = CARTESIAN_POINT ( 'NONE',  ( -50.87517152497040485, -6.616128921783814398, 235.9981479677553864 ) ) ;
#2678 = DIRECTION ( 'NONE',  ( 0.000000000000000000, -0.01159472558982791238, -0.9999327789099108355 ) ) ;
#2679 = CARTESIAN_POINT ( 'NONE',  ( 13.28928336587546433, -1.636730528243874661, 397.5839792605431171 ) ) ;
#2680 = CARTESIAN_POINT ( 'NONE',  ( -14.48703242712283235, -42.04255446809952446, 17.34569666323296744 ) ) ;
#2681 = CARTESIAN_POINT ( 'NONE',  ( -40.71136949180078801, 42.25803067273227498, 70.51537244111703728 ) ) ;
#2682 = CARTESIAN_POINT ( 'NONE',  ( -33.17148133791176434, 54.03980218608077024, 70.73997608589449726 ) ) ;
#2683 = CARTESIAN_POINT ( 'NONE',  ( -51.72105783454171757, 42.22950757592240478, 192.3600627025052461 ) ) ;
#2684 = CARTESIAN_POINT ( 'NONE',  ( 15.93546595522344766, 60.34700084501245954, 56.20328076243615811 ) ) ;
#2685 = CARTESIAN_POINT ( 'NONE',  ( -18.78935287998046988, 61.06037677845593947, 65.70415816013716892 ) ) ;
#2686 = CARTESIAN_POINT ( 'NONE',  ( 6.653954257080989088, -29.34135037536032087, 391.9581800636833577 ) ) ;
#2688 = CARTESIAN_POINT ( 'NONE',  ( -34.61712116174368958, 90.25748652883984846, 267.2042717196071635 ) ) ;
#2687 = CARTESIAN_POINT ( 'NONE',  ( 52.64353927810599032, 12.46793194850281061, 82.46964073403489692 ) ) ;
#2689 = CARTESIAN_POINT ( 'NONE',  ( 33.94180340916437899, 51.03024765625554693, 65.77058063850135738 ) ) ;
#2690 = CARTESIAN_POINT ( 'NONE',  ( 21.82851796965566393, 101.8971717089509212, 309.2902640188073633 ) ) ;
#2691 = CARTESIAN_POINT ( 'NONE',  ( -36.09943633855777279, 45.79275061619924259, 60.96997494299672837 ) ) ;
#2692 = CARTESIAN_POINT ( 'NONE',  ( -48.77383573997332178, -31.90895690877947644, 201.7417783722397076 ) ) ;
#2693 = CARTESIAN_POINT ( 'NONE',  ( 45.43942198203670557, 36.58875526490290753, 85.81813221995891183 ) ) ;
#2694 = CARTESIAN_POINT ( 'NONE',  ( -1.875714450201865668, 81.23719565832706735, 106.4309323311144624 ) ) ;
#2695 = CARTESIAN_POINT ( 'NONE',  ( -18.42512312564783272, 89.08269247613822017, 391.1249797087298816 ) ) ;
#2696 = CARTESIAN_POINT ( 'NONE',  ( -43.81122956885381114, 30.06170375539216266, 65.45990395169897624 ) ) ;
#2697 = CARTESIAN_POINT ( 'NONE',  ( -19.40000000029202454, 58.49433469617276415, 60.36990121884699079 ) ) ;
#2698 = CARTESIAN_POINT ( 'NONE',  ( 38.76094456703317803, 60.23657837125782066, 108.5770159425759260 ) ) ;
#2699 = CARTESIAN_POINT ( 'NONE',  ( 5.662385102398588721, 96.67716219721829418, 174.9460562189175903 ) ) ;
#2700 = CARTESIAN_POINT ( 'NONE',  ( 9.623283417080132907, 77.63138978506619026, 108.9870511439698220 ) ) ;
#2701 = CARTESIAN_POINT ( 'NONE',  ( -13.41905992902129796, 66.46767125513618168, 75.91337367446223539 ) ) ;
#2702 = CARTESIAN_POINT ( 'NONE',  ( 50.44327984135584586, 48.87434187380578265, 201.7370402385690227 ) ) ;
#2703 = CARTESIAN_POINT ( 'NONE',  ( -46.74675621171815010, 27.10604614702779713, 79.83973869968436077 ) ) ;
#2704 = CARTESIAN_POINT ( 'NONE',  ( 46.19293100051940115, -11.20126604781919788, 34.40012518613108483 ) ) ;
#2705 = CARTESIAN_POINT ( 'NONE',  ( 18.63930681585454252, 78.54860343942030454, 119.9999999999999716 ) ) ;
#2706 = CARTESIAN_POINT ( 'NONE',  ( 18.93782089280514924, 57.37611570553379181, 53.21784906213787991 ) ) ;
#2707 = ORIENTED_EDGE ( 'NONE', *, *, #2945, .F. ) ;
#2708 = EDGE_CURVE ( 'NONE', #2478, #4682, #5302, .T. ) ;
#2709 = CARTESIAN_POINT ( 'NONE',  ( -30.54772601475156435, 64.19375291960923846, 91.64084365531611809 ) ) ;
#2710 = CARTESIAN_POINT ( 'NONE',  ( -8.164027988926571666, -1.906259288085365267, 405.9439828609084202 ) ) ;
#2711 = CARTESIAN_POINT ( 'NONE',  ( 32.05530609905758155, 62.91886008546253350, 91.60708220314064931 ) ) ;
#2712 = CARTESIAN_POINT ( 'NONE',  ( -26.49884362715399533, 61.37819076346566760, 68.37742937539640309 ) ) ;
#2713 = CARTESIAN_POINT ( 'NONE',  ( -54.40656213163362764, -6.247799841832907042, 192.3475906243832014 ) ) ;
#2714 = B_SPLINE_CURVE_WITH_KNOTS ( 'NONE', 3,
 ( #2814, #6357, #5136, #7453 ),
 .UNSPECIFIED., .F., .F.,
 ( 4, 4 ),
 ( 0.000000000000000000, 0.0007879543363051154815 ),
 .UNSPECIFIED. ) ;
#2715 = CARTESIAN_POINT ( 'NONE',  ( 0.000000000000000000, -51.87957328486703545, 61.09561556252820935 ) ) ;
#2716 = ADVANCED_FACE ( 'NONE', ( #2657 ), #2301, .F. ) ;
#2717 = CARTESIAN_POINT ( 'NONE',  ( 7.735186092424449100, -4.970681968421662766, 409.0779284778315628 ) ) ;
#2718 = CARTESIAN_POINT ( 'NONE',  ( -10.14440413346183156, -54.93120785218061997, 125.3283206899074571 ) ) ;
#2719 = CARTESIAN_POINT ( 'NONE',  ( -42.61894986501587113, 54.89986409005939549, 114.4544469947529421 ) ) ;
#2720 = CARTESIAN_POINT ( 'NONE',  ( -35.91771558690339816, 60.67727203149971160, 97.08505307414887397 ) ) ;
#2721 = CARTESIAN_POINT ( 'NONE',  ( -35.13882355553528924, 30.84643270350179378, 322.0306433038691125 ) ) ;
#2722 = CARTESIAN_POINT ( 'NONE',  ( 19.39999999930045504, 56.98125940762375308, 53.72114124389360512 ) ) ;
#2723 = CARTESIAN_POINT ( 'NONE',  ( 9.157739907303026783, -40.84449477152490005, 321.0563119401657559 ) ) ;
#2725 = CARTESIAN_POINT ( 'NONE',  ( -40.34114989046099709, 68.57934614558381270, 125.2913757575331317 ) ) ;
#2724 = CARTESIAN_POINT ( 'NONE',  ( 49.24209790291187971, 19.60489914474521100, 61.07037457041619177 ) ) ;
#2726 = CARTESIAN_POINT ( 'NONE',  ( 38.61795232865399896, 62.00968155971165885, 114.5661668444722778 ) ) ;
#2727 = CARTESIAN_POINT ( 'NONE',  ( 24.15675854404307898, 69.39091564946019730, 82.48237391050807332 ) ) ;
#2728 = CARTESIAN_POINT ( 'NONE',  ( -37.49513184213637373, 43.50154441391286042, 60.92923797498453098 ) ) ;
#2729 = CARTESIAN_POINT ( 'NONE',  ( -48.62258262510405160, -37.92862604289319961, 149.0720276706879872 ) ) ;
#2730 = CARTESIAN_POINT ( 'NONE',  ( 46.70630645359525346, 34.20129405883227491, 91.14684176570268903 ) ) ;
#2731 = CARTESIAN_POINT ( 'NONE',  ( -4.569552120206468615, 110.1986871790139588, 283.8268821520093184 ) ) ;
#2732 = CARTESIAN_POINT ( 'NONE',  ( -20.95019311143514074, 103.5313928061685829, 297.8465432146550711 ) ) ;
#2733 = CARTESIAN_POINT ( 'NONE',  ( -45.69148139511707996, 32.64771921566418200, 80.43213827359799950 ) ) ;
#2734 = CARTESIAN_POINT ( 'NONE',  ( 18.17646367436673671, 55.91253518899508634, 53.17579963282062749 ) ) ;
#2735 = CARTESIAN_POINT ( 'NONE',  ( 39.64139083871990721, 53.52562297573905425, 91.39531289952478232 ) ) ;
#2736 = CARTESIAN_POINT ( 'NONE',  ( 4.816355271901699098, 66.20054176447335692, 60.91666669461543648 ) ) ;
#2737 = CARTESIAN_POINT ( 'NONE',  ( 10.89590670059979516, 72.30481289742105844, 91.83820771777273251 ) ) ;
#2738 = CARTESIAN_POINT ( 'NONE',  ( -3.617661664304614888, 63.99770588264703974, 65.98791157449268496 ) ) ;
#2739 = CARTESIAN_POINT ( 'NONE',  ( 39.45542351219100397, 42.34888250169837676, 65.61021808775625175 ) ) ;
#2740 = CARTESIAN_POINT ( 'NONE',  ( 38.37428581564700636, 60.47234543810309049, 297.2071996349247343 ) ) ;
#2741 = CARTESIAN_POINT ( 'NONE',  ( 24.30780700225570001, -9.150766308196548238, 380.0386442598349959 ) ) ;
#2742 = CARTESIAN_POINT ( 'NONE',  ( -12.72210459970875718, 57.30534064342040068, 52.82750023502251935 ) ) ;
#2743 = CARTESIAN_POINT ( 'NONE',  ( 19.39999999930045149, 57.35230473191180778, 57.69083416050856528 ) ) ;
#2744 = CARTESIAN_POINT ( 'NONE',  ( 29.29572658636281801, 45.11904026734269024, 34.06106380803893074 ) ) ;
#2745 = ORIENTED_EDGE ( 'NONE', *, *, #2497, .T. ) ;
#2746 = CARTESIAN_POINT ( 'NONE',  ( -29.17382330386371692, 63.41567141505238681, 86.30134368087070129 ) ) ;
#2747 = CARTESIAN_POINT ( 'NONE',  ( -40.51215406054129176, -3.025382813277839755, 17.38682873401755913 ) ) ;
#2748 = CARTESIAN_POINT ( 'NONE',  ( 29.79625020558671267, 55.17370769204585201, 65.86252861760151234 ) ) ;
#2749 = CARTESIAN_POINT ( 'NONE',  ( -32.75276812294394091, 57.31846038334749238, 69.39270666967456691 ) ) ;
#2750 = CARTESIAN_POINT ( 'NONE',  ( -29.77220967921197925, -7.747180500851279739, 359.8102681608411331 ) ) ;
#2751 = FACE_OUTER_BOUND ( 'NONE', #3498, .T. ) ;
#2752 = CARTESIAN_POINT ( 'NONE',  ( 37.98629331643679308, -4.880569643597515217, 322.2731591139782950 ) ) ;
#2753 = CARTESIAN_POINT ( 'NONE',  ( -7.576879780771302642, -54.21583473164314881, 175.0420682590837771 ) ) ;
#2754 = CARTESIAN_POINT ( 'NONE',  ( -32.20745625470316753, 55.04423512547376163, 70.76362255965833015 ) ) ;
#2755 = CARTESIAN_POINT ( 'NONE',  ( -44.08247639750531022, 15.45072464647527255, 34.32539042696856058 ) ) ;
#2756 = CARTESIAN_POINT ( 'NONE',  ( -18.93791847806101103, 57.24250897137146410, 53.21941754012278381 ) ) ;
#2757 = CARTESIAN_POINT ( 'NONE',  ( 12.94195866691420527, 62.51156400952675796, 65.32528451301865857 ) ) ;
#2758 = CARTESIAN_POINT ( 'NONE',  ( 12.46094042359123932, -54.25894763497413464, 106.4499662650586203 ) ) ;
#2760 = CARTESIAN_POINT ( 'NONE',  ( -25.00449939259151577, 80.86690352233090096, 336.3577205658255593 ) ) ;
#2759 = CARTESIAN_POINT ( 'NONE',  ( 53.96202126689342293, 9.097275874053339706, 95.91832724551802869 ) ) ;
#2761 = CARTESIAN_POINT ( 'NONE',  ( 19.58293520568070534, 98.75171170351238459, 372.2132772590443892 ) ) ;
#2762 = CARTESIAN_POINT ( 'NONE',  ( -36.74027283440990743, 42.13753270130786177, 56.40877936298160478 ) ) ;
#2763 = CARTESIAN_POINT ( 'NONE',  ( -55.18783504039880938, -4.213813279667935952, 106.4752400441078777 ) ) ;
#2764 = CARTESIAN_POINT ( 'NONE',  ( -12.48533750611587223, -15.90385599061559496, 409.0779284778325291 ) ) ;
#2765 = CARTESIAN_POINT ( 'NONE',  ( 47.50013850354186928, 26.98210763402892809, 85.74022528442729651 ) ) ;
#2766 = CARTESIAN_POINT ( 'NONE',  ( 0.000000000000000000, 73.89364767014448887, 82.48426016609995770 ) ) ;
#2767 = CARTESIAN_POINT ( 'NONE',  ( -31.60921473805061765, 72.46978188367815221, 106.4391279693404329 ) ) ;
#2768 = CARTESIAN_POINT ( 'NONE',  ( -45.15108120993827612, 24.18963628753546047, 65.41351050302726833 ) ) ;
#2769 = CARTESIAN_POINT ( 'NONE',  ( 6.399046459663897402, 60.21341145073177614, 52.60380400539727219 ) ) ;
#2770 = CARTESIAN_POINT ( 'NONE',  ( 33.42220400036820394, 46.99595653217322422, 56.49629227543483267 ) ) ;
#2771 = CARTESIAN_POINT ( 'NONE',  ( 11.42620105732674496, 110.8695868683948902, 335.0877328002619606 ) ) ;
#2772 = CARTESIAN_POINT ( 'NONE',  ( 21.57837462401472095, 77.73112308262255965, 121.0975183419065218 ) ) ;
#2773 = CARTESIAN_POINT ( 'NONE',  ( -4.061297637740421074, 78.13309588434974273, 108.9919327687116350 ) ) ;
#2774 = CARTESIAN_POINT ( 'NONE',  ( 36.79728409033457126, 44.64714751503240109, 60.94960645890906648 ) ) ;
#2775 = CARTESIAN_POINT ( 'NONE',  ( 49.29282811079855264, 54.99069590673529717, 201.7367403560437822 ) ) ;
#2776 = FACE_OUTER_BOUND ( 'NONE', #5867, .T. ) ;
#2777 = CARTESIAN_POINT ( 'NONE',  ( 46.26010236882148519, -15.89112958372264650, 266.1468039297853352 ) ) ;
#2778 = DIRECTION ( 'NONE',  ( -0.0008678560396083068347, 0.9999331576052011838, -0.01152940360931945310 ) ) ;
#2779 = CARTESIAN_POINT ( 'NONE',  ( 29.51990518839638966, 56.30036840004968468, 57.21528246075995128 ) ) ;
#2780 = CARTESIAN_POINT ( 'NONE',  ( 35.91599933761853691, 65.76410829577663719, 95.91565523919271641 ) ) ;
#2781 = VERTEX_POINT ( 'NONE', #1418 ) ;
#2782 = CARTESIAN_POINT ( 'NONE',  ( -24.92371595070569157, 64.27190772215341497, 81.00289781038996750 ) ) ;
#2783 = CARTESIAN_POINT ( 'NONE',  ( -53.16201752586142959, 0.02373478577073876924, 211.2173182657485881 ) ) ;
#2784 = CARTESIAN_POINT ( 'NONE',  ( 34.85267128194576003, 68.23711292280903251, 120.8462511697259174 ) ) ;
#2785 = CARTESIAN_POINT ( 'NONE',  ( 20.73891811736857349, 56.74226746704127322, 57.10477017372053155 ) ) ;
#2786 = CARTESIAN_POINT ( 'NONE',  ( -53.79043518013038039, -6.249167191610056626, 201.7386374643990621 ) ) ;
#2787 = CARTESIAN_POINT ( 'NONE',  ( -19.40000000028212668, 56.53752982235450730, 53.26349975644792067 ) ) ;
#2788 = CARTESIAN_POINT ( 'NONE',  ( 52.34292122267462588, -4.848222456011574089, 221.5228448069219098 ) ) ;
#2789 = CARTESIAN_POINT ( 'NONE',  ( -5.965149425158230656, -47.76747919259910446, 34.31996013769409615 ) ) ;
#2790 = CARTESIAN_POINT ( 'NONE',  ( -30.33848071904039756, 54.71127073342755409, 65.85260910466284656 ) ) ;
#2791 = CARTESIAN_POINT ( 'NONE',  ( -36.03280546974131227, 7.104117442569688912, 10.00000000000000178 ) ) ;
#2792 = CARTESIAN_POINT ( 'NONE',  ( 16.56923544899320788, 58.85720336237480410, 53.02633817831918606 ) ) ;
#2793 = CARTESIAN_POINT ( 'NONE',  ( 19.39999999930046570, 55.02647658658207774, 54.01034359778355309 ) ) ;
#2794 = CARTESIAN_POINT ( 'NONE',  ( 14.63259340316777823, -49.70587240792393402, 236.3252484590367430 ) ) ;
#2796 = CARTESIAN_POINT ( 'NONE',  ( -6.595825139711466001, 71.09180666823270656, 403.7088957522989858 ) ) ;
#2795 = CARTESIAN_POINT ( 'NONE',  ( 45.11522785549176007, 8.668141480189721193, 282.2149397074610988 ) ) ;
#2797 = CARTESIAN_POINT ( 'NONE',  ( 17.74391418465200587, 40.78159070478828596, 17.19410021733877514 ) ) ;
#2798 = CARTESIAN_POINT ( 'NONE',  ( -36.64271487295194163, 56.01465244758647799, 86.11837853819649524 ) ) ;
#2799 = CARTESIAN_POINT ( 'NONE',  ( -53.13786544293289893, -4.874154953485276387, 211.2172985420698978 ) ) ;
#2800 = CARTESIAN_POINT ( 'NONE',  ( -46.10434698628334615, -37.06866126592985466, 82.47540446176114415 ) ) ;
#2801 = CARTESIAN_POINT ( 'NONE',  ( -5.594488293769353859, 86.23048762109060306, 125.2764631735094838 ) ) ;
#2802 = CARTESIAN_POINT ( 'NONE',  ( -13.50652890586522936, 80.83400105477107900, 403.3251424326149959 ) ) ;
#2803 = CARTESIAN_POINT ( 'NONE',  ( -46.01707901543413470, 43.83610723048266067, 108.3648811529506304 ) ) ;
#2804 = EDGE_CURVE ( 'NONE', #2781, #2018, #2215, .T. ) ;
#2805 = DIRECTION ( 'NONE',  ( 0.000000000000000000, 0.000000000000000000, 1.000000000000000000 ) ) ;
#2806 = CARTESIAN_POINT ( 'NONE',  ( 33.00910369026797753, 47.50449552227208727, 56.50590292483230570 ) ) ;
#2807 = CARTESIAN_POINT ( 'NONE',  ( 5.421227344103089152, 102.3717906167731542, 211.2204670723332640 ) ) ;
#2808 = CARTESIAN_POINT ( 'NONE',  ( 12.61809137446334539, 60.98304941427527837, 61.22747357666358425 ) ) ;
#2809 = CARTESIAN_POINT ( 'NONE',  ( -3.682707036489062613, 65.84360428393941334, 70.95459595547031029 ) ) ;
#2810 = CARTESIAN_POINT ( 'NONE',  ( 36.74027283439549052, 42.13753270128194828, 56.40877936289554384 ) ) ;
#2811 = CARTESIAN_POINT ( 'NONE',  ( 49.66596614699262346, 54.11733623626795975, 192.3655671401465668 ) ) ;
#2812 = CARTESIAN_POINT ( 'NONE',  ( 18.93791847705083242, 57.24250897612205335, 53.21941753998910940 ) ) ;
#2813 = CARTESIAN_POINT ( 'NONE',  ( 49.87391172820665730, -16.53361837407254242, 236.0127094445664397 ) ) ;
#2814 = CARTESIAN_POINT ( 'NONE',  ( -19.40000000029201388, 59.90673787976722764, 63.68682034436694295 ) ) ;
#2815 = CARTESIAN_POINT ( 'NONE',  ( -19.40000000029201033, 58.11811150535532988, 53.56892955925838606 ) ) ;
#2816 = CARTESIAN_POINT ( 'NONE',  ( 22.73322875105974461, 31.80644432252829290, 10.00000000000001066 ) ) ;
#2817 = ORIENTED_EDGE ( 'NONE', *, *, #7462, .T. ) ;
#2818 = CARTESIAN_POINT ( 'NONE',  ( 0.000000000000000000, 71.33920929084678164, 86.46968911456198725 ) ) ;
#2819 = CARTESIAN_POINT ( 'NONE',  ( -26.13762173678541600, 68.95582467994422871, 97.30216595718052019 ) ) ;
#2820 = CARTESIAN_POINT ( 'NONE',  ( -53.68664550436785277, 2.298154064835253418, 201.7385804371572817 ) ) ;
#2821 = CARTESIAN_POINT ( 'NONE',  ( 31.42466541268115776, 59.77942813327310034, 80.88813956040465314 ) ) ;
#2822 = CARTESIAN_POINT ( 'NONE',  ( 19.39999999930045504, 58.61082693213597850, 55.65728118302732241 ) ) ;
#2823 = CARTESIAN_POINT ( 'NONE',  ( -18.25862263015162767, -10.57948356840636706, 397.3934010520585502 ) ) ;
#2824 = CARTESIAN_POINT ( 'NONE',  ( 0.3654756032216667783, -51.87957328486705677, 61.09561556252820935 ) ) ;
#2825 = CARTESIAN_POINT ( 'NONE',  ( 10.14353148620779699, -4.912194116059293236, 405.9626187462250755 ) ) ;
#2826 = CARTESIAN_POINT ( 'NONE',  ( -7.336799794340819858, -41.09403741802664456, 321.0267435420739730 ) ) ;
#2827 = CARTESIAN_POINT ( 'NONE',  ( -34.85267128194599451, 68.23711292280898988, 120.8462511697267416 ) ) ;
#2828 = CARTESIAN_POINT ( 'NONE',  ( -7.148528748372136477, 23.35390047273355663, 405.4345288823532201 ) ) ;
#2829 = CARTESIAN_POINT ( 'NONE',  ( 19.03757506575121283, 58.09486928899572433, 53.21698642390986578 ) ) ;
#2830 = CARTESIAN_POINT ( 'NONE',  ( 15.09914210338381046, -50.81352835109245092, 221.5338840944453977 ) ) ;
#2832 = CARTESIAN_POINT ( 'NONE',  ( -5.000000000000000000, 66.84531496254926708, 409.0779284778316196 ) ) ;
#2831 = CARTESIAN_POINT ( 'NONE',  ( 50.98063166945263447, 12.51230549398993475, 236.0236881137701062 ) ) ;
#2833 = CARTESIAN_POINT ( 'NONE',  ( 30.85591794426941448, 69.94994071318365059, 95.91537600613030179 ) ) ;
#2834 = CARTESIAN_POINT ( 'NONE',  ( -37.57937743697695510, 56.70294652173895145, 91.45891288392110141 ) ) ;
#2835 = CARTESIAN_POINT ( 'NONE',  ( -53.53398174288324896, -3.006056001966841418, 82.46850984104828797 ) ) ;
#2836 = CARTESIAN_POINT ( 'NONE',  ( 49.97685100313452722, 26.61289963305569373, 120.4383461105388875 ) ) ;
#2837 = CARTESIAN_POINT ( 'NONE',  ( -47.67163976374737189, -37.82417811379341543, 106.4667490773286573 ) ) ;
#2838 = CARTESIAN_POINT ( 'NONE',  ( -1.613907873035533846, 108.9964298403724428, 267.6395684617824600 ) ) ;
#2839 = CARTESIAN_POINT ( 'NONE',  ( -32.79573330312808110, 89.46446962824461480, 201.7348627837917832 ) ) ;
#2840 = CARTESIAN_POINT ( 'NONE',  ( -45.64448130232874945, 43.03354776675801929, 102.5804671976887192 ) ) ;
#2841 = CARTESIAN_POINT ( 'NONE',  ( 8.045209598563653586, 60.51751525043349744, 52.95085288588310135 ) ) ;
#2842 = CARTESIAN_POINT ( 'NONE',  ( 40.46825883828490333, 55.74477741946672182, 102.7421162610473999 ) ) ;
#2843 = CARTESIAN_POINT ( 'NONE',  ( 17.36501309354383693, 101.1921716075065945, 221.6204302219562123 ) ) ;
#2844 = EDGE_CURVE ( 'NONE', #6963, #435, #4854, .T. ) ;
#2845 = CARTESIAN_POINT ( 'NONE',  ( 13.98286203047436160, 60.65948370847402771, 61.22639248524705380 ) ) ;
#2846 = CARTESIAN_POINT ( 'NONE',  ( -9.623283417079592894, 77.63138978507193144, 108.9870511439896461 ) ) ;
#2847 = CARTESIAN_POINT ( 'NONE',  ( 40.71136949179142306, 42.25803067271571933, 70.51537244104652302 ) ) ;
#2848 = CARTESIAN_POINT ( 'NONE',  ( 52.02581055733056559, 28.05024121427146611, 95.91770132125202508 ) ) ;
#2849 = CARTESIAN_POINT ( 'NONE',  ( 18.93752795637888298, 57.77694130588860588, 53.21314208525021172 ) ) ;
#2850 = CARTESIAN_POINT ( 'NONE',  ( 52.87915475485513639, -11.84542536063591278, 211.2170985286308849 ) ) ;
#2851 = CARTESIAN_POINT ( 'NONE',  ( 47.93672586838234650, 28.99092376811895377, 66.20258223077577497 ) ) ;
#2852 = CARTESIAN_POINT ( 'NONE',  ( 45.01180909342661352, 36.50207509553606400, 62.16653679912158736 ) ) ;
#2853 = CARTESIAN_POINT ( 'NONE',  ( 36.65004664434665926, 68.08414441250710070, 106.4423500660956279 ) ) ;
#2854 = EDGE_LOOP ( 'NONE', ( #5219, #6360, #2622 ) ) ;
#2855 = CARTESIAN_POINT ( 'NONE',  ( 2.033182196062770064, 73.10911051242443648, 91.84589651338248473 ) ) ;
#2856 = CARTESIAN_POINT ( 'NONE',  ( -26.58439769987606383, 57.52617285164807726, 65.91145893424813096 ) ) ;
#2857 = CARTESIAN_POINT ( 'NONE',  ( -37.13126860191107426, -2.256588849178703615, 10.00000000000000178 ) ) ;
#2858 = CARTESIAN_POINT ( 'NONE',  ( 34.85110368849012730, 65.22416108587023587, 108.6775319302047222 ) ) ;
#2859 = CARTESIAN_POINT ( 'NONE',  ( 0.000000000000000000, 62.13972375767053080, 63.20604504837260151 ) ) ;
#2860 = CARTESIAN_POINT ( 'NONE',  ( -11.45741348935695747, -9.728842535240199041, 409.0779284778313354 ) ) ;
#2861 = CARTESIAN_POINT ( 'NONE',  ( 27.60493843895082122, 50.66903559033921312, 54.29956168725304622 ) ) ;
#2862 = CARTESIAN_POINT ( 'NONE',  ( 22.67306916224136870, -5.266321588223756400, 380.0888225131455442 ) ) ;
#2863 = CARTESIAN_POINT ( 'NONE',  ( -7.242624897172640352, -52.28073218356374241, 211.1925318823869020 ) ) ;
#2864 = CARTESIAN_POINT ( 'NONE',  ( -31.88647327627543859, 61.21827448971910002, 86.24417647013663668 ) ) ;
#2865 = CARTESIAN_POINT ( 'NONE',  ( -38.65890254230112788, 24.78133956945886851, 309.1992227063497012 ) ) ;
#2866 = CARTESIAN_POINT ( 'NONE',  ( 8.019959407661271911, 60.39180041120994247, 52.64255861808186410 ) ) ;
#2867 = CARTESIAN_POINT ( 'NONE',  ( 3.358464669910064870, -36.64712630859212794, 354.2623262081801840 ) ) ;
#2869 = CARTESIAN_POINT ( 'NONE',  ( -40.29024091396184559, 79.89207714507222136, 201.7354274667993650 ) ) ;
#2868 = CARTESIAN_POINT ( 'NONE',  ( 53.15991088711161439, 5.320218428725753235, 82.46894297849196676 ) ) ;
#2870 = CARTESIAN_POINT ( 'NONE',  ( 33.61216619382846460, 90.81070111988846350, 221.6042128827891702 ) ) ;
#2871 = CARTESIAN_POINT ( 'NONE',  ( -33.72185374438030436, 51.29210705892874245, 65.77619386338186303 ) ) ;
#2872 = CARTESIAN_POINT ( 'NONE',  ( -40.54755684007150762, -3.830092455102560578, 309.1854920261957886 ) ) ;
#2873 = CARTESIAN_POINT ( 'NONE',  ( -24.00403345841925429, 52.83493001199116890, 53.75790418240133306 ) ) ;
#2874 = CARTESIAN_POINT ( 'NONE',  ( -39.27525082723539640, -44.14926309889921185, 192.3974927658011040 ) ) ;
#2875 = CARTESIAN_POINT ( 'NONE',  ( -10.75684176440502959, 85.69796128773216992, 125.2771082987701163 ) ) ;
#2876 = CARTESIAN_POINT ( 'NONE',  ( -27.91881641712010520, 67.49829517790468003, 82.48170445250212879 ) ) ;
#2877 = CARTESIAN_POINT ( 'NONE',  ( -45.40683670051393506, 43.84020425312959901, 102.5880095932398746 ) ) ;
#2878 = CARTESIAN_POINT ( 'NONE',  ( 31.26009567742576323, 49.44721463376803428, 56.54503320962844271 ) ) ;
#2879 = CARTESIAN_POINT ( 'NONE',  ( 16.86449848019995557, 76.20660751207844896, 95.91486233485673552 ) ) ;
#2880 = CARTESIAN_POINT ( 'NONE',  ( 14.56602554494368640, 75.05813309435019676, 103.1922951122901537 ) ) ;
#2881 = CARTESIAN_POINT ( 'NONE',  ( -2.033182196062998326, 73.10911051243836312, 91.84589651342682259 ) ) ;
#2882 = CARTESIAN_POINT ( 'NONE',  ( 39.34045301337693701, 49.83164376967817333, 80.66498206330892629 ) ) ;
#2883 = CARTESIAN_POINT ( 'NONE',  ( -18.05344409565291031, 98.42560364373090920, 201.7342441000753297 ) ) ;
#2884 = CARTESIAN_POINT ( 'NONE',  ( -38.91355778532297904, 62.87796320270014405, 119.9999999999999574 ) ) ;
#2885 = CARTESIAN_POINT ( 'NONE',  ( 51.53507487586163904, -27.34414253052597132, 192.3629892491741202 ) ) ;
#2886 = CARTESIAN_POINT ( 'NONE',  ( 38.79130584289239891, 63.01525835835182221, 120.0000000000000000 ) ) ;
#2887 = ORIENTED_EDGE ( 'NONE', *, *, #5191, .F. ) ;
#2888 = CARTESIAN_POINT ( 'NONE',  ( -19.40000000029201388, 59.05552401781857697, 61.68804587995646216 ) ) ;
#2889 = CARTESIAN_POINT ( 'NONE',  ( 38.61439460506126409, 62.84341535738197138, 95.91584484251931997 ) ) ;
#2890 = VERTEX_POINT ( 'NONE', #2103 ) ;
#2891 = CARTESIAN_POINT ( 'NONE',  ( 18.89999999930046215, 55.66659322484436956, 53.73731346006706389 ) ) ;
#2892 = CARTESIAN_POINT ( 'NONE',  ( -30.74860241049545095, 69.09969441080048114, 108.7758868074922418 ) ) ;
#2893 = CARTESIAN_POINT ( 'NONE',  ( 29.58823175577164477, 51.03984912821059794, 56.57756560530246759 ) ) ;
#2894 = CARTESIAN_POINT ( 'NONE',  ( 32.51304671265042856, 49.36168707649604670, 58.95054193375307960 ) ) ;
#2895 = CARTESIAN_POINT ( 'NONE',  ( -38.20396427593795607, -10.47095840775856956, 322.2638471654591399 ) ) ;
#2896 = CARTESIAN_POINT ( 'NONE',  ( 39.50329872222882699, 83.26369860490956398, 236.3612997938031128 ) ) ;
#2897 = CARTESIAN_POINT ( 'NONE',  ( -15.67262883810185947, 57.92949206263317308, 52.98400091996958139 ) ) ;
#2898 = CARTESIAN_POINT ( 'NONE',  ( 53.55235010265169393, -5.856155835417935052, 82.46846865896040413 ) ) ;
#2899 = CARTESIAN_POINT ( 'NONE',  ( -1.053052637887983645, -47.77231239940648777, 267.3975316513553366 ) ) ;
#2900 = CARTESIAN_POINT ( 'NONE',  ( -32.44608744676503420, 60.70343587629893278, 86.23089176511278708 ) ) ;
#2901 = VECTOR ( 'NONE', #5552, 1000.000000000000000 ) ;
#2902 = EDGE_CURVE ( 'NONE', #4352, #2969, #5831, .T. ) ;
#2903 = CARTESIAN_POINT ( 'NONE',  ( -52.64353927810599032, 12.46793194850281061, 82.46964073403489692 ) ) ;
#2904 = CARTESIAN_POINT ( 'NONE',  ( 29.44223251436215705, 59.47229173530283219, 75.77134001776299499 ) ) ;
#2905 = CARTESIAN_POINT ( 'NONE',  ( 1.604432779421390842, 60.92116226318060512, 52.84991015355755195 ) ) ;
#2906 = VECTOR ( 'NONE', #2952, 1000.000000000000000 ) ;
#2907 = CARTESIAN_POINT ( 'NONE',  ( 9.769725132143777913, -54.06360092687814500, 95.91177177660478037 ) ) ;
#2909 = CARTESIAN_POINT ( 'NONE',  ( -42.84470329415308498, 56.98334315772650172, 95.91620674547424130 ) ) ;
#2908 = CARTESIAN_POINT ( 'NONE',  ( 49.43431826732843604, 12.79072845539855763, 250.8912901494613266 ) ) ;
#2910 = CARTESIAN_POINT ( 'NONE',  ( 25.43048446762419701, 98.94266441963382874, 297.7578392886659913 ) ) ;
#2911 = CARTESIAN_POINT ( 'NONE',  ( -34.13775066525292345, 48.50267270722480362, 61.02153165958810632 ) ) ;
#2912 = CARTESIAN_POINT ( 'NONE',  ( -7.735186092424449100, -4.970681968421662766, 409.0779284778315628 ) ) ;
#2913 = CARTESIAN_POINT ( 'NONE',  ( -37.57800954191852583, 39.72312464641964169, 57.03696880691480686 ) ) ;
#2914 = CARTESIAN_POINT ( 'NONE',  ( -39.38456918017836017, -45.16207994966118378, 95.91499236189125099 ) ) ;
#2915 = CARTESIAN_POINT ( 'NONE',  ( -10.32786265453919938, 103.1238023322610928, 221.6240236177845020 ) ) ;
#2916 = CARTESIAN_POINT ( 'NONE',  ( 13.31147768299727119, -25.19936701306930615, 393.4793302912000286 ) ) ;
#2917 = CARTESIAN_POINT ( 'NONE',  ( -24.31842651746483952, 98.48582651464207061, 309.2848057688953531 ) ) ;
#2918 = CARTESIAN_POINT ( 'NONE',  ( 0.000000000000000000, 63.64996744220073310, 65.01987264133462929 ) ) ;
#2919 = CARTESIAN_POINT ( 'NONE',  ( 35.53728056203448205, 62.79735347182757721, 102.8779058097996142 ) ) ;
#2920 = CARTESIAN_POINT ( 'NONE',  ( 15.74407498641786063, 107.6601837212099753, 353.2991265592645505 ) ) ;
#2921 = CARTESIAN_POINT ( 'NONE',  ( 15.15520682589533408, 67.87861760246805432, 81.07722253347975538 ) ) ;
#2922 = CARTESIAN_POINT ( 'NONE',  ( -17.36484496898456698, 59.91213136148422791, 63.76233292320186763 ) ) ;
#2923 = CARTESIAN_POINT ( 'NONE',  ( 46.06645483748172865, 46.98298768345205190, 120.5453402889140762 ) ) ;
#2924 = CARTESIAN_POINT ( 'NONE',  ( -17.36501309354383693, 101.1921716075065945, 221.6204302219562123 ) ) ;
#2925 = CARTESIAN_POINT ( 'NONE',  ( 18.93772132771344374, 57.50972570208126200, 53.21625514082863617 ) ) ;
#2926 = CARTESIAN_POINT ( 'NONE',  ( 45.69018639588326636, -25.46249827200474769, 250.9672609133938295 ) ) ;
#2927 = CARTESIAN_POINT ( 'NONE',  ( 47.71263363869343976, 29.47569025242616902, 65.59378433888228699 ) ) ;
#2928 = ORIENTED_EDGE ( 'NONE', *, *, #2708, .T. ) ;
#2929 = CARTESIAN_POINT ( 'NONE',  ( -19.05296518916313531, 58.22071724677490323, 53.52525228497820109 ) ) ;
#2930 = ORIENTED_EDGE ( 'NONE', *, *, #3528, .F. ) ;
#2931 = CARTESIAN_POINT ( 'NONE',  ( -25.74357830604709463, 74.10632516338215225, 114.8553531878567355 ) ) ;
#2932 = CARTESIAN_POINT ( 'NONE',  ( 34.13837522783117606, 62.66698887422254671, 97.13206679556515155 ) ) ;
#2933 = DIRECTION ( 'NONE',  ( 8.688932143535988948E-11, 1.000000000000000000, 0.000000000000000000 ) ) ;
#2934 = CARTESIAN_POINT ( 'NONE',  ( -54.78102531090722493, -17.44094450407095209, 106.4742081050046920 ) ) ;
#2935 = CARTESIAN_POINT ( 'NONE',  ( 36.67214156698695149, 86.27350929578477690, 267.1394861918234369 ) ) ;
#2936 = CARTESIAN_POINT ( 'NONE',  ( -18.90000000029200677, 55.66659322451634040, 53.73731346014890420 ) ) ;
#2937 = CARTESIAN_POINT ( 'NONE',  ( 45.10428449997808542, -6.297230283843178178, 282.1646518020393728 ) ) ;
#2938 = CARTESIAN_POINT ( 'NONE',  ( -4.709069789862740940, -53.57492455626363181, 82.49023420230582815 ) ) ;
#2939 = B_SPLINE_CURVE_WITH_KNOTS ( 'NONE', 3,
 ( #346, #1944, #804, #2617, #5440, #4254 ),
 .UNSPECIFIED., .F., .F.,
 ( 4, 2, 4 ),
 ( 6.626742674800254491E-15, 0.0003163835503447188493, 0.0006327671006828109465 ),
 .UNSPECIFIED. ) ;
#2940 = EDGE_CURVE ( 'NONE', #3730, #4135, #5583, .T. ) ;
#2941 = CARTESIAN_POINT ( 'NONE',  ( -29.19105119161504192, 53.56771840286599939, 61.12679132036343788 ) ) ;
#2942 = CARTESIAN_POINT ( 'NONE',  ( -52.65924462498530545, 17.04193423804872864, 211.2175332405030019 ) ) ;
#2943 = CARTESIAN_POINT ( 'NONE',  ( 26.86939856792373504, 53.18028347001945377, 56.61648387288963136 ) ) ;
#2944 = CARTESIAN_POINT ( 'NONE',  ( 11.15815539874376938, 59.62954765775384658, 52.74982394115634321 ) ) ;
#2945 = EDGE_CURVE ( 'NONE', #1949, #7345, #2664, .T. ) ;
#2946 = CARTESIAN_POINT ( 'NONE',  ( 5.965149425158230656, -47.76747919259910446, 34.31996013769409615 ) ) ;
#2948 = CARTESIAN_POINT ( 'NONE',  ( -43.55744019765623420, 74.43881131015170638, 221.5844429870857368 ) ) ;
#2947 = CARTESIAN_POINT ( 'NONE',  ( 53.25453450017491974, 3.730771168483977718, 82.46882837012303469 ) ) ;
#2949 = CARTESIAN_POINT ( 'NONE',  ( 29.61924328543851104, 96.63707800337500942, 251.6829708598519630 ) ) ;
#2950 = CARTESIAN_POINT ( 'NONE',  ( -37.84183208594122760, 61.54627846791305501, 108.6015853461852032 ) ) ;
#2951 = CARTESIAN_POINT ( 'NONE',  ( -50.49376245883300385, 50.22012597164248149, 149.0383569034248978 ) ) ;
#2952 = DIRECTION ( 'NONE',  ( -1.000000000000000000, 0.000000000000000000, 0.000000000000000000 ) ) ;
#2953 = CARTESIAN_POINT ( 'NONE',  ( -29.25289845498673458, -42.28502481532009938, 34.35161381037506345 ) ) ;
#2954 = EDGE_CURVE ( 'NONE', #4352, #2890, #3933, .T. ) ;
#2955 = CARTESIAN_POINT ( 'NONE',  ( 35.25650449685575438, -48.27731340483628486, 106.4592106982952657 ) ) ;
#2956 = CARTESIAN_POINT ( 'NONE',  ( -29.42402334394974872, 95.83469299545024001, 283.4562711395786323 ) ) ;
#2957 = CARTESIAN_POINT ( 'NONE',  ( 31.94421612175647596, 51.02658023946641208, 61.07346003656653721 ) ) ;
#2958 = CARTESIAN_POINT ( 'NONE',  ( 13.94163277398604706, 76.89675565417566361, 95.91479512775394767 ) ) ;
#2959 = CARTESIAN_POINT ( 'NONE',  ( 24.59285774288550286, 76.34076800147082054, 121.0600857974037865 ) ) ;
#2960 = CARTESIAN_POINT ( 'NONE',  ( -1.920220583027566041, 65.91200022409107362, 70.95450733785688158 ) ) ;
#2961 = CARTESIAN_POINT ( 'NONE',  ( 40.93291180312545663, 36.01583260012890975, 60.81833782842340241 ) ) ;
#2962 = CARTESIAN_POINT ( 'NONE',  ( -11.79227378438647023, 111.3774366457178218, 390.1293219445124691 ) ) ;
#2963 = CARTESIAN_POINT ( 'NONE',  ( -20.00222822556246882, 102.8982397504110224, 251.7886321841774020 ) ) ;
#2964 = CARTESIAN_POINT ( 'NONE',  ( 19.39999999930051544, 57.24841311058735016, 53.71794274010256487 ) ) ;
#2965 = CARTESIAN_POINT ( 'NONE',  ( 47.96407560477239684, -31.58713849747028135, 211.2114493149713610 ) ) ;
#2966 = CARTESIAN_POINT ( 'NONE',  ( 41.46235979301142294, 58.55528113830461479, 120.0000000000000142 ) ) ;
#2967 = ORIENTED_EDGE ( 'NONE', *, *, #1709, .T. ) ;
#2968 = CARTESIAN_POINT ( 'NONE',  ( -18.93914544849985404, 55.66029242548084000, 53.23888800552609268 ) ) ;
#2969 = VERTEX_POINT ( 'NONE', #6842 ) ;
#2970 = AXIS2_PLACEMENT_3D ( 'NONE', #3287, #5031, #5648 ) ;
#2971 = CARTESIAN_POINT ( 'NONE',  ( -20.10382081586747915, 62.64878816564570485, 70.92648090724530618 ) ) ;
#2972 = CARTESIAN_POINT ( 'NONE',  ( -55.24125157666991015, -8.553994493770428420, 106.4752925735672449 ) ) ;
#2973 = CARTESIAN_POINT ( 'NONE',  ( 34.52485758390006509, 86.98888543379642613, 283.2922982889651848 ) ) ;
#2974 = CARTESIAN_POINT ( 'NONE',  ( 9.454593450506493468, 59.28106273795687287, 52.64599349339241741 ) ) ;
#2975 = CARTESIAN_POINT ( 'NONE',  ( 56.10435086253658454, -5.759558098680081173, 149.0516085856700954 ) ) ;
#2976 = CARTESIAN_POINT ( 'NONE',  ( -1.986043150954370784, -36.75481172116197826, 354.2229766753966942 ) ) ;
#2977 = CARTESIAN_POINT ( 'NONE',  ( -33.14363572051112783, 70.01562351958830277, 120.8893239477933861 ) ) ;
#2978 = CARTESIAN_POINT ( 'NONE',  ( -50.98063166945263447, 12.51230549398993475, 236.0236881137701062 ) ) ;
#2979 = B_SPLINE_CURVE_WITH_KNOTS ( 'NONE', 3,
 ( #2433, #3766, #6694, #7414, #7269, #1492 ),
 .UNSPECIFIED., .F., .F.,
 ( 4, 2, 4 ),
 ( 6.938893903907228378E-18, 0.001220817975975835214, 0.002441635951951663490 ),
 .UNSPECIFIED. ) ;
#2980 = CARTESIAN_POINT ( 'NONE',  ( 27.15228269408667927, 52.97955020419219352, 56.61292479369402031 ) ) ;
#2981 = CARTESIAN_POINT ( 'NONE',  ( -18.17646367532481477, 55.91253518869771000, 53.17579963289501421 ) ) ;
#2982 = CARTESIAN_POINT ( 'NONE',  ( 6.889900263545648329, -50.45315609857289729, 236.3531283597595802 ) ) ;
#2984 = CARTESIAN_POINT ( 'NONE',  ( -47.00718219043898216, 56.92988138965807821, 125.2994818174823735 ) ) ;
#2983 = CARTESIAN_POINT ( 'NONE',  ( 42.78846816255977359, 2.760672116481881933, 296.6675550880671608 ) ) ;
#2985 = CARTESIAN_POINT ( 'NONE',  ( 27.59661783500443377, 59.81117308466855320, 60.95000764652930059 ) ) ;
#2986 = CARTESIAN_POINT ( 'NONE',  ( -37.66957392760237866, 64.77037030325139710, 120.7768317837326748 ) ) ;
#2987 = CARTESIAN_POINT ( 'NONE',  ( -35.68448203293556986, 59.94976216942366420, 309.2353357703608481 ) ) ;
#2988 = CARTESIAN_POINT ( 'NONE',  ( 18.93811975678487869, 56.97529099679106679, 53.22263220469624656 ) ) ;
#2989 = CARTESIAN_POINT ( 'NONE',  ( -31.95901764059488315, -44.29808656351775653, 236.2140840141175318 ) ) ;
#2990 = CARTESIAN_POINT ( 'NONE',  ( 27.61600202523867864, -46.35352668173857182, 236.2471137054183998 ) ) ;
#2992 = CARTESIAN_POINT ( 'NONE',  ( -36.68000673810178824, 85.13421970794340154, 201.7351259169355160 ) ) ;
#2991 = CARTESIAN_POINT ( 'NONE',  ( 39.90373976707076054, 47.15182131616348471, 297.0368385496761903 ) ) ;
#2993 = CARTESIAN_POINT ( 'NONE',  ( 32.20745625469460549, 55.04423512545241692, 70.76362255958763114 ) ) ;
#2994 = CARTESIAN_POINT ( 'NONE',  ( 17.10914371339296380, 105.5397445469658209, 409.0779284778308238 ) ) ;
#2995 = CARTESIAN_POINT ( 'NONE',  ( 19.12913601064631308, 64.87035219555149013, 75.89160686480754237 ) ) ;
#2996 = ORIENTED_EDGE ( 'NONE', *, *, #2804, .F. ) ;
#2997 = CARTESIAN_POINT ( 'NONE',  ( -4.789880424296416805, 59.69594724186622869, 52.54223714079380869 ) ) ;
#2998 = CARTESIAN_POINT ( 'NONE',  ( -11.34727896789896739, 62.79409720811912621, 65.25115085221153777 ) ) ;
#2999 = CARTESIAN_POINT ( 'NONE',  ( 41.89605567939134545, 36.43898717245173202, 65.52680957034338860 ) ) ;
#3000 = CARTESIAN_POINT ( 'NONE',  ( -14.60064225581740160, 108.8426889953673822, 390.2651342448174887 ) ) ;
#3001 = CARTESIAN_POINT ( 'NONE',  ( -21.93792601775920659, 101.9035002209877376, 251.7702077062204467 ) ) ;
#3002 = CARTESIAN_POINT ( 'NONE',  ( 19.39999999930045149, 58.54781877913171684, 55.50927180094129199 ) ) ;
#3003 = CARTESIAN_POINT ( 'NONE',  ( 49.49437046996627743, -32.20575662124992533, 192.3705917189396928 ) ) ;
#3004 = CARTESIAN_POINT ( 'NONE',  ( -53.22862030171098269, 27.10604614702788240, 111.9412253511495834 ) ) ;
#3005 = VERTEX_POINT ( 'NONE', #4451 ) ;
#3006 = CARTESIAN_POINT ( 'NONE',  ( -18.93879444154694625, 56.09862664876970229, 53.23335789762322889 ) ) ;
#3007 = CARTESIAN_POINT ( 'NONE',  ( 26.48688381741330033, 70.42223597980152761, 103.0780812522126837 ) ) ;
#3008 = ORIENTED_EDGE ( 'NONE', *, *, #2940, .T. ) ;
#3009 = CARTESIAN_POINT ( 'NONE',  ( -20.50908605361427917, 64.39629438795792282, 75.88363262806228704 ) ) ;
#3010 = CARTESIAN_POINT ( 'NONE',  ( -36.47303294150326991, -17.94115897225242406, 10.00000000000001599 ) ) ;
#3011 = CARTESIAN_POINT ( 'NONE',  ( 5.000000000000000000, 66.84531496254926708, 409.0779284778316196 ) ) ;
#3012 = CARTESIAN_POINT ( 'NONE',  ( 41.30923959638710841, 36.65633747121646735, 58.30409580556887050 ) ) ;
#3013 = CARTESIAN_POINT ( 'NONE',  ( 53.10166856565780336, -6.250748451671031880, 211.2172968372455557 ) ) ;
#3014 = CARTESIAN_POINT ( 'NONE',  ( -1.201022888612632178, -54.40723649315604149, 95.91147805922652481 ) ) ;
#3015 = CARTESIAN_POINT ( 'NONE',  ( -32.17113575715322327, 64.56843564584427497, 97.18097870375794400 ) ) ;
#3016 = CARTESIAN_POINT ( 'NONE',  ( -42.40625024018881106, 8.585008312730220581, 296.6917846136911976 ) ) ;
#3017 = CARTESIAN_POINT ( 'NONE',  ( 30.69985949943686165, 62.22979873403733819, 86.27020301735835517 ) ) ;
#3018 = LINE ( 'NONE', #5992, #973 ) ;
#3019 = CARTESIAN_POINT ( 'NONE',  ( -29.10239404485728087, -5.440496092148991991, 359.8077047179686474 ) ) ;
#3020 = CARTESIAN_POINT ( 'NONE',  ( 8.015105489996960486, -47.62456642588654887, 34.32147611818649580 ) ) ;
#3022 = CARTESIAN_POINT ( 'NONE',  ( -43.26262492286634398, 68.77347080810496038, 149.0307383742238301 ) ) ;
#3021 = CARTESIAN_POINT ( 'NONE',  ( 47.86211181343607279, 2.828033218373551261, 266.1136827337720092 ) ) ;
#3023 = CARTESIAN_POINT ( 'NONE',  ( -45.15903329442342340, 44.63537705986239246, 102.5959044501131245 ) ) ;
#3024 = CARTESIAN_POINT ( 'NONE',  ( 36.69556287623428403, 72.88101314840888278, 125.2881771090629854 ) ) ;
#3025 = CARTESIAN_POINT ( 'NONE',  ( -35.73563056317597386, 59.10068423538746885, 91.51139585301470447 ) ) ;
#3026 = CARTESIAN_POINT ( 'NONE',  ( -31.34379192869148056, 21.10718208963553622, 10.00000000000000000 ) ) ;
#3027 = CARTESIAN_POINT ( 'NONE',  ( 6.450743595113134887, 62.42615527310763213, 64.39725390653565285 ) ) ;
#3028 = CARTESIAN_POINT ( 'NONE',  ( -32.55658113277404908, -33.57066378714582555, 17.36786439425246087 ) ) ;
#3029 = CARTESIAN_POINT ( 'NONE',  ( 27.79996175085909371, -47.77033079538902172, 61.09688006876282884 ) ) ;
#3031 = CARTESIAN_POINT ( 'NONE',  ( -36.98445890151187143, 83.68998281861220789, 192.3808651540942094 ) ) ;
#3030 = CARTESIAN_POINT ( 'NONE',  ( 51.30170168173668799, 42.90986448928869379, 201.7373212536312224 ) ) ;
#3032 = CARTESIAN_POINT ( 'NONE',  ( 32.58442307627954193, 52.56021058491978692, 65.80437519486895326 ) ) ;
#3033 = CARTESIAN_POINT ( 'NONE',  ( 21.93792601775920659, 101.9035002209877376, 251.7702077062204467 ) ) ;
#3034 = CARTESIAN_POINT ( 'NONE',  ( 18.82875291827633291, 57.28211637542572277, 56.67001162940083958 ) ) ;
#3035 = CARTESIAN_POINT ( 'NONE',  ( 22.87662111968417378, 55.56985084606030512, 53.57411157400093060 ) ) ;
#3036 = CARTESIAN_POINT ( 'NONE',  ( -17.66076932567998625, 61.41199813290873522, 65.60583968271221522 ) ) ;
#3037 = CARTESIAN_POINT ( 'NONE',  ( 39.64633116341498464, 36.13213703658088605, 56.31863706387480306 ) ) ;
#3038 = CARTESIAN_POINT ( 'NONE',  ( -18.56878409532550123, 94.20570554236424243, 174.9455183955175528 ) ) ;
#3039 = CARTESIAN_POINT ( 'NONE',  ( -19.89420547407568662, 98.18442496282838761, 409.0779284778304259 ) ) ;
#3040 = CARTESIAN_POINT ( 'NONE',  ( -31.07098747890760393, 55.23403440727723535, 57.48195649809495222 ) ) ;
#3041 = CARTESIAN_POINT ( 'NONE',  ( 29.47858853500205001, -18.31203977833023799, 358.9452627792994122 ) ) ;
#3042 = CARTESIAN_POINT ( 'NONE',  ( -51.17614639157989842, 41.67443373266289086, 120.0000000000000284 ) ) ;
#3043 = EDGE_LOOP ( 'NONE', ( #89, #2395, #7038, #3575 ) ) ;
#3044 = CARTESIAN_POINT ( 'NONE',  ( 17.20356132867995314, 55.44438474575838427, 53.10531893722604480 ) ) ;
#3045 = CARTESIAN_POINT ( 'NONE',  ( 26.00288418740515439, 75.50540399258521518, 121.0363590848524495 ) ) ;
#3046 = CARTESIAN_POINT ( 'NONE',  ( -22.26011391629823422, 65.54319267880548239, 81.03351846001081071 ) ) ;
#3047 = CARTESIAN_POINT ( 'NONE',  ( -41.78547143484892956, -23.87017391594320870, 282.3845097817015812 ) ) ;
#3048 = CARTESIAN_POINT ( 'NONE',  ( 5.000000000000006217, 56.14993177050480000, 409.0779284778316196 ) ) ;
#3049 = CARTESIAN_POINT ( 'NONE',  ( 53.09677712456791454, 30.77230654440299418, 120.0000000000000711 ) ) ;
#3050 = EDGE_CURVE ( 'NONE', #7151, #4135, #4782, .T. ) ;
#3051 = CARTESIAN_POINT ( 'NONE',  ( 29.45394147912470473, -6.458819242947615891, 359.8100695893893999 ) ) ;
#3052 = CARTESIAN_POINT ( 'NONE',  ( -4.839447448594202505, -54.33575981942648525, 95.91154762386875632 ) ) ;
#3053 = CARTESIAN_POINT ( 'NONE',  ( -29.92540521113028973, 57.08077202368529157, 70.81054613273630594 ) ) ;
#3054 = B_SPLINE_CURVE_WITH_KNOTS ( 'NONE', 3,
 ( #4690, #4725, #1125, #3543 ),
 .UNSPECIFIED., .F., .F.,
 ( 4, 4 ),
 ( 0.2366623398844387161, 0.4092362996357032934 ),
 .UNSPECIFIED. ) ;
#3055 = CARTESIAN_POINT ( 'NONE',  ( -51.99501039311935813, 17.37301885791549338, 221.5304394140707700 ) ) ;
#3056 = CARTESIAN_POINT ( 'NONE',  ( 30.54772601474817151, 64.19375291959782714, 91.64084365527186549 ) ) ;
#3057 = CARTESIAN_POINT ( 'NONE',  ( 0.000000000000000000, 58.44598121014752934, 52.54223714098316123 ) ) ;
#3058 = CARTESIAN_POINT ( 'NONE',  ( -50.94588393153053829, -5.726755922564066736, 235.9982317504468483 ) ) ;
#3059 = CARTESIAN_POINT ( 'NONE',  ( 0.7846195015939210204, -28.41016769838928369, 403.3886511824131276 ) ) ;
#3061 = CARTESIAN_POINT ( 'NONE',  ( -44.60511646198096969, 62.04095664234887408, 125.2959993858284946 ) ) ;
#3060 = CARTESIAN_POINT ( 'NONE',  ( 50.97392198010938813, 2.924690040458728379, 61.09541598837216725 ) ) ;
#3062 = CARTESIAN_POINT ( 'NONE',  ( -42.79150808175439380, 36.77424729586399366, 70.44124639353981365 ) ) ;
#3063 = CARTESIAN_POINT ( 'NONE',  ( 9.151614894151858692, 77.16747646279294770, 409.0779284778315628 ) ) ;
#3064 = CARTESIAN_POINT ( 'NONE',  ( -36.52268813356177901, 61.60161726527835668, 102.8522572968689985 ) ) ;
#3065 = CARTESIAN_POINT ( 'NONE',  ( -48.30980686918767475, 56.90479038402592238, 221.5649520357075630 ) ) ;
#3066 = CARTESIAN_POINT ( 'NONE',  ( -39.52413448857952716, 35.79024075415757977, 58.02052370865986575 ) ) ;
#3067 = CARTESIAN_POINT ( 'NONE',  ( -30.87395897151770896, -50.79625094942323216, 125.3274952233953172 ) ) ;
#3068 = CARTESIAN_POINT ( 'NONE',  ( 35.86857179787519101, -48.61466520658596835, 125.3272208055742283 ) ) ;
#3070 = CARTESIAN_POINT ( 'NONE',  ( -34.91342819990006063, 66.69714654339590254, 95.91559447630081081 ) ) ;
#3069 = CARTESIAN_POINT ( 'NONE',  ( 50.82237872855476013, 43.61824847281352646, 211.2182008268868572 ) ) ;
#3071 = CARTESIAN_POINT ( 'NONE',  ( 38.15201093932192578, 64.10254194612663525, 120.7650405324211818 ) ) ;
#3072 = CARTESIAN_POINT ( 'NONE',  ( 21.76678825150214180, 99.36461859968835597, 221.6172238022536476 ) ) ;
#3073 = CARTESIAN_POINT ( 'NONE',  ( -18.88743976948916625, 58.20497931410257308, 53.18944956869999174 ) ) ;
#3074 = CARTESIAN_POINT ( 'NONE',  ( -6.448206583357968036, 62.42638570646280982, 64.39719155309909127 ) ) ;
#3075 = CARTESIAN_POINT ( 'NONE',  ( 46.30919913659619880, 46.14147298332137836, 120.5385039066276249 ) ) ;
#3076 = CARTESIAN_POINT ( 'NONE',  ( -20.73617405610210440, 56.74319127878620606, 57.10453914234626893 ) ) ;
#3077 = CARTESIAN_POINT ( 'NONE',  ( -19.00078485949160978, 104.9225855111754697, 309.2951258468611968 ) ) ;
#3078 = CARTESIAN_POINT ( 'NONE',  ( -49.79789530803037678, 26.19643300461498825, 114.2495951414669548 ) ) ;
#3079 = CARTESIAN_POINT ( 'NONE',  ( 41.95716967376208117, -39.89380212489567867, 211.2069894094506708 ) ) ;
#3080 = CARTESIAN_POINT ( 'NONE',  ( -40.50591282962440687, 66.92409346541360549, 120.0000000000000284 ) ) ;
#3081 = ORIENTED_EDGE ( 'NONE', *, *, #6200, .F. ) ;
#3082 = CARTESIAN_POINT ( 'NONE',  ( 3.673940397442059967E-15, 114.9777999077196142, 409.0779284778315628 ) ) ;
#3083 = CARTESIAN_POINT ( 'NONE',  ( 27.00192333571404291, 61.16491196439642408, 75.81218713454127567 ) ) ;
#3084 = CARTESIAN_POINT ( 'NONE',  ( -23.99014893852109864, 66.51363304727972547, 86.38371756213085462 ) ) ;
#3085 = APPLICATION_CONTEXT ( 'automotive_design' ) ;
#3086 = CARTESIAN_POINT ( 'NONE',  ( -18.60711686139725174, -14.52072254644064664, 396.6995430535432092 ) ) ;
#3087 = CARTESIAN_POINT ( 'NONE',  ( 28.68328417318406309, 25.51713363761335529, 10.00000000000000178 ) ) ;
#3088 = CARTESIAN_POINT ( 'NONE',  ( 34.92387980093427302, 73.16303986896782874, 120.0000000000000284 ) ) ;
#3089 = CARTESIAN_POINT ( 'NONE',  ( 51.21335624741463022, -6.615519407355551884, 61.09962439963114633 ) ) ;
#3090 = CARTESIAN_POINT ( 'NONE',  ( 0.000000000000000000, -46.06296908967431136, 283.5898144950127744 ) ) ;
#3091 = CARTESIAN_POINT ( 'NONE',  ( -33.03521275193954665, 67.08200131271675559, 108.7232329020677639 ) ) ;
#3092 = CARTESIAN_POINT ( 'NONE',  ( -53.08207952645622640, 3.994840972008240954, 211.2173510419876834 ) ) ;
#3093 = CARTESIAN_POINT ( 'NONE',  ( 31.71930166556749597, 64.96581774420336330, 97.19143145458838262 ) ) ;
#3094 = CARTESIAN_POINT ( 'NONE',  ( 44.25254912745362645, 28.84273123684303286, 66.40506089720047100 ) ) ;
#3095 = CARTESIAN_POINT ( 'NONE',  ( -55.95746367543729605, -5.778692366071116915, 125.3254190986842218 ) ) ;
#3096 = CARTESIAN_POINT ( 'NONE',  ( 0.3078513340561995215, -41.51854769391206190, 320.9717399628283374 ) ) ;
#3098 = CARTESIAN_POINT ( 'NONE',  ( -6.895784028807172561, 50.91869651295078114, 404.4415512016532830 ) ) ;
#3097 = CARTESIAN_POINT ( 'NONE',  ( 47.81238189221625845, 4.512608345308288804, 266.1209883264183418 ) ) ;
#3099 = CARTESIAN_POINT ( 'NONE',  ( -8.112766541931305753, -35.86961359037464803, 354.5682260543427446 ) ) ;
#3100 = CARTESIAN_POINT ( 'NONE',  ( -40.68298647053424588, 36.67418164615697407, 60.82677310089997746 ) ) ;
#3101 = CARTESIAN_POINT ( 'NONE',  ( 7.679521375320601528, 75.98791333050874641, 409.0779284778311649 ) ) ;
#3102 = CARTESIAN_POINT ( 'NONE',  ( -35.72328996318113781, 57.18329566937190123, 86.14432178178257971 ) ) ;
#3103 = CARTESIAN_POINT ( 'NONE',  ( -51.78575188488184011, 44.66523062861985238, 149.0404522952868547 ) ) ;
#3104 = CARTESIAN_POINT ( 'NONE',  ( -18.78895184384105832, 61.04778526394023430, 65.69647309181101491 ) ) ;
#3105 = CARTESIAN_POINT ( 'NONE',  ( -22.09716541651445354, -40.00145447593970260, 17.35382483127344244 ) ) ;
#3106 = CARTESIAN_POINT ( 'NONE',  ( 12.66118006060273871, -34.58348779304731124, 355.0691627151733201 ) ) ;
#3108 = CARTESIAN_POINT ( 'NONE',  ( -32.62699455477484634, 93.57277667424875744, 251.6411067150267513 ) ) ;
#3107 = CARTESIAN_POINT ( 'NONE',  ( 51.41114762766839164, 29.86905734781515775, 221.5391877582983398 ) ) ;
#3109 = CARTESIAN_POINT ( 'NONE',  ( 32.04162348146301298, 48.61486300548244088, 56.52778432433436251 ) ) ;
#3110 = CARTESIAN_POINT ( 'NONE',  ( 19.10210754970741220, 104.3053285406548270, 267.5124287594156840 ) ) ;
#3111 = CARTESIAN_POINT ( 'NONE',  ( -16.56923544899320788, 58.85720336237480410, 53.02633817831918606 ) ) ;
#3112 = CARTESIAN_POINT ( 'NONE',  ( -47.56422053462374322, 29.79622343714167343, 65.18930740851547512 ) ) ;
#3113 = CARTESIAN_POINT ( 'NONE',  ( 46.32564455581927376, 40.58638122692707384, 102.5588659811363073 ) ) ;
#3114 = CARTESIAN_POINT ( 'NONE',  ( -33.93574741218295543, 47.83315511110684781, 59.33280470805154039 ) ) ;
#3115 = CARTESIAN_POINT ( 'NONE',  ( -19.00566609175972843, 75.60320656173627185, 95.91491918126088478 ) ) ;
#3116 = CARTESIAN_POINT ( 'NONE',  ( -27.43802418221239492, 57.57211487504057601, 56.89723786192788424 ) ) ;
#3117 = CARTESIAN_POINT ( 'NONE',  ( 13.22448011375671761, -19.92701231880928248, 404.6769817629927957 ) ) ;
#3118 = CARTESIAN_POINT ( 'NONE',  ( -9.249381822979334089, 84.33875005600098973, 120.0000000000000568 ) ) ;
#3119 = EDGE_LOOP ( 'NONE', ( #5641, #2403, #4259, #5603, #2076 ) ) ;
#3120 = CARTESIAN_POINT ( 'NONE',  ( -18.86079584423497835, 61.02538813075658908, 65.70205877636868763 ) ) ;
#3121 = CARTESIAN_POINT ( 'NONE',  ( 27.47776102939841536, 62.74943576381786414, 80.96383314371031759 ) ) ;
#3122 = CARTESIAN_POINT ( 'NONE',  ( -17.22350815481361508, 70.93294018952826718, 91.81726636754204662 ) ) ;
#3123 = CARTESIAN_POINT ( 'NONE',  ( 41.33395753221566338, 77.76891483934041105, 251.4601220063464382 ) ) ;
#3124 = CARTESIAN_POINT ( 'NONE',  ( 46.85827734585001991, 55.76562271282777772, 120.0000000000000284 ) ) ;
#3125 = CARTESIAN_POINT ( 'NONE',  ( 40.58129426609972512, -6.652567801314634544, 17.38835723003942846 ) ) ;
#3126 = CARTESIAN_POINT ( 'NONE',  ( -0.3240644954858517557, -44.41900128634053146, 297.8504200200889613 ) ) ;
#3127 = CARTESIAN_POINT ( 'NONE',  ( -30.64758930045167418, 65.85534630213334140, 97.21521846772330377 ) ) ;
#3128 = CARTESIAN_POINT ( 'NONE',  ( -52.35555930434267680, 5.977372304225366584, 221.5251464616521844 ) ) ;
#3129 = CARTESIAN_POINT ( 'NONE',  ( 29.22655247653440114, 55.63372401118152766, 65.87186831873496828 ) ) ;
#3130 = CARTESIAN_POINT ( 'NONE',  ( 19.05195097178522445, 59.06413216343077721, 55.50605318893425988 ) ) ;
#3131 = CARTESIAN_POINT ( 'NONE',  ( -55.28373483263883514, -5.271923369213519450, 174.9349028357782174 ) ) ;
#3132 = CARTESIAN_POINT ( 'NONE',  ( 0.8578399856530698475, -43.22593047603809424, 17.33793795737609145 ) ) ;
#3133 = CARTESIAN_POINT ( 'NONE',  ( 55.72819568694810499, -0.4965851816812080766, 125.3250944139585812 ) ) ;
#3134 = CARTESIAN_POINT ( 'NONE',  ( -12.46094042359123932, -54.25894763497413464, 106.4499662650586203 ) ) ;
#3135 = CARTESIAN_POINT ( 'NONE',  ( -45.81210108906984146, 47.81440067308633957, 120.5525243904624517 ) ) ;
#3136 = CARTESIAN_POINT ( 'NONE',  ( 25.27001978183731623, 48.11528484928059157, 34.02652561710538492 ) ) ;
#3137 = CARTESIAN_POINT ( 'NONE',  ( -37.18638060521640654, 63.97983824452377632, 114.6024401335545235 ) ) ;
#3138 = CARTESIAN_POINT ( 'NONE',  ( -7.036073936159557896, 35.72045551433386379, 405.0175480124228784 ) ) ;
#3139 = CARTESIAN_POINT ( 'NONE',  ( 12.73705757277394035, 60.99712099564949597, 63.49119008427265953 ) ) ;
#3140 = CARTESIAN_POINT ( 'NONE',  ( -20.44222408258015022, -43.44851752364550634, 283.2613480835329369 ) ) ;
#3141 = CARTESIAN_POINT ( 'NONE',  ( 18.86661086191058345, -40.24747038855384318, 309.2793463595356229 ) ) ;
#3143 = CARTESIAN_POINT ( 'NONE',  ( -11.44771267541676529, 80.02816373479271306, 391.8674375302708768 ) ) ;
#3142 = CARTESIAN_POINT ( 'NONE',  ( 25.72963332187655183, 16.11943870049362815, 359.2918860454653895 ) ) ;
#3144 = CARTESIAN_POINT ( 'NONE',  ( 32.15060573784082720, 48.49371753062369805, 56.52528840025938450 ) ) ;
#3145 = CARTESIAN_POINT ( 'NONE',  ( 23.14803604971903894, 74.12383877948559530, 95.91505080328806798 ) ) ;
#3146 = CARTESIAN_POINT ( 'NONE',  ( -43.89904129186951565, 32.72168500822475323, 59.56243685336747262 ) ) ;
#3147 = CARTESIAN_POINT ( 'NONE',  ( 46.39338190636167525, 38.21652782279900151, 96.75821398935563877 ) ) ;
#3148 = CARTESIAN_POINT ( 'NONE',  ( -22.04487913631272633, 56.23384388173677451, 57.23191923873057618 ) ) ;
#3149 = CARTESIAN_POINT ( 'NONE',  ( -16.45553067387521651, 41.32086091039134601, 17.18945100695028216 ) ) ;
#3150 = CARTESIAN_POINT ( 'NONE',  ( 18.74595051386660316, 59.46908643135586203, 63.87318011855519728 ) ) ;
#3151 = CARTESIAN_POINT ( 'NONE',  ( 37.26600642313018596, -26.66233840602092542, 17.37673148666031508 ) ) ;
#3152 = CARTESIAN_POINT ( 'NONE',  ( -25.16786885998132561, 79.89143074028962133, 120.0000000000000284 ) ) ;
#3153 = ORIENTED_EDGE ( 'NONE', *, *, #2386, .T. ) ;
#3154 = CARTESIAN_POINT ( 'NONE',  ( 0.000000000000000000, 54.40705163971920655, 33.92780340673608919 ) ) ;
#3155 = CARTESIAN_POINT ( 'NONE',  ( 9.960674486976399677, 63.34725837218314837, 65.98754843536360681 ) ) ;
#3156 = CARTESIAN_POINT ( 'NONE',  ( -14.76988804420374457, 76.70557957217154410, 108.9744574881848109 ) ) ;
#3157 = B_SPLINE_CURVE_WITH_KNOTS ( 'NONE', 3,
 ( #7023, #2314, #4550, #4589, #6906, #5738, #4127 ),
 .UNSPECIFIED., .F., .F.,
 ( 4, 3, 4 ),
 ( 0.000000000000000000, 0.0006573828712147241444, 0.001314765668337760426 ),
 .UNSPECIFIED. ) ;
#3158 = CARTESIAN_POINT ( 'NONE',  ( 21.88960252113921001, 66.62056241058175488, 356.1280158203504698 ) ) ;
#3159 = CARTESIAN_POINT ( 'NONE',  ( -17.22502139401209575, 55.70978406912415437, 53.80341544625147776 ) ) ;
#3160 = CARTESIAN_POINT ( 'NONE',  ( 40.57744268347438066, -8.098373017168137622, 309.1853475621281291 ) ) ;
#3161 = CARTESIAN_POINT ( 'NONE',  ( 0.000000000000000000, -44.41900128634053146, 297.8504200200889613 ) ) ;
#3162 = CARTESIAN_POINT ( 'NONE',  ( 4.788302756232219792, 62.62777405877262282, 64.37722785537960135 ) ) ;
#3163 = CARTESIAN_POINT ( 'NONE',  ( -30.09407979922808707, 62.71565361850763054, 86.28289634643032002 ) ) ;
#3164 = CARTESIAN_POINT ( 'NONE',  ( -19.84224537533825838, 4.289255417269489001, 379.8886538152437993 ) ) ;
#3165 = CARTESIAN_POINT ( 'NONE',  ( 33.03521275193852347, 67.08200131271263444, 108.7232329020482524 ) ) ;
#3166 = CARTESIAN_POINT ( 'NONE',  ( 19.39999999930045149, 57.64914487505581775, 53.71324713079135904 ) ) ;
#3167 = CARTESIAN_POINT ( 'NONE',  ( -56.10435086253658454, -5.759558098680081173, 149.0516085856700954 ) ) ;
#3168 = CARTESIAN_POINT ( 'NONE',  ( 1.053052637887983645, -47.77231239940648777, 267.3975316513553366 ) ) ;
#3169 = CARTESIAN_POINT ( 'NONE',  ( 55.06595287175068876, -0.2254878066342251575, 174.9349744532732132 ) ) ;
#3170 = CARTESIAN_POINT ( 'NONE',  ( -8.715858336669997541, -38.76041907696732380, 335.7951720233636479 ) ) ;
#3171 = CARTESIAN_POINT ( 'NONE',  ( -42.97307284646883119, 52.46903966384109452, 108.4559919491551483 ) ) ;
#3172 = ADVANCED_FACE ( 'NONE', ( #1080 ), #1131, .T. ) ;
#3173 = CARTESIAN_POINT ( 'NONE',  ( 28.50637985391423257, 94.58018343108543036, 297.6806696655019095 ) ) ;
#3174 = ORIENTED_EDGE ( 'NONE', *, *, #268, .T. ) ;
#3175 = CARTESIAN_POINT ( 'NONE',  ( -35.68195603756296919, 65.84681643287649422, 114.6398124983071227 ) ) ;
#3176 = B_SPLINE_CURVE_WITH_KNOTS ( 'NONE', 3,
 ( #1737, #1659, #4660, #6262 ),
 .UNSPECIFIED., .F., .F.,
 ( 4, 4 ),
 ( 5.003707553108400597E-17, 0.0007879543363494461231 ),
 .UNSPECIFIED. ) ;
#3177 = CARTESIAN_POINT ( 'NONE',  ( -17.66276167086731519, 40.03734164848755483, 377.5496350749327803 ) ) ;
#3178 = CARTESIAN_POINT ( 'NONE',  ( 17.65843898779054655, 61.41274923795891283, 65.60565275234282012 ) ) ;
#3179 = CARTESIAN_POINT ( 'NONE',  ( -15.55552204067014088, -33.40505585495833429, 355.4961906883386291 ) ) ;
#3180 = CARTESIAN_POINT ( 'NONE',  ( 19.77073316227539124, -51.36442278339917067, 201.7501626469924361 ) ) ;
#3182 = CARTESIAN_POINT ( 'NONE',  ( -36.16527633163747879, 61.10850933475413171, 82.47981016457542580 ) ) ;
#3181 = CARTESIAN_POINT ( 'NONE',  ( 41.80519143384526615, 18.44726975639993682, 296.7517759243126534 ) ) ;
#3183 = CARTESIAN_POINT ( 'NONE',  ( 36.51828633992913353, 59.93437632902572432, 97.06885810935818881 ) ) ;
#3184 = CARTESIAN_POINT ( 'NONE',  ( 12.66348884083828708, 37.17648967538949023, 9.999999999999996447 ) ) ;
#3185 = CARTESIAN_POINT ( 'NONE',  ( -33.82099824698119761, 46.47747574388155556, 56.48659955463192262 ) ) ;
#3186 = EDGE_CURVE ( 'NONE', #4333, #5257, #5509, .T. ) ;
#3187 = CARTESIAN_POINT ( 'NONE',  ( 41.64723865533927238, 33.99708902857365445, 60.79428337753484612 ) ) ;
#3188 = CARTESIAN_POINT ( 'NONE',  ( 0.000000000000000000, 114.9777999077163315, 402.6283615271067333 ) ) ;
#3189 = CARTESIAN_POINT ( 'NONE',  ( -23.14803604971903894, 74.12383877948559530, 95.91505080328806798 ) ) ;
#3190 = CARTESIAN_POINT ( 'NONE',  ( -44.92674602568293807, 35.74459683182998759, 80.46160068877983917 ) ) ;
#3191 = CARTESIAN_POINT ( 'NONE',  ( 12.48533750611587223, -15.90385599061559496, 409.0779284778325291 ) ) ;
#3192 = CARTESIAN_POINT ( 'NONE',  ( 19.05296518816130202, 58.22071724709792306, 53.52525228491509779 ) ) ;
#3193 = ORIENTED_EDGE ( 'NONE', *, *, #3286, .T. ) ;
#3194 = CARTESIAN_POINT ( 'NONE',  ( -19.40000000029201033, 60.40908942753540600, 64.64311682335731746 ) ) ;
#3195 = CARTESIAN_POINT ( 'NONE',  ( 9.535853803539964701, 59.58038763926265347, 56.67427668137942476 ) ) ;
#3196 = CARTESIAN_POINT ( 'NONE',  ( -11.21483610491184990, 61.25678635814806938, 61.22778150164776179 ) ) ;
#3197 = CARTESIAN_POINT ( 'NONE',  ( 41.64594192190568123, 54.17772022599797310, 82.47792921848625269 ) ) ;
#3198 = CARTESIAN_POINT ( 'NONE',  ( 18.74046272808955749, 55.23072151003221109, 53.92322663152430096 ) ) ;
#3199 = CARTESIAN_POINT ( 'NONE',  ( 10.67309322115097281, -8.230310579629893653, 409.0779284778313922 ) ) ;
#3200 = CARTESIAN_POINT ( 'NONE',  ( -17.41343270763322693, 56.16489344080135027, 53.11268237520596358 ) ) ;
#3201 = CARTESIAN_POINT ( 'NONE',  ( -0.3646494413089462761, -49.29133392571988281, 251.6525086451857476 ) ) ;
#3202 = ORIENTED_EDGE ( 'NONE', *, *, #1368, .T. ) ;
#3203 = CARTESIAN_POINT ( 'NONE',  ( -27.77003974844882705, 56.72229022291724476, 65.89485159897630240 ) ) ;
#3204 = CARTESIAN_POINT ( 'NONE',  ( -53.64049804136175936, 3.885630021910046583, 201.7385585421835685 ) ) ;
#3205 = CARTESIAN_POINT ( 'NONE',  ( 28.79302540823906753, 55.97173939914321750, 65.87905667884173511 ) ) ;
#3206 = CARTESIAN_POINT ( 'NONE',  ( 19.39999999930045149, 57.51556757514949680, 53.71480826220560090 ) ) ;
#3207 = CARTESIAN_POINT ( 'NONE',  ( -23.43233451584169202, -6.709742368002325819, 380.0938751272109926 ) ) ;
#3208 = CARTESIAN_POINT ( 'NONE',  ( 2.844966258502001022, -53.03600557112638825, 201.7522196223365256 ) ) ;
#3209 = CARTESIAN_POINT ( 'NONE',  ( 54.26972371131335393, -0.1159415445578819426, 192.3478862671160812 ) ) ;
#3210 = CARTESIAN_POINT ( 'NONE',  ( -14.11584708883676775, -48.40876859996338766, 251.5710068941758379 ) ) ;
#3211 = CARTESIAN_POINT ( 'NONE',  ( -42.98653152526804178, 46.62286628452238091, 91.28161578257055453 ) ) ;
#3212 = CARTESIAN_POINT ( 'NONE',  ( 38.34960005012641204, 75.83791088802004765, 149.0275875816885787 ) ) ;
#3213 = ORIENTED_EDGE ( 'NONE', *, *, #5649, .T. ) ;
#3214 = CARTESIAN_POINT ( 'NONE',  ( -36.93169148362758847, 65.74703756774275121, 120.7947920531970567 ) ) ;
#3215 = AXIS2_PLACEMENT_3D ( 'NONE', #4374, #3878, #468 ) ;
#3216 = CARTESIAN_POINT ( 'NONE',  ( -36.69812403264350564, 18.59762005358341597, 17.32414063278418581 ) ) ;
#3217 = CYLINDRICAL_SURFACE ( 'NONE', #3631, 9.400000000000005684 ) ;
#3218 = CARTESIAN_POINT ( 'NONE',  ( -16.39502008705262881, -44.54234491376151794, 283.3699090161411505 ) ) ;
#3219 = CARTESIAN_POINT ( 'NONE',  ( 7.350758326725074454, -26.38904048177414552, 403.6468210446017792 ) ) ;
#3221 = CARTESIAN_POINT ( 'NONE',  ( -37.64094996380931946, 83.89228966627402428, 201.7351991018959723 ) ) ;
#3220 = CARTESIAN_POINT ( 'NONE',  ( 54.55795246661001840, 19.84954235937014744, 125.3198407787387509 ) ) ;
#3222 = CARTESIAN_POINT ( 'NONE',  ( 34.69409978485488466, 54.45301945688594714, 75.65045641184273961 ) ) ;
#3223 = CARTESIAN_POINT ( 'NONE',  ( 15.02540633114757540, 36.32187318267263265, 9.999999999999998224 ) ) ;
#3224 = CARTESIAN_POINT ( 'NONE',  ( -40.36593812515101121, 52.18618474371756122, 91.37133989369085896 ) ) ;
#3225 = CARTESIAN_POINT ( 'NONE',  ( -48.87227707079701844, -21.35371030458015795, 236.0308225010860212 ) ) ;
#3226 = CARTESIAN_POINT ( 'NONE',  ( 41.52836404260263947, 30.90331565623984744, 56.25719605151120817 ) ) ;
#3227 = CARTESIAN_POINT ( 'NONE',  ( 0.000000000000000000, 81.13940464604829117, 119.9999999999999858 ) ) ;
#3228 = CARTESIAN_POINT ( 'NONE',  ( -19.37803388232741142, 89.40657730727727426, 409.0779284778312785 ) ) ;
#3229 = CARTESIAN_POINT ( 'NONE',  ( -45.83737275661238186, 35.01638466803014893, 85.80313551827269691 ) ) ;
#3230 = CARTESIAN_POINT ( 'NONE',  ( 34.88939280935169052, -34.80724427588212677, 282.7435959434031361 ) ) ;
#3231 = CARTESIAN_POINT ( 'NONE',  ( 0.000000000000000000, 65.26619153297073694, 59.27779784493402104 ) ) ;
#3232 = CARTESIAN_POINT ( 'NONE',  ( 8.430569389796726654, 111.0783526193773696, 309.3053668309597697 ) ) ;
#3233 = CARTESIAN_POINT ( 'NONE',  ( 9.500571654678754641, 75.95819242040191455, 103.2042410942527226 ) ) ;
#3234 = ADVANCED_FACE ( 'NONE', ( #3613 ), #4318, .T. ) ;
#3235 = CARTESIAN_POINT ( 'NONE',  ( -12.91961342830982318, 75.40404205782196811, 103.1972319318670799 ) ) ;
#3236 = CARTESIAN_POINT ( 'NONE',  ( 11.10028871453714316, 42.97374276991504871, 394.9564990126257840 ) ) ;
#3237 = DIRECTION ( 'NONE',  ( 0.000000000000000000, 1.000000000000000000, 2.040851148208008491E-16 ) ) ;
#3238 = CARTESIAN_POINT ( 'NONE',  ( 46.25700785462451847, -6.634331453438261583, 34.40077200447447581 ) ) ;
#3239 = CIRCLE ( 'NONE', #4208, 0.5000000000000011102 ) ;
#3240 = FACE_OUTER_BOUND ( 'NONE', #5407, .T. ) ;
#3241 = CARTESIAN_POINT ( 'NONE',  ( -0.2899884842208029223, -36.81024945201490794, 354.2041573336304623 ) ) ;
#3242 = ORIENTED_EDGE ( 'NONE', *, *, #3725, .T. ) ;
#3243 = CARTESIAN_POINT ( 'NONE',  ( -32.28587018636746819, 67.77620753050329938, 108.7411100389354175 ) ) ;
#3244 = CARTESIAN_POINT ( 'NONE',  ( -55.62849506958383472, 3.374676323315691562, 149.0510612530253809 ) ) ;
#3245 = CARTESIAN_POINT ( 'NONE',  ( 29.92540521112225349, 57.08077202366302316, 70.81054613266557851 ) ) ;
#3246 = FACE_OUTER_BOUND ( 'NONE', #57, .T. ) ;
#3247 = CARTESIAN_POINT ( 'NONE',  ( -55.23097426227796092, -6.262677443348818151, 106.4752913098876945 ) ) ;
#3248 = CARTESIAN_POINT ( 'NONE',  ( 0.000000000000000000, -55.30562586863180030, 125.3284483089479551 ) ) ;
#3249 = CARTESIAN_POINT ( 'NONE',  ( 6.757294751367743935, -3.901562835890073799, 409.0779284778307670 ) ) ;
#3250 = CARTESIAN_POINT ( 'NONE',  ( -11.35576395091601576, -42.52877118921931299, 17.34298727388611994 ) ) ;
#3251 = CARTESIAN_POINT ( 'NONE',  ( -41.75629443521616224, 49.46530911060397528, 91.32459459538179658 ) ) ;
#3252 = CARTESIAN_POINT ( 'NONE',  ( -34.53452268567652794, 56.67634412401295663, 80.81016055732732184 ) ) ;
#3253 = CARTESIAN_POINT ( 'NONE',  ( -48.25249968333858419, 37.71559643073383228, 251.0591966126242198 ) ) ;
#3254 = CARTESIAN_POINT ( 'NONE',  ( -44.69278850528655767, 27.99390172972090696, 67.72769929850842630 ) ) ;
#3255 = CARTESIAN_POINT ( 'NONE',  ( -19.40000000029325733, 60.27586619727302519, 65.35295965298497833 ) ) ;
#3256 = CARTESIAN_POINT ( 'NONE',  ( -20.12078840340810970, -53.20297600768003576, 106.4523864814851635 ) ) ;
#3257 = CARTESIAN_POINT ( 'NONE',  ( 25.92623310562299466, -52.30834305720525634, 149.1014162995926711 ) ) ;
#3259 = CARTESIAN_POINT ( 'NONE',  ( -15.29830378656524204, 83.95077033315688197, 373.4479193365207266 ) ) ;
#3258 = CARTESIAN_POINT ( 'NONE',  ( 54.94641901291687702, 14.51867888629100456, 125.3217742706964941 ) ) ;
#3260 = CARTESIAN_POINT ( 'NONE',  ( 37.10572718205181530, 59.17182232486557325, 97.05284709649751562 ) ) ;
#3261 = CARTESIAN_POINT ( 'NONE',  ( 17.94346009757379079, 86.62081098828844006, 403.1685365647983872 ) ) ;
#3262 = CARTESIAN_POINT ( 'NONE',  ( -42.13616681887055648, 57.31369274429957983, 120.6568107935598420 ) ) ;
#3263 = CARTESIAN_POINT ( 'NONE',  ( -34.40879171024704419, -16.81073289365518875, 338.6102631134156695 ) ) ;
#3264 = CARTESIAN_POINT ( 'NONE',  ( 48.34023228261083460, 37.44073840614001369, 120.4821323788145548 ) ) ;
#3265 = CARTESIAN_POINT ( 'NONE',  ( -1.868087870743549539, 101.1357000780110127, 201.7340073341511584 ) ) ;
#3266 = CARTESIAN_POINT ( 'NONE',  ( -16.18208375570045732, 35.82618134432504320, 9.999999999999998224 ) ) ;
#3267 = CARTESIAN_POINT ( 'NONE',  ( -42.31328019806971952, 31.94274216150661516, 60.77193041749749369 ) ) ;
#3268 = CARTESIAN_POINT ( 'NONE',  ( -19.40000000029202809, 59.27420312362518473, 63.95616489860994136 ) ) ;
#3269 = CARTESIAN_POINT ( 'NONE',  ( 10.14926726573863114, 77.55389713258183804, 95.91472809282537071 ) ) ;
#3270 = CARTESIAN_POINT ( 'NONE',  ( 9.732625865406598464, 79.25977544419826870, 114.9724440071937579 ) ) ;
#3271 = AXIS2_PLACEMENT_3D ( 'NONE', #1323, #4205, #3634 ) ;
#3272 = CARTESIAN_POINT ( 'NONE',  ( -10.89590670060118782, 72.30481289743481454, 91.83820771781708459 ) ) ;
#3273 = PRODUCT_DEFINITION_SHAPE ( 'NONE', 'NONE',  #3828 ) ;
#3274 = VECTOR ( 'NONE', #6886, 1000.000000000000114 ) ;
#3275 = CARTESIAN_POINT ( 'NONE',  ( 51.78575188488184011, 44.66523062861985238, 149.0404522952868547 ) ) ;
#3276 = CARTESIAN_POINT ( 'NONE',  ( -41.28431441065273333, 39.60399682900018092, 70.13512704078749493 ) ) ;
#3277 = CARTESIAN_POINT ( 'NONE',  ( 48.15710821802984043, -16.24473466856665382, 250.8746812544798104 ) ) ;
#3278 = CARTESIAN_POINT ( 'NONE',  ( 16.98583418218283470, 79.05228394351408383, 119.9999999999999574 ) ) ;
#3279 = DIRECTION ( 'NONE',  ( 0.000000000000000000, 0.9201053360488327115, -0.3916709978725316232 ) ) ;
#3280 = ORIENTED_EDGE ( 'NONE', *, *, #582, .T. ) ;
#3281 = CARTESIAN_POINT ( 'NONE',  ( -32.07828832680176134, 66.30273025732644498, 102.9645045943467494 ) ) ;
#3282 = CARTESIAN_POINT ( 'NONE',  ( -45.45204770596637900, 0.3727522723604285715, 282.1758872807046714 ) ) ;
#3283 = CARTESIAN_POINT ( 'NONE',  ( 34.05701500968203277, 67.62659795859485712, 114.6809061173893980 ) ) ;
#3284 = CARTESIAN_POINT ( 'NONE',  ( -46.10432114907769829, 37.24125504576203127, 74.41371269787509846 ) ) ;
#3285 = CARTESIAN_POINT ( 'NONE',  ( -46.25621272292480057, -6.383648617673992831, 34.40075853113152959 ) ) ;
#3286 = EDGE_CURVE ( 'NONE', #5794, #4991, #5146, .T. ) ;
#3287 = CARTESIAN_POINT ( 'NONE',  ( 18.89999999930044794, 55.66659322484437666, 53.73731346006704968 ) ) ;
#3288 = CARTESIAN_POINT ( 'NONE',  ( 34.17153722505600655, -4.043259807128846361, 338.9048155092372099 ) ) ;
#3289 = CARTESIAN_POINT ( 'NONE',  ( -8.884597155194651208, -48.98423088160341621, 251.6182858225529060 ) ) ;
#3290 = CARTESIAN_POINT ( 'NONE',  ( -40.72081952340809607, 47.24099575189853084, 80.61763386164813028 ) ) ;
#3291 = CARTESIAN_POINT ( 'NONE',  ( -34.25341949875436143, 60.78703821661759577, 91.55188800923897929 ) ) ;
#3292 = CARTESIAN_POINT ( 'NONE',  ( -4.986098137038260880, 17.71934921875136482, 409.0779284778315059 ) ) ;
#3293 = CARTESIAN_POINT ( 'NONE',  ( -48.91616784549410113, 27.28581661484779985, 69.73975270682163341 ) ) ;
#3294 = CARTESIAN_POINT ( 'NONE',  ( 19.39999999930045504, 56.54303560126797379, 53.72638788838230539 ) ) ;
#3295 = CARTESIAN_POINT ( 'NONE',  ( 6.051822722306520852, -33.07420827451994683, 373.3229159798571573 ) ) ;
#3297 = CARTESIAN_POINT ( 'NONE',  ( -32.59479498174828649, 91.05921717750824484, 283.3622188215772439 ) ) ;
#3296 = CARTESIAN_POINT ( 'NONE',  ( 53.32206331123330756, 23.93850581397895638, 106.4682224529067724 ) ) ;
#3298 = CARTESIAN_POINT ( 'NONE',  ( 37.94076123502925668, 59.72585925243143379, 102.8146505700207882 ) ) ;
#3299 = CARTESIAN_POINT ( 'NONE',  ( 25.94734258642597879, 97.07052694420356431, 221.6134023525197847 ) ) ;
#3300 = CARTESIAN_POINT ( 'NONE',  ( -38.12929608225804401, 47.29403365620949273, 70.60112645828992584 ) ) ;
#3301 = CARTESIAN_POINT ( 'NONE',  ( -27.07502766204991929, -23.68689272032882798, 358.0419343745247147 ) ) ;
#3302 = CARTESIAN_POINT ( 'NONE',  ( 45.79351004777102929, 24.91983067547327835, 70.33290427105571041 ) ) ;
#3303 = CARTESIAN_POINT ( 'NONE',  ( -4.315972463396706260, 111.9264249699713503, 309.3069692714477128 ) ) ;
#3304 = CARTESIAN_POINT ( 'NONE',  ( -27.34442258273469051, 92.66026539339068790, 192.3862245975744543 ) ) ;
#3305 = CARTESIAN_POINT ( 'NONE',  ( -43.04453393440311970, 25.43169147522773343, 56.20813941611978493 ) ) ;
#3306 = CARTESIAN_POINT ( 'NONE',  ( -18.74238327643425350, 56.64449388851281952, 57.23945100212644377 ) ) ;
#3307 = CARTESIAN_POINT ( 'NONE',  ( 38.01622978751500881, 57.92373903864779550, 97.02739444112961564 ) ) ;
#3308 = CARTESIAN_POINT ( 'NONE',  ( 3.860606970260060500, 114.7549911919456918, 402.6386434062359854 ) ) ;
#3309 = CARTESIAN_POINT ( 'NONE',  ( 8.289940888869631763, 61.70345380957990500, 61.22769509107192221 ) ) ;
#3310 = CARTESIAN_POINT ( 'NONE',  ( -8.794554085451506964, 67.24940395278790106, 75.91943282620547961 ) ) ;
#3311 = CARTESIAN_POINT ( 'NONE',  ( 6.935991689802571969, 46.78435925973961673, 404.5987470506366321 ) ) ;
#3312 = CARTESIAN_POINT ( 'NONE',  ( -49.28389634597095892, 27.10604614702788595, 71.85503552398967031 ) ) ;
#3313 = CARTESIAN_POINT ( 'NONE',  ( 40.22538913958040752, -14.69824522707552639, 17.38633750343542417 ) ) ;
#3314 = CARTESIAN_POINT ( 'NONE',  ( 26.50282786559332138, 74.99319410515860795, 120.0000000000000711 ) ) ;
#3315 = CARTESIAN_POINT ( 'NONE',  ( 19.39999999930045149, 58.62978639147667081, 60.68871432022907442 ) ) ;
#3316 = ORIENTED_EDGE ( 'NONE', *, *, #1504, .F. ) ;
#3317 = CARTESIAN_POINT ( 'NONE',  ( -29.62171945977839727, 64.91394747813065180, 91.66029775414587277 ) ) ;
#3318 = CARTESIAN_POINT ( 'NONE',  ( -55.06595287175068876, -0.2254878066342251575, 174.9349744532732132 ) ) ;
#3319 = CARTESIAN_POINT ( 'NONE',  ( 32.82384904686367122, 65.62079890771440205, 102.9467854510256188 ) ) ;
#3320 = CARTESIAN_POINT ( 'NONE',  ( -8.025541533387100301, 60.51971710608642496, 52.95030223002538605 ) ) ;
#3321 = CARTESIAN_POINT ( 'NONE',  ( -56.16915725327315556, -8.567462097191317127, 149.0516136338366948 ) ) ;
#3322 = CARTESIAN_POINT ( 'NONE',  ( 0.4225128644914850073, -55.25367027560801603, 149.1163318187778373 ) ) ;
#3323 = CARTESIAN_POINT ( 'NONE',  ( 51.23212749492333273, -5.279767752902567501, 61.09952078720553459 ) ) ;
#3324 = CARTESIAN_POINT ( 'NONE',  ( -4.636443085687899313, -33.38049028337729851, 373.1934686344453098 ) ) ;
#3325 = CARTESIAN_POINT ( 'NONE',  ( -32.17549260386827825, 50.78566046710317039, 61.06825310622083691 ) ) ;
#3326 = CARTESIAN_POINT ( 'NONE',  ( -11.78197931878740157, 19.00927002208090144, 396.7529944964774131 ) ) ;
#3327 = CARTESIAN_POINT ( 'NONE',  ( 46.20409494226274205, 27.10604614702788240, 75.85291144450496859 ) ) ;
#3328 = CARTESIAN_POINT ( 'NONE',  ( 19.39999999929437635, 56.53752984561437245, 53.26349975605558029 ) ) ;
#3329 = CARTESIAN_POINT ( 'NONE',  ( 12.72337372200117755, -54.69894830948782527, 125.3282520854518935 ) ) ;
#3331 = CARTESIAN_POINT ( 'NONE',  ( -35.87343088341614106, 52.96789976479028894, 60.97550537598812781 ) ) ;
#3330 = CARTESIAN_POINT ( 'NONE',  ( 19.84224537533825838, 4.289255417269489001, 379.8886538152437993 ) ) ;
#3332 = CARTESIAN_POINT ( 'NONE',  ( 35.69472797652617402, 55.28433797188475296, 80.77752286166354168 ) ) ;
#3333 = CARTESIAN_POINT ( 'NONE',  ( 20.73067091077735924, 50.49342910426879172, 33.99402430722559387 ) ) ;
#3334 = CARTESIAN_POINT ( 'NONE',  ( -39.47918372133506892, 47.34756711170496146, 75.50622279340764464 ) ) ;
#3335 = CARTESIAN_POINT ( 'NONE',  ( -34.17153722505600655, -4.043259807128846361, 338.9048155092372099 ) ) ;
#3336 = CARTESIAN_POINT ( 'NONE',  ( -28.39427083609857405, -28.78341202211975158, 337.5564335199119341 ) ) ;
#3337 = CARTESIAN_POINT ( 'NONE',  ( 49.54763949024268754, 30.27114561251534397, 120.4494775798527684 ) ) ;
#3338 = CARTESIAN_POINT ( 'NONE',  ( -3.843277070158975128, 114.7537356723240407, 409.0779284778313922 ) ) ;
#3339 = CARTESIAN_POINT ( 'NONE',  ( -32.71639082994388303, 76.56261631625369546, 125.2853859606381235 ) ) ;
#3340 = CARTESIAN_POINT ( 'NONE',  ( -44.09354576391206137, 32.42537505778723528, 70.39425169639054047 ) ) ;
#3341 = CARTESIAN_POINT ( 'NONE',  ( 37.93983226263175368, 52.13481777347873702, 70.68905744929442392 ) ) ;
#3342 = CARTESIAN_POINT ( 'NONE',  ( 36.78964085649629112, 47.17587874257721836, 65.69409689522694862 ) ) ;
#3343 = CARTESIAN_POINT ( 'NONE',  ( 5.151470429779041460, 73.78389412568056116, 82.48421151976060628 ) ) ;
#3344 = CARTESIAN_POINT ( 'NONE',  ( 18.40120099304377277, 68.77918555542096612, 86.43672872831221810 ) ) ;
#3345 = CARTESIAN_POINT ( 'NONE',  ( -7.910222658456923739, 79.47834392563864014, 114.9748646714925400 ) ) ;
#3346 = CARTESIAN_POINT ( 'NONE',  ( 39.49396781679434554, 44.83390615360674758, 70.55695550947072547 ) ) ;
#3347 = CARTESIAN_POINT ( 'NONE',  ( 46.13695813032685322, 33.70437392891498973, 61.03631225452868136 ) ) ;
#3348 = CARTESIAN_POINT ( 'NONE',  ( -18.55693505522467390, 60.08783862766895822, 65.01242737143056161 ) ) ;
#3349 = CARTESIAN_POINT ( 'NONE',  ( 37.19990418133488674, -10.45258009751998607, 10.00000000000000888 ) ) ;
#3350 = CARTESIAN_POINT ( 'NONE',  ( 19.46430644549192124, 78.27007486212355047, 120.0000000000000142 ) ) ;
#3351 = CARTESIAN_POINT ( 'NONE',  ( 18.93811975678487869, 56.97529099679106679, 53.22263220469624656 ) ) ;
#3352 = CARTESIAN_POINT ( 'NONE',  ( 37.28582960928007140, 85.35479600680550050, 211.2196583466347874 ) ) ;
#3353 = EDGE_LOOP ( 'NONE', ( #92, #3806, #7113, #4927 ) ) ;
#3354 = CARTESIAN_POINT ( 'NONE',  ( 35.25336794714917943, 49.18798804659512314, 67.73831548952730941 ) ) ;
#3355 = CARTESIAN_POINT ( 'NONE',  ( -27.00192333572024950, 61.16491196441673850, 75.81218713460621927 ) ) ;
#3356 = CARTESIAN_POINT ( 'NONE',  ( -37.75264556185516795, -2.328940553478978437, 322.2698013014846197 ) ) ;
#3357 = CARTESIAN_POINT ( 'NONE',  ( 33.48391427959689537, 68.20474073518623470, 114.6954211453614221 ) ) ;
#3358 = CARTESIAN_POINT ( 'NONE',  ( 19.05147702037012891, 59.46322690318652349, 56.44355820526347856 ) ) ;
#3359 = CARTESIAN_POINT ( 'NONE',  ( -9.981387508113654050, -7.265923587815605877, 409.0779284778315059 ) ) ;
#3360 = CARTESIAN_POINT ( 'NONE',  ( 0.000000000000000000, -54.83989014612802748, 106.4482073099506465 ) ) ;
#3361 = CARTESIAN_POINT ( 'NONE',  ( 34.41814059358325295, -5.326773503925789299, 338.9080442879914585 ) ) ;
#3362 = CARTESIAN_POINT ( 'NONE',  ( -9.517231979967126776, -53.31027429329341061, 82.48953339436053511 ) ) ;
#3363 = CARTESIAN_POINT ( 'NONE',  ( -30.86682040521474946, 54.24538709629446487, 65.84243667558463642 ) ) ;
#3364 = CARTESIAN_POINT ( 'NONE',  ( -39.21964169347970142, 8.684385459207861757, 17.36266684596982302 ) ) ;
#3365 = CARTESIAN_POINT ( 'NONE',  ( 25.40662364329570266, 55.60306290881374025, 53.84014959074981732 ) ) ;
#3366 = CARTESIAN_POINT ( 'NONE',  ( 19.39999999930046215, 57.08100058630449780, 57.05337846641953092 ) ) ;
#3367 = CARTESIAN_POINT ( 'NONE',  ( 14.41834025962064203, -50.98981693799635195, 61.09601879516655742 ) ) ;
#3369 = CARTESIAN_POINT ( 'NONE',  ( -20.24503059268333871, 78.00341912710229053, 355.3126149482030769 ) ) ;
#3368 = CARTESIAN_POINT ( 'NONE',  ( 42.40625024018881106, 8.585008312730220581, 296.6917846136911976 ) ) ;
#3370 = CARTESIAN_POINT ( 'NONE',  ( 19.73301904179301403, 102.3596360936916057, 335.4269663478683015 ) ) ;
#3371 = CARTESIAN_POINT ( 'NONE',  ( -38.14705216629539564, 62.67355610963429058, 114.5784895069770357 ) ) ;
#3372 = CARTESIAN_POINT ( 'NONE',  ( -47.63676112757550385, -3.733940665973783712, 266.0964401832982276 ) ) ;
#3373 = CARTESIAN_POINT ( 'NONE',  ( -45.03087486474194634, -42.11158647168753077, 149.0779053964697596 ) ) ;
#3374 = CARTESIAN_POINT ( 'NONE',  ( 42.30331627691569452, 28.17674938985232203, 56.23203861468635978 ) ) ;
#3375 = CARTESIAN_POINT ( 'NONE',  ( -5.662385102398588721, 96.67716219721829418, 174.9460562189175903 ) ) ;
#3376 = CARTESIAN_POINT ( 'NONE',  ( -30.50505002562583101, 92.62804473045471809, 211.2199622736310687 ) ) ;
#3377 = CARTESIAN_POINT ( 'NONE',  ( -45.51100171021250418, 41.44003442380416402, 96.78799788206646326 ) ) ;
#3378 = CARTESIAN_POINT ( 'NONE',  ( 40.81526308856506802, 53.29594954585464706, 96.94278750352090412 ) ) ;
#3379 = CARTESIAN_POINT ( 'NONE',  ( 5.144429205310951048, 105.6293670115555017, 236.5334520872680741 ) ) ;
#3380 = CARTESIAN_POINT ( 'NONE',  ( 16.33340675322824609, 65.75693900774763279, 75.90517472244233943 ) ) ;
#3381 = CARTESIAN_POINT ( 'NONE',  ( -2.077276666158135221, 76.52336289267513791, 103.2092734674057368 ) ) ;
#3382 = CARTESIAN_POINT ( 'NONE',  ( 40.57464168553317307, 49.70177130412870525, 85.99409716714832541 ) ) ;
#3383 = CARTESIAN_POINT ( 'NONE',  ( 32.70616665414924285, 59.13451602421752540, 321.6483228487686006 ) ) ;
#3384 = CARTESIAN_POINT ( 'NONE',  ( -9.450908437181332999, 62.21303891970747202, 64.48094685418327288 ) ) ;
#3385 = CARTESIAN_POINT ( 'NONE',  ( 45.24725200538979664, -20.37245133536299946, 266.2117272008276814 ) ) ;
#3386 = CARTESIAN_POINT ( 'NONE',  ( -18.78895184384105832, 61.04778526394023430, 65.69647309181101491 ) ) ;
#3387 = CARTESIAN_POINT ( 'NONE',  ( 31.53739920108943906, 88.64884562895842635, 297.5922334881632310 ) ) ;
#3388 = ORIENTED_EDGE ( 'NONE', *, *, #5874, .F. ) ;
#3389 = SPHERICAL_SURFACE ( 'NONE', #6193, 0.5000000000000000000 ) ;
#3390 = CARTESIAN_POINT ( 'NONE',  ( -29.11305360621396332, 68.66940546088451924, 103.0282901478968967 ) ) ;
#3391 = CARTESIAN_POINT ( 'NONE',  ( -55.72819568694810499, -0.4965851816812080766, 125.3250944139585812 ) ) ;
#3392 = CARTESIAN_POINT ( 'NONE',  ( 31.13379489040076820, 60.02833133071414551, 80.89436017906450616 ) ) ;
#3393 = CARTESIAN_POINT ( 'NONE',  ( 19.39999999928761198, 58.53274186623132636, 54.54193842806072468 ) ) ;
#3394 = CARTESIAN_POINT ( 'NONE',  ( -53.46384264310270140, -11.94097630751083727, 82.46863804021994326 ) ) ;
#3395 = LINE ( 'NONE', #5726, #5158 ) ;
#3396 = CARTESIAN_POINT ( 'NONE',  ( 8.390276566652163481, -5.548800609047006560, 409.0779284778315628 ) ) ;
#3397 = CARTESIAN_POINT ( 'NONE',  ( -2.769446020169073819, -27.02749646804235439, 409.0779284778312217 ) ) ;
#3398 = CARTESIAN_POINT ( 'NONE',  ( -29.99060107236757489, 52.89256874710854817, 61.11330040865905744 ) ) ;
#3399 = CARTESIAN_POINT ( 'NONE',  ( -49.24209790291187971, 19.60489914474521100, 61.07037457041619177 ) ) ;
#3400 = CARTESIAN_POINT ( 'NONE',  ( 0.000000000000000000, 60.45963184163122150, 52.54223714096968934 ) ) ;
#3401 = EDGE_CURVE ( 'NONE', #4756, #6474, #1073, .T. ) ;
#3402 = CARTESIAN_POINT ( 'NONE',  ( 8.112766541931305753, -35.86961359037464803, 354.5682260543427446 ) ) ;
#3404 = CARTESIAN_POINT ( 'NONE',  ( -15.19115879784430945, 74.51265384113496282, 374.3194744203620985 ) ) ;
#3403 = CARTESIAN_POINT ( 'NONE',  ( 45.60800951124804925, 5.100624764968640257, 34.37827548244614206 ) ) ;
#3405 = CARTESIAN_POINT ( 'NONE',  ( 30.50505002562583101, 92.62804473045471809, 211.2199622736310687 ) ) ;
#3406 = CARTESIAN_POINT ( 'NONE',  ( -38.86224696642600662, 63.08277620034920119, 120.7468268690552691 ) ) ;
#3407 = CARTESIAN_POINT ( 'NONE',  ( -54.59648486690694114, -5.105454710055357559, 95.91850792942825876 ) ) ;
#3408 = CARTESIAN_POINT ( 'NONE',  ( -39.28770520823304935, 40.75589739673827694, 57.27885774361117655 ) ) ;
#3409 = CARTESIAN_POINT ( 'NONE',  ( -25.32040126882154141, -26.11719842498156652, 357.5327856372857696 ) ) ;
#3410 = CARTESIAN_POINT ( 'NONE',  ( -1.379341781467414041, 113.4534268831262835, 334.9546424867822907 ) ) ;
#3411 = CARTESIAN_POINT ( 'NONE',  ( -28.26870319210008375, 98.06994222814986983, 267.3541346117319790 ) ) ;
#3412 = CARTESIAN_POINT ( 'NONE',  ( -46.31492013693031140, 44.58098797849552852, 114.3473105744059666 ) ) ;
#3413 = CARTESIAN_POINT ( 'NONE',  ( 0.000000000000000000, 60.92116226309671134, 52.84991015362798805 ) ) ;
#3414 = CARTESIAN_POINT ( 'NONE',  ( 34.80623589161713483, 49.96341914585513422, 65.74888442614906126 ) ) ;
#3415 = CARTESIAN_POINT ( 'NONE',  ( 8.516755323339712191, 38.24380136745179470, 9.999999999999992895 ) ) ;
#3416 = CARTESIAN_POINT ( 'NONE',  ( 13.15634847430999166, 64.65203266665011483, 70.94966852007995328 ) ) ;
#3417 = CARTESIAN_POINT ( 'NONE',  ( -9.377859892278607390, 74.28499505574832540, 97.42143104457201730 ) ) ;
#3418 = CARTESIAN_POINT ( 'NONE',  ( 41.36138195979895471, 43.42143531038963999, 75.44056932135727322 ) ) ;
#3419 = CARTESIAN_POINT ( 'NONE',  ( 43.49273569025414332, 38.47619753015403887, 282.5153972148385151 ) ) ;
#3420 = CARTESIAN_POINT ( 'NONE',  ( -35.79010002600522711, 67.01548387435059340, 120.0000000000000568 ) ) ;
#3421 = CARTESIAN_POINT ( 'NONE',  ( 50.50915485235315572, -11.66615397858532788, 236.0009892315231355 ) ) ;
#3422 = CARTESIAN_POINT ( 'NONE',  ( 47.31806087606171474, 30.39858513551461172, 64.70489333089238926 ) ) ;
#3423 = CARTESIAN_POINT ( 'NONE',  ( 40.54973202603524385, 45.06302812400438285, 60.02557165779545301 ) ) ;
#3424 = CARTESIAN_POINT ( 'NONE',  ( 37.30859453507278545, 64.32863726323265041, 95.91574891239194756 ) ) ;
#3425 = ORIENTED_EDGE ( 'NONE', *, *, #2940, .F. ) ;
#3426 = CARTESIAN_POINT ( 'NONE',  ( 0.000000000000000000, 69.56930806926911259, 81.09348171574148978 ) ) ;
#3427 = CARTESIAN_POINT ( 'NONE',  ( -27.70887261558512549, 58.74778575526182323, 70.84814966488880827 ) ) ;
#3428 = CARTESIAN_POINT ( 'NONE',  ( -54.97514622480936453, 1.449166137214354722, 106.4747449602005815 ) ) ;
#3429 = CARTESIAN_POINT ( 'NONE',  ( 34.22866881838641717, 64.22978532323385537, 102.9116368428493473 ) ) ;
#3430 = CARTESIAN_POINT ( 'NONE',  ( -52.87915475485513639, -11.84542536063591278, 211.2170985286308849 ) ) ;
#3431 = CARTESIAN_POINT ( 'NONE',  ( 24.90980607711802364, 54.62255052286346313, 53.81101708713629250 ) ) ;
#3432 = CARTESIAN_POINT ( 'NONE',  ( 10.76439807395047765, -5.513293627326315338, 405.9646870397042449 ) ) ;
#3433 = CARTESIAN_POINT ( 'NONE',  ( -5.884888747807983655, -44.24089897522708981, 297.8217179801829957 ) ) ;
#3434 = CARTESIAN_POINT ( 'NONE',  ( -34.31277502958049297, 65.80441263764498672, 108.6912032902227736 ) ) ;
#3435 = CARTESIAN_POINT ( 'NONE',  ( -44.28330712461601593, 25.18298716494421541, 282.3542443352131954 ) ) ;
#3436 = CARTESIAN_POINT ( 'NONE',  ( 12.79604022966785060, 59.68071774173956356, 52.82038966147712244 ) ) ;
#3437 = CARTESIAN_POINT ( 'NONE',  ( 11.30898707701247474, -51.34916892683364154, 61.09587590204711915 ) ) ;
#3439 = CARTESIAN_POINT ( 'NONE',  ( -40.55889195497087485, 78.54731742978322018, 192.3780077443595928 ) ) ;
#3438 = CARTESIAN_POINT ( 'NONE',  ( 55.48186347027866105, 6.898228795229248256, 149.0506369592136195 ) ) ;
#3440 = CARTESIAN_POINT ( 'NONE',  ( 30.03862308970131423, 96.31016027820800218, 267.3170911456854810 ) ) ;
#3441 = CARTESIAN_POINT ( 'NONE',  ( -37.57041013110251271, 58.55390503355394571, 97.04008248562246308 ) ) ;
#3442 = CARTESIAN_POINT ( 'NONE',  ( -53.79620627592527882, -4.896329778206069072, 201.7386349821712770 ) ) ;
#3443 = CARTESIAN_POINT ( 'NONE',  ( -15.78824046105049561, 55.85769423110305354, 53.00195647401955767 ) ) ;
#3444 = B_SPLINE_SURFACE_WITH_KNOTS ( 'NONE', 1, 3, ( 
 ( #972, #5569, #363, #2675, #3851, #6626, #2712, #4995, #2749, #1422, #2143, #857, #325, #3284 ),
 ( #287, #4920, #7238, #2637, #2030, #4345, #7312, #6401, #4651, #7500, #2335, #7461, #4532, #6850 ) ),
 .UNSPECIFIED., .F., .F., .F.,
 ( 2, 2 ),
 ( 4, 2, 2, 2, 2, 2, 4 ),
 ( 0.000000000000000000, 1.000000000000000000 ),
 ( 0.000000000000000000, 0.2500000000000000000, 0.3750000000000000000, 0.5000000000000000000, 0.6250000000000000000, 0.7500000000000000000, 1.000000000000000000 ),
 .UNSPECIFIED. ) ;
#3445 = CARTESIAN_POINT ( 'NONE',  ( -30.50351993349007884, -26.09945138816552657, 337.8589216439749521 ) ) ;
#3446 = CARTESIAN_POINT ( 'NONE',  ( -8.173918826655913961, 113.4650493156208029, 402.6824908993031045 ) ) ;
#3447 = CARTESIAN_POINT ( 'NONE',  ( -31.45588548181833133, 94.87172885796802291, 251.6582443507715539 ) ) ;
#3448 = CARTESIAN_POINT ( 'NONE',  ( -41.41493748175383871, 34.67759936483873418, 60.80204203338627877 ) ) ;
#3449 =( BOUNDED_SURFACE ( )  B_SPLINE_SURFACE ( 3, 2, ( 
 ( #4382, #4957, #6739 ),
 ( #5607, #6700, #5646 ),
 ( #5029, #1994, #1459 ),
 ( #3772, #6177, #4308 ),
 ( #6100, #402, #6775 ),
 ( #3320, #1572, #4420 ),
 ( #1498, #6662, #896 ),
 ( #2596, #439, #7349 ),
 ( #6063, #1536, #3810 ),
 ( #6215, #5530, #5491 ) ),
 .UNSPECIFIED., .F., .F., .F. ) 
 B_SPLINE_SURFACE_WITH_KNOTS ( ( 4, 2, 2, 2, 4 ),
 ( 3, 3 ),
 ( 2.586472702681419378E-15, 0.004806433181190444305, 0.009612866362378302137, 0.01441929954356615910, 0.01922573272475401607 ),
 ( 0.000000000000000000, 1.000000000000000000 ),
 .UNSPECIFIED. ) 
 GEOMETRIC_REPRESENTATION_ITEM ( )  RATIONAL_B_SPLINE_SURFACE ( (
 ( 1.000000000000000000, 0.8320603240170382220, 1.000000000000000000),
 ( 1.000000000000000000, 0.8320582875346083096, 1.000000000000000000),
 ( 1.000000000000000000, 0.8320616429285043747, 1.000000000000000000),
 ( 1.000000000000000000, 0.8320621167308275279, 1.000000000000000000),
 ( 1.000000000000000000, 0.8320635207478542794, 1.000000000000000000),
 ( 1.000000000000000000, 0.8320651334407892508, 1.000000000000000000),
 ( 1.000000000000000000, 0.8320650417599263493, 1.000000000000000000),
 ( 1.000000000000000000, 0.8320633775022475698, 1.000000000000000000),
 ( 1.000000000000000000, 0.8320618891306302833, 1.000000000000000000),
 ( 1.000000000000000000, 0.8320618891306302833, 1.000000000000000000) ) ) 
 REPRESENTATION_ITEM ( '' )  SURFACE ( )  );
#3450 = PRODUCT_CONTEXT ( 'NONE', #3085, 'mechanical' ) ;
#3451 = CARTESIAN_POINT ( 'NONE',  ( 32.81863360761729353, 52.31245496146804186, 65.79878846624933431 ) ) ;
#3452 = CARTESIAN_POINT ( 'NONE',  ( 18.56878409532550123, 94.20570554236424243, 174.9455183955175528 ) ) ;
#3453 = CARTESIAN_POINT ( 'NONE',  ( 15.93038869345575392, 73.00494089531625264, 97.40299910060983279 ) ) ;
#3454 = CARTESIAN_POINT ( 'NONE',  ( -3.475938429155659204, 60.20077963871744231, 56.67177950013088150 ) ) ;
#3455 = CARTESIAN_POINT ( 'NONE',  ( 44.38220688548309312, 46.98896738764662473, 102.6206119877510332 ) ) ;
#3456 = CARTESIAN_POINT ( 'NONE',  ( -14.08021247347467053, 108.5899874264127476, 309.3011067567888972 ) ) ;
#3457 = CARTESIAN_POINT ( 'NONE',  ( -44.06512980957518977, 38.71787827580154584, 61.61239786701757737 ) ) ;
#3458 = CARTESIAN_POINT ( 'NONE',  ( 50.85316943093211961, -27.50472058816160015, 82.47186014571587975 ) ) ;
#3459 = DIRECTION ( 'NONE',  ( 0.000000000000000000, 0.9701231158308457614, -0.2426131491297436882 ) ) ;
#3460 = EDGE_CURVE ( 'NONE', #6471, #6463, #2063, .T. ) ;
#3461 = CARTESIAN_POINT ( 'NONE',  ( 40.55889195497087485, 78.54731742978322018, 192.3780077443595928 ) ) ;
#3462 = ORIENTED_EDGE ( 'NONE', *, *, #7230, .F. ) ;
#3463 = DIRECTION ( 'NONE',  ( 0.000000000000000000, -0.01197166478335287727, -0.9999283370533685877 ) ) ;
#3464 = CARTESIAN_POINT ( 'NONE',  ( -28.72592714794904012, 61.91739535197413602, 80.94238960759551560 ) ) ;
#3465 = CARTESIAN_POINT ( 'NONE',  ( 30.60613406607072662, 54.47917916276963268, 65.84758886311645654 ) ) ;
#3466 = CARTESIAN_POINT ( 'NONE',  ( 31.50943030481413842, 50.31632581037403895, 58.71180119484286308 ) ) ;
#3467 = CARTESIAN_POINT ( 'NONE',  ( -12.96073164243719233, -8.356327979453439525, 405.9464218658494019 ) ) ;
#3468 = CARTESIAN_POINT ( 'NONE',  ( 43.26262492286634398, 68.77347080810496038, 149.0307383742238301 ) ) ;
#3469 = CARTESIAN_POINT ( 'NONE',  ( 0.000000000000000000, 59.69594724148635834, 52.54223714096647058 ) ) ;
#3470 = CARTESIAN_POINT ( 'NONE',  ( 51.22892169277248087, -5.540383518386055250, 61.09955690949418994 ) ) ;
#3471 = CARTESIAN_POINT ( 'NONE',  ( -0.9226100849970726436, -41.51396910380941563, 320.9723758423571667 ) ) ;
#3472 = CARTESIAN_POINT ( 'NONE',  ( -31.17255849331846917, 56.01256537933611668, 70.78634180023892952 ) ) ;
#3473 = CARTESIAN_POINT ( 'NONE',  ( -53.66992419596931541, 13.24048594562303371, 95.91822421020050626 ) ) ;
#3474 = CARTESIAN_POINT ( 'NONE',  ( 31.26378162318865250, 65.35516704235809016, 97.20175774657396062 ) ) ;
#3475 = CARTESIAN_POINT ( 'NONE',  ( 17.51307443958746290, 58.70676574122733626, 53.40370015232048218 ) ) ;
#3476 = CARTESIAN_POINT ( 'NONE',  ( 3.170806626810142692, -33.61970539896461929, 373.0976775988401073 ) ) ;
#3478 = CARTESIAN_POINT ( 'NONE',  ( -42.63671776123251078, 76.22344487085828746, 236.3198685812823499 ) ) ;
#3477 = CARTESIAN_POINT ( 'NONE',  ( 4.899493912026906983, 3.044246491124756648, 409.0779284778315628 ) ) ;
#3479 = CARTESIAN_POINT ( 'NONE',  ( 28.39588886671507950, 97.12669430414052840, 283.4839804962942935 ) ) ;
#3480 = CARTESIAN_POINT ( 'NONE',  ( -33.28408223222645290, 49.53950794728216067, 61.04181031574005800 ) ) ;
#3481 = CARTESIAN_POINT ( 'NONE',  ( -55.92973637764376349, -2.603946628213003933, 149.0515242256481372 ) ) ;
#3482 = CARTESIAN_POINT ( 'NONE',  ( 49.54422970631355838, 25.75350549517632714, 108.2617702691964041 ) ) ;
#3483 = CARTESIAN_POINT ( 'NONE',  ( -28.16270177033828048, -40.05185572161654761, 283.0108228544385156 ) ) ;
#3484 = CARTESIAN_POINT ( 'NONE',  ( -5.321258306415971973, 78.03212230797318227, 95.91467759725750852 ) ) ;
#3485 = CARTESIAN_POINT ( 'NONE',  ( 11.38686813906620365, -22.89300478012107831, 404.2009417244211704 ) ) ;
#3486 = CARTESIAN_POINT ( 'NONE',  ( -29.00352473893347138, 71.15653855567848041, 95.91528783182911866 ) ) ;
#3487 = CARTESIAN_POINT ( 'NONE',  ( 19.39999999930054031, 60.29842758659972901, 64.37052438112003472 ) ) ;
#3488 = CARTESIAN_POINT ( 'NONE',  ( 30.33147521023309068, 50.37076527977350793, 56.56424670433908375 ) ) ;
#3489 = CARTESIAN_POINT ( 'NONE',  ( 14.60064225581740160, 108.8426889953673822, 390.2651342448174887 ) ) ;
#3490 = CARTESIAN_POINT ( 'NONE',  ( 14.29011351795569595, 62.50273877000164902, 65.98390581677914213 ) ) ;
#3491 = CARTESIAN_POINT ( 'NONE',  ( 0.000000000000000000, 62.13249092479360769, 55.75675664197579806 ) ) ;
#3492 = CARTESIAN_POINT ( 'NONE',  ( 43.55424122879913540, 42.67741461343405973, 85.88793993635235324 ) ) ;
#3493 = CARTESIAN_POINT ( 'NONE',  ( -15.64684210313854074, 107.7570054325564541, 320.8476529610748571 ) ) ;
#3494 = ADVANCED_FACE ( 'NONE', ( #3760 ), #3995, .T. ) ;
#3495 = CARTESIAN_POINT ( 'NONE',  ( -48.66153087212858708, 35.62751069534203907, 120.0000000000000142 ) ) ;
#3496 = CARTESIAN_POINT ( 'NONE',  ( 35.65715690381956904, -21.68721720611483761, 9.999999999999980460 ) ) ;
#3497 = CARTESIAN_POINT ( 'NONE',  ( 47.55825190892984011, 29.82808775491002251, 65.21972654340694930 ) ) ;
#3498 = EDGE_LOOP ( 'NONE', ( #6844, #1760, #1838, #2037 ) ) ;
#3499 = CARTESIAN_POINT ( 'NONE',  ( 2.314279585976788861E-11, 57.69594724149707332, 52.54223714099450859 ) ) ;
#3500 = VERTEX_POINT ( 'NONE', #3889 ) ;
#3501 = CARTESIAN_POINT ( 'NONE',  ( -19.01755411943359775, 72.12264736481603222, 97.38619574165713288 ) ) ;
#3502 = CARTESIAN_POINT ( 'NONE',  ( 32.00497204784466021, 57.29899320760006276, 75.71905314022738764 ) ) ;
#3503 = FACE_OUTER_BOUND ( 'NONE', #2550, .T. ) ;
#3504 = CARTESIAN_POINT ( 'NONE',  ( -44.11414584183997079, -15.46038235363510616, 282.2216683827899715 ) ) ;
#3505 = CARTESIAN_POINT ( 'NONE',  ( 27.55855469729336349, 85.57839053810371865, 321.2412688300743753 ) ) ;
#3506 = PRESENTATION_STYLE_ASSIGNMENT (( #96 ) ) ;
#3507 = CARTESIAN_POINT ( 'NONE',  ( 34.61311762310243978, -6.403511806444468490, 338.9093860159642873 ) ) ;
#3508 = CARTESIAN_POINT ( 'NONE',  ( -1.252215391793557009, -55.30197672377875762, 125.3284468335832997 ) ) ;
#3509 = CARTESIAN_POINT ( 'NONE',  ( -34.58468568334863846, 65.51567500664347676, 108.6843149384215934 ) ) ;
#3510 = CARTESIAN_POINT ( 'NONE',  ( -52.96733211029614807, 7.858284988440133567, 211.2173927472271657 ) ) ;
#3511 = CARTESIAN_POINT ( 'NONE',  ( 28.30528367526664724, 58.32053231043350650, 70.83849872843299522 ) ) ;
#3512 = CARTESIAN_POINT ( 'NONE',  ( -7.996394546426241590, 60.05892124719614600, 52.64243943064372644 ) ) ;
#3513 = CARTESIAN_POINT ( 'NONE',  ( 4.709069789862740940, -53.57492455626363181, 82.49023420230582815 ) ) ;
#3515 = CARTESIAN_POINT ( 'NONE',  ( -43.35910743106603604, 71.03135462591906446, 251.3870017941989374 ) ) ;
#3514 = CARTESIAN_POINT ( 'NONE',  ( 55.62849506958383472, 3.374676323315691562, 149.0510612530253809 ) ) ;
#3516 = CARTESIAN_POINT ( 'NONE',  ( 21.80617979207999113, 96.10370779785638717, 335.6853096062209829 ) ) ;
#3517 = CARTESIAN_POINT ( 'NONE',  ( -34.80623589162748743, 49.96341914587785737, 65.74888442622545881 ) ) ;
#3518 = CARTESIAN_POINT ( 'NONE',  ( -29.27626651897852383, 51.09199784637081621, 337.5451439369414288 ) ) ;
#3519 = CARTESIAN_POINT ( 'NONE',  ( -22.08917366378628699, 53.72871907900182009, 53.53438102678784105 ) ) ;
#3520 = CARTESIAN_POINT ( 'NONE',  ( -34.77886401590802024, -47.93237245653781997, 95.91433278602505652 ) ) ;
#3521 = CARTESIAN_POINT ( 'NONE',  ( 29.36778770313278386, -36.26594778884934556, 17.36313527830163750 ) ) ;
#3522 = CARTESIAN_POINT ( 'NONE',  ( -36.37390622070769552, 78.11495218099518922, 149.0265509919405531 ) ) ;
#3523 = CARTESIAN_POINT ( 'NONE',  ( 35.68195603756164047, 65.84681643287534314, 114.6398124982964788 ) ) ;
#3524 = CARTESIAN_POINT ( 'NONE',  ( 15.59575044233932140, 107.8624269936204030, 335.2153524562597227 ) ) ;
#3525 = CARTESIAN_POINT ( 'NONE',  ( 22.87423738447822075, 75.62646710052466403, 114.8985384398582141 ) ) ;
#3526 = B_SPLINE_CURVE_WITH_KNOTS ( 'NONE', 3,
 ( #615, #6913, #5707, #2769, #5246, #5205, #5743, #5089, #44, #1787 ),
 .UNSPECIFIED., .F., .F.,
 ( 4, 2, 2, 2, 4 ),
 ( 9.192542270495473020E-20, 0.004802512373686220089, 0.009605024747372438443, 0.01440753712105865766, 0.01921004949474487689 ),
 .UNSPECIFIED. ) ;
#3527 = CARTESIAN_POINT ( 'NONE',  ( 0.000000000000000000, 73.10911051243836312, 91.84589651342682259 ) ) ;
#3528 = EDGE_CURVE ( 'NONE', #1646, #881, #3395, .T. ) ;
#3529 = CARTESIAN_POINT ( 'NONE',  ( 41.92550593616861221, 42.06001075118936683, 75.42020771685572811 ) ) ;
#3530 = CARTESIAN_POINT ( 'NONE',  ( -18.57086248286109154, 89.44977339474097278, 149.0209146251993957 ) ) ;
#3531 = CARTESIAN_POINT ( 'NONE',  ( -20.98093319825395042, 88.63672423477601114, 149.0213930354750005 ) ) ;
#3532 = CARTESIAN_POINT ( 'NONE',  ( -6.939584209627566835, 80.85958015167827284, 119.9999999999999716 ) ) ;
#3533 = CARTESIAN_POINT ( 'NONE',  ( 36.20641239558317892, -21.28840862801819966, 322.0730833068037668 ) ) ;
#3534 = LINE ( 'NONE', #6881, #5549 ) ;
#3535 = ORIENTED_EDGE ( 'NONE', *, *, #813, .T. ) ;
#3536 = CARTESIAN_POINT ( 'NONE',  ( -18.93862357262645446, 56.31779446540956258, 53.23064920079913520 ) ) ;
#3537 = B_SPLINE_CURVE_WITH_KNOTS ( 'NONE', 3,
 ( #6543, #694, #7222, #6612, #3002, #2512, #1337 ),
 .UNSPECIFIED., .F., .F.,
 ( 4, 3, 4 ),
 ( 0.0005009200941726445850, 0.001892721078111660789, 0.003578187513200829090 ),
 .UNSPECIFIED. ) ;
#3538 = ORIENTED_EDGE ( 'NONE', *, *, #1931, .F. ) ;
#3539 = CARTESIAN_POINT ( 'NONE',  ( -21.42407528727219912, 62.13220176702414932, 70.91805247713210747 ) ) ;
#3540 =( BOUNDED_SURFACE ( )  B_SPLINE_SURFACE ( 3, 2, ( 
 ( #690, #6538, #158 ),
 ( #6957, #5823, #2396 ),
 ( #120, #3074, #4711 ),
 ( #1219, #2471, #2323 ),
 ( #2998, #3604, #1865 ),
 ( #4136, #5933, #5858 ),
 ( #5894, #4788, #655 ),
 ( #7031, #729, #1827 ),
 ( #3036, #1903, #2922 ),
 ( #4066, #5324, #6389 ) ),
 .UNSPECIFIED., .F., .F., .T. ) 
 B_SPLINE_SURFACE_WITH_KNOTS ( ( 4, 2, 2, 2, 4 ),
 ( 3, 3 ),
 ( 0.01357063707664240594, 0.02374911017352502110, 0.02629372844774567619, 0.02883834672196632781, 0.03392758327040763799 ),
 ( 0.000000000000000000, 1.000000000000000000 ),
 .UNSPECIFIED. ) 
 GEOMETRIC_REPRESENTATION_ITEM ( )  RATIONAL_B_SPLINE_SURFACE ( (
 ( 1.000000000000000000, 0.9554873877073989386, 1.000000000000000000),
 ( 1.000000000000000000, 0.9555346100403087073, 1.000000000000000000),
 ( 1.000000000000000000, 0.9552213595045819794, 1.000000000000000000),
 ( 1.000000000000000000, 0.9547141011824357149, 1.000000000000000000),
 ( 1.000000000000000000, 0.9546153572185158698, 1.000000000000000000),
 ( 1.000000000000000000, 0.9544370018473486983, 1.000000000000000000),
 ( 1.000000000000000000, 0.9543484243539189782, 1.000000000000000000),
 ( 1.000000000000000000, 0.9541615474973229594, 1.000000000000000000),
 ( 1.000000000000000000, 0.9541651851579581178, 1.000000000000000000),
 ( 1.000000000000000000, 0.9541797929897964936, 1.000000000000000000) ) ) 
 REPRESENTATION_ITEM ( '' )  SURFACE ( )  );
#3541 = CARTESIAN_POINT ( 'NONE',  ( -51.97371130511168502, -11.77933393273072049, 221.5228831032883932 ) ) ;
#3542 = CARTESIAN_POINT ( 'NONE',  ( 4.999999999999995559, 62.54111716964818868, 409.0779284778316764 ) ) ;
#3543 = CARTESIAN_POINT ( 'NONE',  ( 0.000000000000000000, 81.13940464604829117, 119.9999999999999858 ) ) ;
#3544 = CARTESIAN_POINT ( 'NONE',  ( 23.10790807300193350, -6.050989737802308532, 380.0924787308388204 ) ) ;
#3545 = CARTESIAN_POINT ( 'NONE',  ( -2.928582613051547767, -55.27970433259148564, 125.3284381658162090 ) ) ;
#3546 = CARTESIAN_POINT ( 'NONE',  ( -32.89395475033169447, 68.77792806125845004, 114.7099953979390961 ) ) ;
#3547 = CARTESIAN_POINT ( 'NONE',  ( -47.44922415866400200, 12.98201577443083643, 266.1680958781744835 ) ) ;
#3548 = CARTESIAN_POINT ( 'NONE',  ( 28.35706719746097804, 56.30162922981662632, 65.88603842500187113 ) ) ;
#3549 = CARTESIAN_POINT ( 'NONE',  ( 44.17585631696612580, 28.99781619616637585, 66.19343406346364134 ) ) ;
#3550 = CARTESIAN_POINT ( 'NONE',  ( 7.581342300910199228, -55.10433277045158462, 125.3283760160812079 ) ) ;
#3552 = CARTESIAN_POINT ( 'NONE',  ( -25.99660293237877795, 76.33929015630870651, 336.5399300979128725 ) ) ;
#3551 = CARTESIAN_POINT ( 'NONE',  ( 54.08817850606153854, 5.564220918259667137, 192.3485954874197716 ) ) ;
#3553 = CARTESIAN_POINT ( 'NONE',  ( 31.60921473805061765, 72.46978188367815221, 106.4391279693404329 ) ) ;
#3554 = CARTESIAN_POINT ( 'NONE',  ( -36.16008989814751118, 60.38283372060089960, 97.07855991766078319 ) ) ;
#3555 = CARTESIAN_POINT ( 'NONE',  ( -49.29282811079855264, 54.99069590673529717, 201.7367403560437822 ) ) ;
#3556 = CARTESIAN_POINT ( 'NONE',  ( -30.56871613923570052, 50.94872432401223961, 54.72978557012627476 ) ) ;
#3557 = CARTESIAN_POINT ( 'NONE',  ( -29.07438431616404984, -34.73063028847926148, 309.2464229228809813 ) ) ;
#3558 = CARTESIAN_POINT ( 'NONE',  ( 24.38374426688051244, -41.96915947846640194, 283.1402608894696300 ) ) ;
#3560 = CARTESIAN_POINT ( 'NONE',  ( -24.97342314724765089, 93.25564319209817654, 321.1158905719347558 ) ) ;
#3559 = CARTESIAN_POINT ( 'NONE',  ( 38.24156636926625907, 31.36276094530756353, 309.2047914780112023 ) ) ;
#3561 = CARTESIAN_POINT ( 'NONE',  ( 31.71180125612057310, 48.97579464652931591, 56.53524097466738851 ) ) ;
#3562 = CARTESIAN_POINT ( 'NONE',  ( 14.89803737164641007, 108.4824953752723360, 402.7990590801052804 ) ) ;
#3563 = CARTESIAN_POINT ( 'NONE',  ( 21.25597646921827177, 67.75569176097674529, 86.41478422740496512 ) ) ;
#3564 = ORIENTED_EDGE ( 'NONE', *, *, #3839, .F. ) ;
#3565 = CARTESIAN_POINT ( 'NONE',  ( 4.882116685049032512, 62.13249092520091921, 55.75675664180323565 ) ) ;
#3566 = CARTESIAN_POINT ( 'NONE',  ( 43.20342718820624128, 38.52047986377494482, 75.37311807145499643 ) ) ;
#3567 = CARTESIAN_POINT ( 'NONE',  ( -16.06751618836076290, 107.1090662586570517, 297.9192022927325070 ) ) ;
#3568 = CARTESIAN_POINT ( 'NONE',  ( -19.37539373881425320, 104.8223186834098613, 297.8727098026344038 ) ) ;
#3569 = CARTESIAN_POINT ( 'NONE',  ( -48.94937431911462511, 33.92683254615575805, 120.0000000000000853 ) ) ;
#3570 = CARTESIAN_POINT ( 'NONE',  ( 50.48554454882730624, -33.11777417766523257, 106.4690502667183694 ) ) ;
#3571 = CARTESIAN_POINT ( 'NONE',  ( -18.74064726323415897, 55.36656262780351057, 54.24186323329843162 ) ) ;
#3572 = EDGE_LOOP ( 'NONE', ( #3538, #4182, #2252, #5536 ) ) ;
#3573 = CARTESIAN_POINT ( 'NONE',  ( -19.40000000029211336, 60.29842758625905930, 64.37052438116238307 ) ) ;
#3574 = CARTESIAN_POINT ( 'NONE',  ( 26.22017460987582638, 63.55779661278371151, 80.98465358555671401 ) ) ;
#3575 = ORIENTED_EDGE ( 'NONE', *, *, #6670, .F. ) ;
#3576 = CARTESIAN_POINT ( 'NONE',  ( -21.28604183811055250, 56.28805100114728788, 56.66161319115506245 ) ) ;
#3577 = CARTESIAN_POINT ( 'NONE',  ( -36.20641239558317892, -21.28840862801819966, 322.0730833068037668 ) ) ;
#3578 = CARTESIAN_POINT ( 'NONE',  ( 24.27491289546385289, 30.46908613001266275, 9.999999999999994671 ) ) ;
#3579 = CARTESIAN_POINT ( 'NONE',  ( 18.89999999930045149, 59.90673788008266598, 63.68682034428803718 ) ) ;
#3580 = CARTESIAN_POINT ( 'NONE',  ( 50.89727975755803868, -6.257858417485031133, 235.9981632639484701 ) ) ;
#3581 = CARTESIAN_POINT ( 'NONE',  ( -2.802385247906290733, -52.44926537521283905, 211.1920100114977288 ) ) ;
#3582 = CARTESIAN_POINT ( 'NONE',  ( -29.37138750567640599, 55.51822706889939241, 65.86961630879322627 ) ) ;
#3583 = CARTESIAN_POINT ( 'NONE',  ( -36.75994203086202816, 8.185796779730333483, 322.2279236166048690 ) ) ;
#3584 = CARTESIAN_POINT ( 'NONE',  ( 31.15680295862864213, 63.69457653453657286, 91.62751533265667092 ) ) ;
#3585 = DIRECTION ( 'NONE',  ( 1.000000000000000000, 0.000000000000000000, -0.000000000000000000 ) ) ;
#3586 = CARTESIAN_POINT ( 'NONE',  ( -49.33446537551563438, -5.728520701639228996, 250.8423997194465471 ) ) ;
#3587 = CARTESIAN_POINT ( 'NONE',  ( 9.517231979967126776, -53.31027429329341061, 82.48953339436053511 ) ) ;
#3589 = CARTESIAN_POINT ( 'NONE',  ( -47.35693498923539124, 62.68961510592969688, 174.9408108824709416 ) ) ;
#3588 = CARTESIAN_POINT ( 'NONE',  ( 42.68672414130514881, 4.450321536097706421, 296.6739762740718334 ) ) ;
#3590 = CARTESIAN_POINT ( 'NONE',  ( -42.30797478586202232, 38.18521974039218492, 70.45868124839950042 ) ) ;
#3591 = CARTESIAN_POINT ( 'NONE',  ( 37.34796294113852611, 81.00468771001025914, 174.9433869247069708 ) ) ;
#3592 = CARTESIAN_POINT ( 'NONE',  ( -33.61070828606219862, 51.42141156855200990, 65.77902683814976115 ) ) ;
#3593 = CARTESIAN_POINT ( 'NONE',  ( -43.79357508851284564, 60.24723152880473975, 266.7276539269826685 ) ) ;
#3594 = CARTESIAN_POINT ( 'NONE',  ( 3.242725723345592392, 62.61481202838935189, 64.34612264503152801 ) ) ;
#3595 = CARTESIAN_POINT ( 'NONE',  ( -16.00663297944399588, -28.66083063176040824, 375.2542703734056317 ) ) ;
#3596 = CARTESIAN_POINT ( 'NONE',  ( 34.77886401590802024, -47.93237245653781997, 95.91433278602505652 ) ) ;
#3597 = VECTOR ( 'NONE', #6501, 1000.000000000000000 ) ;
#3599 = CARTESIAN_POINT ( 'NONE',  ( -33.72191568916900906, 92.27162107436684835, 251.6243654412140245 ) ) ;
#3598 = CARTESIAN_POINT ( 'NONE',  ( 53.19221855796364906, 33.33229518221101983, 174.9372533031896069 ) ) ;
#3600 = CARTESIAN_POINT ( 'NONE',  ( 33.17148133790335152, 54.03980218605961028, 70.73997608582385510 ) ) ;
#3601 = CARTESIAN_POINT ( 'NONE',  ( 19.00078485949160978, 104.9225855111754697, 309.2951258468611968 ) ) ;
#3602 = CARTESIAN_POINT ( 'NONE',  ( 20.50908605360944748, 64.39629438793598126, 75.88363262799713027 ) ) ;
#3603 = CARTESIAN_POINT ( 'NONE',  ( -36.10787997447732067, 46.95569998340101847, 56.00272454310741921 ) ) ;
#3604 = CARTESIAN_POINT ( 'NONE',  ( -11.20347881842818971, 61.75587889034382272, 64.57358641395794052 ) ) ;
#3605 = EDGE_CURVE ( 'NONE', #809, #4135, #1035, .T. ) ;
#3606 = CARTESIAN_POINT ( 'NONE',  ( 46.25325009807357901, 43.01374813696639876, 108.3578517221889967 ) ) ;
#3607 = CARTESIAN_POINT ( 'NONE',  ( -11.65735987292029918, 109.8619777451270068, 309.3032395257943108 ) ) ;
#3608 = CARTESIAN_POINT ( 'NONE',  ( -22.97910080184422554, 95.12909338343447985, 192.3878539251080042 ) ) ;
#3609 = CARTESIAN_POINT ( 'NONE',  ( -48.75732132094083937, 28.75991918310497653, 102.4818751202408720 ) ) ;
#3610 = CARTESIAN_POINT ( 'NONE',  ( 51.90559653541792073, -27.86263010959373432, 95.91742454790011152 ) ) ;
#3611 = CARTESIAN_POINT ( 'NONE',  ( -51.75781412248787205, 27.10604614702787529, 91.85541508365619734 ) ) ;
#3612 = EDGE_LOOP ( 'NONE', ( #2441, #2213, #2930, #3388 ) ) ;
#3613 = FACE_OUTER_BOUND ( 'NONE', #4916, .T. ) ;
#3614 = CARTESIAN_POINT ( 'NONE',  ( 25.33823474752538729, 65.85235227026375071, 86.36667214426701378 ) ) ;
#3615 = CARTESIAN_POINT ( 'NONE',  ( -24.38838294354023262, 68.11971589408001648, 91.74922698906134144 ) ) ;
#3616 = CARTESIAN_POINT ( 'NONE',  ( -45.24725200538979664, -20.37245133536299946, 266.2117272008276814 ) ) ;
#3617 = CARTESIAN_POINT ( 'NONE',  ( 25.00449939259151577, 80.86690352233090096, 336.3577205658255593 ) ) ;
#3618 = CARTESIAN_POINT ( 'NONE',  ( 44.39854161438309177, 60.70823927584507373, 119.9999999999999432 ) ) ;
#3619 = CARTESIAN_POINT ( 'NONE',  ( 47.43963092232718992, -5.736623016275592235, 266.0948517749184816 ) ) ;
#3620 = CARTESIAN_POINT ( 'NONE',  ( -1.096416134463319425, -49.28920418735288678, 251.6521130056177356 ) ) ;
#3621 = CARTESIAN_POINT ( 'NONE',  ( -29.77920706648087545, 57.19941699481839947, 70.81306186501822708 ) ) ;
#3622 = CARTESIAN_POINT ( 'NONE',  ( -45.60800951124804925, 5.100624764968640257, 34.37827548244614206 ) ) ;
#3623 = CARTESIAN_POINT ( 'NONE',  ( 26.61451971808126515, 55.47295676429749278, 61.16328902580169569 ) ) ;
#3624 = CARTESIAN_POINT ( 'NONE',  ( 18.76861093235230982, 60.39335427710959436, 65.22662441049209292 ) ) ;
#3625 = CARTESIAN_POINT ( 'NONE',  ( -55.22324670743307706, -5.805412337438995429, 106.4752856519447164 ) ) ;
#3626 = CARTESIAN_POINT ( 'NONE',  ( 3.536944963726678992, -39.41601329634336537, 335.6134352068914382 ) ) ;
#3628 = CARTESIAN_POINT ( 'NONE',  ( -41.33395753221566338, 77.76891483934041105, 251.4601220063464382 ) ) ;
#3627 = CARTESIAN_POINT ( 'NONE',  ( 54.19564027605725443, 2.213149447906789469, 192.3481310000080100 ) ) ;
#3629 = CARTESIAN_POINT ( 'NONE',  ( -46.54922710270507480, 43.74347738575635702, 114.3405857917416881 ) ) ;
#3630 = CARTESIAN_POINT ( 'NONE',  ( 34.91271617072757749, 90.38816783849087244, 236.4053871694839017 ) ) ;
#3631 = AXIS2_PLACEMENT_3D ( 'NONE', #5003, #411, #7285 ) ;
#3632 = CARTESIAN_POINT ( 'NONE',  ( -32.40245293095258461, 50.54146212432726060, 61.06299423450962394 ) ) ;
#3633 = CARTESIAN_POINT ( 'NONE',  ( -49.66596614699262346, 54.11733623626795975, 192.3655671401465668 ) ) ;
#3634 = DIRECTION ( 'NONE',  ( 0.000000000000000000, -0.9701231158308457614, 0.2426131491297436882 ) ) ;
#3635 = CARTESIAN_POINT ( 'NONE',  ( -40.57453079262381834, -45.78873396600582169, 125.3269375355641273 ) ) ;
#3636 = CARTESIAN_POINT ( 'NONE',  ( 20.46903711268268822, -37.63267645656183191, 10.00000000000002487 ) ) ;
#3638 = CARTESIAN_POINT ( 'NONE',  ( -28.50637985391423257, 94.58018343108543036, 297.6806696655019095 ) ) ;
#3637 = CARTESIAN_POINT ( 'NONE',  ( 50.97814443026798870, 36.11245709995962727, 221.5444361254579348 ) ) ;
#3639 = CARTESIAN_POINT ( 'NONE',  ( 36.32602622452113650, 58.36868931647006775, 91.49480907135080088 ) ) ;
#3640 = CARTESIAN_POINT ( 'NONE',  ( 23.79793457237814280, 76.95222832070673746, 106.4353754229456115 ) ) ;
#3641 = CARTESIAN_POINT ( 'NONE',  ( -12.81901541964333724, 59.80541547584240902, 53.12894133565812638 ) ) ;
#3642 = CARTESIAN_POINT ( 'NONE',  ( -1.888954172837090884, 64.06511940387166248, 65.98768053510939069 ) ) ;
#3643 = CARTESIAN_POINT ( 'NONE',  ( 44.33396118874097169, 42.90417887808977326, 91.23338722546000668 ) ) ;
#3644 = CARTESIAN_POINT ( 'NONE',  ( -32.51745404846148091, 49.35764159881981783, 58.95155364666123177 ) ) ;
#3645 = CARTESIAN_POINT ( 'NONE',  ( -18.25451040978617101, 71.52776686840793730, 82.48321900413819208 ) ) ;
#3646 = CARTESIAN_POINT ( 'NONE',  ( -48.46322171269214607, 24.25509195664481510, 91.08185828452909050 ) ) ;
#3647 = CARTESIAN_POINT ( 'NONE',  ( 42.67714376231266726, -40.33760965381006258, 201.7441738793122852 ) ) ;
#3648 = CARTESIAN_POINT ( 'NONE',  ( -28.40958715238466326, 78.14523073264457764, 120.0000000000000000 ) ) ;
#3649 = ORIENTED_EDGE ( 'NONE', *, *, #2804, .T. ) ;
#3650 = CARTESIAN_POINT ( 'NONE',  ( -18.92847502040860874, 60.99366231756066270, 65.68128578623510805 ) ) ;
#3651 = CARTESIAN_POINT ( 'NONE',  ( 26.83614589804371064, 71.88864727966841883, 108.8539965472815965 ) ) ;
#3652 = CARTESIAN_POINT ( 'NONE',  ( -22.71458608886402786, 61.54170514751776722, 70.90696631858942567 ) ) ;
#3653 = CARTESIAN_POINT ( 'NONE',  ( -52.21339501626390245, -22.36155449639255721, 82.47044241929755515 ) ) ;
#3654 = CARTESIAN_POINT ( 'NONE',  ( 22.60891924985031309, 59.71032824636433389, 356.6258084329347184 ) ) ;
#3655 = CARTESIAN_POINT ( 'NONE',  ( 44.82561757117645840, 59.89141621769459789, 119.9999999999999574 ) ) ;
#3656 = CARTESIAN_POINT ( 'NONE',  ( 53.54931451210967452, -6.606706142338157228, 82.46846619459346073 ) ) ;
#3657 = CARTESIAN_POINT ( 'NONE',  ( -0.4169500522475685922, -55.30562586863182162, 125.3284483089479551 ) ) ;
#3658 = CARTESIAN_POINT ( 'NONE',  ( -33.58558352646165446, 69.57686080482848467, 120.8783649153280209 ) ) ;
#3659 = CARTESIAN_POINT ( 'NONE',  ( -53.02920410160584908, 5.824756774615645227, 211.2173696707995987 ) ) ;
#3660 = CARTESIAN_POINT ( 'NONE',  ( 31.90881857865600324, 63.04972970512497454, 91.61051661482795794 ) ) ;
#3661 = CARTESIAN_POINT ( 'NONE',  ( 44.68407262965979498, 28.03550352858127681, 67.74633432255077992 ) ) ;
#3662 = CARTESIAN_POINT ( 'NONE',  ( -55.93928030950834795, -5.330569180139000274, 125.3254087003052035 ) ) ;
#3663 = CARTESIAN_POINT ( 'NONE',  ( 0.3501515911744078613, -47.77431481950398506, 267.3981681540126374 ) ) ;
#3665 = CARTESIAN_POINT ( 'NONE',  ( -4.999999999999995559, 49.88476476253047309, 409.0779284778313922 ) ) ;
#3664 = CARTESIAN_POINT ( 'NONE',  ( 40.06962449023554740, 4.318062204795655390, 309.1874304684075128 ) ) ;
#3666 = CARTESIAN_POINT ( 'NONE',  ( -42.44863838444727833, 40.65724185890024245, 75.40100108901965825 ) ) ;
#3667 = CARTESIAN_POINT ( 'NONE',  ( 10.23890644972376407, 78.51451209542918264, 403.4348092658253790 ) ) ;
#3668 = CARTESIAN_POINT ( 'NONE',  ( -37.54973413035649799, 63.49622089183050377, 114.5934048147741606 ) ) ;
#3669 = CARTESIAN_POINT ( 'NONE',  ( -6.935991689802571969, 46.78435925973961673, 404.5987470506366321 ) ) ;
#3670 = CARTESIAN_POINT ( 'NONE',  ( 4.789880424296416805, 59.69594724186622869, 52.54223714079380869 ) ) ;
#3671 = CARTESIAN_POINT ( 'NONE',  ( -17.05485596061238596, -36.44741500845820781, 336.3464810236683320 ) ) ;
#3672 = CARTESIAN_POINT ( 'NONE',  ( 12.97966572296515686, -45.17680288858266380, 283.4464583916976039 ) ) ;
#3674 = CARTESIAN_POINT ( 'NONE',  ( -32.65473808052074389, 68.62650641856744471, 95.91546818198671076 ) ) ;
#3673 = CARTESIAN_POINT ( 'NONE',  ( 46.60101987402995150, 31.64395257808095963, 266.3408455632581422 ) ) ;
#3675 = CARTESIAN_POINT ( 'NONE',  ( 34.20927768375965172, 52.86886095234378047, 70.71317121347608747 ) ) ;
#3676 = CARTESIAN_POINT ( 'NONE',  ( 18.57151974048692367, 104.3724981310350017, 335.3507582034912957 ) ) ;
#3677 = CARTESIAN_POINT ( 'NONE',  ( 0.000000000000000000, 59.69594724148635834, 52.54223714096647058 ) ) ;
#3678 = CARTESIAN_POINT ( 'NONE',  ( -45.19197682408699990, 27.28684750134489079, 69.73421416642628401 ) ) ;
#3679 = CARTESIAN_POINT ( 'NONE',  ( 42.59259554098552769, 34.34885155631279474, 65.50251983114318932 ) ) ;
#3680 = CARTESIAN_POINT ( 'NONE',  ( 18.74595051386660316, 59.46908643135586203, 63.87318011855519728 ) ) ;
#3681 = CARTESIAN_POINT ( 'NONE',  ( -20.98555666414223353, 93.33908440664571060, 174.9453528995571503 ) ) ;
#3682 = B_SPLINE_CURVE_WITH_KNOTS ( 'NONE', 3,
 ( #2108, #7275, #6138, #3887, #3206, #3166, #4456 ),
 .UNSPECIFIED., .F., .F.,
 ( 4, 3, 4 ),
 ( 0.000000000000000000, 0.0004007592770701657908, 0.0008015185399728220767 ),
 .UNSPECIFIED. ) ;
#3683 = CARTESIAN_POINT ( 'NONE',  ( -45.79351004778027345, 24.91983067548354569, 70.33290427112623888 ) ) ;
#3684 = CARTESIAN_POINT ( 'NONE',  ( 22.83288421869230334, -21.06669408704793156, 377.8639288569135601 ) ) ;
#3685 = CARTESIAN_POINT ( 'NONE',  ( -34.29908748513854277, 73.77215523561569910, 120.0000000000000142 ) ) ;
#3686 = EDGE_LOOP ( 'NONE', ( #736, #5865, #275, #1467 ) ) ;
#3687 = CARTESIAN_POINT ( 'NONE',  ( 1.547464172588223663, 110.3652471003203743, 283.8320178816200610 ) ) ;
#3688 = CARTESIAN_POINT ( 'NONE',  ( 25.75275354434875297, 67.43279681839246109, 91.73044647820263719 ) ) ;
#3689 = CARTESIAN_POINT ( 'NONE',  ( -10.35658877312106441, 67.00760268175312717, 75.91769683242436884 ) ) ;
#3690 = CARTESIAN_POINT ( 'NONE',  ( 47.55693021831975642, 59.81683989507677524, 149.0345229489985002 ) ) ;
#3691 = CARTESIAN_POINT ( 'NONE',  ( 6.342557882611425946, 57.79751453873538480, 53.28132919199693163 ) ) ;
#3692 = CARTESIAN_POINT ( 'NONE',  ( 9.544548255845839435, -6.743746045086243868, 409.0779284778315628 ) ) ;
#3693 = CARTESIAN_POINT ( 'NONE',  ( 0.000000000000000000, -54.83989014612802748, 106.4482073099506465 ) ) ;
#3694 = CARTESIAN_POINT ( 'NONE',  ( -31.29978348515260933, 61.72922308438973005, 86.25721525935550460 ) ) ;
#3695 = CARTESIAN_POINT ( 'NONE',  ( -26.90210648195402854, 3.226057227960813290, 359.6912556370865559 ) ) ;
#3696 = CARTESIAN_POINT ( 'NONE',  ( 29.63323022719483646, 57.31592210787735553, 70.81571267644898171 ) ) ;
#3697 = CARTESIAN_POINT ( 'NONE',  ( 19.39999999930045149, 60.24177816559739540, 64.32503516060869231 ) ) ;
#3698 = CARTESIAN_POINT ( 'NONE',  ( -51.22278939850089330, -5.922292296042086512, 61.09959576415398885 ) ) ;
#3699 = CARTESIAN_POINT ( 'NONE',  ( 2.277844224798792006, -44.39780077475531783, 297.8463929481632704 ) ) ;
#3700 = CARTESIAN_POINT ( 'NONE',  ( 9.213453171591778457, -3.815751280140364798, 405.9573466041103984 ) ) ;
#3701 = CARTESIAN_POINT ( 'NONE',  ( -16.17821145900701296, -54.30011201933653098, 125.3281443838336031 ) ) ;
#3702 = CARTESIAN_POINT ( 'NONE',  ( -42.46691507022384826, 45.57691786553481705, 85.92755503919867976 ) ) ;
#3703 = CARTESIAN_POINT ( 'NONE',  ( 22.74968607341473970, 90.34327227380748582, 335.9725697426424063 ) ) ;
#3704 = B_SPLINE_CURVE_WITH_KNOTS ( 'NONE', 3,
 ( #4407, #3231, #274, #7370, #5593, #1485, #995, #1557, #2017 ),
 .UNSPECIFIED., .F., .F.,
 ( 4, 1, 1, 1, 1, 1, 4 ),
 ( 0.2063415244665042225, 0.2500000000000000000, 0.3125000000000000000, 0.3392416259993764616, 0.3750000000000000000, 0.4062500000000000000, 0.4117420431065604847 ),
 .UNSPECIFIED. ) ;
#3705 = CARTESIAN_POINT ( 'NONE',  ( -34.09683130630303083, 53.00186776753957929, 70.71615811241260019 ) ) ;
#3706 = CARTESIAN_POINT ( 'NONE',  ( -37.12147561054237599, 46.70345403764706305, 309.2200303658550524 ) ) ;
#3707 = CARTESIAN_POINT ( 'NONE',  ( 11.17375468878480227, 61.27811762868171286, 63.42102610678303165 ) ) ;
#3708 = CARTESIAN_POINT ( 'NONE',  ( -25.52774391306293111, -43.66297452453279249, 266.9869874374039682 ) ) ;
#3709 = CARTESIAN_POINT ( 'NONE',  ( 17.14027050436316912, -46.27119879558598114, 267.1970333143100333 ) ) ;
#3711 = CARTESIAN_POINT ( 'NONE',  ( -39.28177702882064892, 80.54473882113477146, 192.3791025872763498 ) ) ;
#3710 = CARTESIAN_POINT ( 'NONE',  ( 36.03280546974131227, 7.104117442569688912, 10.00000000000000178 ) ) ;
#3712 = CARTESIAN_POINT ( 'NONE',  ( 33.38752240955140849, 51.67905186573140242, 65.78469074183939824 ) ) ;
#3713 = CARTESIAN_POINT ( 'NONE',  ( 22.97910080184422554, 95.12909338343447985, 192.3878539251080042 ) ) ;
#3714 = CARTESIAN_POINT ( 'NONE',  ( -42.28837228013819072, 37.13139274904705900, 58.45963550302403888 ) ) ;
#3715 = CARTESIAN_POINT ( 'NONE',  ( 41.93270744817944973, 29.54927834717299362, 56.24398821401263149 ) ) ;
#3716 = CARTESIAN_POINT ( 'NONE',  ( -41.97802173263998071, 34.22548254520827982, 62.73587823517973305 ) ) ;
#3717 = CARTESIAN_POINT ( 'NONE',  ( -20.06040618262090192, 103.1483155631122486, 320.9293604311895365 ) ) ;
#3718 = CARTESIAN_POINT ( 'NONE',  ( -9.883480437410639752, 63.19759231820717815, 55.49039085913675251 ) ) ;
#3719 = CARTESIAN_POINT ( 'NONE',  ( 44.25292717907949225, -41.40433089504063702, 174.9795035506496106 ) ) ;
#3720 = CARTESIAN_POINT ( 'NONE',  ( -38.78007181413723004, 69.07948136727117117, 120.0000000000000426 ) ) ;
#3721 = ORIENTED_EDGE ( 'NONE', *, *, #2120, .F. ) ;
#3722 = CARTESIAN_POINT ( 'NONE',  ( 0.000000000000000000, 114.6144342979059587, 371.1444589219916566 ) ) ;
#3723 = CARTESIAN_POINT ( 'NONE',  ( 28.54994803575403495, 63.85712289948421017, 86.31310232505202862 ) ) ;
#3724 = CARTESIAN_POINT ( 'NONE',  ( -15.41852973494158974, 69.60183974195240353, 86.45058320776719540 ) ) ;
#3725 = EDGE_CURVE ( 'NONE', #7345, #6885, #5525, .T. ) ;
#3726 = CARTESIAN_POINT ( 'NONE',  ( 49.19867497242078969, 56.65995086438273631, 174.9400116350131782 ) ) ;
#3727 = CARTESIAN_POINT ( 'NONE',  ( 3.182336208011105061, 57.98445078890776472, 53.23456412821243333 ) ) ;
#3728 = CARTESIAN_POINT ( 'NONE',  ( 54.60752785499584405, -6.602985082792540261, 95.91851009984731036 ) ) ;
#3729 = CARTESIAN_POINT ( 'NONE',  ( -0.3883685771087636573, -53.64666704428780974, 82.49046243477845053 ) ) ;
#3730 = VERTEX_POINT ( 'NONE', #2145 ) ;
#3731 = CARTESIAN_POINT ( 'NONE',  ( -27.57417367074308956, 52.66907135328186484, 56.60732587607262900 ) ) ;
#3732 = CARTESIAN_POINT ( 'NONE',  ( -32.76983522406306548, 5.670435660528351463, 338.8188088758602703 ) ) ;
#3733 = CARTESIAN_POINT ( 'NONE',  ( 33.58558352646148393, 69.57686080482849889, 120.8783649153272108 ) ) ;
#3734 = DIRECTION ( 'NONE',  ( -1.000000000000000000, 0.000000000000000000, 0.000000000000000000 ) ) ;
#3735 = CARTESIAN_POINT ( 'NONE',  ( -47.43963092232718992, -5.736623016275592235, 266.0948517749184816 ) ) ;
#3736 = CARTESIAN_POINT ( 'NONE',  ( 1.009519240138795571, -46.06074705912613609, 283.5891185915985488 ) ) ;
#3737 = CARTESIAN_POINT ( 'NONE',  ( 52.46023485645889650, 0.1087216946607219847, 221.5234830454974428 ) ) ;
#3738 =( BOUNDED_SURFACE ( )  B_SPLINE_SURFACE ( 3, 2, ( 
 ( #975, #5070, #7314 ),
 ( #6777, #6256, #1050 ),
 ( #5688, #2787, #4535 ),
 ( #5109, #7424, #2374 ) ),
 .UNSPECIFIED., .F., .F., .F. ) 
 B_SPLINE_SURFACE_WITH_KNOTS ( ( 4, 4 ),
 ( 3, 3 ),
 ( -6.938893903907228378E-17, 0.001314765667113198307 ),
 ( 0.000000000000000000, 1.000000000000000000 ),
 .UNSPECIFIED. ) 
 GEOMETRIC_REPRESENTATION_ITEM ( )  RATIONAL_B_SPLINE_SURFACE ( (
 ( 1.000000000000000000, 0.7342652437694775491, 1.000000000000000000),
 ( 1.000000000000000000, 0.7340240080003580525, 1.000000000000000000),
 ( 1.000000000000000000, 0.7337915134730984557, 1.000000000000000000),
 ( 1.000000000000000000, 0.7335664642597696794, 1.000000000000000000) ) ) 
 REPRESENTATION_ITEM ( '' )  SURFACE ( )  );
#3739 = CARTESIAN_POINT ( 'NONE',  ( -11.30898707701247474, -51.34916892683364154, 61.09587590204711915 ) ) ;
#3740 = CARTESIAN_POINT ( 'NONE',  ( -43.89707025452548095, 51.83633819511221219, 114.4173572331307298 ) ) ;
#3741 = CARTESIAN_POINT ( 'NONE',  ( 33.81653421781999214, 67.66300580328906733, 95.91553206792576702 ) ) ;
#3742 = ADVANCED_FACE ( 'NONE', ( #2751 ), #3738, .T. ) ;
#3743 = CARTESIAN_POINT ( 'NONE',  ( -33.75853959953415995, 55.51939378721774432, 75.67557697684360107 ) ) ;
#3744 = CARTESIAN_POINT ( 'NONE',  ( -53.19221855796364906, 33.33229518221101983, 174.9372533031896069 ) ) ;
#3745 = FACE_OUTER_BOUND ( 'NONE', #3572, .T. ) ;
#3746 = CARTESIAN_POINT ( 'NONE',  ( -11.65817291200361261, -26.58944595774277531, 392.9633845999943560 ) ) ;
#3747 = CARTESIAN_POINT ( 'NONE',  ( 11.33694322187388615, -31.29984670399591806, 374.1151337337796576 ) ) ;
#3749 = CARTESIAN_POINT ( 'NONE',  ( -37.36973114875343072, 87.02658382052146635, 236.3838163358866780 ) ) ;
#3748 = CARTESIAN_POINT ( 'NONE',  ( 52.39511392246443222, 23.18441664239677635, 211.2176584314739216 ) ) ;
#3750 = CARTESIAN_POINT ( 'NONE',  ( 36.20911716919495404, 58.51677058363133455, 91.49811265443604213 ) ) ;
#3751 = CARTESIAN_POINT ( 'NONE',  ( 17.32179091454261766, 105.6369705196713369, 353.4132490572954453 ) ) ;
#3752 = CARTESIAN_POINT ( 'NONE',  ( -39.28770520823304935, 40.75589739673827694, 57.27885774361117655 ) ) ;
#3753 = CARTESIAN_POINT ( 'NONE',  ( 43.69012270579671053, 33.89240527631314137, 70.40891857339718740 ) ) ;
#3754 = CARTESIAN_POINT ( 'NONE',  ( -19.40000000029202809, 57.19302574388904503, 56.99204233200872949 ) ) ;
#3755 = CARTESIAN_POINT ( 'NONE',  ( -26.94206524966221750, 97.79212057632568644, 236.4599258179368917 ) ) ;
#3756 = CARTESIAN_POINT ( 'NONE',  ( -24.13381774823668025, 59.19817016272151733, 56.49058597665090531 ) ) ;
#3757 = CARTESIAN_POINT ( 'NONE',  ( 36.85384720744252718, -36.83557582513209638, 34.36713745061690872 ) ) ;
#3758 = CARTESIAN_POINT ( 'NONE',  ( 0.000000000000000000, 60.79295007846437215, 52.54223714097110332 ) ) ;
#3759 = ORIENTED_EDGE ( 'NONE', *, *, #1600, .T. ) ;
#3760 = FACE_OUTER_BOUND ( 'NONE', #1228, .T. ) ;
#3761 = CARTESIAN_POINT ( 'NONE',  ( 9.752388496888586999, 61.48012008384763760, 61.22773829631875486 ) ) ;
#3762 = CARTESIAN_POINT ( 'NONE',  ( -14.95465231639277981, 78.30718573949731365, 114.9588587268573008 ) ) ;
#3763 = CARTESIAN_POINT ( 'NONE',  ( 46.60057834953546774, 65.70037083974305858, 201.7361916587062467 ) ) ;
#3764 = CARTESIAN_POINT ( 'NONE',  ( 34.23491259592739056, 73.78778737207744598, 120.0000000000000000 ) ) ;
#3765 = CARTESIAN_POINT ( 'NONE',  ( 52.25396733722869413, -6.612042309701993581, 221.5227867090615348 ) ) ;
#3766 = CARTESIAN_POINT ( 'NONE',  ( -18.77778003795863881, 60.69682272030004100, 65.48139430982459430 ) ) ;
#3767 = CARTESIAN_POINT ( 'NONE',  ( 9.879933777251743265, 63.19738687081240158, 55.49044223842936674 ) ) ;
#3768 = ORIENTED_EDGE ( 'NONE', *, *, #3961, .T. ) ;
#3769 = CARTESIAN_POINT ( 'NONE',  ( -28.30528367527435663, 58.32053231045633623, 70.83849872850376528 ) ) ;
#3770 = CARTESIAN_POINT ( 'NONE',  ( -55.56021605709055677, 5.044286692470330458, 149.0508717303244453 ) ) ;
#3771 = CARTESIAN_POINT ( 'NONE',  ( 33.43976393933807856, 69.72326992632599740, 120.8821063226757531 ) ) ;
#3772 = CARTESIAN_POINT ( 'NONE',  ( -12.80564689058816796, 59.80804046251887485, 53.12828488421509832 ) ) ;
#3773 = CARTESIAN_POINT ( 'NONE',  ( -56.13732717205787992, -6.599514110593073468, 149.0516136338366948 ) ) ;
#3774 = CARTESIAN_POINT ( 'NONE',  ( 0.8326586840841655457, -33.81514786224870051, 373.0277760323177176 ) ) ;
#3775 = CARTESIAN_POINT ( 'NONE',  ( 52.43401693233246164, -2.266217458933043272, 221.5230710872884856 ) ) ;
#3776 = CARTESIAN_POINT ( 'NONE',  ( -12.12332452584074538, -51.88172862166235433, 211.1935725270082855 ) ) ;
#3777 = CARTESIAN_POINT ( 'NONE',  ( -45.30339359224594631, 49.47722665235497175, 120.5668925935576397 ) ) ;
#3778 = CARTESIAN_POINT ( 'NONE',  ( 21.74458720147291757, 32.56953410796824500, 9.999999999999989342 ) ) ;
#3779 = EDGE_LOOP ( 'NONE', ( #2332, #6287, #903, #2671 ) ) ;
#3780 = CARTESIAN_POINT ( 'NONE',  ( -33.78192246138132759, 59.39576354228457689, 86.19745680418373013 ) ) ;
#3781 = CARTESIAN_POINT ( 'NONE',  ( -42.80426965877578027, 47.31331191360531818, 282.6386352690501553 ) ) ;
#3782 = CARTESIAN_POINT ( 'NONE',  ( 19.39999999929969832, 56.09921837657700650, 53.26920436458117791 ) ) ;
#3783 =( BOUNDED_SURFACE ( )  B_SPLINE_SURFACE ( 3, 2, ( 
 ( #4808, #6027, #5345 ),
 ( #1388, #1314, #5306 ),
 ( #3697, #7126, #7052 ),
 ( #2454, #6484, #3624 ),
 ( #4770, #5456, #2527 ),
 ( #4196, #5878, #7200 ) ),
 .UNSPECIFIED., .F., .F., .F. ) 
 B_SPLINE_SURFACE_WITH_KNOTS ( ( 4, 2, 4 ),
 ( 3, 3 ),
 ( 0.000000000000000000, 0.001076775661507893469, 0.002153551323015786938 ),
 ( 0.000000000000000000, 1.000000000000000000 ),
 .UNSPECIFIED. ) 
 GEOMETRIC_REPRESENTATION_ITEM ( )  RATIONAL_B_SPLINE_SURFACE ( (
 ( 1.000000000000000000, 0.5881755814092874957, 1.000000000000000000),
 ( 1.000000000000000000, 0.5903919762672088511, 1.000000000000000000),
 ( 1.000000000000000000, 0.5947343850164062973, 1.000000000000000000),
 ( 1.000000000000000000, 0.6071651873325244475, 1.000000000000000000),
 ( 1.000000000000000000, 0.6150522093043945260, 1.000000000000000000),
 ( 1.000000000000000000, 0.6239805275460704737, 1.000000000000000000) ) ) 
 REPRESENTATION_ITEM ( '' )  SURFACE ( )  );
#3784 = CARTESIAN_POINT ( 'NONE',  ( -25.04499221433097844, -44.13947109209942710, 34.34409454713278365 ) ) ;
#3785 = CARTESIAN_POINT ( 'NONE',  ( 16.44050713349748705, -46.52175804658430991, 34.33075391879994953 ) ) ;
#3787 = CARTESIAN_POINT ( 'NONE',  ( -19.37506647294833684, 82.78595863828012114, 354.9775582430780787 ) ) ;
#3786 = CARTESIAN_POINT ( 'NONE',  ( 39.07135763585191057, 18.21393817808034754, 309.1944200641572706 ) ) ;
#3788 = CARTESIAN_POINT ( 'NONE',  ( 32.84768708844570284, 50.04517982143269705, 61.05239835113059854 ) ) ;
#3789 = CARTESIAN_POINT ( 'NONE',  ( 23.41826700613355783, 101.9100176553720019, 283.5985613071160287 ) ) ;
#3790 = CARTESIAN_POINT ( 'NONE',  ( -41.40771004496905050, 58.81530184986694110, 120.6773706578717338 ) ) ;
#3791 = CARTESIAN_POINT ( 'NONE',  ( -14.44928574916830932, -15.03174315337590805, 405.3721513431274275 ) ) ;
#3792 = CARTESIAN_POINT ( 'NONE',  ( 47.62533424758225209, 40.97283185708933928, 120.5018170402369151 ) ) ;
#3793 = DIRECTION ( 'NONE',  ( 0.000000000000000000, 1.000000000000000000, 2.040851148208008491E-16 ) ) ;
#3794 = CARTESIAN_POINT ( 'NONE',  ( -24.60091180449933290, 101.0081931228562837, 267.4232570747146269 ) ) ;
#3795 = CARTESIAN_POINT ( 'NONE',  ( -44.46165180619568957, 30.93907486205317525, 70.38092601490890843 ) ) ;
#3796 = CARTESIAN_POINT ( 'NONE',  ( 31.95118424098948040, -32.08710275713241344, 309.2349712927384076 ) ) ;
#3797 = CARTESIAN_POINT ( 'NONE',  ( 9.917591784278641853, 66.39052310068009888, 67.12392070937463018 ) ) ;
#3798 = CARTESIAN_POINT ( 'NONE',  ( 1.803464641817566383, 103.9406128168738519, 221.6256922400351073 ) ) ;
#3799 = CARTESIAN_POINT ( 'NONE',  ( 3.747752408672776259, 67.68950268520860902, 75.92128033638275042 ) ) ;
#3800 = CARTESIAN_POINT ( 'NONE',  ( -11.60697620985480683, 80.53910065471673363, 121.1549919184293600 ) ) ;
#3801 = CARTESIAN_POINT ( 'NONE',  ( 39.03546664207393491, 72.57611113819305615, 283.0454161068720396 ) ) ;
#3802 = PLANE ( 'NONE',  #675 ) ;
#3803 = CARTESIAN_POINT ( 'NONE',  ( 40.58286102974820864, -6.651496917966440492, 309.1853475621281291 ) ) ;
#3804 = DIRECTION ( 'NONE',  ( 0.0008678560394302679360, 0.9999331576052196136, -0.01152940360773233378 ) ) ;
#3805 = CARTESIAN_POINT ( 'NONE',  ( 0.000000000000000000, -30.63364143246819182, 391.5638077824757488 ) ) ;
#3806 = ORIENTED_EDGE ( 'NONE', *, *, #6200, .T. ) ;
#3807 = CARTESIAN_POINT ( 'NONE',  ( -32.74408285523431772, 68.91937485621807014, 114.7135823750565322 ) ) ;
#3808 = CARTESIAN_POINT ( 'NONE',  ( -54.84875265079958240, 5.345334317541089675, 174.9351553658538023 ) ) ;
#3809 = CARTESIAN_POINT ( 'NONE',  ( 29.08220687451140662, 55.74694240312753379, 65.87427819931315298 ) ) ;
#3810 = CARTESIAN_POINT ( 'NONE',  ( -1.597084425836298838, 60.45963184214573261, 52.54223714086565877 ) ) ;
#3811 = CARTESIAN_POINT ( 'NONE',  ( -51.21335624741463022, -6.615519407355551884, 61.09962439963114633 ) ) ;
#3812 = CARTESIAN_POINT ( 'NONE',  ( 0.000000000000000000, -53.64666704428778843, 82.49046243477845053 ) ) ;
#3813 = CARTESIAN_POINT ( 'NONE',  ( 21.57454147650843979, -3.231631090555954877, 380.0691435206085202 ) ) ;
#3814 = PRODUCT ( 'HATCH FRONT 1', 'HATCH FRONT 1', '', ( #3450 ) ) ;
#3815 = CARTESIAN_POINT ( 'NONE',  ( -12.84977190268531899, -54.61974385972305868, 149.1121289288379046 ) ) ;
#3816 = CARTESIAN_POINT ( 'NONE',  ( -42.20883240522881863, 50.51001130787037852, 96.89817755457012538 ) ) ;
#3817 = ORIENTED_EDGE ( 'NONE', *, *, #5659, .T. ) ;
#3818 = CARTESIAN_POINT ( 'NONE',  ( -32.81863360762712034, 52.31245496149196583, 65.79878846632573186 ) ) ;
#3819 = CARTESIAN_POINT ( 'NONE',  ( -18.05247284758878834, 32.23545385032973343, 378.2110838321493134 ) ) ;
#3820 = CARTESIAN_POINT ( 'NONE',  ( -42.73165882628882883, 32.31883658874367882, 63.42389377347343071 ) ) ;
#3821 = CARTESIAN_POINT ( 'NONE',  ( -18.74853551930161544, 59.63096516179719941, 64.25547656601973756 ) ) ;
#3822 = CARTESIAN_POINT ( 'NONE',  ( -20.41455587234864311, -52.68106329960684064, 175.0277539684644523 ) ) ;
#3823 = CARTESIAN_POINT ( 'NONE',  ( 11.65817291200361261, -26.58944595774277531, 392.9633845999943560 ) ) ;
#3825 = CARTESIAN_POINT ( 'NONE',  ( -26.21969259907196204, 89.75325906465495507, 321.1772349704451699 ) ) ;
#3824 = CARTESIAN_POINT ( 'NONE',  ( 49.24520057352417268, 18.18834733288076322, 250.9189297485089867 ) ) ;
#3826 = CARTESIAN_POINT ( 'NONE',  ( 33.17537996195141403, 49.66779898542854710, 61.04432389860912167 ) ) ;
#3827 = CARTESIAN_POINT ( 'NONE',  ( 27.82772401750143132, 74.92724985404815641, 106.4371432618511051 ) ) ;
#3828 = PRODUCT_DEFINITION ( 'UNKNOWN', '', #5961, #2186 ) ;
#3829 = CARTESIAN_POINT ( 'NONE',  ( -35.21502234473348381, 49.41423304555821261, 65.73793388382522096 ) ) ;
#3830 = CARTESIAN_POINT ( 'NONE',  ( -51.41146413729850906, -21.93314472317522146, 211.2150172393875778 ) ) ;
#3831 = CARTESIAN_POINT ( 'NONE',  ( 44.09354576390269642, 32.42537505777427498, 70.39425169632008306 ) ) ;
#3832 = CARTESIAN_POINT ( 'NONE',  ( 0.000000000000000000, 44.21636641687423008, 17.16247404122409037 ) ) ;
#3833 = CARTESIAN_POINT ( 'NONE',  ( -27.10007804365329420, 72.25123874553018766, 95.91520400758626863 ) ) ;
#3834 = CARTESIAN_POINT ( 'NONE',  ( -48.34023228261090566, 37.44073840613994975, 120.4821323788153080 ) ) ;
#3835 = CARTESIAN_POINT ( 'NONE',  ( 36.03044067800464489, -41.69021531762807342, 236.1799888489021271 ) ) ;
#3836 = CARTESIAN_POINT ( 'NONE',  ( 17.17740905685780817, 64.81250768611302249, 67.51855854747334718 ) ) ;
#3837 = CARTESIAN_POINT ( 'NONE',  ( 8.132384995964381247, 113.4590439221666571, 389.9938575753274677 ) ) ;
#3838 = CARTESIAN_POINT ( 'NONE',  ( 3.617661664303568614, 63.99770588261731774, 65.98791157441571897 ) ) ;
#3839 = EDGE_CURVE ( 'NONE', #6966, #2444, #3054, .T. ) ;
#3840 = CARTESIAN_POINT ( 'NONE',  ( -11.91862346079062007, 66.76580141071835328, 75.91596083864327227 ) ) ;
#3841 = CARTESIAN_POINT ( 'NONE',  ( 49.98526609374781771, 49.67984677571020313, 211.2183938314661020 ) ) ;
#3842 = CARTESIAN_POINT ( 'NONE',  ( -33.78293861355779626, 50.87319123145640276, 67.31687160789212498 ) ) ;
#3843 = CARTESIAN_POINT ( 'NONE',  ( 34.88737886981567726, -13.49183996841204802, 338.7761436975787319 ) ) ;
#3844 = CIRCLE ( 'NONE', #1913, 0.4999999999999990563 ) ;
#3845 = CARTESIAN_POINT ( 'NONE',  ( 3.461005296104225248, 81.13940464604831959, 120.0000000000000568 ) ) ;
#3846 = CARTESIAN_POINT ( 'NONE',  ( 32.52681860301469641, 54.14080974831573911, 57.75535548518105600 ) ) ;
#3847 = CARTESIAN_POINT ( 'NONE',  ( 0.000000000000000000, 57.69594724149796861, 52.54223714099317277 ) ) ;
#3848 = CARTESIAN_POINT ( 'NONE',  ( -31.15680295863189286, 63.69457653454800550, 91.62751533270090931 ) ) ;
#3849 = CARTESIAN_POINT ( 'NONE',  ( -20.20272811593097018, 1.052667502715401326, 379.9833973735448467 ) ) ;
#3850 = CARTESIAN_POINT ( 'NONE',  ( 32.16969103868963487, 60.96191833878499011, 86.23753688189570710 ) ) ;
#3851 = CARTESIAN_POINT ( 'NONE',  ( -19.59599488398033884, 64.13322266012002615, 67.68843747996125160 ) ) ;
#3852 = CARTESIAN_POINT ( 'NONE',  ( -50.89727975755803868, -6.257858417485031133, 235.9981632639484701 ) ) ;
#3853 = CARTESIAN_POINT ( 'NONE',  ( 0.000000000000000000, -46.06296908967431136, 283.5898144950127744 ) ) ;
#3854 = CARTESIAN_POINT ( 'NONE',  ( 55.16715119996527505, -2.509351106467649473, 174.9349296488375387 ) ) ;
#3855 = CARTESIAN_POINT ( 'NONE',  ( -15.22188014730071259, -52.72311171003833152, 82.48824992233798525 ) ) ;
#3856 = CARTESIAN_POINT ( 'NONE',  ( -41.09048541157841328, 50.84674651168685955, 91.34736688781272562 ) ) ;
#3857 = CARTESIAN_POINT ( 'NONE',  ( -36.43338283525336863, 66.38886638108934335, 120.8069574370893520 ) ) ;
#3858 = CARTESIAN_POINT ( 'NONE',  ( -11.44951166116591779, 29.98920633154339654, 396.0021658397528768 ) ) ;
#3859 = CARTESIAN_POINT ( 'NONE',  ( 46.74884426911552282, 27.10604614702795345, 79.85540928758192081 ) ) ;
#3860 = CARTESIAN_POINT ( 'NONE',  ( 4.916895178511564879, -26.32632099639734236, 409.0779284778314491 ) ) ;
#3862 = CARTESIAN_POINT ( 'NONE',  ( -34.74398796772088360, 90.97589098158741194, 251.6080655741938585 ) ) ;
#3861 = CARTESIAN_POINT ( 'NONE',  ( 52.18923153971430651, 17.21879031458709264, 82.47026249114881580 ) ) ;
#3863 = CARTESIAN_POINT ( 'NONE',  ( 35.58110342474262211, 55.42753049755344819, 80.78069294481471729 ) ) ;
#3864 = CARTESIAN_POINT ( 'NONE',  ( 19.37803388232741142, 89.40657730727727426, 409.0779284778312785 ) ) ;
#3865 = CARTESIAN_POINT ( 'NONE',  ( -39.19273924370781259, 59.56326611626370493, 108.5650807653438221 ) ) ;
#3866 = CARTESIAN_POINT ( 'NONE',  ( -46.66482396516895648, -31.42332096708420153, 61.09870048795522024 ) ) ;
#3867 = CARTESIAN_POINT ( 'NONE',  ( 47.99531759647855722, 27.62432139786228191, 91.09908774816688037 ) ) ;
#3868 = CARTESIAN_POINT ( 'NONE',  ( -1.229204914464844922, 114.9777999077196142, 409.0779284778315628 ) ) ;
#3869 = CARTESIAN_POINT ( 'NONE',  ( -23.86552304318952622, 100.8123753572583468, 251.7503358475797199 ) ) ;
#3870 = CARTESIAN_POINT ( 'NONE',  ( -47.85205742809919371, 31.60570288997297084, 96.70862472070176352 ) ) ;
#3871 = CARTESIAN_POINT ( 'NONE',  ( 36.33666661793711228, 53.97655881439141012, 70.22846581251884857 ) ) ;
#3872 = CARTESIAN_POINT ( 'NONE',  ( 40.36593812514727375, 52.18618474370862259, 91.37133989364660636 ) ) ;
#3873 = CARTESIAN_POINT ( 'NONE',  ( 9.098780272597599250, 65.78648279363322615, 60.91907727440314346 ) ) ;
#3874 = CARTESIAN_POINT ( 'NONE',  ( 3.548447889681644263, 62.11536222568932430, 61.22654373361236679 ) ) ;
#3875 = AXIS2_PLACEMENT_3D ( 'NONE', #6410, #6859, #3585 ) ;
#3876 = CARTESIAN_POINT ( 'NONE',  ( -3.747752408673510338, 67.68950268523178693, 75.92128033644793561 ) ) ;
#3877 = CARTESIAN_POINT ( 'NONE',  ( 47.27436567390391531, 47.53978440919127024, 95.91675385857286074 ) ) ;
#3878 = DIRECTION ( 'NONE',  ( 0.000000000000000000, 0.3917778522814372999, 0.9200598428698779641 ) ) ;
#3879 = CARTESIAN_POINT ( 'NONE',  ( 53.04656459391740952, -17.14895278318245175, 82.46934690342911267 ) ) ;
#3880 = CARTESIAN_POINT ( 'NONE',  ( 18.89999999930045149, 57.78272231622351285, 53.71169823291366896 ) ) ;
#3881 = CARTESIAN_POINT ( 'NONE',  ( 18.89999999930045149, 57.78272231621672717, 53.71169823289771728 ) ) ;
#3882 = ORIENTED_EDGE ( 'NONE', *, *, #7019, .T. ) ;
#3883 = CARTESIAN_POINT ( 'NONE',  ( -26.86939856793542702, 53.18028347005166978, 56.61648387297599783 ) ) ;
#3884 = CARTESIAN_POINT ( 'NONE',  ( -49.76483704125869423, 2.755868857559590435, 250.8549693821909727 ) ) ;
#3885 = CARTESIAN_POINT ( 'NONE',  ( 30.35451963717007473, 56.72662823176271729, 70.80270251090487932 ) ) ;
#3886 = B_SPLINE_CURVE_WITH_KNOTS ( 'NONE', 3,
 ( #39, #1706, #2274, #6866, #5278, #4703, #7517 ),
 .UNSPECIFIED., .F., .F.,
 ( 4, 3, 4 ),
 ( 1.105444419470541395E-14, 0.0004007592772086336955, 0.0008015185401028458896 ),
 .UNSPECIFIED. ) ;
#3887 = CARTESIAN_POINT ( 'NONE',  ( 19.39999999930045149, 57.38199042405800299, 53.71638197749911114 ) ) ;
#3888 = CARTESIAN_POINT ( 'NONE',  ( -53.03790405546583031, -8.475813905242965518, 211.2172967466541991 ) ) ;
#3889 = CARTESIAN_POINT ( 'NONE',  ( 19.39999999930041952, 57.19302574422281538, 56.99204233192523361 ) ) ;
#3890 = CARTESIAN_POINT ( 'NONE',  ( 55.20740612548598847, -5.071827626257414678, 106.4752675288961967 ) ) ;
#3891 = CARTESIAN_POINT ( 'NONE',  ( -6.647144500404195355, -49.13431898220037652, 251.6331223063532718 ) ) ;
#3892 = CARTESIAN_POINT ( 'NONE',  ( -32.26476501240659900, 57.04971329224692767, 75.71292186490815368 ) ) ;
#3893 = CARTESIAN_POINT ( 'NONE',  ( -48.98507188219060282, 24.69120148064141773, 250.9595270541216223 ) ) ;
#3894 = CARTESIAN_POINT ( 'NONE',  ( -48.16609915999505631, 28.49525927504691580, 66.82701943419580459 ) ) ;
#3895 = CARTESIAN_POINT ( 'NONE',  ( -18.74595051484778097, 59.46908643104373482, 63.87318011863327172 ) ) ;
#3896 = CARTESIAN_POINT ( 'NONE',  ( 5.842918442561731318, -25.88345271190880581, 409.0779284778313354 ) ) ;
#3898 = CARTESIAN_POINT ( 'NONE',  ( -41.17013477344281824, 67.42913206751239841, 125.2922097253829605 ) ) ;
#3897 = CARTESIAN_POINT ( 'NONE',  ( 26.52010035887316874, 7.041817363494678794, 359.5998399392112788 ) ) ;
#3899 = CARTESIAN_POINT ( 'NONE',  ( 32.58057822647176494, 48.00276117492118999, 56.51532357281404728 ) ) ;
#3900 = CARTESIAN_POINT ( 'NONE',  ( 20.95019311143514074, 103.5313928061685829, 297.8465432146550711 ) ) ;
#3901 = CARTESIAN_POINT ( 'NONE',  ( -37.42009430349930454, 48.50430654688042154, 70.62357168891838910 ) ) ;
#3902 = CARTESIAN_POINT ( 'NONE',  ( -55.23218365057083190, -4.025117287507732122, 174.9349119729997142 ) ) ;
#3903 = CARTESIAN_POINT ( 'NONE',  ( -22.83288421869230334, -21.06669408704793156, 377.8639288569135601 ) ) ;
#3904 = CARTESIAN_POINT ( 'NONE',  ( 49.09849383003761147, 29.30341353015501227, 108.2742537009348354 ) ) ;
#3905 = CARTESIAN_POINT ( 'NONE',  ( -1.336608252918339845, 114.1269897751958524, 352.8396104960729076 ) ) ;
#3906 = CARTESIAN_POINT ( 'NONE',  ( -18.43617632886868662, 89.91191004688755584, 372.7978803979723352 ) ) ;
#3907 = CARTESIAN_POINT ( 'NONE',  ( -47.14119124040777820, 34.92078619362629865, 96.73278013333516867 ) ) ;
#3908 = CARTESIAN_POINT ( 'NONE',  ( 29.36873948450120508, 53.21990527432188145, 54.43614134596737131 ) ) ;
#3909 = CARTESIAN_POINT ( 'NONE',  ( 37.42009430349028776, 48.50430654686134346, 70.62357168884787484 ) ) ;
#3910 = CARTESIAN_POINT ( 'NONE',  ( 3.409132713362472700, 38.92228236740488256, 9.999999999999991118 ) ) ;
#3911 = CARTESIAN_POINT ( 'NONE',  ( 10.15863163004746994, 65.17743052695668382, 70.95262263386138102 ) ) ;
#3912 = CARTESIAN_POINT ( 'NONE',  ( -5.361709846872519059, 65.71901813536463521, 70.95441197652817777 ) ) ;
#3913 = CARTESIAN_POINT ( 'NONE',  ( 42.98653152526424037, 46.62286628451450810, 91.28161578252620245 ) ) ;
#3914 = CARTESIAN_POINT ( 'NONE',  ( 50.51065888049588892, 40.60625388687078896, 106.4599890823276809 ) ) ;
#3915 = CARTESIAN_POINT ( 'NONE',  ( -4.788302756232219792, 62.62777405877262282, 64.37722785537960135 ) ) ;
#3916 = CARTESIAN_POINT ( 'NONE',  ( 12.01969762520701757, -11.25862305181183132, 409.0779284778317333 ) ) ;
#3917 = CARTESIAN_POINT ( 'NONE',  ( 0.000000000000000000, 59.69594724148635834, 52.54223714096647058 ) ) ;
#3918 = CARTESIAN_POINT ( 'NONE',  ( 39.87349834343145005, 46.07626176351793390, 59.77217721736296596 ) ) ;
#3919 = CARTESIAN_POINT ( 'NONE',  ( 19.37506647294833684, 82.78595863828012114, 354.9775582430780787 ) ) ;
#3920 = CARTESIAN_POINT ( 'NONE',  ( 2.097723891814495367, 78.20823782530860058, 108.9923829245087035 ) ) ;
#3921 = CARTESIAN_POINT ( 'NONE',  ( -26.83614589804535910, 71.88864727967279578, 108.8539965473008948 ) ) ;
#3922 = CARTESIAN_POINT ( 'NONE',  ( -5.666352794274829741, -2.011948373036816395, 409.0779284778328133 ) ) ;
#3923 = CARTESIAN_POINT ( 'NONE',  ( 28.81415498838300948, 51.69905304336007390, 56.59009228919643419 ) ) ;
#3924 = CARTESIAN_POINT ( 'NONE',  ( 15.70355201927847411, 60.35510239847297953, 63.65162663708930069 ) ) ;
#3925 = CARTESIAN_POINT ( 'NONE',  ( -44.97275370922638160, -8.243004825630007915, 282.1646043028291047 ) ) ;
#3926 = CARTESIAN_POINT ( 'NONE',  ( 0.4169500522475685922, -55.30562586863182162, 125.3284483089479551 ) ) ;
#3927 = CARTESIAN_POINT ( 'NONE',  ( 15.85629843593228472, -5.699012627778171414, 397.6336909657812839 ) ) ;
#3928 = CARTESIAN_POINT ( 'NONE',  ( -3.796422134339112908, -42.92832897857011432, 309.3062308506089835 ) ) ;
#3929 = CARTESIAN_POINT ( 'NONE',  ( -32.91039187578903125, 62.12896946427930089, 91.58637692695414501 ) ) ;
#3930 = CARTESIAN_POINT ( 'NONE',  ( -19.03795554514134025, 14.82636737648967262, 379.4283400332574274 ) ) ;
#3931 = FACE_OUTER_BOUND ( 'NONE', #5250, .T. ) ;
#3932 = CARTESIAN_POINT ( 'NONE',  ( -19.40000000029201388, 60.72296505727078397, 64.87071247946120423 ) ) ;
#3933 = B_SPLINE_CURVE_WITH_KNOTS ( 'NONE', 3,
 ( #1531, #6172, #6210, #2706, #4525, #471, #3351 ),
 .UNSPECIFIED., .F., .F.,
 ( 4, 3, 4 ),
 ( 0.000000000000000000, 0.0004008533439404802145, 0.0008017067023736851577 ),
 .UNSPECIFIED. ) ;
#3934 = CARTESIAN_POINT ( 'NONE',  ( 12.12332452584074538, -51.88172862166235433, 211.1935725270082855 ) ) ;
#3936 = CARTESIAN_POINT ( 'NONE',  ( -41.70226867826577433, 74.72893549098699850, 174.9424679987538696 ) ) ;
#3935 = CARTESIAN_POINT ( 'NONE',  ( 55.30945093782668209, 10.60771251725238074, 149.0500747609518726 ) ) ;
#3937 = CARTESIAN_POINT ( 'NONE',  ( 28.55940038131904402, 94.15217527198373659, 211.2200316147843466 ) ) ;
#3938 = CIRCLE ( 'NONE', #3215, 0.4999999999999997224 ) ;
#3939 = CARTESIAN_POINT ( 'NONE',  ( -36.79728409034707681, 44.64714751505604795, 60.94960645899062968 ) ) ;
#3940 = CARTESIAN_POINT ( 'NONE',  ( -55.89191142596130391, -4.143773072572185079, 125.3253686025048381 ) ) ;
#3941 = CARTESIAN_POINT ( 'NONE',  ( -41.95716967376208117, -39.89380212489567867, 211.2069894094506708 ) ) ;
#3942 = CARTESIAN_POINT ( 'NONE',  ( 48.55064067852467247, 32.81221215145934877, 108.2900040902947580 ) ) ;
#3943 = CARTESIAN_POINT ( 'NONE',  ( -4.955358133536659437, 107.3111613649983411, 251.8703215827410418 ) ) ;
#3944 = CARTESIAN_POINT ( 'NONE',  ( -15.42253993354557728, 82.04858018933752817, 409.0779284778321880 ) ) ;
#3945 = CARTESIAN_POINT ( 'NONE',  ( -42.59259554099659084, 34.34885155632883880, 65.50251983121937371 ) ) ;
#3946 = CARTESIAN_POINT ( 'NONE',  ( -19.05275439554277739, 58.39475070914164689, 53.93392479338607615 ) ) ;
#3947 = CARTESIAN_POINT ( 'NONE',  ( 41.88978327114671885, 56.36898805902976051, 114.4753345327750793 ) ) ;
#3948 = CARTESIAN_POINT ( 'NONE',  ( 11.96938820457813968, 111.2393963890179975, 402.7407002363203787 ) ) ;
#3949 = CARTESIAN_POINT ( 'NONE',  ( 21.34852244938963750, 76.25044530474617943, 114.9143587593293176 ) ) ;
#3950 = CARTESIAN_POINT ( 'NONE',  ( -2.097723891814598396, 78.20823782531390123, 108.9923829245282576 ) ) ;
#3951 = CARTESIAN_POINT ( 'NONE',  ( 37.38119741004236118, 40.98725412249677191, 56.38975405509943073 ) ) ;
#3952 = CARTESIAN_POINT ( 'NONE',  ( 17.66276167086731519, 40.03734164848755483, 377.5496350749327803 ) ) ;
#3953 = CARTESIAN_POINT ( 'NONE',  ( -19.40000000029201033, 55.66659322451641856, 53.73731346014906762 ) ) ;
#3954 = CARTESIAN_POINT ( 'NONE',  ( 39.31215376114300142, -18.44048239436708769, 309.1963220410127064 ) ) ;
#3955 = CARTESIAN_POINT ( 'NONE',  ( 48.55247436305694464, 27.81733390542898121, 68.22982164691354967 ) ) ;
#3956 = CARTESIAN_POINT ( 'NONE',  ( 19.39999999930045149, 55.93838749411104772, 54.37456015385399155 ) ) ;
#3957 = CARTESIAN_POINT ( 'NONE',  ( 14.67942190797045932, 79.27549649708511481, 373.8893052669305916 ) ) ;
#3958 = ORIENTED_EDGE ( 'NONE', *, *, #4287, .T. ) ;
#3959 = CARTESIAN_POINT ( 'NONE',  ( 2.128229945964382530, 81.44057322201147997, 121.1659485889593810 ) ) ;
#3960 = CARTESIAN_POINT ( 'NONE',  ( -25.75275354435104802, 67.43279681840520823, 91.73044647824714559 ) ) ;
#3961 = EDGE_CURVE ( 'NONE', #4991, #7151, #6497, .T. ) ;
#3962 = CARTESIAN_POINT ( 'NONE',  ( -33.48353253372156502, -0.2148876748458541375, 338.8827371371758659 ) ) ;
#3963 = CARTESIAN_POINT ( 'NONE',  ( 30.63183776328502717, 56.48981846002805440, 70.79731363569254654 ) ) ;
#3964 = CARTESIAN_POINT ( 'NONE',  ( 11.05213402080413410, 61.31376150393519708, 63.41212147624023032 ) ) ;
#3965 = CARTESIAN_POINT ( 'NONE',  ( -54.54052933038873618, -12.03984347028004898, 95.91845513519180599 ) ) ;
#3966 = CARTESIAN_POINT ( 'NONE',  ( 0.4069521031848483683, -54.83989014612805590, 106.4482073099506465 ) ) ;
#3967 = CARTESIAN_POINT ( 'NONE',  ( 51.23718394812782151, -4.526482675674823319, 61.09940707975938068 ) ) ;
#3968 = CARTESIAN_POINT ( 'NONE',  ( -4.066560519961885944, -46.00170559318671337, 283.5750265474619596 ) ) ;
#3969 = CARTESIAN_POINT ( 'NONE',  ( -31.70669805677965059, 59.52965991117886091, 80.88179447852408543 ) ) ;
#3970 = CARTESIAN_POINT ( 'NONE',  ( -53.23611140889548210, 18.20125682740687623, 95.91807287094741241 ) ) ;
#3971 = CARTESIAN_POINT ( 'NONE',  ( 18.88743976948916625, 58.20497931410257308, 53.18944956869999174 ) ) ;
#3972 = CARTESIAN_POINT ( 'NONE',  ( -18.93752795737163552, 57.77694130557525654, 53.21314208532858459 ) ) ;
#3973 = CARTESIAN_POINT ( 'NONE',  ( 10.14440413346183156, -54.93120785218061997, 125.3283206899074571 ) ) ;
#3975 = CARTESIAN_POINT ( 'NONE',  ( -39.43991858397227901, 61.80966359378727759, 95.91591011926962551 ) ) ;
#3974 = CARTESIAN_POINT ( 'NONE',  ( 39.43408220409315845, 12.76399085229486552, 309.1911503125673448 ) ) ;
#3976 = EDGE_CURVE ( 'NONE', #6395, #6474, #4146, .T. ) ;
#3977 = CARTESIAN_POINT ( 'NONE',  ( 32.79573330312808110, 89.46446962824461480, 201.7348627837917832 ) ) ;
#3978 = CARTESIAN_POINT ( 'NONE',  ( -37.90960651187128860, 63.00576131676783120, 114.5844473865184341 ) ) ;
#3979 = CARTESIAN_POINT ( 'NONE',  ( -42.89866677384057425, -3.773409384126030996, 296.6523999009182262 ) ) ;
#3980 = LINE ( 'NONE', #6418, #2906 ) ;
#3981 = CARTESIAN_POINT ( 'NONE',  ( -45.28853505621550823, -35.98079067999533720, 211.2092936939693004 ) ) ;
#3982 = CARTESIAN_POINT ( 'NONE',  ( -1.744918392365842008, 105.7791907876932385, 236.5351059486960139 ) ) ;
#3983 = CARTESIAN_POINT ( 'NONE',  ( -23.11373641887275099, 100.2377975824365848, 309.2876039168359625 ) ) ;
#3984 = CARTESIAN_POINT ( 'NONE',  ( -45.78090793279366721, 44.65846632399662752, 108.3719105836925962 ) ) ;
#3985 = CARTESIAN_POINT ( 'NONE',  ( 11.23584319879491922, 60.08358089271106195, 53.05937496730435754 ) ) ;
#3986 = CARTESIAN_POINT ( 'NONE',  ( 41.40771004496895813, 58.81530184986693399, 120.6773706578709522 ) ) ;
#3987 = CARTESIAN_POINT ( 'NONE',  ( 3.679665041062774034, 44.12903582109174749, 17.16316977442196645 ) ) ;
#3988 = CARTESIAN_POINT ( 'NONE',  ( 16.93245145185544231, 69.22228540245453132, 86.44467318910587039 ) ) ;
#3989 = CARTESIAN_POINT ( 'NONE',  ( -8.629353126640499028, 65.41298103059578750, 70.95375861671131190 ) ) ;
#3990 = CARTESIAN_POINT ( 'NONE',  ( 40.13844563299058876, 46.06467333885854032, 75.48365040416473448 ) ) ;
#3991 = CARTESIAN_POINT ( 'NONE',  ( 47.24916662496393371, 58.24961157336290540, 236.2181653803020254 ) ) ;
#3992 = DIRECTION ( 'NONE',  ( -0.0009866687539922364917, 0.9999205967105874171, -0.01256291203155099519 ) ) ;
#3993 = CARTESIAN_POINT ( 'NONE',  ( 55.76881134171257770, -17.50213894851293617, 149.0542048892888829 ) ) ;
#3994 = CARTESIAN_POINT ( 'NONE',  ( 18.93897643151677457, 55.87034180344566181, 53.23622828288264230 ) ) ;
#3995 = B_SPLINE_SURFACE_WITH_KNOTS ( 'NONE', 3, 3, ( 
 ( #3082, #1412, #6088, #3722, #7226, #5446, #6052, #4222, #845, #166, #6582, #5517, #5371, #4835, #882, #1950, #5408, #7114, #313, #4945, #239, #2479, #7152, #6688, #3154, #4796, #2623 ),
 ( #5980, #203, #1911, #1486, #4261, #2019, #4370, #5480, #7263, #3687, #6017, #6547, #4908, #3798, #6127, #810, #2551, #276, #2585, #922, #4873, #4334, #1984, #7190, #6650, #1446, #2056 ),
 ( #4983, #3308, #390, #5595, #6277, #1524, #5709, #5053, #4444, #1674, #500, #6239, #3379, #5557, #2807, #4516, #463, #2699, #4557, #6164, #5129, #7372, #3343, #2736, #7336, #3987, #3910 ),
 ( #5671, #6873, #3837, #7445, #2241, #6315, #351, #3232, #1071, #2167, #2662, #7300, #2096, #6203, #6799, #4479, #961, #997, #4408, #6726, #5631, #3269, #2131, #3873, #6763, #1559, #1635 ),
 ( #1597, #3948, #5017, #425, #1032, #2771, #5091, #7407, #2203, #6834, #4172, #46, #4637, #2357, #4595, #6915, #6387, #4026, #4674, #1825, #6994, #2958, #1182, #1789, #7484, #4100, #3415 ),
 ( #1251, #3562, #3489, #116, #7028, #6955, #6350, #5745, #5892, #5821, #6425, #1144, #4133, #2843, #1714, #6461, #1752, #3452, #5783, #538, #4744, #2879, #5283, #2431, #1217, #688, #576 ),
 ( #2994, #1109, #5168, #2281, #2920, #3524, #5207, #7, #2321, #5320, #5248, #4064, #618, #5856, #653, #80, #2393, #4709, #7065, #1862, #1329, #2010, #4786, #1437, #800, #193, #4936 ),
 ( #5930, #4324, #6641, #5506, #3751, #6607, #6078, #6536, #4825, #873, #3110, #1403, #6007, #3072, #7254, #7181, #3713, #2613, #1975, #2046, #5970, #763, #6573, #1367, #7104, #2469, #3184 ),
 ( #5437, #303, #1901, #1292, #6499, #3676, #230, #3601, #5398, #726, #2542, #3033, #5360, #6042, #4864, #155, #4286, #836, #4898, #4212, #3640, #3145, #2506, #7141, #1939, #4249, #5471 ),
 ( #266, #2576, #7215, #2761, #6228, #3370, #1477, #912, #3900, #6117, #2122, #2194, #1515, #3299, #381, #5622, #342, #2653, #4435, #7291, #416, #5081, #2727, #1022, #6754, #5042, #3223 ),
 ( #3864, #4469, #4505, #6825, #1550, #5699, #7398, #2690, #2087, #3789, #1626, #6192, #7362, #4399, #3937, #5546, #4974, #6267, #5008, #6717, #3827, #6679, #491, #6154, #3333, #2797, #2157 ),
 ( #952, #3261, #5661, #5119, #7435, #5585, #4361, #6789, #1586, #7327, #988, #453, #1061, #1135, #3405, #7474, #4546, #5848, #6943, #5882, #679, #4015, #6452, #36, #606, #6863, #645 ),
 ( #4700, #5238, #2384, #1664, #1815, #3516, #6982, #1703, #2910, #2231, #6903, #2949, #4124, #2347, #1741, #3977, #6304, #7018, #6341, #4664, #3553, #2833, #1242, #2985, #5310, #1098, #5735 ),
 ( #6377, #529, #4053, #72, #5157, #2271, #4586, #2311, #1172, #3479, #3440, #5773, #566, #2870, #5275, #5811, #5197, #7514, #4626, #1779, #4090, #6415, #1208, #6033, #3136, #4776, #754 ),
 ( #2421, #7206, #1394, #4853, #7094, #791, #107, #1891, #827, #2000, #220, #4814, #4735, #1853, #2567, #4202, #2533, #1428, #716, #4314, #6632, #3741, #7056, #4889, #5462, #4239, #6069 ),
 ( #3063, #3667, #6564, #5921, #5389, #4162, #864, #183, #3173, #6527, #2496, #1320, #3630, #256, #1966, #6489, #1282, #3591, #7172, #3024, #7132, #5351, #5960, #1358, #1929, #5998, #147 ),
 ( #3101, #4277, #2460, #5428, #6598, #3703, #472, #6924, #2176, #6359, #5101, #5718, #5755, #549, #3352, #4606, #3997, #1607, #3212, #2602, #2853, #2780, #6286, #902, #1117, #7244, #3778 ),
 ( #1722, #6808, #5680, #2290, #7416, #4034, #5640, #5177, #1154, #1645, #5497, #293, #7494, #4926, #2036, #6668, #2212, #510, #4351, #1466, #6107, #3424, #4526, #434, #2744, #4488, #2816 ),
 ( #5062, #7381, #6843, #3957, #3919, #6248, #1042, #1081, #3387, #5138, #7455, #2251, #4567, #6883, #1683, #6324, #3461, #5218, #5793, #4647, #588, #2889, #17, #4074, #2331, #6965, #1762 ),
 ( #6397, #741, #4042, #5837, #4724, #4762, #3505, #5186, #1161, #2973, #2935, #2410, #2896, #4188, #6366, #1768, #62, #6514, #4080, #5946, #4689, #5298, #5339, #134, #5264, #1307, #3578 ),
 ( #3011, #7081, #2373, #2298, #4653, #3617, #6440, #4614, #2447, #634, #7502, #6403, #7008, #1877, #1804, #6932, #5226, #1730, #3468, #1231, #5800, #595, #24, #2337, #6971, #1197, #4113 ),
 ( #3542, #5870, #703, #667, #95, #7044, #1841, #4150, #6477, #1267, #5908, #3123, #207, #5413, #6091, #1345, #5520, #4876, #4264, #1489, #316, #6055, #3197, #5375, #2626, #4337, #279 ),
 ( #3048, #2520, #1449, #4948, #3158, #242, #170, #2554, #6691, #3801, #4839, #7266, #849, #1415, #2483, #3763, #887, #7156, #3690, #4800, #2060, #4373, #6130, #7118, #5483, #1916, #3087 ),
 ( #4226, #6551, #2588, #7193, #3654, #5984, #777, #1953, #4911, #6585, #1381, #6020, #814, #5449, #1987, #4300, #6619, #3726, #7229, #2022, #6654, #3877, #4483, #7376, #6730, #6206, #354 ),
 ( #2666, #3311, #5713, #505, #467, #1001, #3383, #429, #2740, #2171, #1678, #5020, #3991, #7303, #1563, #2775, #2811, #6766, #926, #4411, #6243, #5635, #5675, #6168, #7450, #2099, #7340 ),
 ( #1527, #6803, #3236, #2134, #6281, #5560, #393, #6838, #4447, #964, #4986, #1076, #5133, #5057, #3841, #2702, #2246, #1602, #3275, #4562, #3914, #6878, #1037, #3347, #5598, #5096, #7411 ),
 ( #2207, #1640, #4521, #3952, #5749, #5967, #5434, #2539, #2991, #6319, #1898, #4783, #227, #685, #3069, #3030, #5317, #7489, #4130, #1113, #2503, #113, #7062, #2428, #4741, #4822, #760 ),
 ( #152, #7178, #1859, #1972, #5172, #4168, #5395, #6004, #6495, #3419, #2285, #4209, #1289, #3637, #6458, #4861, #4599, #3598, #5927, #542, #723, #2848, #5357, #6533, #6570, #1364, #2466 ),
 ( #1248, #6919, #4246, #797, #7101, #1822, #5889, #3559, #1326, #190, #3673, #7138, #1936, #3107, #4358, #985, #6114, #5619, #4321, #6751, #3296, #339, #413, #2724, #4431, #7359, #4283 ),
 ( #6713, #6604, #5468, #263, #7323, #909, #2573, #300, #6638, #6676, #6151, #1434, #6039, #1473, #3748, #6075, #2118, #4895, #1547, #3220, #5503, #5039, #3861, #7288, #6188, #1400, #3710 ),
 ( #4395, #833, #870, #2610, #3142, #5543, #1512, #3786, #3181, #7212, #4971, #3824, #2007, #2083, #4933, #7251, #2043, #2650, #949, #3258, #5581, #378, #2687, #5005, #1661, #7512, #449 ),
 ( #2229, #6302, #2154, #1058, #1583, #489, #6941, #3974, #2268, #1096, #6264, #2908, #2831, #4584, #5809, #5155, #604, #1623, #3935, #4544, #6861, #2759, #5657, #2309, #3403, #4624, #5733 ),
 ( #526, #7472, #5079, #5117, #3897, #5236, #7433, #6375, #3368, #2795, #5696, #6901, #564, #4012, #1170, #1701, #6339, #1133, #3438, #5771, #1739, #6823, #2868, #5195, #4051, #7396, #2192 ),
 ( #3477, #4503, #4466, #3330, #6785, #6225, #1019, #4122, #788, #7054, #144, #180, #2493, #5308, #6561, #5957, #3551, #5273, #4662, #4811, #4733, #713, #2947, #3060, #1777, #5846, #5386 ),
 ( #1240, #105, #4236, #1851, #1355, #70, #7129, #3664, #3588, #5995, #3097, #1926, #34, #2345, #1206, #4159, #2457, #6980, #3514, #643, #4088, #6486, #2382, #5880, #4698, #2419, #1888 ),
 ( #6413, #7016, #1813, #6450, #5348, #5918, #677, #751, #2983, #1279, #3021, #4773, #7091, #4199, #6524, #1317, #3627, #369, #5459, #217, #976, #5494, #2033, #5424, #4311, #4849, #290 ),
 ( #4961, #2599, #2679, #4923, #7241, #6665, #6180, #1997, #2530, #4274, #6066, #7278, #4997, #3737, #7169, #1391, #3209, #3169, #2640, #3133, #4423, #6595, #6629, #4348, #6742, #1425, #1963 ),
 ( #3249, #3700, #4886, #3813, #860, #252, #6030, #5572, #7315, #1463, #824, #7203, #1539, #3775, #2564, #2111, #6103, #3854, #899, #5533, #328, #2073, #4385, #6703, #1501, #6141, #939 ),
 ( #2717, #2825, #2299, #6934, #7389, #3288, #6295, #1654, #4616, #5071, #7466, #7425, #2184, #4459, #1012, #5611, #6895, #481, #1732, #4044, #4496, #7504, #1090, #3967, #405, #1692, #6333 ),
 ( #3396, #3432, #5032, #2862, #4577, #519, #2752, #5727, #7352, #442, #4006, #5188, #5148, #2788, #2146, #6778, #5764, #6816, #2261, #6368, #3890, #1576, #6218, #3323, #5650, #558, #1126 ),
 ( #1616, #5110, #3927, #6257, #1051, #3361, #5689, #2222, #4536, #6854, #5266, #5228, #1918, #5872, #2412, #4228, #63, #1163, #26, #1806, #705, #743, #7009, #3470, #4655, #6479, #6442 ),
 ( #172, #2339, #2375, #3544, #2485, #4691, #5802, #669, #1269, #1309, #3619, #1233, #4802, #7083, #4115, #6405, #597, #5949, #2975, #1843, #4081, #4190, #2898, #6973, #6516, #5300, #1770 ),
 ( #5378, #97, #7120, #1199, #3051, #3507, #4726, #5839, #636, #2937, #7046, #4151, #3580, #5909, #3013, #5340, #136, #2449, #4764, #1879, #4841, #2556, #6587, #1417, #889, #1383, #780 ),
 ( #3692, #2062, #7159, #1491, #851, #244, #4988, #3803, #2024, #6693, #1347, #6132, #318, #3765, #6022, #7232, #6553, #816, #4950, #928, #6656, #3728, #3656, #3089, #3238, #3125, #1451 ),
 ( #5451, #4878, #6621, #6057, #1955, #2522, #4375, #3160, #5562, #5485, #356, #4266, #5987, #2101, #281, #2590, #5415, #2668, #4303, #7305, #7268, #7195, #1989, #209, #4913, #4339, #6093 ),
 ( #3199, #5522, #2629, #2741, #544, #5637, #4485, #1114, #6245, #5751, #4449, #6880, #3421, #469, #2850, #5174, #4564, #7491, #4413, #5600, #1039, #6840, #6732, #395, #2704, #7452, #3349 ),
 ( #5022, #2136, #1529, #507, #1604, #3843, #6170, #6208, #966, #2209, #2777, #3277, #2813, #2248, #1565, #5059, #7342, #1680, #3993, #6768, #6321, #4523, #3879, #1003, #7378, #3313, #5677 ),
 ( #3916, #431, #2173, #6805, #5098, #1642, #7413, #3954, #6283, #1078, #3385, #5715, #5135, #126, #6432, #7073, #4601, #1870, #5255, #5863, #1224, #584, #53, #1719, #735, #2364, #6507 ),
 ( #4180, #1833, #5789, #6356, #3041, #7000, #3533, #5368, #6393, #2287, #1150, #2926, #4141, #1299, #625, #6921, #2885, #87, #4680, #7036, #13, #3610, #3458, #1188, #1796, #5939, #3496 ),
 ( #5827, #2439, #5213, #5329, #4031, #2327, #4754, #4106, #4643, #6961, #1758, #4070, #660, #6469, #2965, #5290, #3003, #2401, #4716, #1259, #3570, #5899, #695, #4257, #163, #3151, #6049 ),
 ( #3191, #1981, #5977, #3684, #200, #2548, #2016, #2513, #1908, #236, #4832, #7149, #5514, #770, #2620, #4294, #1375, #6124, #4942, #5477, #310, #2476, #7260, #1443, #4905, #1947, #842 ),
 ( #6613, #273, #7187, #6579, #920, #2582, #7223, #3796, #4331, #3230, #6014, #807, #4870, #1409, #3079, #3647, #2053, #3719, #4368, #6647, #6686, #5405, #4793, #7111, #3757, #6085, #4219 ),
 ( #1484, #3117, #5443, #879, #6544, #1338, #4406, #5555, #7298, #2094, #1522, #6724, #3835, #6162, #4981, #959, #349, #2660, #6989, #1785, #4705, #4167, #4670, #5966, #613, #3521, #1820 ),
 ( #684, #1747, #650, #4781, #6950, #6421, #5356, #5853, #4096, #1178, #7100, #6532, #4129, #4060, #1214, #77, #42, #2353, #6383, #3068, #2955, #3596, #759, #2427, #151, #5280, #2390 ),
 ( #2502, #3485, #2916, #1247, #1858, #5817, #5244, #7025, #2465, #3558, #6457, #5888, #2990, #5316, #1288, #112, #4740, #7061, #6494, #5926, #1897, #722, #4207, #3029, #1325, #5394, #3636 ),
 ( #189, #2649, #3823, #2082, #4932, #7287, #4860, #3141, #4394, #6637, #7250, #4320, #1399, #5580, #5502, #2042, #948, #299, #3257, #4282, #6603, #4894, #7211, #5433, #796, #4970, #1433 ),
 ( #6712, #262, #869, #3747, #3106, #2572, #4245, #377, #2006, #1511, #3709, #5467, #6038, #6074, #7177, #3180, #1935, #832, #2609, #4357, #6675, #1472, #6150, #1971, #3785, #5542, #6113 ),
 ( #908, #3219, #338, #2538, #4820, #6003, #7137, #6569, #1363, #3672, #226, #2191, #2794, #2830, #5154, #448, #1700, #1095, #6224, #412, #7322, #7471, #7395, #3367, #5618, #5732, #4430 ),
 ( #3896, #525, #2686, #2153, #3402, #6784, #2723, #6750, #2267, #4583, #5078, #2117, #4465, #4011, #3934, #1546, #6900, #1018, #6338, #3329, #2758, #1132, #4502, #3437, #5038, #5770, #5004 ),
 ( #3860, #6187, #984, #3295, #7358, #6822, #5116, #1582, #5656, #1622, #6263, #1057, #5695, #488, #7432, #2228, #4543, #6860, #1660, #3973, #6301, #2907, #3587, #6374, #3020, #2381, #1776 ),
 ( #1205, #7511, #5917, #712, #7090, #5347, #676, #143, #603, #6412, #2456, #4697, #2982, #69, #4661, #1316, #1239, #5307, #4198, #3550, #6523, #33, #2344, #642, #2946, #1169, #4050 ),
 ( #4772, #7015, #1887, #3476, #2867, #3626, #5272, #1812, #563, #6979, #2308, #4121, #5194, #4623, #104, #5808, #6940, #1738, #6449, #5879, #5235, #4087, #3513, #5845, #2418, #4732, #7053 ),
 ( #1850, #4158, #6485, #1278, #4885, #6664, #7202, #289, #3699, #1996, #4810, #4310, #750, #5994, #4273, #3208, #251, #6065, #5458, #2529, #6702, #6628, #859, #2072, #1424, #4384, #5423 ),
 ( #1500, #3059, #5532, #3774, #2563, #327, #5385, #2639, #1390, #3736, #3168, #4235, #6029, #179, #5956, #823, #4960, #4848, #6594, #7168, #5493, #787, #2598, #2492, #1962, #3132, #4922 ),
 ( #7128, #7240, #2032, #7277, #4347, #1461, #3096, #216, #6102, #898, #3663, #1925, #6560, #1354, #6217, #5147, #404, #4576, #3322, #3926, #3966, #6294, #1575, #2824, #2221, #7351, #1538 ),
 ( #1011, #4495, #6741, #6853, #5571, #2110, #1653, #4458, #4422, #3853, #6140, #7465, #5610, #480, #2260, #938, #6179, #6815, #1089, #3248, #3360, #6893, #3812, #2715, #368, #1615, #2183 ) ),
 .UNSPECIFIED., .F., .F., .F.,
 ( 4, 1, 1, 1, 1, 1, 1, 1, 1, 1, 1, 1, 1, 2, 1, 1, 1, 2, 1, 1, 1, 2, 1, 1, 1, 1, 1, 1, 1, 2, 1, 1, 1, 2, 1, 1, 1, 2, 1, 1, 1, 1, 1, 1, 1, 1, 1, 1, 1, 1, 1, 1, 1, 1, 1, 1, 1, 4 ),
 ( 4, 1, 1, 1, 1, 1, 1, 1, 1, 1, 1, 1, 1, 1, 1, 1, 1, 1, 1, 1, 1, 1, 1, 1, 4 ),
 ( 0.000000000000000000, 0.02540166409538497858, 0.05080332819076995715, 0.07620499228615493226, 0.08890582433384743022, 0.1016066563815399143, 0.1143074884292323845, 0.1270083204769248686, 0.1397091525246173804, 0.1524099845723098645, 0.1651108166200023764, 0.1778116486676948604, 0.1905124807153873723, 0.2032133127630798286, 0.2149060589727569415, 0.2265988051824340821, 0.2382915513921111950, 0.2499842976017883633, 0.2807342849841110710, 0.3114842723664338897, 0.3422342597487565419, 0.3729842471310793606, 0.4280735546070352782, 0.4556182083450131537, 0.4831628620829911402, 0.5107075158209690713, 0.5382521695589471689, 0.5657968232969250444, 0.5795691501659140377, 0.5933414770349030309, 0.6043852910936353684, 0.6154291051523675948, 0.6264729192111000433, 0.6375167332698323808, 0.6399596253890293962, 0.6424025175082263006, 0.6448454096274233160, 0.6472883017466202205, 0.6693327828874564567, 0.6913772640282924709, 0.7134217451691287071, 0.7354662263099649433, 0.7575107074508011795, 0.7795551885916375268, 0.8015996697324736520, 0.8236441508733099992, 0.8456886320141463464, 0.8677331131549824716, 0.8897775942958185968, 0.9118220754366550551, 0.9338665565774912913, 0.9448887971479090764, 0.9559110377183275276, 0.9669332782887456457, 0.9779555188591637638, 0.9889777594295816598, 0.9944888797147908299, 1.000000000000000000 ),
 ( 0.000000000000000000, 0.03125000000000000000, 0.06250000000000000000, 0.09375000000000000000, 0.1250000000000000000, 0.1562500000000000000, 0.1700202541018640545, 0.1875000000000000000, 0.2187500000000000000, 0.2500000000000000000, 0.2812500000000000000, 0.3125000000000000000, 0.3437500000000000000, 0.3750000000000000000, 0.3798720419360750999, 0.4062500000000000000, 0.4375000000000000000, 0.5000000000000000000, 0.5937500000000000000, 0.6250000000000000000, 0.6607583740006235384, 0.6875000000000000000, 0.7500000000000000000, 0.8750000000000000000, 1.000000000000000000 ),
 .UNSPECIFIED. ) ;
#3996 = DIRECTION ( 'NONE',  ( -0.000000000000000000, 0.3923337777895691825, 0.9198229214394286757 ) ) ;
#3997 = CARTESIAN_POINT ( 'NONE',  ( 37.93402734328657289, 82.46412032661655189, 192.3801716720411434 ) ) ;
#3998 = ORIENTED_EDGE ( 'NONE', *, *, #7446, .F. ) ;
#3999 = CARTESIAN_POINT ( 'NONE',  ( 42.87039105141394657, 35.26161835829756797, 71.22109035686253264 ) ) ;
#4000 = CARTESIAN_POINT ( 'NONE',  ( -26.22017460988083926, 63.55779661280138981, 80.98465358561514904 ) ) ;
#4001 = CARTESIAN_POINT ( 'NONE',  ( -6.757294751367743935, -3.901562835890073799, 409.0779284778307670 ) ) ;
#4002 = CARTESIAN_POINT ( 'NONE',  ( 34.33437504578085253, 67.33324837974966215, 114.6738896021419123 ) ) ;
#4003 = CARTESIAN_POINT ( 'NONE',  ( -18.74595051484778452, 59.46908643104374192, 63.87318011863325751 ) ) ;
#4004 = CARTESIAN_POINT ( 'NONE',  ( -18.57920417521961909, -12.54445907286658191, 397.0909501296287090 ) ) ;
#4005 =( NAMED_UNIT ( * ) SI_UNIT ( $, .STERADIAN. ) SOLID_ANGLE_UNIT ( ) );
#4006 = CARTESIAN_POINT ( 'NONE',  ( 47.54092860712671609, -4.769143278758264159, 266.0954829559620975 ) ) ;
#4007 = CARTESIAN_POINT ( 'NONE',  ( -4.970002807748462814, -36.44990291196836552, 354.3382879149454538 ) ) ;
#4008 = CARTESIAN_POINT ( 'NONE',  ( -32.34828113986420561, 62.65712084614868616, 91.60021337981024203 ) ) ;
#4009 = CARTESIAN_POINT ( 'NONE',  ( -39.07135763585191057, 18.21393817808034754, 309.1944200641572706 ) ) ;
#4010 = CARTESIAN_POINT ( 'NONE',  ( 15.95059158239913621, 59.11744857389847851, 53.30099197394157784 ) ) ;
#4011 = CARTESIAN_POINT ( 'NONE',  ( 11.89799049890116578, -51.20078992515209393, 221.5343238931062615 ) ) ;
#4013 = CARTESIAN_POINT ( 'NONE',  ( -34.52485758390006509, 86.98888543379642613, 283.2922982889651848 ) ) ;
#4012 = CARTESIAN_POINT ( 'NONE',  ( 52.29412793052531327, 8.042072019475606126, 221.5258931918240819 ) ) ;
#4014 = MANIFOLD_SOLID_BREP ( 'Przeciêcie1[2]', #5222 ) ;
#4015 = CARTESIAN_POINT ( 'NONE',  ( 29.00352473893347138, 71.15653855567848041, 95.91528783182911866 ) ) ;
#4016 = CARTESIAN_POINT ( 'NONE',  ( -35.46724947791182103, 55.56891434776841976, 80.78400064969565619 ) ) ;
#4017 = CARTESIAN_POINT ( 'NONE',  ( -55.14767155500666007, -2.798272206319819322, 106.4751699845581641 ) ) ;
#4018 = CARTESIAN_POINT ( 'NONE',  ( 48.87700302837223632, 24.78436569070548856, 96.67410885627892014 ) ) ;
#4019 = CARTESIAN_POINT ( 'NONE',  ( -35.96621285384652111, -30.22190988211137963, 297.0291902252352543 ) ) ;
#4020 = EDGE_CURVE ( 'NONE', #7030, #4756, #7464, .T. ) ;
#4021 = CARTESIAN_POINT ( 'NONE',  ( -11.02331427408897468, 91.18493998554916402, 149.0197848656658266 ) ) ;
#4022 = CARTESIAN_POINT ( 'NONE',  ( -25.44681982927693653, 96.64453114867734485, 309.2818806344806717 ) ) ;
#4023 = CARTESIAN_POINT ( 'NONE',  ( -40.93291180313839561, 36.01583260014839283, 60.81833782850484482 ) ) ;
#4024 = CARTESIAN_POINT ( 'NONE',  ( 0.000000000000000000, 0.000000000000000000, 0.000000000000000000 ) ) ;
#4025 = CARTESIAN_POINT ( 'NONE',  ( 36.65659817749994431, 49.67591112277907683, 70.64659307188611592 ) ) ;
#4026 = CARTESIAN_POINT ( 'NONE',  ( 15.26363629011957279, 95.17499453668588671, 174.9457140544018898 ) ) ;
#4027 = CARTESIAN_POINT ( 'NONE',  ( 19.01755411943151231, 72.12264736480558724, 97.38619574162045467 ) ) ;
#4028 = CARTESIAN_POINT ( 'NONE',  ( -3.808630458038091415, 69.49895837768502815, 81.09328409830540352 ) ) ;
#4029 = CARTESIAN_POINT ( 'NONE',  ( 38.14195692783992797, 42.31790225344277445, 60.90935215198003760 ) ) ;
#4030 = DIRECTION ( 'NONE',  ( 0.000000000000000000, 0.3916709978715201546, 0.9201053360492634781 ) ) ;
#4031 = CARTESIAN_POINT ( 'NONE',  ( 28.46879259145727303, -21.06847728872406478, 358.5182348061317157 ) ) ;
#4032 = CARTESIAN_POINT ( 'NONE',  ( 45.84334653097244683, 34.22548254520827982, 62.73587823517973305 ) ) ;
#4033 = CARTESIAN_POINT ( 'NONE',  ( 11.02302244423193045, 56.85135748489499008, 52.75345628967919964 ) ) ;
#4034 = CARTESIAN_POINT ( 'NONE',  ( 23.21972668657409500, 88.12142812019361315, 336.0689357517549070 ) ) ;
#4035 = ORIENTED_EDGE ( 'NONE', *, *, #2422, .F. ) ;
#4036 = CARTESIAN_POINT ( 'NONE',  ( 0.000000000000000000, 73.10911051242443648, 91.84589651338248473 ) ) ;
#4037 = CARTESIAN_POINT ( 'NONE',  ( -25.75848279199466617, 61.94735944040445474, 75.83092054364183809 ) ) ;
#4038 = CARTESIAN_POINT ( 'NONE',  ( -49.64632811970438553, -2.112328273136557577, 250.8450886823452208 ) ) ;
#4039 = CARTESIAN_POINT ( 'NONE',  ( 32.72248385483107569, 60.44495341378590325, 86.22424664822715101 ) ) ;
#4040 = CARTESIAN_POINT ( 'NONE',  ( 25.82224107635181909, 54.40521882876168291, 57.68923076490719382 ) ) ;
#4041 = CARTESIAN_POINT ( 'NONE',  ( -50.50915485235315572, -11.66615397858532788, 236.0009892315231355 ) ) ;
#4042 = CARTESIAN_POINT ( 'NONE',  ( 9.860494761149283249, 73.71719355965237241, 392.3824998973840366 ) ) ;
#4043 = CARTESIAN_POINT ( 'NONE',  ( 33.75535178739531972, 44.95294208336817832, 55.72907039990903399 ) ) ;
#4044 = CARTESIAN_POINT ( 'NONE',  ( 55.89191142596130391, -4.143773072572185079, 125.3253686025048381 ) ) ;
#4045 = CARTESIAN_POINT ( 'NONE',  ( -3.358464669910064870, -36.64712630859212794, 354.2623262081801840 ) ) ;
#4046 = CARTESIAN_POINT ( 'NONE',  ( -33.18809973096940524, 61.86376216214021184, 91.57947456853830204 ) ) ;
#4047 = CARTESIAN_POINT ( 'NONE',  ( -54.10305109530477097, 21.76058106459345609, 174.9361716169431418 ) ) ;
#4048 = CARTESIAN_POINT ( 'NONE',  ( 30.64758930044908780, 65.85534630212448803, 97.21521846768679609 ) ) ;
#4049 = CARTESIAN_POINT ( 'NONE',  ( 1.603452433553347545, 60.79295007875761314, 52.54223714078852936 ) ) ;
#4050 = CARTESIAN_POINT ( 'NONE',  ( 4.886722139382428942, -40.32756449908242047, 9.999999999999998224 ) ) ;
#4052 = CARTESIAN_POINT ( 'NONE',  ( -9.860494761149283249, 73.71719355965237241, 392.3824998973840366 ) ) ;
#4051 = CARTESIAN_POINT ( 'NONE',  ( 45.84628360621288579, 2.645876161464983944, 34.38649416360274813 ) ) ;
#4053 = CARTESIAN_POINT ( 'NONE',  ( 15.02441665445972063, 83.62317879616006167, 391.4894318083639746 ) ) ;
#4054 = CARTESIAN_POINT ( 'NONE',  ( -37.12047087048306082, 60.83099053951944057, 102.8365484814920734 ) ) ;
#4055 = ADVANCED_FACE ( 'NONE', ( #704 ), #1694, .F. ) ;
#4056 = CARTESIAN_POINT ( 'NONE',  ( -56.05901895453044403, -4.988790032442620870, 149.0515953679359313 ) ) ;
#4057 = CARTESIAN_POINT ( 'NONE',  ( -18.56513965345907025, 57.15481936001600616, 53.17773487067823623 ) ) ;
#4058 = CARTESIAN_POINT ( 'NONE',  ( -29.50661630695898197, -41.69560161598889181, 266.8685979431496662 ) ) ;
#4059 = CARTESIAN_POINT ( 'NONE',  ( -5.433941470908346005, 81.12146277195157040, 106.4310689632098246 ) ) ;
#4060 = CARTESIAN_POINT ( 'NONE',  ( 33.04519734949823828, -45.30763743296669332, 221.5301126703144234 ) ) ;
#4061 = CARTESIAN_POINT ( 'NONE',  ( -31.80549350305485845, 92.60319322376103912, 221.6066802496429489 ) ) ;
#4062 = CARTESIAN_POINT ( 'NONE',  ( 3.182238962615093758, 63.64996744201229006, 65.01987264085232709 ) ) ;
#4063 = CARTESIAN_POINT ( 'NONE',  ( 36.94097944895128194, 64.29734828778887845, 114.6084891885975878 ) ) ;
#4064 = CARTESIAN_POINT ( 'NONE',  ( 18.03683247244964605, 103.8112482342608018, 251.8055157942218898 ) ) ;
#4065 = CARTESIAN_POINT ( 'NONE',  ( 12.13775084515926039, 68.55247277267196182, 81.08573119919172711 ) ) ;
#4066 = CARTESIAN_POINT ( 'NONE',  ( -19.18170472870962584, 60.92350071466099592, 65.72743901557163326 ) ) ;
#4067 = CARTESIAN_POINT ( 'NONE',  ( 41.75629443521239637, 49.46530911059549140, 91.32459459533760082 ) ) ;
#4068 = CARTESIAN_POINT ( 'NONE',  ( -17.75503191869857034, 99.78188058349924461, 211.2203142535571487 ) ) ;
#4069 = CARTESIAN_POINT ( 'NONE',  ( -18.77341586291970543, 78.50464315251581127, 120.0000000000000426 ) ) ;
#4070 = CARTESIAN_POINT ( 'NONE',  ( 43.74193211693196304, -29.81337162402000018, 251.0289806860028818 ) ) ;
#4071 = CARTESIAN_POINT ( 'NONE',  ( 49.48902352249825043, 30.53069219915583687, 120.0000000000000142 ) ) ;
#4072 = EDGE_LOOP ( 'NONE', ( #6696, #7075, #5979 ) ) ;
#4073 = CARTESIAN_POINT ( 'NONE',  ( -19.40000000029934313, 58.94712605132289696, 55.51459907551753048 ) ) ;
#4074 = CARTESIAN_POINT ( 'NONE',  ( 35.08104861779400352, 53.84555609758953665, 60.97238916559658151 ) ) ;
#4075 = ORIENTED_EDGE ( 'NONE', *, *, #2059, .T. ) ;
#4076 = CARTESIAN_POINT ( 'NONE',  ( -28.75976678211559801, 73.74340225936342108, 120.9863411907265913 ) ) ;
#4077 = CARTESIAN_POINT ( 'NONE',  ( 29.99060107235661476, 52.89256874708063094, 61.11330040857733081 ) ) ;
#4078 = CARTESIAN_POINT ( 'NONE',  ( 554.2981223361939556, 27.10604614702786819, 120.0000000000000000 ) ) ;
#4079 = CARTESIAN_POINT ( 'NONE',  ( -55.76881134171257770, -17.50213894851293617, 149.0542048892888829 ) ) ;
#4080 = CARTESIAN_POINT ( 'NONE',  ( 41.78402531656561081, 71.09405487141324897, 149.0297326117815544 ) ) ;
#4081 = CARTESIAN_POINT ( 'NONE',  ( 55.22324670743307706, -5.805412337438995429, 106.4752856519447164 ) ) ;
#4082 = CARTESIAN_POINT ( 'NONE',  ( -2.844966258502001022, -53.03600557112638825, 201.7522196223365256 ) ) ;
#4083 = CARTESIAN_POINT ( 'NONE',  ( -33.11618197047707213, 65.34606010853175917, 102.9396559757855840 ) ) ;
#4084 = CARTESIAN_POINT ( 'NONE',  ( -52.94864972735139474, 8.498436472392656427, 82.46921742719030135 ) ) ;
#4085 = CARTESIAN_POINT ( 'NONE',  ( 30.74860241049458054, 69.09969441079591945, 108.7758868074727161 ) ) ;
#4086 = FACE_OUTER_BOUND ( 'NONE', #5025, .T. ) ;
#4087 = CARTESIAN_POINT ( 'NONE',  ( 4.839447448594202505, -54.33575981942648525, 95.91154762386875632 ) ) ;
#4089 = CARTESIAN_POINT ( 'NONE',  ( -10.29036174037368134, 66.27597474889782347, 392.9819229557825224 ) ) ;
#4088 = CARTESIAN_POINT ( 'NONE',  ( 54.90784638661551043, 2.834903466128307681, 106.4745351953308585 ) ) ;
#4090 = CARTESIAN_POINT ( 'NONE',  ( 33.40652155030986137, 71.07424397024119855, 106.4401915952778523 ) ) ;
#4091 = CARTESIAN_POINT ( 'NONE',  ( -37.47377963399782885, 60.35905039639318659, 102.8272162213595777 ) ) ;
#4092 = CARTESIAN_POINT ( 'NONE',  ( -41.19132808344209451, 60.64087943332545194, 282.8478235383603874 ) ) ;
#4093 = CARTESIAN_POINT ( 'NONE',  ( -27.60493843895082122, 50.66903559033921312, 54.29956168725304622 ) ) ;
#4094 = CARTESIAN_POINT ( 'NONE',  ( -12.40582092776204703, -21.44960995392472825, 404.4351836481608302 ) ) ;
#4095 = CARTESIAN_POINT ( 'NONE',  ( -3.679665041062774034, 44.12903582109174749, 17.16316977442196645 ) ) ;
#4096 = CARTESIAN_POINT ( 'NONE',  ( 26.94732368786461052, -38.41318922006642822, 297.3630710976078717 ) ) ;
#4097 = CARTESIAN_POINT ( 'NONE',  ( -19.53317628069275003, 89.92290282611246255, 354.4104276830854019 ) ) ;
#4098 = CARTESIAN_POINT ( 'NONE',  ( 18.78895184285920905, 61.04778526424630769, 65.69647309173464578 ) ) ;
#4099 = CARTESIAN_POINT ( 'NONE',  ( 32.78435094150935214, 56.55115346148471644, 75.70065931407511073 ) ) ;
#4100 = CARTESIAN_POINT ( 'NONE',  ( 9.271376694352385428, 43.39728263992847701, 17.17007554756550292 ) ) ;
#4101 = CARTESIAN_POINT ( 'NONE',  ( 11.91862346078775481, 66.76580141069548802, 75.91596083857814392 ) ) ;
#4102 = CARTESIAN_POINT ( 'NONE',  ( 0.000000000000000000, 74.83848796003637460, 97.42616401028321604 ) ) ;
#4103 = CARTESIAN_POINT ( 'NONE',  ( 40.42338219636371122, 37.32259446537079839, 60.83544477701332198 ) ) ;
#4104 = CARTESIAN_POINT ( 'NONE',  ( -14.22866369320909108, 109.2116835768671166, 371.6020824279627277 ) ) ;
#4105 = CARTESIAN_POINT ( 'NONE',  ( -19.60199022590961704, 78.22161134047601649, 120.0000000000000426 ) ) ;
#4106 = CARTESIAN_POINT ( 'NONE',  ( 36.51059073740194094, -25.74640818928212127, 309.2134994862242365 ) ) ;
#4107 = CARTESIAN_POINT ( 'NONE',  ( 32.68020987528113608, 70.25609586053930400, 119.9999999999999432 ) ) ;
#4108 = ORIENTED_EDGE ( 'NONE', *, *, #6888, .F. ) ;
#4109 = CARTESIAN_POINT ( 'NONE',  ( 18.74309860933285776, 57.20581069056082413, 58.55750471960161008 ) ) ;
#4110 = VERTEX_POINT ( 'NONE', #5377 ) ;
#4111 = CARTESIAN_POINT ( 'NONE',  ( -20.06946119519226102, 56.81860755767080207, 56.66691467498999657 ) ) ;
#4112 = CARTESIAN_POINT ( 'NONE',  ( -17.63476072579970833, -8.649244527318817433, 397.5891045901014422 ) ) ;
#4113 = CARTESIAN_POINT ( 'NONE',  ( 25.32534655339211938, 29.47446468552367449, 10.00000000000000000 ) ) ;
#4114 =( LENGTH_UNIT ( ) NAMED_UNIT ( * ) SI_UNIT ( .MILLI., .METRE. ) );
#4115 = CARTESIAN_POINT ( 'NONE',  ( 53.11693139175028477, -5.733250820808043713, 211.2172972428551532 ) ) ;
#4116 = CARTESIAN_POINT ( 'NONE',  ( -4.922740558766545149, -54.76240801901495558, 106.4484883460111888 ) ) ;
#4117 = CARTESIAN_POINT ( 'NONE',  ( -30.62387830064283634, 58.52206090948039474, 75.74860943921063949 ) ) ;
#4118 = CARTESIAN_POINT ( 'NONE',  ( -50.80819246605242512, 17.81432778232971259, 236.0380795534699132 ) ) ;
#4119 = CARTESIAN_POINT ( 'NONE',  ( 29.33559810511410149, 61.46416799557842836, 80.93076256083642761 ) ) ;
#4120 = CARTESIAN_POINT ( 'NONE',  ( 41.97802173263998071, 34.22548254520827982, 62.73587823517973305 ) ) ;
#4121 = CARTESIAN_POINT ( 'NONE',  ( 4.416867084770659702, -49.23159169255457357, 251.6441013043655346 ) ) ;
#4123 = CARTESIAN_POINT ( 'NONE',  ( -41.49436004284849133, 72.06210997859881218, 266.9107351816435880 ) ) ;
#4122 = CARTESIAN_POINT ( 'NONE',  ( 39.91874722076038040, 6.262376983311979117, 309.1881451167366208 ) ) ;
#4124 = CARTESIAN_POINT ( 'NONE',  ( 30.80892717949071979, 94.76117411407105351, 236.4359019518063576 ) ) ;
#4125 = CARTESIAN_POINT ( 'NONE',  ( -36.88277680700982586, 61.14151895689487048, 102.8428065086749257 ) ) ;
#4126 = CARTESIAN_POINT ( 'NONE',  ( -17.01694945280587135, 52.07942224627564087, 376.4268705064285427 ) ) ;
#4127 = CARTESIAN_POINT ( 'NONE',  ( -19.40000000029201033, 55.66659322451641856, 53.73731346014906762 ) ) ;
#4128 = CARTESIAN_POINT ( 'NONE',  ( -23.91657030289227137, -36.18142365468393251, 9.999999999999968026 ) ) ;
#4129 = CARTESIAN_POINT ( 'NONE',  ( 31.95901764059488315, -44.29808656351775653, 236.2140840141175318 ) ) ;
#4131 = CARTESIAN_POINT ( 'NONE',  ( -33.61216619382846460, 90.81070111988846350, 221.6042128827891702 ) ) ;
#4130 = CARTESIAN_POINT ( 'NONE',  ( 52.76857316536685971, 39.22998837049475185, 149.0424158530961734 ) ) ;
#4132 = CARTESIAN_POINT ( 'NONE',  ( 33.64065210002394224, 53.52690057018246250, 70.72809754226085488 ) ) ;
#4133 = CARTESIAN_POINT ( 'NONE',  ( 16.71684876410861875, 103.0043457223362680, 236.5076488958378036 ) ) ;
#4134 = CARTESIAN_POINT ( 'NONE',  ( 20.78408594450253233, 73.14615955826270977, 103.1527092444389808 ) ) ;
#4135 = VERTEX_POINT ( 'NONE', #5414 ) ;
#4136 = CARTESIAN_POINT ( 'NONE',  ( -12.94186078684950481, 62.51159502516909328, 65.32527665009982343 ) ) ;
#4137 = CARTESIAN_POINT ( 'NONE',  ( 46.08061317115509326, 45.41849857123356315, 114.3540353570597148 ) ) ;
#4138 = CARTESIAN_POINT ( 'NONE',  ( -9.271376694352385428, 43.39728263992847701, 17.17007554756550292 ) ) ;
#4139 = CARTESIAN_POINT ( 'NONE',  ( -20.33758063740050659, 83.40544783690685904, 125.2795496214649518 ) ) ;
#4140 = CARTESIAN_POINT ( 'NONE',  ( 19.39999999930044083, 57.77734491188641641, 53.24794919335264609 ) ) ;
#4141 = CARTESIAN_POINT ( 'NONE',  ( 47.42311299082387421, -26.06454106322092557, 236.0542629271719477 ) ) ;
#4142 = CARTESIAN_POINT ( 'NONE',  ( -36.30144126655077486, 71.82649003169275659, 120.0000000000000000 ) ) ;
#4143 = ORIENTED_EDGE ( 'NONE', *, *, #2422, .T. ) ;
#4144 = CARTESIAN_POINT ( 'NONE',  ( -18.93845270585348217, 56.53695952749952625, 53.22794053801854375 ) ) ;
#4145 = CARTESIAN_POINT ( 'NONE',  ( 23.59191493349759483, 64.90755020046108825, 81.01820813514184749 ) ) ;
#4146 = B_SPLINE_CURVE_WITH_KNOTS ( 'NONE', 3,
 ( #5871, #5838, #6478, #2897, #1842, #1232 ),
 .UNSPECIFIED., .F., .F.,
 ( 4, 2, 4 ),
 ( 0.000000000000000000, 0.2500000000000000000, 0.3410006526072056343 ),
 .UNSPECIFIED. ) ;
#4147 = ORIENTED_EDGE ( 'NONE', *, *, #1333, .F. ) ;
#4148 = CARTESIAN_POINT ( 'NONE',  ( -19.29410448160973246, 73.72260810433573397, 103.1668693561743879 ) ) ;
#4149 = CARTESIAN_POINT ( 'NONE',  ( -30.09236226398421721, -15.46363169407038818, 359.3065941412086772 ) ) ;
#4150 = CARTESIAN_POINT ( 'NONE',  ( 32.29740268430196437, 78.87775140567180188, 309.2584428541577495 ) ) ;
#4151 = CARTESIAN_POINT ( 'NONE',  ( 49.27252186394640887, -6.266194160315891715, 250.8422681871332998 ) ) ;
#4152 = CARTESIAN_POINT ( 'NONE',  ( -2.662980237277245088, -50.60186288607863503, 236.3606088745235070 ) ) ;
#4153 = EDGE_CURVE ( 'NONE', #7030, #5331, #6330, .T. ) ;
#4154 = CARTESIAN_POINT ( 'NONE',  ( -30.06844335314623606, 56.96272409305182549, 70.80793159214940147 ) ) ;
#4155 = CARTESIAN_POINT ( 'NONE',  ( -19.37840039667223024, 10.02821343584255054, 379.6682004846153404 ) ) ;
#4156 = CARTESIAN_POINT ( 'NONE',  ( 27.77207474814350263, 54.66322140410060371, 61.14782152739744703 ) ) ;
#4157 = CARTESIAN_POINT ( 'NONE',  ( 44.81548096869625653, 27.82063738635255490, 68.22181931225466656 ) ) ;
#4158 = CARTESIAN_POINT ( 'NONE',  ( 1.744389413586290738, -28.32767317316369571, 403.3960499528543551 ) ) ;
#4160 = CARTESIAN_POINT ( 'NONE',  ( -34.70107150325974033, 79.42247755762765848, 297.4643994933830413 ) ) ;
#4159 = CARTESIAN_POINT ( 'NONE',  ( 53.64049804136175936, 3.885630021910046583, 201.7385585421835685 ) ) ;
#4161 = CARTESIAN_POINT ( 'NONE',  ( -44.77908362109246099, 38.91073688060912161, 85.84271726682911208 ) ) ;
#4162 = CARTESIAN_POINT ( 'NONE',  ( 22.53352597700328985, 91.61916941003116222, 335.9100601082063804 ) ) ;
#4163 = CARTESIAN_POINT ( 'NONE',  ( -32.15060573785416409, 48.49371753065316426, 56.52528840034557334 ) ) ;
#4164 = CARTESIAN_POINT ( 'NONE',  ( -49.40787041000889701, 50.57741582521872203, 221.5582872790466524 ) ) ;
#4165 = CARTESIAN_POINT ( 'NONE',  ( -19.40000000029201388, 58.14612598460460191, 54.56544031522496141 ) ) ;
#4166 = CARTESIAN_POINT ( 'NONE',  ( -40.11145221864956767, -44.86715700630711723, 174.9897969731160288 ) ) ;
#4167 = CARTESIAN_POINT ( 'NONE',  ( 39.38456918017836017, -45.16207994966118378, 95.91499236189125099 ) ) ;
#4169 = CARTESIAN_POINT ( 'NONE',  ( -37.34796294113852611, 81.00468771001025914, 174.9433869247069708 ) ) ;
#4168 = CARTESIAN_POINT ( 'NONE',  ( 30.41892854942113189, 36.26981476518886183, 338.0774702365528128 ) ) ;
#4170 = B_SPLINE_CURVE_WITH_KNOTS ( 'NONE', 3,
 ( #2463, #2425, #7059, #2500, #4738, #6072, #4818, #3104 ),
 .UNSPECIFIED., .F., .F.,
 ( 4, 2, 2, 4 ),
 ( 9.028220438567231526E-19, 0.009525145013567761984, 0.01428771752035163517, 0.01905029002713550662 ),
 .UNSPECIFIED. ) ;
#4171 = CARTESIAN_POINT ( 'NONE',  ( 31.48166315755587874, 51.50841978424661249, 61.08387389742132711 ) ) ;
#4172 = CARTESIAN_POINT ( 'NONE',  ( 12.70082764031642242, 107.0885464565526632, 267.5875769603583194 ) ) ;
#4173 = CARTESIAN_POINT ( 'NONE',  ( 17.56057683250850232, 57.69447925765759067, 56.67193556968850743 ) ) ;
#4174 = CARTESIAN_POINT ( 'NONE',  ( 4.789880424296416805, 59.69594724186622869, 52.54223714079380869 ) ) ;
#4175 = CARTESIAN_POINT ( 'NONE',  ( 0.000000000000000000, 81.44057322201170734, 121.1659485889601058 ) ) ;
#4176 = CARTESIAN_POINT ( 'NONE',  ( 44.06607538012168845, 41.19591401663944197, 85.86908497374437843 ) ) ;
#4177 = CARTESIAN_POINT ( 'NONE',  ( -14.72007979938563160, 107.2851225326936486, 283.7467555996641408 ) ) ;
#4178 = CARTESIAN_POINT ( 'NONE',  ( -23.33226205077124149, 92.32417911577387315, 174.9451696663910525 ) ) ;
#4179 = DIRECTION ( 'NONE',  ( 1.000000000000000000, -0.000000000000000000, 0.000000000000000000 ) ) ;
#4180 = CARTESIAN_POINT ( 'NONE',  ( 12.37148435815167247, -12.80642019085374805, 409.0779284778318470 ) ) ;
#4181 = CARTESIAN_POINT ( 'NONE',  ( -18.74158666523548078, 56.06413441511482887, 55.87837086248588037 ) ) ;
#4182 = ORIENTED_EDGE ( 'NONE', *, *, #2627, .T. ) ;
#4183 = CARTESIAN_POINT ( 'NONE',  ( -19.05246276871748989, 58.63496716566871925, 54.49798735215759393 ) ) ;
#4184 = CARTESIAN_POINT ( 'NONE',  ( 28.99334183234836004, 65.36899045963347987, 91.67278172731693076 ) ) ;
#4185 = STYLED_ITEM ( 'NONE', ( #3506 ), #4014 ) ;
#4186 = CARTESIAN_POINT ( 'NONE',  ( -22.50262248102884044, 55.75749444462377369, 56.65631170732013544 ) ) ;
#4187 = CARTESIAN_POINT ( 'NONE',  ( -47.42311299082387421, -26.06454106322092557, 236.0542629271719477 ) ) ;
#4188 = CARTESIAN_POINT ( 'NONE',  ( 40.35171159620511361, 81.29509940040917115, 221.5923830886852386 ) ) ;
#4189 = CARTESIAN_POINT ( 'NONE',  ( 29.85604719301241872, 77.21594285293561200, 120.0000000000000711 ) ) ;
#4190 = CARTESIAN_POINT ( 'NONE',  ( 54.60395312582040361, -5.824797706672109499, 95.91850950000637965 ) ) ;
#4191 = CARTESIAN_POINT ( 'NONE',  ( -0.8326586840841655457, -33.81514786224870051, 373.0277760323177176 ) ) ;
#4192 = EDGE_CURVE ( 'NONE', #5331, #5794, #5332, .T. ) ;
#4193 = CARTESIAN_POINT ( 'NONE',  ( -30.54233710789004874, 60.52383288049511378, 80.90675388977223292 ) ) ;
#4194 = CARTESIAN_POINT ( 'NONE',  ( -36.48609991179280598, 4.381582552084140936, 10.00000000000001066 ) ) ;
#4195 = CARTESIAN_POINT ( 'NONE',  ( 30.38853017970421178, 67.72451788947380180, 103.0022312174201033 ) ) ;
#4196 = CARTESIAN_POINT ( 'NONE',  ( 19.39999999930045149, 61.31103668807058682, 65.28591561524969222 ) ) ;
#4197 = CARTESIAN_POINT ( 'NONE',  ( -37.25073617250676250, -5.996602668736216835, 10.00000000000000888 ) ) ;
#4198 = CARTESIAN_POINT ( 'NONE',  ( 7.664988434405163531, -55.04052527748910961, 149.1147833856423404 ) ) ;
#4200 = CARTESIAN_POINT ( 'NONE',  ( -36.36731059338014660, 72.43720910548549341, 297.3681172835086386 ) ) ;
#4199 = CARTESIAN_POINT ( 'NONE',  ( 52.44365113487421581, 2.496250032803407848, 221.5240570457676768 ) ) ;
#4201 = CARTESIAN_POINT ( 'NONE',  ( -43.20342718821397199, 38.52047986378756406, 75.37311807151969845 ) ) ;
#4202 = CARTESIAN_POINT ( 'NONE',  ( 35.65019865020066447, 86.39537904418227754, 201.7350507500975141 ) ) ;
#4203 = CARTESIAN_POINT ( 'NONE',  ( -32.25868375003214794, 48.37171204956840853, 56.52278582084561265 ) ) ;
#4204 = CARTESIAN_POINT ( 'NONE',  ( -46.39099346340622532, 62.85650980306269275, 236.2434506562701415 ) ) ;
#4205 = DIRECTION ( 'NONE',  ( 0.000000000000000000, 0.2426131491297437159, 0.9701231158308458724 ) ) ;
#4206 = CARTESIAN_POINT ( 'NONE',  ( -19.92709132600696975, -25.22010027183121750, 376.5590996151598802 ) ) ;
#4207 = CARTESIAN_POINT ( 'NONE',  ( 29.22220034755079254, -49.38569192654368578, 82.48352416761068184 ) ) ;
#4208 = AXIS2_PLACEMENT_3D ( 'NONE', #2470, #4213, #7067 ) ;
#4210 = CARTESIAN_POINT ( 'NONE',  ( -15.87579328852780414, 85.19693581198670529, 373.3064667252252775 ) ) ;
#4209 = CARTESIAN_POINT ( 'NONE',  ( 48.25249968333858419, 37.71559643073383228, 251.0591966126242198 ) ) ;
#4211 = CARTESIAN_POINT ( 'NONE',  ( 35.01464279022556525, 58.03200856095661209, 86.16410783679630470 ) ) ;
#4212 = CARTESIAN_POINT ( 'NONE',  ( 24.78722789602745280, 81.59293376058032266, 125.2812312085348481 ) ) ;
#4213 = DIRECTION ( 'NONE',  ( 5.066785246855193092E-15, -0.9999327789099293762, 0.01159472558823639726 ) ) ;
#4214 = FACE_OUTER_BOUND ( 'NONE', #3353, .T. ) ;
#4215 = CARTESIAN_POINT ( 'NONE',  ( 43.55138074417963168, 45.16071470661262310, 91.26154191556197759 ) ) ;
#4216 = CARTESIAN_POINT ( 'NONE',  ( -36.95043263575886527, 44.00339042447714633, 60.29057105325747301 ) ) ;
#4217 = CARTESIAN_POINT ( 'NONE',  ( -24.86566256446011636, 95.38712467748815982, 201.7344710980710261 ) ) ;
#4218 = CARTESIAN_POINT ( 'NONE',  ( -19.50517043824832442, 60.90137281729546714, 56.06464069930489558 ) ) ;
#4219 = CARTESIAN_POINT ( 'NONE',  ( 30.11766121558373399, -31.76031274197908161, 9.999999999999978684 ) ) ;
#4220 = CARTESIAN_POINT ( 'NONE',  ( -48.13029879906801511, 52.23673727576625225, 119.9999999999999858 ) ) ;
#4221 = ORIENTED_EDGE ( 'NONE', *, *, #5649, .F. ) ;
#4222 = CARTESIAN_POINT ( 'NONE',  ( 0.000000000000000000, 112.1035485132183425, 309.3073450306594623 ) ) ;
#4223 = CARTESIAN_POINT ( 'NONE',  ( 24.77161981060277895, 58.62547573721408156, 65.93324551699798519 ) ) ;
#4224 = CARTESIAN_POINT ( 'NONE',  ( -24.59285774288526483, 76.34076800147113318, 121.0600857974046249 ) ) ;
#4225 = CARTESIAN_POINT ( 'NONE',  ( -53.33577864821938874, -28.22758290619524502, 125.3258929774047061 ) ) ;
#4226 = CARTESIAN_POINT ( 'NONE',  ( 4.999999999999995559, 49.88476476253047309, 409.0779284778313922 ) ) ;
#4227 = CARTESIAN_POINT ( 'NONE',  ( -6.342557882956548099, 57.79751453871479328, 53.28132919200212569 ) ) ;
#4228 = CARTESIAN_POINT ( 'NONE',  ( 53.79603975428314300, -5.234958266707274710, 201.7386358935324040 ) ) ;
#4229 = CARTESIAN_POINT ( 'NONE',  ( -0.2691328890395047191, -28.42617189643529585, 403.3873918172317872 ) ) ;
#4230 = CARTESIAN_POINT ( 'NONE',  ( -33.33884917695255012, 68.34867108604348118, 114.6990730747463942 ) ) ;
#4231 = CARTESIAN_POINT ( 'NONE',  ( -53.15991088711161439, 5.320218428725753235, 82.46894297849196676 ) ) ;
#4232 = CARTESIAN_POINT ( 'NONE',  ( 31.30837972673640479, 63.56816270442368477, 91.62415353605048551 ) ) ;
#4233 = CARTESIAN_POINT ( 'NONE',  ( -18.93914544849985404, 55.66029242548084000, 53.23888800552609268 ) ) ;
#4234 = CARTESIAN_POINT ( 'NONE',  ( -45.20801201570631633, -5.160691210804468909, 282.1652174902296224 ) ) ;
#4235 = CARTESIAN_POINT ( 'NONE',  ( 1.096416134463319425, -49.28920418735288678, 251.6521130056177356 ) ) ;
#4237 = CARTESIAN_POINT ( 'NONE',  ( -6.733884874399126197, 63.75276495332270343, 403.9664691572650099 ) ) ;
#4236 = CARTESIAN_POINT ( 'NONE',  ( 12.47994127228410655, 1.935646108805006316, 397.5039107733113042 ) ) ;
#4238 = CARTESIAN_POINT ( 'NONE',  ( -41.40373324725825199, 37.80301539992699134, 65.54404132246791903 ) ) ;
#4239 = CARTESIAN_POINT ( 'NONE',  ( 22.38662345868551284, 38.23771720285905928, 17.21337615294903145 ) ) ;
#4240 = AXIS2_PLACEMENT_3D ( 'NONE', #1766, #1612, #2933 ) ;
#4241 = CARTESIAN_POINT ( 'NONE',  ( -36.94097944895180774, 64.29734828779068323, 114.6084891886081181 ) ) ;
#4242 = CARTESIAN_POINT ( 'NONE',  ( -47.42182471711966940, 61.40338546030541522, 221.5697978427198791 ) ) ;
#4243 = CARTESIAN_POINT ( 'NONE',  ( 18.78895184285920905, 61.04778526424630769, 65.69647309173464578 ) ) ;
#4244 = CARTESIAN_POINT ( 'NONE',  ( -21.49987447001116081, -37.19104895231556895, 321.3825181384673897 ) ) ;
#4245 = CARTESIAN_POINT ( 'NONE',  ( 14.56862547842902345, -39.74514691811921807, 321.1726778939467408 ) ) ;
#4247 = CARTESIAN_POINT ( 'NONE',  ( -10.92152831759074694, 78.18933645425772738, 409.0779284778315628 ) ) ;
#4246 = CARTESIAN_POINT ( 'NONE',  ( 11.60833953122613771, 24.48597110836148261, 396.3983814618156885 ) ) ;
#4248 = CARTESIAN_POINT ( 'NONE',  ( 34.32172406122478492, 52.73585413716874370, 70.71018431461020270 ) ) ;
#4249 = CARTESIAN_POINT ( 'NONE',  ( 15.15485729899162237, 41.80643299578758132, 17.18509834838635442 ) ) ;
#4250 = CARTESIAN_POINT ( 'NONE',  ( 0.000000000000000000, 58.69594724149216347, 52.54223714097982167 ) ) ;
#4251 = CARTESIAN_POINT ( 'NONE',  ( -19.40000000029201033, 56.97571379152726223, 53.25794598654355383 ) ) ;
#4252 = ADVANCED_FACE ( 'NONE', ( #1878 ), #2628, .T. ) ;
#4253 = CARTESIAN_POINT ( 'NONE',  ( 46.77354600100748172, 44.43690477513386838, 120.5255203777841615 ) ) ;
#4254 = CARTESIAN_POINT ( 'NONE',  ( -19.40000000029196059, 58.98778066310500634, 56.54320121508079922 ) ) ;
#4255 = CARTESIAN_POINT ( 'NONE',  ( -19.32408837528868517, 100.1210735848877391, 390.6459917747448571 ) ) ;
#4256 = CARTESIAN_POINT ( 'NONE',  ( -19.40000000029201388, 59.90673787976722764, 63.68682034436694295 ) ) ;
#4257 = CARTESIAN_POINT ( 'NONE',  ( 46.66482396516895648, -31.42332096708420153, 61.09870048795522024 ) ) ;
#4258 = CARTESIAN_POINT ( 'NONE',  ( -43.04728843478643796, 63.08791283066228317, 119.9999999999999574 ) ) ;
#4259 = ORIENTED_EDGE ( 'NONE', *, *, #7019, .F. ) ;
#4260 = B_SPLINE_CURVE_WITH_KNOTS ( 'NONE', 3,
 ( #3487, #1750, #5819, #7443 ),
 .UNSPECIFIED., .F., .F.,
 ( 4, 4 ),
 ( 0.003667065179513677095, 0.01167240246661500370 ),
 .UNSPECIFIED. ) ;
#4261 = CARTESIAN_POINT ( 'NONE',  ( 1.336608252918339845, 114.1269897751958524, 352.8396104960729076 ) ) ;
#4262 = CARTESIAN_POINT ( 'NONE',  ( 30.04757691512111961, 72.73062614541547077, 120.9592321118299623 ) ) ;
#4263 = CARTESIAN_POINT ( 'NONE',  ( -10.96314432246699511, 59.36281333292366469, 56.67480520147838519 ) ) ;
#4264 = CARTESIAN_POINT ( 'NONE',  ( 45.19632424720922614, 65.29408024470251348, 149.0322289706319907 ) ) ;
#4265 = CARTESIAN_POINT ( 'NONE',  ( -14.91999509498911891, 56.32675072884202194, 53.64912751881579567 ) ) ;
#4266 = CARTESIAN_POINT ( 'NONE',  ( 49.11064495348283288, -8.371359114841421700, 250.8422388099025966 ) ) ;
#4267 = CARTESIAN_POINT ( 'NONE',  ( -0.3357357398032463913, -46.06296908967431136, 283.5898144950127744 ) ) ;
#4268 = CARTESIAN_POINT ( 'NONE',  ( -33.48391427959744249, 68.20474073518818159, 114.6954211453719381 ) ) ;
#4269 = CARTESIAN_POINT ( 'NONE',  ( -42.55527518931727826, 6.407974814295117838, 296.6819308671617250 ) ) ;
#4270 = CARTESIAN_POINT ( 'NONE',  ( 31.87040498664983090, 64.83443839812130705, 97.18796388695444932 ) ) ;
#4271 = CYLINDRICAL_SURFACE ( 'NONE', #7157, 9.400000000000005684 ) ;
#4272 = CARTESIAN_POINT ( 'NONE',  ( -16.18877599945571077, -6.135064327980093601, 397.6353357116028633 ) ) ;
#4273 = CARTESIAN_POINT ( 'NONE',  ( 2.802385247906290733, -52.44926537521283905, 211.1920100114977288 ) ) ;
#4274 = CARTESIAN_POINT ( 'NONE',  ( 45.45204770596637900, 0.3727522723604285715, 282.1758872807046714 ) ) ;
#4275 = CARTESIAN_POINT ( 'NONE',  ( -11.12643009962735619, -48.77537923458597646, 251.5998885826404887 ) ) ;
#4276 = CARTESIAN_POINT ( 'NONE',  ( -42.05696892792050079, 38.87943640633789499, 70.46771954876861344 ) ) ;
#4277 = CARTESIAN_POINT ( 'NONE',  ( 8.915904919500972525, 77.31904124755081398, 403.4875723216958363 ) ) ;
#4278 = CARTESIAN_POINT ( 'NONE',  ( -36.51828633993164885, 59.93437632903372503, 97.06885810939462544 ) ) ;
#4279 = CARTESIAN_POINT ( 'NONE',  ( -32.61100185019126485, 18.52587481360840371, 10.00000000000000000 ) ) ;
#4280 = DIRECTION ( 'NONE',  ( -1.000000000000000000, 0.000000000000000000, 0.000000000000000000 ) ) ;
#4281 = CARTESIAN_POINT ( 'NONE',  ( -11.33694322187388615, -31.29984670399591806, 374.1151337337796576 ) ) ;
#4282 = CARTESIAN_POINT ( 'NONE',  ( 25.72734408978171317, -52.43181408899979346, 125.3277519368417643 ) ) ;
#4284 = CARTESIAN_POINT ( 'NONE',  ( -19.11394196962814007, 87.47861814996817031, 354.6337648437792041 ) ) ;
#4283 = CARTESIAN_POINT ( 'NONE',  ( 35.46291016281881525, 9.800172617254936824, 9.999999999999991118 ) ) ;
#4285 = CARTESIAN_POINT ( 'NONE',  ( 35.35235611753196849, 55.70936755142013652, 80.78726577933193198 ) ) ;
#4286 = CARTESIAN_POINT ( 'NONE',  ( 25.20744145859664798, 93.96457281996649158, 192.3870700509336586 ) ) ;
#4287 = EDGE_CURVE ( 'NONE', #853, #4682, #5698, .T. ) ;
#4288 = CARTESIAN_POINT ( 'NONE',  ( -1.613030637190662864, 60.92116226321962102, 52.84991015355760879 ) ) ;
#4289 = CARTESIAN_POINT ( 'NONE',  ( 43.89969634479081861, 36.32213639950155226, 75.34731670093881917 ) ) ;
#4290 = CARTESIAN_POINT ( 'NONE',  ( -27.62737468262253770, 53.27734860375299775, 57.97129408515358762 ) ) ;
#4291 = PRODUCT_RELATED_PRODUCT_CATEGORY ( 'part', '', ( #3814 ) ) ;
#4292 = CARTESIAN_POINT ( 'NONE',  ( -17.45199481949984843, 106.2700724878012437, 309.2973054539528448 ) ) ;
#4293 = CARTESIAN_POINT ( 'NONE',  ( -49.21061636734455647, 25.26893559294310876, 102.4679395627657925 ) ) ;
#4294 = CARTESIAN_POINT ( 'NONE',  ( 46.06458377756364797, -36.36839824077023309, 201.7429362006575673 ) ) ;
#4295 = CARTESIAN_POINT ( 'NONE',  ( -3.708625332604054581, 84.80114865916729627, 120.0000000000000284 ) ) ;
#4296 = ORIENTED_EDGE ( 'NONE', *, *, #2120, .T. ) ;
#4297 = CARTESIAN_POINT ( 'NONE',  ( -19.27142089490759247, 60.71691700630974253, 65.29189998060903122 ) ) ;
#4298 = CARTESIAN_POINT ( 'NONE',  ( 26.13762173678288647, 68.95582467993465059, 97.30216595714375671 ) ) ;
#4299 = CARTESIAN_POINT ( 'NONE',  ( -14.99601218250528945, 58.46844453346538728, 56.67460686668810865 ) ) ;
#4300 = CARTESIAN_POINT ( 'NONE',  ( 48.36630157201634006, 59.33220355971721460, 201.7365223176491895 ) ) ;
#4301 = EDGE_CURVE ( 'NONE', #5794, #3730, #6255, .T. ) ;
#4302 = DIRECTION ( 'NONE',  ( -6.938893903907263088E-15, 0.9198229214394300080, -0.3923337777895655187 ) ) ;
#4303 = CARTESIAN_POINT ( 'NONE',  ( 56.16915725327315556, -8.567462097191317127, 149.0516136338366948 ) ) ;
#4304 = CARTESIAN_POINT ( 'NONE',  ( 0.000000000000000000, -55.30562586863180030, 125.3284483089479551 ) ) ;
#4305 = CARTESIAN_POINT ( 'NONE',  ( -32.24164178387849944, 70.87083241434245906, 120.9107541885587267 ) ) ;
#4306 = CARTESIAN_POINT ( 'NONE',  ( -55.48203387375408369, 4.732193941020314654, 125.3243004968625200 ) ) ;
#4307 = CARTESIAN_POINT ( 'NONE',  ( 28.62879198652363399, 54.01487828429402072, 61.13511754260152742 ) ) ;
#4308 = CARTESIAN_POINT ( 'NONE',  ( -12.73359183190773614, 59.35317699259070423, 52.81894414038492869 ) ) ;
#4309 = CARTESIAN_POINT ( 'NONE',  ( -52.29861167526561161, -5.729493552835315029, 221.5228027656295353 ) ) ;
#4310 = CARTESIAN_POINT ( 'NONE',  ( 2.567412874371581832, -49.27414381656933529, 251.6497886231556720 ) ) ;
#4311 = CARTESIAN_POINT ( 'NONE',  ( 46.10908392636976316, -0.6964172412991556094, 34.39493335455203038 ) ) ;
#4312 = CARTESIAN_POINT ( 'NONE',  ( -13.43485868081507917, -39.43262393932921839, 10.00000000000001066 ) ) ;
#4313 = CARTESIAN_POINT ( 'NONE',  ( -43.52914326850922322, 54.26739989716500645, 120.6173585623333651 ) ) ;
#4314 = CARTESIAN_POINT ( 'NONE',  ( 35.62902936542073462, 73.95812813780807460, 125.2873797872261719 ) ) ;
#4315 = CARTESIAN_POINT ( 'NONE',  ( -34.49473945816252751, 63.94557498005244867, 102.9047993629129678 ) ) ;
#4316 = CARTESIAN_POINT ( 'NONE',  ( -34.03696302607745139, 46.00964064787180519, 321.8398993681790330 ) ) ;
#4317 = CARTESIAN_POINT ( 'NONE',  ( 17.32839718288807873, 57.49223814328331628, 53.09335152568147720 ) ) ;
#4318 =( BOUNDED_SURFACE ( )  B_SPLINE_SURFACE ( 3, 2, ( 
 ( #5216, #737, #1152 ),
 ( #2367, #3044, #1191 ),
 ( #7003, #2404, #7076 ),
 ( #4683, #7493, #5902 ),
 ( #16, #4033, #6358 ),
 ( #663, #2330, #5792 ),
 ( #4719, #587, #6964 ),
 ( #1761, #3499, #7039 ) ),
 .UNSPECIFIED., .F., .F., .F. ) 
 B_SPLINE_SURFACE_WITH_KNOTS ( ( 4, 2, 2, 4 ),
 ( 3, 3 ),
 ( 3.469446951953614189E-18, 0.004824546334548591824, 0.009649092669097180178, 0.01929818533819435689 ),
 ( 0.000000000000000000, 1.000000000000000000 ),
 .UNSPECIFIED. ) 
 GEOMETRIC_REPRESENTATION_ITEM ( )  RATIONAL_B_SPLINE_SURFACE ( (
 ( 1.000000000000000000, 0.5546842797283969562, 1.000000000000000000),
 ( 1.000000000000000000, 0.5546881288702355528, 1.000000000000000000),
 ( 1.000000000000000000, 0.5546844829948631705, 1.000000000000000000),
 ( 1.000000000000000000, 0.5546816565567709301, 1.000000000000000000),
 ( 1.000000000000000000, 0.5546807249638773252, 1.000000000000000000),
 ( 1.000000000000000000, 0.5546766452395343050, 1.000000000000000000),
 ( 1.000000000000000000, 0.5546828036501046943, 1.000000000000000000),
 ( 1.000000000000000000, 0.5546828036501046943, 1.000000000000000000) ) ) 
 REPRESENTATION_ITEM ( '' )  SURFACE ( )  );
#4319 = CARTESIAN_POINT ( 'NONE',  ( -17.14027050436316912, -46.27119879558598114, 267.1970333143100333 ) ) ;
#4320 = CARTESIAN_POINT ( 'NONE',  ( 22.27334005151897145, -46.64898668449016839, 251.4657667690855476 ) ) ;
#4322 = CARTESIAN_POINT ( 'NONE',  ( -31.49248036509828097, 57.10904052710888124, 60.96043707223196861 ) ) ;
#4321 = CARTESIAN_POINT ( 'NONE',  ( 54.27721004450526721, 26.36209160554729891, 149.0464571627384487 ) ) ;
#4323 = CARTESIAN_POINT ( 'NONE',  ( 35.95509237887663545, 56.89476119853106439, 86.13775306895144013 ) ) ;
#4324 = CARTESIAN_POINT ( 'NONE',  ( 18.58940281578481191, 102.6263283900802747, 402.9030739255282469 ) ) ;
#4325 = CARTESIAN_POINT ( 'NONE',  ( -33.80310329663551983, 47.93273363713828417, 55.48403932038547737 ) ) ;
#4326 = B_SPLINE_CURVE_WITH_KNOTS ( 'NONE', 3,
 ( #4448, #1528, #5714, #5636, #7377, #1077 ),
 .UNSPECIFIED., .F., .F.,
 ( 4, 2, 4 ),
 ( 6.938893903907228378E-18, 0.0003163939905366994752, 0.0006327879810733920115 ),
 .UNSPECIFIED. ) ;
#4327 = CARTESIAN_POINT ( 'NONE',  ( 45.51100171020982543, 41.44003442379905522, 96.78799788202996979 ) ) ;
#4328 = LINE ( 'NONE', #197, #4605 ) ;
#4329 = CARTESIAN_POINT ( 'NONE',  ( -20.00719402132296665, 94.66923183675297082, 403.0270400747649546 ) ) ;
#4330 = CARTESIAN_POINT ( 'NONE',  ( -47.48579479104606804, 23.10449601672934605, 80.36298818479662032 ) ) ;
#4331 = CARTESIAN_POINT ( 'NONE',  ( 33.33262333261735932, -33.36766348656205139, 297.1381408256923464 ) ) ;
#4332 = CARTESIAN_POINT ( 'NONE',  ( 30.74224029053943141, 58.82584670136392901, 69.01573210266550973 ) ) ;
#4333 = VERTEX_POINT ( 'NONE', #3953 ) ;
#4334 = CARTESIAN_POINT ( 'NONE',  ( 1.842107943879067511, 78.14528303371176321, 95.91466575645878834 ) ) ;
#4335 = CARTESIAN_POINT ( 'NONE',  ( 5.638241490640949927, 71.13525830151837681, 86.46845501892910590 ) ) ;
#4336 = CARTESIAN_POINT ( 'NONE',  ( -17.75239922799009307, 74.21776830234573197, 103.1771611901781256 ) ) ;
#4337 = CARTESIAN_POINT ( 'NONE',  ( 29.36377119074981934, 32.00499231639761888, 17.25301837547245398 ) ) ;
#4338 = CARTESIAN_POINT ( 'NONE',  ( 11.03815858091649282, 57.13897299595810608, 53.44601047951482542 ) ) ;
#4339 = CARTESIAN_POINT ( 'NONE',  ( 40.58180624808183978, -8.088709443575298863, 17.38835723003943201 ) ) ;
#4340 = CARTESIAN_POINT ( 'NONE',  ( -0.4052993165811991649, -53.06138260155652375, 201.7522653698673594 ) ) ;
#4341 = CARTESIAN_POINT ( 'NONE',  ( 22.08917366378628699, 53.72871907900182009, 53.53438102678784105 ) ) ;
#4342 = CARTESIAN_POINT ( 'NONE',  ( -32.29185755605278274, 69.33925615736123405, 114.7242927188654988 ) ) ;
#4343 = CARTESIAN_POINT ( 'NONE',  ( -37.11582768008015165, 4.126411538484521024, 322.2479496672474966 ) ) ;
#4344 = CARTESIAN_POINT ( 'NONE',  ( 31.45926399448784849, 63.44012901550232186, 91.62076206326759120 ) ) ;
#4345 = CARTESIAN_POINT ( 'NONE',  ( -23.30853716622888072, 56.57971423192028482, 53.59590383551926607 ) ) ;
#4346 = CARTESIAN_POINT ( 'NONE',  ( -9.062682252513919678, -6.199355075001129478, 409.0779284778312217 ) ) ;
#4347 = CARTESIAN_POINT ( 'NONE',  ( 0.2899884842208029223, -36.81024945201490794, 354.2041573336304623 ) ) ;
#4348 = CARTESIAN_POINT ( 'NONE',  ( 51.19283341886868755, -1.418342443383782125, 61.09838254482392017 ) ) ;
#4349 = CARTESIAN_POINT ( 'NONE',  ( -5.842918442561731318, -25.88345271190880581, 409.0779284778313354 ) ) ;
#4350 = CARTESIAN_POINT ( 'NONE',  ( -40.42338219637660046, 37.32259446539098491, 60.83544477709477860 ) ) ;
#4351 = CARTESIAN_POINT ( 'NONE',  ( 39.68840218272915621, 74.10867632275170536, 149.0283759203965133 ) ) ;
#4352 = VERTEX_POINT ( 'NONE', #6804 ) ;
#4353 = CARTESIAN_POINT ( 'NONE',  ( -31.48808662226776889, 49.21307717562653039, 56.54017013783877843 ) ) ;
#4354 = CARTESIAN_POINT ( 'NONE',  ( -40.58958712492802334, 38.33041464672570697, 296.9364745630688844 ) ) ;
#4355 = CARTESIAN_POINT ( 'NONE',  ( -19.40000000029073846, 59.68565736514613462, 64.71649312434092849 ) ) ;
#4356 = CARTESIAN_POINT ( 'NONE',  ( -30.00921015918430967, -49.05615399652651831, 192.4159141348477817 ) ) ;
#4357 = CARTESIAN_POINT ( 'NONE',  ( 20.51761555168110007, -53.61494776721651334, 125.3279820937239464 ) ) ;
#4359 = CARTESIAN_POINT ( 'NONE',  ( -7.536500856464525278, 75.14935617256300304, 403.5689128249438795 ) ) ;
#4358 = CARTESIAN_POINT ( 'NONE',  ( 52.05181209475855297, 29.32913481788226662, 211.2178035932212197 ) ) ;
#4360 = CARTESIAN_POINT ( 'NONE',  ( 34.46392002710009450, 54.72326877900058406, 75.65674313011525953 ) ) ;
#4361 = CARTESIAN_POINT ( 'NONE',  ( 22.27590989190955995, 99.54393664954999110, 320.9940866556803485 ) ) ;
#4362 = CARTESIAN_POINT ( 'NONE',  ( -35.35002763479738519, 46.90114120517303320, 60.99068711482350835 ) ) ;
#4363 = CARTESIAN_POINT ( 'NONE',  ( -54.01771120235723345, -22.56028979053941441, 174.9447632498215341 ) ) ;
#4364 = CARTESIAN_POINT ( 'NONE',  ( 44.54787369624946791, 39.68035684711937705, 85.85125624813098000 ) ) ;
#4365 = CARTESIAN_POINT ( 'NONE',  ( -40.97580752585034247, 36.80332577899653046, 62.09119854998687060 ) ) ;
#4366 = CARTESIAN_POINT ( 'NONE',  ( -17.74391418465200587, 40.78159070478828596, 17.19410021733877514 ) ) ;
#4367 = CARTESIAN_POINT ( 'NONE',  ( -47.50723870149261074, 37.96711185598427107, 108.3206563449263342 ) ) ;
#4368 = CARTESIAN_POINT ( 'NONE',  ( 45.03087486474194634, -42.11158647168753077, 149.0779053964697596 ) ) ;
#4369 = CARTESIAN_POINT ( 'NONE',  ( -19.40000000029201033, 55.02647658623867244, 54.01034359787292516 ) ) ;
#4370 = CARTESIAN_POINT ( 'NONE',  ( 1.418941784856243782, 112.7580379459900257, 320.7469887188660209 ) ) ;
#4371 = CARTESIAN_POINT ( 'NONE',  ( 3.920387614969713219, 73.03683304966224910, 91.84552376457507705 ) ) ;
#4372 = CARTESIAN_POINT ( 'NONE',  ( -15.11134792973159158, 79.86040669478855136, 121.1445895979515655 ) ) ;
#4373 = CARTESIAN_POINT ( 'NONE',  ( 45.26421899945542293, 52.37729001117786964, 95.91647932411274269 ) ) ;
#4374 = CARTESIAN_POINT ( 'NONE',  ( -18.90000000029201388, 59.90673787976722764, 63.68682034436694295 ) ) ;
#4375 = CARTESIAN_POINT ( 'NONE',  ( 38.17434164725789714, -8.019602869098644504, 322.2740212379210334 ) ) ;
#4376 = CARTESIAN_POINT ( 'NONE',  ( 16.15513929304202279, 79.27824005533076956, 120.0000000000000568 ) ) ;
#4377 = CARTESIAN_POINT ( 'NONE',  ( -0.8578399856530698475, -43.22593047603809424, 17.33793795737609145 ) ) ;
#4378 = ORIENTED_EDGE ( 'NONE', *, *, #2954, .T. ) ;
#4379 = CARTESIAN_POINT ( 'NONE',  ( -29.73972145467095274, 59.23931213350034852, 75.76570849602489943 ) ) ;
#4380 = CARTESIAN_POINT ( 'NONE',  ( -36.94768383544862900, 6.048733712955052688, 322.2390044714872488 ) ) ;
#4381 = CARTESIAN_POINT ( 'NONE',  ( 32.32015241817716600, 64.43433530190507952, 97.17746747527097284 ) ) ;
#4382 = CARTESIAN_POINT ( 'NONE',  ( -19.05296518916314952, 58.22071724677491744, 53.52525228497822951 ) ) ;
#4383 = CARTESIAN_POINT ( 'NONE',  ( -47.21193612845348042, -8.313957729109382910, 266.0946107118872987 ) ) ;
#4384 = CARTESIAN_POINT ( 'NONE',  ( 2.012852703318687819, -43.21139911610217865, 17.33808266339802273 ) ) ;
#4385 = CARTESIAN_POINT ( 'NONE',  ( 53.53398174288324896, -3.006056001966841418, 82.46850984104828797 ) ) ;
#4386 = CARTESIAN_POINT ( 'NONE',  ( -9.204064769206167895, -32.14212571159134768, 373.7354215205707533 ) ) ;
#4387 = CARTESIAN_POINT ( 'NONE',  ( -44.07310104055762423, 43.65635748760468715, 91.24277212220496835 ) ) ;
#4388 = ORIENTED_EDGE ( 'NONE', *, *, #5191, .T. ) ;
#4389 = CARTESIAN_POINT ( 'NONE',  ( -33.72377456295112097, 61.32665736306804405, 91.56568082345152959 ) ) ;
#4390 = CARTESIAN_POINT ( 'NONE',  ( -52.31769243872171415, 41.00271869968549510, 174.9380804985118800 ) ) ;
#4391 = CARTESIAN_POINT ( 'NONE',  ( -46.20388145356462672, 33.24609633405979991, 63.02377802984153732 ) ) ;
#4392 = CARTESIAN_POINT ( 'NONE',  ( 19.39999999930045860, 56.97571379184813622, 53.25794598645856581 ) ) ;
#4393 = CARTESIAN_POINT ( 'NONE',  ( -24.38374426688051244, -41.96915947846640194, 283.1402608894696300 ) ) ;
#4394 = CARTESIAN_POINT ( 'NONE',  ( 19.59418128329283704, -41.74488511344410568, 297.5739432275273089 ) ) ;
#4396 = CARTESIAN_POINT ( 'NONE',  ( -36.82132204911098228, 86.96241479493188820, 221.5992057283343399 ) ) ;
#4395 = CARTESIAN_POINT ( 'NONE',  ( 4.969399662952201702, 12.56197045733627071, 409.0779284778313922 ) ) ;
#4397 = EDGE_CURVE ( 'NONE', #4964, #5791, #7048, .T. ) ;
#4398 = CARTESIAN_POINT ( 'NONE',  ( 35.00504390798072762, 56.12740225240794700, 80.79707426276100080 ) ) ;
#4399 = CARTESIAN_POINT ( 'NONE',  ( 27.96181233881426209, 95.73030421943118995, 221.6112843132530372 ) ) ;
#4400 = CARTESIAN_POINT ( 'NONE',  ( -40.36784200904293840, 59.26529564777983694, 114.5185902730118528 ) ) ;
#4401 = CARTESIAN_POINT ( 'NONE',  ( -53.53557479834217503, -28.13667817857233189, 149.0615994475289199 ) ) ;
#4402 = CARTESIAN_POINT ( 'NONE',  ( 46.78575814655945919, 36.57832784544844174, 96.74485783961534935 ) ) ;
#4403 = CARTESIAN_POINT ( 'NONE',  ( -1.839319644667390730, 102.5138913959915783, 211.2204768672874309 ) ) ;
#4404 = CARTESIAN_POINT ( 'NONE',  ( -27.82772401750143132, 74.92724985404815641, 106.4371432618511051 ) ) ;
#4405 = CARTESIAN_POINT ( 'NONE',  ( -44.43420867995419599, 23.41905608304788444, 60.70148845010451311 ) ) ;
#4406 = CARTESIAN_POINT ( 'NONE',  ( 27.74925552164808806, -33.22797267977882996, 321.6228806003754244 ) ) ;
#4407 = CARTESIAN_POINT ( 'NONE',  ( 0.000000000000000000, 63.62951145369177652, 55.38237440233847764 ) ) ;
#4408 = CARTESIAN_POINT ( 'NONE',  ( 11.02331427408897468, 91.18493998554916402, 149.0197848656658266 ) ) ;
#4409 = CARTESIAN_POINT ( 'NONE',  ( 3.475938429154367793, 60.20077963868091331, 56.67177950004412423 ) ) ;
#4410 = CARTESIAN_POINT ( 'NONE',  ( -12.54956389706577369, 72.04267641619321694, 91.83505405348532236 ) ) ;
#4411 = CARTESIAN_POINT ( 'NONE',  ( 50.04290335561049119, 47.90143442731719148, 125.3053020485911730 ) ) ;
#4412 = CARTESIAN_POINT ( 'NONE',  ( -22.86562609543330282, 58.50389591892981400, 65.40854753639189312 ) ) ;
#4413 = CARTESIAN_POINT ( 'NONE',  ( 56.14666852717171963, -12.12898496295602868, 149.0521192446565522 ) ) ;
#4414 = FACE_OUTER_BOUND ( 'NONE', #7189, .T. ) ;
#4415 = DIRECTION ( 'NONE',  ( 0.3010011137496945710, 0.9536237882527068832, 0.000000000000000000 ) ) ;
#4416 = CARTESIAN_POINT ( 'NONE',  ( 9.190678218810484523, 57.29176003363393477, 52.64331826122558056 ) ) ;
#4417 = CARTESIAN_POINT ( 'NONE',  ( -29.34074566653520577, 57.54728086587896740, 70.82097470702085218 ) ) ;
#4418 = CARTESIAN_POINT ( 'NONE',  ( -54.48987182972246046, -0.7893723974652042674, 95.91848408612047194 ) ) ;
#4419 = CARTESIAN_POINT ( 'NONE',  ( 33.47261770454503704, 66.66008982211212697, 108.7123962603984637 ) ) ;
#4420 = CARTESIAN_POINT ( 'NONE',  ( -7.983649022672198114, 60.06035964172741615, 52.64207970029149664 ) ) ;
#4421 = CARTESIAN_POINT ( 'NONE',  ( -17.00673660901613005, -7.404099092389644809, 397.6365478720514375 ) ) ;
#4422 = CARTESIAN_POINT ( 'NONE',  ( 0.000000000000000000, -44.41900128634053146, 297.8504200200889613 ) ) ;
#4423 = CARTESIAN_POINT ( 'NONE',  ( 55.06818507497453652, -0.6667840732742152943, 106.4749923987092899 ) ) ;
#4424 = CARTESIAN_POINT ( 'NONE',  ( -11.57478406612963440, -40.42895401719788850, 321.1027311457725091 ) ) ;
#4425 = CARTESIAN_POINT ( 'NONE',  ( -42.30606133769509825, 53.94857630951952387, 108.4758114012677765 ) ) ;
#4426 = CARTESIAN_POINT ( 'NONE',  ( -31.94421612176792635, 51.02658023949339139, 61.07346003664822121 ) ) ;
#4427 = CARTESIAN_POINT ( 'NONE',  ( -49.80999863748776590, 39.31063616397153027, 95.91718387004972612 ) ) ;
#4428 = CARTESIAN_POINT ( 'NONE',  ( 17.50945553465666649, 59.93734338401709749, 56.30572991043403874 ) ) ;
#4429 = CARTESIAN_POINT ( 'NONE',  ( 19.39999999930045149, 59.27420312395484103, 63.95616489852416464 ) ) ;
#4430 = CARTESIAN_POINT ( 'NONE',  ( 10.53874472113350613, -39.85066355559018092, 10.00000000000000533 ) ) ;
#4432 = CARTESIAN_POINT ( 'NONE',  ( -39.62021245194257091, 77.96708945467315743, 174.9429373175687203 ) ) ;
#4431 = CARTESIAN_POINT ( 'NONE',  ( 44.08247639750531022, 15.45072464647527255, 34.32539042696856058 ) ) ;
#4433 = B_SPLINE_CURVE_WITH_KNOTS ( 'NONE', 3,
 ( #5400, #1941, #3678, #3254, #2508, #1370, #802, #6709, #3820, #6147, #5577, #374 ),
 .UNSPECIFIED., .F., .F.,
 ( 4, 2, 2, 2, 2, 4 ),
 ( 1.430489624538199204E-17, 0.003231119744810010720, 0.006462239489620006695, 0.009693359234430003538, 0.01130891910683500846, 0.01292447897924001166 ),
 .UNSPECIFIED. ) ;
#4434 = CARTESIAN_POINT ( 'NONE',  ( 38.27230662719574639, 63.93197362974835585, 120.7622302101520688 ) ) ;
#4435 = CARTESIAN_POINT ( 'NONE',  ( 27.74070868876810536, 85.34347040463742928, 149.0231241793019876 ) ) ;
#4436 = CARTESIAN_POINT ( 'NONE',  ( -39.13174945299594754, 52.31605720926960856, 86.04222478985849420 ) ) ;
#4437 = CARTESIAN_POINT ( 'NONE',  ( -35.22198724234748823, -30.32655892779189699, 17.37244572532984677 ) ) ;
#4438 = CARTESIAN_POINT ( 'NONE',  ( 44.26341227469225004, 38.01605734956549298, 80.48681861252191538 ) ) ;
#4439 = CARTESIAN_POINT ( 'NONE',  ( -3.896032811496955794, 114.6920939428093646, 389.8918159907137237 ) ) ;
#4440 = CARTESIAN_POINT ( 'NONE',  ( -19.58293520568070534, 98.75171170351238459, 372.2132772590443892 ) ) ;
#4441 = CARTESIAN_POINT ( 'NONE',  ( -46.32564455582109986, 40.58638122693060524, 102.5588659811643879 ) ) ;
#4442 = CARTESIAN_POINT ( 'NONE',  ( -18.74046272907005317, 55.23072150970789806, 53.92322663160536678 ) ) ;
#4443 = CARTESIAN_POINT ( 'NONE',  ( 37.57937743697326738, 56.70294652172914596, 91.45891288387689144 ) ) ;
#4444 = CARTESIAN_POINT ( 'NONE',  ( 4.419861650541639264, 111.2187841533519475, 298.0045363521949184 ) ) ;
#4445 = CARTESIAN_POINT ( 'NONE',  ( 5.873037656044338028, 76.30802094209069253, 103.2075942986682833 ) ) ;
#4446 = CARTESIAN_POINT ( 'NONE',  ( -6.055679278729431125, 81.21338702612086990, 121.1636893876515018 ) ) ;
#4447 = CARTESIAN_POINT ( 'NONE',  ( 39.23918078978176283, 53.72053326484898861, 297.1192524415544653 ) ) ;
#4448 = CARTESIAN_POINT ( 'NONE',  ( 19.39999999930041952, 58.98778066341472481, 56.54320121500335006 ) ) ;
#4449 = CARTESIAN_POINT ( 'NONE',  ( 46.92791527024799336, -11.35144820700280910, 266.1047947544036560 ) ) ;
#4450 = CARTESIAN_POINT ( 'NONE',  ( -2.314202651596147793E-11, 57.69594724149796861, 52.54223714099317988 ) ) ;
#4451 = CARTESIAN_POINT ( 'NONE',  ( 0.000000000000000000, 62.13249092479360769, 55.75675664197579806 ) ) ;
#4452 = CARTESIAN_POINT ( 'NONE',  ( 22.86562609543330282, 58.50389591892981400, 65.40854753639189312 ) ) ;
#4453 = CARTESIAN_POINT ( 'NONE',  ( -30.24291604025049196, 60.76502093355482970, 80.91289070211844603 ) ) ;
#4454 = CARTESIAN_POINT ( 'NONE',  ( -37.51192545773428577, 0.04642203474689934189, 322.2636881841734748 ) ) ;
#4455 = CARTESIAN_POINT ( 'NONE',  ( 33.18101440280736369, 66.94136414917913669, 108.7196206881649942 ) ) ;
#4456 = CARTESIAN_POINT ( 'NONE',  ( 19.39999999930044083, 57.78272231621672006, 53.71169823289771017 ) ) ;
#4457 = CARTESIAN_POINT ( 'NONE',  ( -45.08272435111971532, -6.635469327985107135, 282.1646043028291047 ) ) ;
#4458 = CARTESIAN_POINT ( 'NONE',  ( 0.000000000000000000, -43.01113364881287282, 309.3074982836325262 ) ) ;
#4459 = CARTESIAN_POINT ( 'NONE',  ( 52.38441863469218873, -3.862790014799408311, 221.5229085652915444 ) ) ;
#4460 = CARTESIAN_POINT ( 'NONE',  ( -3.536944963726678992, -39.41601329634336537, 335.6134352068914382 ) ) ;
#4461 = CARTESIAN_POINT ( 'NONE',  ( -35.24981756428728374, 59.67066690974179011, 91.52478168560809024 ) ) ;
#4462 = CARTESIAN_POINT ( 'NONE',  ( -51.41114762766839164, 29.86905734781515775, 221.5391877582983398 ) ) ;
#4463 = CARTESIAN_POINT ( 'NONE',  ( 18.89999999930045504, 55.66659322484434824, 53.73731346006702125 ) ) ;
#4464 = CARTESIAN_POINT ( 'NONE',  ( 19.39999999936942032, 57.85583587914165804, 60.63202116204589487 ) ) ;
#4465 = CARTESIAN_POINT ( 'NONE',  ( 11.53220349435341419, -50.08167125936304842, 236.3382117249779526 ) ) ;
#4467 = CARTESIAN_POINT ( 'NONE',  ( -40.35171159620511361, 81.29509940040917115, 221.5923830886852386 ) ) ;
#4466 = CARTESIAN_POINT ( 'NONE',  ( 12.40316598443284768, 3.570717399853333696, 397.4584027819377638 ) ) ;
#4468 = CARTESIAN_POINT ( 'NONE',  ( 33.83169372466646507, 51.16225823293282815, 65.77327437149895673 ) ) ;
#4469 = CARTESIAN_POINT ( 'NONE',  ( 19.39631430559116154, 90.46828174837776260, 403.0957483373699688 ) ) ;
#4470 = CARTESIAN_POINT ( 'NONE',  ( -34.61858674017981485, 45.44051416724099113, 56.46721411285378167 ) ) ;
#4471 = CARTESIAN_POINT ( 'NONE',  ( -55.92632958073807714, -5.025357666496797826, 125.3253990331698020 ) ) ;
#4472 = CARTESIAN_POINT ( 'NONE',  ( -51.25640472687538818, -33.32995947821867588, 125.3261231342875988 ) ) ;
#4473 = CARTESIAN_POINT ( 'NONE',  ( 44.55056704519883937, 27.16236425864493143, 65.43411309309421142 ) ) ;
#4474 = CARTESIAN_POINT ( 'NONE',  ( -4.760228615938128627, 108.8359205272448094, 267.6348099031594643 ) ) ;
#4475 = CARTESIAN_POINT ( 'NONE',  ( -29.61924328543851104, 96.63707800337500942, 251.6829708598519630 ) ) ;
#4476 = CARTESIAN_POINT ( 'NONE',  ( -48.55064067852562459, 32.81221215146094750, 108.2900040903143974 ) ) ;
#4477 = CARTESIAN_POINT ( 'NONE',  ( 12.72950451211078615, 57.30383522565967525, 52.82787674164130465 ) ) ;
#4478 = CARTESIAN_POINT ( 'NONE',  ( 38.81866911923993513, 58.42257191552869955, 102.7899891345606989 ) ) ;
#4479 = CARTESIAN_POINT ( 'NONE',  ( 10.69917438941038412, 100.3471226704601094, 201.7340824142599445 ) ) ;
#4480 = CARTESIAN_POINT ( 'NONE',  ( 11.21009254149379863, 75.68111723910794808, 103.2007365130458680 ) ) ;
#4481 = CARTESIAN_POINT ( 'NONE',  ( -7.729752945044634060, 76.16686527294793052, 103.2063344055237337 ) ) ;
#4482 = CARTESIAN_POINT ( 'NONE',  ( 43.20539910858200727, 50.00296499539306438, 102.6577535575910076 ) ) ;
#4483 = CARTESIAN_POINT ( 'NONE',  ( 46.07735558292419853, 45.23492779525122387, 82.47568147737229083 ) ) ;
#4484 = CARTESIAN_POINT ( 'NONE',  ( -22.08917366378628699, 53.72871907900182009, 53.53438102678784105 ) ) ;
#4485 = CARTESIAN_POINT ( 'NONE',  ( 38.20396427593795607, -10.47095840775856956, 322.2638471654591399 ) ) ;
#4486 = CARTESIAN_POINT ( 'NONE',  ( -6.346836028165365740, 57.79713545429937227, 53.28142399434608478 ) ) ;
#4487 = CARTESIAN_POINT ( 'NONE',  ( 19.39999999930045504, 55.66659322484434824, 53.73731346006704968 ) ) ;
#4488 = CARTESIAN_POINT ( 'NONE',  ( 25.01256157150197268, 36.29937112354632234, 17.22611734552172891 ) ) ;
#4489 = ORIENTED_EDGE ( 'NONE', *, *, #3961, .F. ) ;
#4490 = CARTESIAN_POINT ( 'NONE',  ( -25.26505130130274424, 60.28641758882271517, 70.88208303035825963 ) ) ;
#4491 = CARTESIAN_POINT ( 'NONE',  ( -27.58509852925660155, -0.6464984716662657283, 359.7630994336495291 ) ) ;
#4492 = CARTESIAN_POINT ( 'NONE',  ( 28.27223586084004836, 52.13329421452194623, 56.59784756377811732 ) ) ;
#4493 = CARTESIAN_POINT ( 'NONE',  ( 24.58975640718567490, 55.06466892217291331, 57.52431224967379819 ) ) ;
#4494 = CARTESIAN_POINT ( 'NONE',  ( -9.544548255845839435, -6.743746045086243868, 409.0779284778315628 ) ) ;
#4495 = CARTESIAN_POINT ( 'NONE',  ( 0.000000000000000000, -28.42617189643529230, 403.3873918172317872 ) ) ;
#4496 = CARTESIAN_POINT ( 'NONE',  ( 55.18783504039880938, -4.213813279667935952, 106.4752400441078777 ) ) ;
#4497 = CARTESIAN_POINT ( 'NONE',  ( -8.015105489996960486, -47.62456642588654887, 34.32147611818649580 ) ) ;
#4498 = CARTESIAN_POINT ( 'NONE',  ( -28.54728243983604230, 51.91653455129366534, 56.59406313796487353 ) ) ;
#4499 = CARTESIAN_POINT ( 'NONE',  ( -48.66317009526044046, 31.20510909691258661, 251.0066005432430245 ) ) ;
#4500 = CARTESIAN_POINT ( 'NONE',  ( 47.69716061458355227, 27.10604614702795345, 87.86776460903004704 ) ) ;
#4501 = CARTESIAN_POINT ( 'NONE',  ( -19.05148578599622766, 59.45581771386712688, 56.42615221280286164 ) ) ;
#4502 = CARTESIAN_POINT ( 'NONE',  ( 11.95262890326478278, -53.09543919293825809, 82.48903396800865551 ) ) ;
#4504 = CARTESIAN_POINT ( 'NONE',  ( -35.71267804113315947, 83.98826830476654948, 283.2404637697699741 ) ) ;
#4503 = CARTESIAN_POINT ( 'NONE',  ( 7.353900861210766138, 3.187494322710440642, 405.8900223721930729 ) ) ;
#4505 = CARTESIAN_POINT ( 'NONE',  ( 19.46593024695983232, 92.58965949448901256, 390.9555874459440474 ) ) ;
#4506 = CARTESIAN_POINT ( 'NONE',  ( -41.88978327114718780, 56.36898805903128817, 114.4753345327855811 ) ) ;
#4507 = CARTESIAN_POINT ( 'NONE',  ( -40.55766409033606124, -4.331508680072187367, 17.38773300449937054 ) ) ;
#4508 = CARTESIAN_POINT ( 'NONE',  ( -43.31596581334503782, -40.74570277972416221, 192.3881358799369252 ) ) ;
#4509 = CARTESIAN_POINT ( 'NONE',  ( 45.11207404352991546, 31.81644596870357589, 75.30194807805413859 ) ) ;
#4510 = CARTESIAN_POINT ( 'NONE',  ( -1.926742067470333719, 96.80942756360546753, 174.9460906908306015 ) ) ;
#4511 = CARTESIAN_POINT ( 'NONE',  ( -30.80892717949071979, 94.76117411407105351, 236.4359019518063576 ) ) ;
#4512 = CARTESIAN_POINT ( 'NONE',  ( -49.01786103886247048, 33.89056009937763747, 120.4635807194387382 ) ) ;
#4513 =( BOUNDED_SURFACE ( )  B_SPLINE_SURFACE ( 3, 2, ( 
 ( #6725, #3268, #350 ),
 ( #2697, #6687, #4906 ),
 ( #2661, #423, #3306 ),
 ( #5515, #4369, #1030 ) ),
 .UNSPECIFIED., .F., .F., .F. ) 
 B_SPLINE_SURFACE_WITH_KNOTS ( ( 4, 4 ),
 ( 3, 3 ),
 ( 0.000000000000000000, 0.01081533712907341294 ),
 ( 0.000000000000000000, 1.000000000000000000 ),
 .UNSPECIFIED. ) 
 GEOMETRIC_REPRESENTATION_ITEM ( )  RATIONAL_B_SPLINE_SURFACE ( (
 ( 1.000000000000000000, 0.5881755814004558935, 1.000000000000000000),
 ( 1.000000000000000000, 0.5866925316821862690, 1.000000000000000000),
 ( 1.000000000000000000, 0.5851374458005508261, 1.000000000000000000),
 ( 1.000000000000000000, 0.5834918412266433263, 1.000000000000000000) ) ) 
 REPRESENTATION_ITEM ( '' )  SURFACE ( )  );
#4514 = CARTESIAN_POINT ( 'NONE',  ( 15.95881681283073128, 59.11532968844139191, 53.30152189675352048 ) ) ;
#4515 = CARTESIAN_POINT ( 'NONE',  ( 33.82099824696741308, 46.47747574385322622, 56.48659955454576931 ) ) ;
#4516 = CARTESIAN_POINT ( 'NONE',  ( 5.503578211093233641, 100.9962840698680395, 201.7340215956247107 ) ) ;
#4517 = EDGE_CURVE ( 'NONE', #6925, #511, #4326, .T. ) ;
#4518 = CARTESIAN_POINT ( 'NONE',  ( 12.33221801510531890, 59.09656556957646956, 56.67511987025535092 ) ) ;
#4519 = CARTESIAN_POINT ( 'NONE',  ( -8.108563284621350675, 59.79796194567392575, 56.67374816145385807 ) ) ;
#4520 = CARTESIAN_POINT ( 'NONE',  ( 40.74991379639477174, 44.74305432462409016, 75.46210986276099675 ) ) ;
#4521 = CARTESIAN_POINT ( 'NONE',  ( 11.24844704471455259, 37.37264923499296998, 395.4279864461491343 ) ) ;
#4522 = CARTESIAN_POINT ( 'NONE',  ( -49.90177573649053500, 27.10604614702781490, 120.0000000000000284 ) ) ;
#4523 = CARTESIAN_POINT ( 'NONE',  ( 54.12869287039397648, -17.34020814767666252, 95.91822840598773325 ) ) ;
#4524 = CARTESIAN_POINT ( 'NONE',  ( 32.04118169940863226, 70.84157669004845559, 120.0000000000000568 ) ) ;
#4525 = CARTESIAN_POINT ( 'NONE',  ( 18.93791951154558362, 57.24250731622271360, 53.21943062719314099 ) ) ;
#4526 = CARTESIAN_POINT ( 'NONE',  ( 36.16527633163747879, 61.10850933475413171, 82.47981016457542580 ) ) ;
#4527 = EDGE_LOOP ( 'NONE', ( #3242, #4907, #586, #4568 ) ) ;
#4528 = CARTESIAN_POINT ( 'NONE',  ( 0.000000000000000000, 64.06511940384197601, 65.98768053503242470 ) ) ;
#4529 = CARTESIAN_POINT ( 'NONE',  ( -27.82502860181947923, 69.59142047866170344, 103.0539433967305882 ) ) ;
#4530 = CARTESIAN_POINT ( 'NONE',  ( -47.85534582234424050, 0.3731277230375850684, 266.1050650612654636 ) ) ;
#4531 = CARTESIAN_POINT ( 'NONE',  ( 33.95690979424813349, 64.51131096385695685, 102.9185477703014584 ) ) ;
#4532 = CARTESIAN_POINT ( 'NONE',  ( -42.28837228013819072, 37.13139274904705900, 58.45963550302403888 ) ) ;
#4533 = ADVANCED_FACE ( 'NONE', ( #506 ), #4538, .T. ) ;
#4534 = CARTESIAN_POINT ( 'NONE',  ( -49.24600904007698432, -6.621245555623374912, 250.8422388099025966 ) ) ;
#4535 = CARTESIAN_POINT ( 'NONE',  ( -18.93844992566437213, 56.53696172564480804, 53.22790535908547582 ) ) ;
#4536 = CARTESIAN_POINT ( 'NONE',  ( 42.85326599511384416, -5.183104317670615302, 296.6512912776334474 ) ) ;
#4537 = CARTESIAN_POINT ( 'NONE',  ( -7.858321011058714056, -44.07994640706726841, 297.7997521333163036 ) ) ;
#4538 = B_SPLINE_SURFACE_WITH_KNOTS ( 'NONE', 1, 3, ( 
 ( #1603, #2100, #7341, #2208, #6839, #4484, #5097, #5058, #1641, #6282, #6131, #1490, #355, #6767 ),
 ( #5599, #3915, #3384, #965, #3348, #4412, #6731, #5021, #6244, #3842, #4949, #927, #3276, #2135 ) ),
 .UNSPECIFIED., .F., .F., .F.,
 ( 2, 2 ),
 ( 4, 2, 2, 2, 2, 2, 4 ),
 ( 0.000000000000000000, 1.000000000000000000 ),
 ( 0.000000000000000000, 0.2500000000000000000, 0.3750000000000000000, 0.5000000000000000000, 0.6250000000000000000, 0.7500000000000000000, 1.000000000000000000 ),
 .UNSPECIFIED. ) ;
#4539 = CARTESIAN_POINT ( 'NONE',  ( -33.40056112327648918, 65.06956943077190658, 102.9325405908147104 ) ) ;
#4540 = CARTESIAN_POINT ( 'NONE',  ( -25.72963332187655183, 16.11943870049362815, 359.2918860454653895 ) ) ;
#4541 = CARTESIAN_POINT ( 'NONE',  ( 34.59522980304962658, 48.69069481443838043, 55.56882852228371661 ) ) ;
#4542 = PLANE ( 'NONE',  #3875 ) ;
#4543 = CARTESIAN_POINT ( 'NONE',  ( 9.950808704669615423, -53.21116325484679521, 192.4431806850645614 ) ) ;
#4545 = CARTESIAN_POINT ( 'NONE',  ( -35.08104861779400352, 53.84555609758953665, 60.97238916559658151 ) ) ;
#4544 = CARTESIAN_POINT ( 'NONE',  ( 55.20887360703562763, 10.07038296553069401, 125.3230906374276117 ) ) ;
#4546 = CARTESIAN_POINT ( 'NONE',  ( 31.31210757276888046, 89.66205485073353998, 192.3843648630540599 ) ) ;
#4547 = AXIS2_PLACEMENT_3D ( 'NONE', #7490, #3992, #624 ) ;
#4548 = CARTESIAN_POINT ( 'NONE',  ( -35.03419653024366198, 54.04210715268062160, 75.64097402586843089 ) ) ;
#4549 = CARTESIAN_POINT ( 'NONE',  ( -47.54092860712671609, -4.769143278758264159, 266.0954829559620975 ) ) ;
#4550 = CARTESIAN_POINT ( 'NONE',  ( -19.40000000029201388, 56.54303598060641889, 53.72642273274402669 ) ) ;
#4551 = CARTESIAN_POINT ( 'NONE',  ( -43.54375879762299917, -41.69735384013383594, 95.91565193775846865 ) ) ;
#4552 = CARTESIAN_POINT ( 'NONE',  ( 0.000000000000000000, 103.9406128168738519, 221.6256922400351073 ) ) ;
#4553 = CARTESIAN_POINT ( 'NONE',  ( -19.79417915554141416, 91.20814569966871943, 354.2945881323981325 ) ) ;
#4554 = CARTESIAN_POINT ( 'NONE',  ( -46.77354600100755277, 44.43690477513386838, 120.5255203777850141 ) ) ;
#4555 = CARTESIAN_POINT ( 'NONE',  ( -19.05296518916314241, 58.22071724677491034, 53.52525228497820109 ) ) ;
#4556 = CARTESIAN_POINT ( 'NONE',  ( 38.44459899477315190, 57.28187771479714741, 97.01489750379711552 ) ) ;
#4557 = CARTESIAN_POINT ( 'NONE',  ( 5.699912222080151913, 91.75958175250083571, 149.0193599030136511 ) ) ;
#4558 = CARTESIAN_POINT ( 'NONE',  ( 14.36216304568426949, 73.41068661653410743, 97.41013273641500803 ) ) ;
#4559 = CARTESIAN_POINT ( 'NONE',  ( -7.296666491184696568, 69.23919417475596561, 81.09175556092090176 ) ) ;
#4560 = CARTESIAN_POINT ( 'NONE',  ( 38.74410272149315659, 41.09761513962749291, 60.89020241633860309 ) ) ;
#4561 =( BOUNDED_SURFACE ( )  B_SPLINE_SURFACE ( 3, 2, ( 
 ( #1016, #4251, #410 ),
 ( #4827, #1055, #2756 ),
 ( #1544, #5002, #2150 ),
 ( #7284, #2189, #5539 ) ),
 .UNSPECIFIED., .F., .F., .F. ) 
 B_SPLINE_SURFACE_WITH_KNOTS ( ( 4, 4 ),
 ( 3, 3 ),
 ( 1.093645573407853178E-14, 0.0008015185399893047687 ),
 ( 0.000000000000000000, 1.000000000000000000 ),
 .UNSPECIFIED. ) 
 GEOMETRIC_REPRESENTATION_ITEM ( )  RATIONAL_B_SPLINE_SURFACE ( (
 ( 1.000000000000000000, 0.7335664642619358355, 1.000000000000000000),
 ( 1.000000000000000000, 0.7334292723900854849, 1.000000000000000000),
 ( 1.000000000000000000, 0.7332948566439045912, 1.000000000000000000),
 ( 1.000000000000000000, 0.7331629812537946433, 1.000000000000000000) ) ) 
 REPRESENTATION_ITEM ( '' )  SURFACE ( )  );
#4562 = CARTESIAN_POINT ( 'NONE',  ( 51.39937706775467063, 42.62950966839922984, 125.3084830109981738 ) ) ;
#4563 = CARTESIAN_POINT ( 'NONE',  ( -45.84334653097243972, 34.22548254520827982, 62.73587823517973305 ) ) ;
#4564 = CARTESIAN_POINT ( 'NONE',  ( 54.29805612819932747, -11.95279443607484460, 192.3483691150099162 ) ) ;
#4565 = CARTESIAN_POINT ( 'NONE',  ( 47.65450871587086112, 40.70708190694329431, 120.0000000000000426 ) ) ;
#4566 = CARTESIAN_POINT ( 'NONE',  ( 41.82376876171186098, 42.99890226279949701, 60.54177838167940706 ) ) ;
#4567 = CARTESIAN_POINT ( 'NONE',  ( 38.70094938569437204, 84.80791996645861275, 236.3704173123007592 ) ) ;
#4568 = ORIENTED_EDGE ( 'NONE', *, *, #366, .F. ) ;
#4569 = DIRECTION ( 'NONE',  ( 0.000000000000000000, -0.9999283370533685877, 0.01197166478335611774 ) ) ;
#4570 = CARTESIAN_POINT ( 'NONE',  ( -23.53149564356646195, 59.26646438078513768, 65.94483512587343910 ) ) ;
#4571 = CARTESIAN_POINT ( 'NONE',  ( -46.19014890246730687, -2.249010260804599426, 34.39757154221828728 ) ) ;
#4572 = CARTESIAN_POINT ( 'NONE',  ( 29.19105119160420614, 53.56771840283779795, 61.12679132028168283 ) ) ;
#4573 = CARTESIAN_POINT ( 'NONE',  ( -19.05296518916314241, 58.22071724677491034, 53.52525228497820109 ) ) ;
#4574 = CARTESIAN_POINT ( 'NONE',  ( -54.12869287039397648, -17.34020814767666252, 95.91822840598773325 ) ) ;
#4575 = CIRCLE ( 'NONE', #1304, 0.5000000000000011102 ) ;
#4576 = CARTESIAN_POINT ( 'NONE',  ( 0.4180247772275810791, -54.42922362320734919, 175.0446952262756781 ) ) ;
#4577 = CARTESIAN_POINT ( 'NONE',  ( 28.97961770177319707, -5.104956508470305465, 359.8063327038062198 ) ) ;
#4578 = CARTESIAN_POINT ( 'NONE',  ( -4.815563508100485279, -52.39540719700739402, 211.1921880980029300 ) ) ;
#4579 = CARTESIAN_POINT ( 'NONE',  ( -31.98178301774103716, 59.27790228831855757, 80.87540660327142916 ) ) ;
#4580 = EDGE_CURVE ( 'NONE', #4135, #7004, #528, .T. ) ;
#4581 = CARTESIAN_POINT ( 'NONE',  ( -54.55795246661001840, 19.84954235937014744, 125.3198407787387509 ) ) ;
#4582 = CARTESIAN_POINT ( 'NONE',  ( -12.74132639723377913, 59.35165076936702633, 52.81932579709647513 ) ) ;
#4583 = CARTESIAN_POINT ( 'NONE',  ( 10.23587721914826432, -45.54235322534560737, 283.4972593409304409 ) ) ;
#4585 = CARTESIAN_POINT ( 'NONE',  ( -37.93977932770592076, 83.32160117824808765, 267.0914584300483057 ) ) ;
#4584 = CARTESIAN_POINT ( 'NONE',  ( 52.16533417193573285, 12.18183908007447158, 221.5276813607478630 ) ) ;
#4586 = CARTESIAN_POINT ( 'NONE',  ( 24.01456423347065794, 95.77979707400206166, 321.0657245214281375 ) ) ;
#4587 = CARTESIAN_POINT ( 'NONE',  ( -36.44293527985080061, 58.22060804931905409, 91.49150548830976959 ) ) ;
#4588 = CARTESIAN_POINT ( 'NONE',  ( -56.01101704036391737, -4.087861282351882508, 149.0515753223775448 ) ) ;
#4589 = CARTESIAN_POINT ( 'NONE',  ( -19.40000000029201388, 56.32392492712216381, 53.72911749176588359 ) ) ;
#4590 = CARTESIAN_POINT ( 'NONE',  ( -47.07491761464021351, -37.56440568170774696, 95.91629090187896622 ) ) ;
#4591 = CARTESIAN_POINT ( 'NONE',  ( -4.217717990304033826, 54.31187965992819500, 33.92926017718782816 ) ) ;
#4592 = CARTESIAN_POINT ( 'NONE',  ( -31.72126840173047313, 86.85945032912920283, 174.9442796534904119 ) ) ;
#4593 = CARTESIAN_POINT ( 'NONE',  ( -44.03132157149247661, 38.76883548522983602, 80.49556844600570571 ) ) ;
#4594 = CARTESIAN_POINT ( 'NONE',  ( 35.35922695108708069, 44.36377575478867641, 56.44757621678420634 ) ) ;
#4595 = CARTESIAN_POINT ( 'NONE',  ( 14.61482154869493932, 100.7750645331863524, 211.2203698486674455 ) ) ;
#4596 = CARTESIAN_POINT ( 'NONE',  ( 15.34763268648537782, 60.33591800267278416, 61.22531139383053045 ) ) ;
#4597 = CARTESIAN_POINT ( 'NONE',  ( -5.159047231733897121, 61.99595904392941037, 61.22692829478919663 ) ) ;
#4598 = CARTESIAN_POINT ( 'NONE',  ( 38.57586427918140970, 38.61523721261394115, 56.35298646589378535 ) ) ;
#4599 = CARTESIAN_POINT ( 'NONE',  ( 52.54944766199449901, 34.33090772960261461, 192.3568199002841368 ) ) ;
#4600 = CARTESIAN_POINT ( 'NONE',  ( -40.73725564626659690, 59.90120186028634208, 119.9999999999999858 ) ) ;
#4601 = CARTESIAN_POINT ( 'NONE',  ( 52.94783809755705306, -22.28476125151153653, 192.3565563901416624 ) ) ;
#4602 = CARTESIAN_POINT ( 'NONE',  ( -53.31336231375551904, 28.93875950519724682, 120.0000000000000426 ) ) ;
#4603 = B_SPLINE_SURFACE_WITH_KNOTS ( 'NONE', 1, 3, ( 
 ( #6455, #1744, #1245, #6344, #4057, #6307, #6380, #6986, #3556, #5885, #7438, #3408, #569, #1782 ),
 ( #1138, #2350, #5200, #3443, #1211, #3519, #2873, #4093, #4629, #648, #1175, #2913, #3066, #7098 ) ),
 .UNSPECIFIED., .F., .F., .F.,
 ( 2, 2 ),
 ( 4, 2, 2, 2, 2, 2, 4 ),
 ( 0.000000000000000000, 1.000000000000000000 ),
 ( 0.000000000000000000, 0.2500000000000000000, 0.3750000000000000000, 0.5000000000000000000, 0.6250000000000000000, 0.7500000000000000000, 1.000000000000000000 ),
 .UNSPECIFIED. ) ;
#4604 = CARTESIAN_POINT ( 'NONE',  ( -19.05147702137179166, 59.46322690287400548, 56.44355820534229196 ) ) ;
#4605 = VECTOR ( 'NONE', #5474, 1000.000000000000114 ) ;
#4606 = CARTESIAN_POINT ( 'NONE',  ( 37.64094996380931946, 83.89228966627402428, 201.7351991018959723 ) ) ;
#4607 = ORIENTED_EDGE ( 'NONE', *, *, #4020, .T. ) ;
#4608 = CARTESIAN_POINT ( 'NONE',  ( 1.855459048121514520, 62.18178190908234626, 61.22617450804656158 ) ) ;
#4609 = CARTESIAN_POINT ( 'NONE',  ( -26.64785782175886908, 65.11064811949738385, 86.34665194541244659 ) ) ;
#4610 = CARTESIAN_POINT ( 'NONE',  ( -53.17236517019791364, -2.328851787389715433, 211.2173055348805804 ) ) ;
#4611 = CARTESIAN_POINT ( 'NONE',  ( 29.83597957392546007, 50.81682117873157267, 56.57312597164800394 ) ) ;
#4612 = CARTESIAN_POINT ( 'NONE',  ( -15.70719020259000587, 60.35427149266222102, 63.65183426870198247 ) ) ;
#4613 = CARTESIAN_POINT ( 'NONE',  ( -44.73042106892386016, -11.13762035954176355, 282.1757387574552922 ) ) ;
#4614 = CARTESIAN_POINT ( 'NONE',  ( 31.00483026633205341, 83.39734083586438373, 309.2640635646434930 ) ) ;
#4615 = CARTESIAN_POINT ( 'NONE',  ( 9.190678218810484523, 57.29176003363393477, 52.64331826122558056 ) ) ;
#4616 = CARTESIAN_POINT ( 'NONE',  ( 42.89866677384057425, -3.773409384126030996, 296.6523999009182262 ) ) ;
#4617 = CARTESIAN_POINT ( 'NONE',  ( -7.664988434405163531, -55.04052527748910961, 149.1147833856423404 ) ) ;
#4618 = CARTESIAN_POINT ( 'NONE',  ( -30.35451963717812873, 56.72662823178487912, 70.80270251097557832 ) ) ;
#4619 = CARTESIAN_POINT ( 'NONE',  ( -35.57233886879851070, 24.34538275247316008, 322.1003471716609283 ) ) ;
#4620 = CARTESIAN_POINT ( 'NONE',  ( 31.00754459613855474, 67.21640632109841818, 102.9886445873933525 ) ) ;
#4621 = CARTESIAN_POINT ( 'NONE',  ( 1.597084425674886399, 60.45963184197425022, 52.54223714086565167 ) ) ;
#4622 = EDGE_CURVE ( 'NONE', #5257, #6669, #3938, .T. ) ;
#4623 = CARTESIAN_POINT ( 'NONE',  ( 4.725889063929675338, -51.69817681154050604, 221.5349971465356020 ) ) ;
#4625 = CARTESIAN_POINT ( 'NONE',  ( -39.34331910949234157, 65.04004465220070585, 106.4445379168380299 ) ) ;
#4624 = CARTESIAN_POINT ( 'NONE',  ( 40.02886599213815799, 3.100034814751546186, 17.37761320568493772 ) ) ;
#4626 = CARTESIAN_POINT ( 'NONE',  ( 35.27702874469574112, 79.28286754016831139, 149.0260133380620289 ) ) ;
#4627 = CARTESIAN_POINT ( 'NONE',  ( -37.78985599540599338, 63.16974345710778493, 114.5874273885940511 ) ) ;
#4628 = CARTESIAN_POINT ( 'NONE',  ( -46.25752027967083535, -4.875053299022880537, 34.40021193574256841 ) ) ;
#4629 = CARTESIAN_POINT ( 'NONE',  ( -29.32377734933953306, 49.38107434864465972, 54.62166135448771342 ) ) ;
#4630 = CARTESIAN_POINT ( 'NONE',  ( -20.88924587872852001, -30.27925202095545743, 356.4816398571844616 ) ) ;
#4631 = CARTESIAN_POINT ( 'NONE',  ( -8.598137392621424624, 110.4082190529456682, 297.9866999401868952 ) ) ;
#4632 = ADVANCED_FACE ( 'NONE', ( #2776 ), #3802, .F. ) ;
#4633 = CARTESIAN_POINT ( 'NONE',  ( -31.71773244107405887, 82.50805170409937261, 149.0244955398865443 ) ) ;
#4634 = CARTESIAN_POINT ( 'NONE',  ( -46.77302477746129483, 42.89504140143566957, 114.3341920497403521 ) ) ;
#4635 = CARTESIAN_POINT ( 'NONE',  ( -19.05186983984032878, 59.13118083970272210, 55.66350200595232423 ) ) ;
#4636 = CARTESIAN_POINT ( 'NONE',  ( 36.88528636897452628, 62.82040080995277265, 108.6259546760575461 ) ) ;
#4637 = CARTESIAN_POINT ( 'NONE',  ( 13.79761745775982362, 103.9846072189197486, 236.5170360360187374 ) ) ;
#4638 = CARTESIAN_POINT ( 'NONE',  ( 12.91961342830884263, 75.40404205781398161, 103.1972319318390277 ) ) ;
#4639 = DIRECTION ( 'NONE',  ( 0.000000000000000000, -0.01197166480673692197, -0.9999283370530887005 ) ) ;
#4640 = CARTESIAN_POINT ( 'NONE',  ( 39.85319556926210538, 51.00891425669340151, 86.01816097847776632 ) ) ;
#4641 = CARTESIAN_POINT ( 'NONE',  ( -10.74771385771732213, 53.48065585481527506, 33.94371992453390163 ) ) ;
#4642 = CARTESIAN_POINT ( 'NONE',  ( 19.39999999930044083, 57.78272231621672717, 53.71169823289770306 ) ) ;
#4643 = CARTESIAN_POINT ( 'NONE',  ( 38.15203119596569792, -26.73131409732442165, 296.9272686957727387 ) ) ;
#4644 = CARTESIAN_POINT ( 'NONE',  ( 46.98538271525914212, 31.21657480660865502, 64.08022995257341847 ) ) ;
#4645 = ORIENTED_EDGE ( 'NONE', *, *, #3186, .F. ) ;
#4646 = CARTESIAN_POINT ( 'NONE',  ( -19.40000000029201033, 55.66659322451641856, 53.73731346014906762 ) ) ;
#4647 = CARTESIAN_POINT ( 'NONE',  ( 40.34114989046099709, 68.57934614558381270, 125.2913757575331317 ) ) ;
#4648 = ORIENTED_EDGE ( 'NONE', *, *, #4959, .T. ) ;
#4649 = CARTESIAN_POINT ( 'NONE',  ( -30.69148198162404384, 72.22423808844169457, 120.9456775723828343 ) ) ;
#4650 = CARTESIAN_POINT ( 'NONE',  ( 32.26476501239955752, 57.04971329222827592, 75.71292186484329534 ) ) ;
#4651 = CARTESIAN_POINT ( 'NONE',  ( -31.25156683142706626, 51.80858255919403632, 54.78909185581152030 ) ) ;
#4652 = CARTESIAN_POINT ( 'NONE',  ( -48.15710821802984043, -16.24473466856665382, 250.8746812544798104 ) ) ;
#4653 = CARTESIAN_POINT ( 'NONE',  ( 20.24503059268333871, 78.00341912710229053, 355.3126149482030769 ) ) ;
#4654 = CARTESIAN_POINT ( 'NONE',  ( 42.89592672921845207, 32.31228758824921954, 59.39047711664824902 ) ) ;
#4655 = CARTESIAN_POINT ( 'NONE',  ( 46.25998668811937620, -5.730389643057775650, 34.40059807139103754 ) ) ;
#4656 = CARTESIAN_POINT ( 'NONE',  ( -4.950522647592374703, -53.51001096261204282, 192.4463605642451114 ) ) ;
#4657 = CARTESIAN_POINT ( 'NONE',  ( -33.67873545876326347, 64.79044019731747994, 102.9255441805720892 ) ) ;
#4658 = CARTESIAN_POINT ( 'NONE',  ( -7.336759136128482517, 4.948364427552158773, 405.8657987737245776 ) ) ;
#4659 = CARTESIAN_POINT ( 'NONE',  ( 31.67694863249473514, 68.31635230471056275, 108.7551626569134697 ) ) ;
#4660 = CARTESIAN_POINT ( 'NONE',  ( 19.39999999930045149, 60.01035563320978383, 63.93015858585989974 ) ) ;
#4661 = CARTESIAN_POINT ( 'NONE',  ( 7.242624897172640352, -52.28073218356374241, 211.1925318823869020 ) ) ;
#4663 = CARTESIAN_POINT ( 'NONE',  ( -45.05813374385801495, 68.52585230248348580, 174.9416044359795706 ) ) ;
#4662 = CARTESIAN_POINT ( 'NONE',  ( 55.56021605709055677, 5.044286692470330458, 149.0508717303244453 ) ) ;
#4664 = CARTESIAN_POINT ( 'NONE',  ( 32.71639082994388303, 76.56261631625369546, 125.2853859606381235 ) ) ;
#4665 = CARTESIAN_POINT ( 'NONE',  ( -38.61795232865447502, 62.00968155971341389, 114.5661668444828081 ) ) ;
#4666 = CARTESIAN_POINT ( 'NONE',  ( -48.01017448138868104, 49.11573327640557807, 106.4550271391700562 ) ) ;
#4667 = FACE_OUTER_BOUND ( 'NONE', #6108, .T. ) ;
#4668 = CARTESIAN_POINT ( 'NONE',  ( -25.93599062394584820, -31.18213085003002050, 337.2441877144313480 ) ) ;
#4669 = CARTESIAN_POINT ( 'NONE',  ( -6.303430275480061518, 38.62335299514724340, 10.00000000000001243 ) ) ;
#4670 = CARTESIAN_POINT ( 'NONE',  ( 38.53977333725261190, -44.55900025591001423, 82.47946431468582773 ) ) ;
#4671 = CARTESIAN_POINT ( 'NONE',  ( -34.54607103907135723, 87.67022905357863749, 201.7349738036295150 ) ) ;
#4672 = CARTESIAN_POINT ( 'NONE',  ( -19.05148578599622766, 59.45581771386712688, 56.42615221280286164 ) ) ;
#4673 = CARTESIAN_POINT ( 'NONE',  ( 36.27918122403206524, 61.90369146557802082, 102.8585857240549615 ) ) ;
#4674 = CARTESIAN_POINT ( 'NONE',  ( 15.27728817937552819, 90.35655249148204859, 149.0203490209352708 ) ) ;
#4675 = CARTESIAN_POINT ( 'NONE',  ( 12.54956389706414299, 72.04267641617950346, 91.83505405344098449 ) ) ;
#4676 = CARTESIAN_POINT ( 'NONE',  ( 0.000000000000000000, 71.33920929086373519, 86.46968911461348739 ) ) ;
#4677 = CARTESIAN_POINT ( 'NONE',  ( 45.83586432524750620, 46.24493134004092809, 114.3611073202622634 ) ) ;
#4678 = CARTESIAN_POINT ( 'NONE',  ( -13.41626447492274465, 72.71622590736956226, 82.48372866140874748 ) ) ;
#4679 = CARTESIAN_POINT ( 'NONE',  ( -47.69511098890445311, 40.69025684908065443, 120.0000000000000284 ) ) ;
#4680 = CARTESIAN_POINT ( 'NONE',  ( 53.53557479834217503, -28.13667817857233189, 149.0615994475289199 ) ) ;
#4681 = CARTESIAN_POINT ( 'NONE',  ( 48.01050648502726403, 28.83600758873965830, 66.41454624508469351 ) ) ;
#4682 = VERTEX_POINT ( 'NONE', #1002 ) ;
#4683 = CARTESIAN_POINT ( 'NONE',  ( 12.59929916624462543, 56.85553280080814176, 53.51689229668440362 ) ) ;
#4684 = VERTEX_POINT ( 'NONE', #3312 ) ;
#4685 = B_SPLINE_CURVE_WITH_KNOTS ( 'NONE', 3,
 ( #1728, #7422, #3924, #2258, #3964, #5724, #1087, #2859 ),
 .UNSPECIFIED., .F., .F.,
 ( 4, 2, 2, 4 ),
 ( 0.0006899165539125597536, 0.005454056385528881050, 0.01021819621714520343, 0.01974647588037784646 ),
 .UNSPECIFIED. ) ;
#4686 = CARTESIAN_POINT ( 'NONE',  ( -19.48898770532771252, 66.59248808840256117, 81.05552290584462583 ) ) ;
#4687 = CARTESIAN_POINT ( 'NONE',  ( 37.68069017361158757, 42.86053491276767602, 60.57638196753376292 ) ) ;
#4688 = CARTESIAN_POINT ( 'NONE',  ( -10.67309322115097281, -8.230310579629893653, 409.0779284778313922 ) ) ;
#4689 = CARTESIAN_POINT ( 'NONE',  ( 40.17192308307760840, 63.96346440042201209, 106.4452911514403297 ) ) ;
#4690 = CARTESIAN_POINT ( 'NONE',  ( 0.000000000000000000, 63.64996744220073310, 65.01987264133462929 ) ) ;
#4691 = CARTESIAN_POINT ( 'NONE',  ( 34.51861392436198628, -5.885722532160073683, 338.9088815924127971 ) ) ;
#4692 = CARTESIAN_POINT ( 'NONE',  ( -2.363944899721763804, -46.04522058083916392, 283.5850301590403433 ) ) ;
#4693 = CARTESIAN_POINT ( 'NONE',  ( -27.71439810382531022, 52.56401513576312112, 56.60541620787180506 ) ) ;
#4694 = CARTESIAN_POINT ( 'NONE',  ( -4.946233518939884277, 8.250245127363310615, 409.0779284778314491 ) ) ;
#4695 = CARTESIAN_POINT ( 'NONE',  ( 26.58493039911629552, 53.37496096367559062, 56.61987033331831753 ) ) ;
#4696 = CARTESIAN_POINT ( 'NONE',  ( 6.417658062318735368, 60.67479286883258283, 52.91152021554193396 ) ) ;
#4697 = CARTESIAN_POINT ( 'NONE',  ( 6.647144500404195355, -49.13431898220037652, 251.6331223063532718 ) ) ;
#4699 = CARTESIAN_POINT ( 'NONE',  ( -39.56661295389039168, 78.92109104809098596, 267.0202785905892142 ) ) ;
#4698 = CARTESIAN_POINT ( 'NONE',  ( 46.03832394487827173, 0.3093118195566184614, 34.39269684296453278 ) ) ;
#4700 = CARTESIAN_POINT ( 'NONE',  ( 15.42253993354557728, 82.04858018933752817, 409.0779284778321880 ) ) ;
#4701 = CARTESIAN_POINT ( 'NONE',  ( -37.08266234333198952, 55.41513277631609924, 86.10551023751224875 ) ) ;
#4702 = CARTESIAN_POINT ( 'NONE',  ( -10.93084631634155457, 48.85725801795256729, 394.4533557252201490 ) ) ;
#4703 = CARTESIAN_POINT ( 'NONE',  ( -19.40000000029201388, 57.11483625505091055, 53.71954199212187575 ) ) ;
#4704 = CARTESIAN_POINT ( 'NONE',  ( -36.03044067800464489, -41.69021531762807342, 236.1799888489021271 ) ) ;
#4705 = CARTESIAN_POINT ( 'NONE',  ( 39.90890487282776178, -45.48172969370041585, 106.4617499417587396 ) ) ;
#4706 = CARTESIAN_POINT ( 'NONE',  ( -10.23890644972376407, 78.51451209542918264, 403.4348092658253790 ) ) ;
#4707 = B_SPLINE_CURVE_WITH_KNOTS ( 'NONE', 3,
 ( #696, #3004, #6508, #3611, #5330, #1300, #2514, #127 ),
 .UNSPECIFIED., .F., .F.,
 ( 4, 2, 2, 4 ),
 ( 0.05385573489384023332, 0.07804227536862974601, 0.09013554560602449195, 0.1022288158434192240 ),
 .UNSPECIFIED. ) ;
#4708 = CARTESIAN_POINT ( 'NONE',  ( 37.42671856872033942, 65.10075657398478199, 120.7827625705748034 ) ) ;
#4709 = CARTESIAN_POINT ( 'NONE',  ( 20.98555666414223353, 93.33908440664571060, 174.9453528995571503 ) ) ;
#4710 = CARTESIAN_POINT ( 'NONE',  ( 21.42407528726610977, 62.13220176699940112, 70.91805247706116688 ) ) ;
#4711 = CARTESIAN_POINT ( 'NONE',  ( -6.430579785620842870, 61.95042116155723022, 63.25329307065631923 ) ) ;
#4712 = CARTESIAN_POINT ( 'NONE',  ( 42.54974143379879337, 37.47973351811333487, 70.44996382089918541 ) ) ;
#4713 = CARTESIAN_POINT ( 'NONE',  ( -13.97509443968651333, 109.3711075514724484, 353.1960512656522724 ) ) ;
#4714 = CARTESIAN_POINT ( 'NONE',  ( -21.10036642176008925, 74.91045965998117140, 95.91498212023905978 ) ) ;
#4715 = FACE_OUTER_BOUND ( 'NONE', #4072, .T. ) ;
#4716 = CARTESIAN_POINT ( 'NONE',  ( 51.45849567755399789, -33.21226740709870029, 149.0665291530228274 ) ) ;
#4717 = CARTESIAN_POINT ( 'NONE',  ( -19.40000000029218086, 58.26062410494356669, 59.43782693464600442 ) ) ;
#4718 = EDGE_LOOP ( 'NONE', ( #6615, #6706, #6087, #4143, #5829, #55, #1568, #5295 ) ) ;
#4719 = CARTESIAN_POINT ( 'NONE',  ( 3.185740784635361589, 57.98445078929507446, 53.23456412961720474 ) ) ;
#4720 = CARTESIAN_POINT ( 'NONE',  ( 24.24609341771263615, 56.91401645431286482, 61.18891999815884475 ) ) ;
#4721 = EDGE_LOOP ( 'NONE', ( #7225, #2967, #5941, #1253, #7002, #3202, #2329 ) ) ;
#4722 = CARTESIAN_POINT ( 'NONE',  ( -21.95972125490208882, 71.01613840145842005, 97.35954003727626116 ) ) ;
#4723 = CARTESIAN_POINT ( 'NONE',  ( -45.69018639588326636, -25.46249827200474769, 250.9672609133938295 ) ) ;
#4724 = CARTESIAN_POINT ( 'NONE',  ( 19.65509707699620634, 81.07117256864026444, 355.0959196464956449 ) ) ;
#4725 = CARTESIAN_POINT ( 'NONE',  ( 0.000000000000000000, 69.91889254082292382, 81.06302348418067538 ) ) ;
#4726 = CARTESIAN_POINT ( 'NONE',  ( 38.10176256552726670, -6.366064249395209096, 322.2739777377120731 ) ) ;
#4727 = CARTESIAN_POINT ( 'NONE',  ( -0.8944626677098921341, -39.53408085530723071, 335.5805030320946116 ) ) ;
#4728 = CARTESIAN_POINT ( 'NONE',  ( -28.62879198653433477, 54.01487828432246374, 61.13511754268328247 ) ) ;
#4729 = CARTESIAN_POINT ( 'NONE',  ( -53.96202126689342293, 9.097275874053339706, 95.91832724551802869 ) ) ;
#4730 = CARTESIAN_POINT ( 'NONE',  ( 31.36749989182801457, 68.57746634007234832, 108.7620707070998805 ) ) ;
#4731 = CARTESIAN_POINT ( 'NONE',  ( 43.18200003344654903, 31.22437435028727393, 64.07494703623956411 ) ) ;
#4732 = CARTESIAN_POINT ( 'NONE',  ( 3.474057595117261421, -43.17343577179384795, 17.33843673132402330 ) ) ;
#4734 = CARTESIAN_POINT ( 'NONE',  ( -27.81510459493499710, 33.69460569634906477, 17.24261140536765780 ) ) ;
#4733 = CARTESIAN_POINT ( 'NONE',  ( 54.83115611105644405, 4.371132744905328771, 106.4742753376999360 ) ) ;
#4735 = CARTESIAN_POINT ( 'NONE',  ( 33.81953719443994544, 91.68442117447531814, 236.4141040481969753 ) ) ;
#4736 = CARTESIAN_POINT ( 'NONE',  ( -37.91172292730514215, 64.43865849416633296, 120.7709137204602570 ) ) ;
#4737 = CARTESIAN_POINT ( 'NONE',  ( -43.52966757256317720, 40.82110893248177774, 61.01578417630952345 ) ) ;
#4738 = CARTESIAN_POINT ( 'NONE',  ( -12.64763721385732609, 62.58405681468223491, 65.30674127426905784 ) ) ;
#4739 = CARTESIAN_POINT ( 'NONE',  ( -34.67126991697035265, -40.56086413898772491, 251.2473737275443568 ) ) ;
#4740 = CARTESIAN_POINT ( 'NONE',  ( 30.00921015918430967, -49.05615399652651831, 192.4159141348477817 ) ) ;
#4742 = CARTESIAN_POINT ( 'NONE',  ( -30.42967363735508357, 57.92311380120568742, 60.95745779360114369 ) ) ;
#4741 = CARTESIAN_POINT ( 'NONE',  ( 42.07296872470030991, 23.79077414461788109, 34.26631120588811541 ) ) ;
#4743 = CARTESIAN_POINT ( 'NONE',  ( 33.78192246137686539, 59.39576354227120447, 86.19745680413248579 ) ) ;
#4744 = CARTESIAN_POINT ( 'NONE',  ( 17.32396092534494514, 79.19717261653121909, 106.4332006678653784 ) ) ;
#4745 = CARTESIAN_POINT ( 'NONE',  ( 23.71151555222143870, 71.91175869600434112, 103.1204761636964093 ) ) ;
#4746 = EDGE_LOOP ( 'NONE', ( #1763, #5832, #312, #1872 ) ) ;
#4747 = CARTESIAN_POINT ( 'NONE',  ( -16.29259581947612645, 57.79473419467925055, 53.01770182883787186 ) ) ;
#4748 = CARTESIAN_POINT ( 'NONE',  ( 0.000000000000000000, 76.52336289267513791, 103.2092734674057368 ) ) ;
#4749 = CARTESIAN_POINT ( 'NONE',  ( 43.03538141704441244, 41.69847173927072248, 80.53310775054403337 ) ) ;
#4750 = CARTESIAN_POINT ( 'NONE',  ( -14.61482154869493932, 100.7750645331863524, 211.2203698486674455 ) ) ;
#4751 = CARTESIAN_POINT ( 'NONE',  ( -13.83817304049488328, 42.24374588654093543, 17.18106271874457747 ) ) ;
#4752 = ADVANCED_FACE ( 'NONE', ( #430 ), #5050, .T. ) ;
#4753 = CARTESIAN_POINT ( 'NONE',  ( -49.54763949024275860, 30.27114561251518055, 120.4494775798534647 ) ) ;
#4754 = CARTESIAN_POINT ( 'NONE',  ( 34.71408397382622724, -24.66310679959378760, 321.9738861003013426 ) ) ;
#4755 = CARTESIAN_POINT ( 'NONE',  ( 19.39999999930041952, 58.98778066341472481, 56.54320121500335006 ) ) ;
#4756 = VERTEX_POINT ( 'NONE', #1258 ) ;
#4757 = CARTESIAN_POINT ( 'NONE',  ( -19.40000000029201388, 57.35230473158946296, 57.69083416059041980 ) ) ;
#4758 = CARTESIAN_POINT ( 'NONE',  ( 30.69148198162393371, 72.22423808844155246, 120.9456775723820243 ) ) ;
#4759 = ORIENTED_EDGE ( 'NONE', *, *, #2844, .T. ) ;
#4760 = CARTESIAN_POINT ( 'NONE',  ( -17.39704774339730875, 63.56398211586214586, 70.93920790780576624 ) ) ;
#4761 = CARTESIAN_POINT ( 'NONE',  ( -41.92898332523650140, -28.90544385973850439, 266.3950399661268307 ) ) ;
#4762 = CARTESIAN_POINT ( 'NONE',  ( 24.22660087102588733, 83.93403015350520491, 336.2347768212659957 ) ) ;
#4763 = CARTESIAN_POINT ( 'NONE',  ( 17.97753840911579815, 55.24022093113644871, 53.15637722673626087 ) ) ;
#4764 = CARTESIAN_POINT ( 'NONE',  ( 56.12967712767942885, -6.245635149993630897, 149.0516127121937870 ) ) ;
#4765 = CARTESIAN_POINT ( 'NONE',  ( -3.234203844837741926, -40.39483810678468956, 9.999999999999998224 ) ) ;
#4766 =( BOUNDED_SURFACE ( )  B_SPLINE_SURFACE ( 3, 2, ( 
 ( #224, #110, #1285 ),
 ( #794, #3594, #719 ),
 ( #2536, #3027, #7175 ),
 ( #4779, #1969, #6601 ),
 ( #3707, #6036, #830 ),
 ( #3139, #2080, #2757 ),
 ( #6710, #946, #2607 ),
 ( #5655, #1581, #4930 ),
 ( #1545, #1509, #3178 ),
 ( #867, #5037, #7248 ) ),
 .UNSPECIFIED., .F., .F., .F. ) 
 B_SPLINE_SURFACE_WITH_KNOTS ( ( 4, 2, 2, 2, 4 ),
 ( 3, 3 ),
 ( 0.01460229471880664098, 0.02478616246555838398, 0.02733212940224631973, 0.02987809633893425548, 0.03497003021231012698 ),
 ( 0.000000000000000000, 1.000000000000000000 ),
 .UNSPECIFIED. ) 
 GEOMETRIC_REPRESENTATION_ITEM ( )  RATIONAL_B_SPLINE_SURFACE ( (
 ( 1.000000000000000000, 0.9554873877073983834, 1.000000000000000000),
 ( 1.000000000000000000, 0.9555346628914825891, 1.000000000000000000),
 ( 1.000000000000000000, 0.9552210320943278488, 1.000000000000000000),
 ( 1.000000000000000000, 0.9547138270311062991, 1.000000000000000000),
 ( 1.000000000000000000, 0.9546151491540080247, 1.000000000000000000),
 ( 1.000000000000000000, 0.9544369964808641082, 1.000000000000000000),
 ( 1.000000000000000000, 0.9543486110159303815, 1.000000000000000000),
 ( 1.000000000000000000, 0.9541618605190878011, 1.000000000000000000),
 ( 1.000000000000000000, 0.9541650440091671292, 1.000000000000000000),
 ( 1.000000000000000000, 0.9541797944588596980, 1.000000000000000000) ) ) 
 REPRESENTATION_ITEM ( '' )  SURFACE ( )  );
#4767 = CARTESIAN_POINT ( 'NONE',  ( -30.98835962926599663, 60.15278292945123439, 80.89747048845283928 ) ) ;
#4768 = CARTESIAN_POINT ( 'NONE',  ( -55.07226275192429199, 15.24633948222042790, 149.0492076321450838 ) ) ;
#4769 = CARTESIAN_POINT ( 'NONE',  ( 27.19416128533618604, 55.07117916798382140, 61.15563988300203135 ) ) ;
#4770 = CARTESIAN_POINT ( 'NONE',  ( 19.39999999930045149, 61.00203827246485844, 65.10069022389886584 ) ) ;
#4771 = CARTESIAN_POINT ( 'NONE',  ( -54.40056800729996667, -5.740453619285426967, 192.3475962204593941 ) ) ;
#4772 = CARTESIAN_POINT ( 'NONE',  ( 2.769446020169073819, -27.02749646804235439, 409.0779284778312217 ) ) ;
#4774 = CARTESIAN_POINT ( 'NONE',  ( -4.999999999999995559, 62.54111716964818868, 409.0779284778316764 ) ) ;
#4773 = CARTESIAN_POINT ( 'NONE',  ( 49.76483704125869423, 2.755868857559590435, 250.8549693821909727 ) ) ;
#4775 = CARTESIAN_POINT ( 'NONE',  ( -41.86925250292472356, 33.31230673956367383, 60.78683239091002122 ) ) ;
#4776 = CARTESIAN_POINT ( 'NONE',  ( 21.55165213505841137, 38.78149817916895614, 17.20962238847535630 ) ) ;
#4777 = CARTESIAN_POINT ( 'NONE',  ( -35.48893227425677566, 57.46834825412339143, 86.15091226740912589 ) ) ;
#4778 = CARTESIAN_POINT ( 'NONE',  ( -42.10988912902877246, 53.88904871606010971, 282.7398322025164816 ) ) ;
#4779 = CARTESIAN_POINT ( 'NONE',  ( 10.38681969493132762, 61.40290053892050537, 63.38988535754000253 ) ) ;
#4780 = CARTESIAN_POINT ( 'NONE',  ( -38.53977333725261190, -44.55900025591001423, 82.47946431468582773 ) ) ;
#4781 = CARTESIAN_POINT ( 'NONE',  ( 18.07629115727031177, -27.03616238288233475, 375.8963292066485451 ) ) ;
#4782 = B_SPLINE_CURVE_WITH_KNOTS ( 'NONE', 3,
 ( #1682, #6770, #1567, #3315, #1644, #433, #2743, #5061, #7380, #2175, #3956, #1606, #4487 ),
 .UNSPECIFIED., .F., .F.,
 ( 4, 3, 3, 3, 4 ),
 ( 0.000000000000000000, 0.003258718281127052484, 0.006517436564011353829, 0.009776154848876736705, 0.01081533712740037623 ),
 .UNSPECIFIED. ) ;
#4784 = CARTESIAN_POINT ( 'NONE',  ( -11.83710019376025002, 79.56131591875279696, 403.3806173657045520 ) ) ;
#4783 = CARTESIAN_POINT ( 'NONE',  ( 47.54541800350610714, 46.36932620354161116, 251.1354166744839631 ) ) ;
#4785 = CARTESIAN_POINT ( 'NONE',  ( 32.11600201360403872, 53.05572183182326995, 65.81554865210821958 ) ) ;
#4786 = CARTESIAN_POINT ( 'NONE',  ( 18.25451040978617101, 71.52776686840793730, 82.48321900413819208 ) ) ;
#4787 = CARTESIAN_POINT ( 'NONE',  ( 35.27458073932961469, 46.24629440202048869, 55.90579231949514849 ) ) ;
#4788 = CARTESIAN_POINT ( 'NONE',  ( -13.55375994600494849, 61.31820628213086621, 64.68689968528201462 ) ) ;
#4789 = CARTESIAN_POINT ( 'NONE',  ( 41.17392464243313555, 35.34671598247442859, 60.81018993086409807 ) ) ;
#4790 = CARTESIAN_POINT ( 'NONE',  ( -16.91427915246674729, 105.8544636939744379, 402.8484212796498696 ) ) ;
#4791 = CARTESIAN_POINT ( 'NONE',  ( -23.88259262670533545, 98.27794754333719141, 221.6153852917683196 ) ) ;
#4792 = CARTESIAN_POINT ( 'NONE',  ( -49.54422970631443235, 25.75350549517773402, 108.2617702692160293 ) ) ;
#4793 = CARTESIAN_POINT ( 'NONE',  ( 42.63088955041609296, -41.14416827938739374, 82.47740216716883310 ) ) ;
#4794 = CARTESIAN_POINT ( 'NONE',  ( -22.62139247230063432, 81.03303527626971459, 120.0000000000000142 ) ) ;
#4795 = ORIENTED_EDGE ( 'NONE', *, *, #4301, .F. ) ;
#4796 = CARTESIAN_POINT ( 'NONE',  ( 0.000000000000000000, 44.21636641687423008, 17.16247404122409037 ) ) ;
#4797 = CARTESIAN_POINT ( 'NONE',  ( 24.92371595070201806, 64.27190772213502612, 81.00289781033140457 ) ) ;
#4798 = CARTESIAN_POINT ( 'NONE',  ( -18.75043427963239395, 63.10638514075392180, 70.93284440752553621 ) ) ;
#4799 = CARTESIAN_POINT ( 'NONE',  ( -54.73605339540923609, -22.92516787238205112, 125.3256982292730868 ) ) ;
#4800 = CARTESIAN_POINT ( 'NONE',  ( 47.00718219043898216, 56.92988138965807821, 125.2994818174823735 ) ) ;
#4801 = CARTESIAN_POINT ( 'NONE',  ( 12.78844163931076316, 83.83395024823560959, 120.0000000000000426 ) ) ;
#4802 = CARTESIAN_POINT ( 'NONE',  ( 50.94588393153053829, -5.726755922564066736, 235.9982317504468483 ) ) ;
#4803 = B_SPLINE_CURVE_WITH_KNOTS ( 'NONE', 3,
 ( #6209, #3845, #2631, #1004, #6171, #4376, #3278, #2705, #3350, #5023, #5060, #3314, #5638, #5291, #7492, #4524, #4107, #2328, #5752, #5256, #5828, #2886, #5214, #88, #2966, #1115, #6433, #1189, #5790, #4565, #6841, #626, #4071, #545 ),
 .UNSPECIFIED., .F., .F.,
 ( 4, 2, 2, 2, 2, 2, 2, 2, 2, 2, 2, 2, 2, 2, 2, 2, 4 ),
 ( 2.831399302760810050E-32, 0.01026368155256672347, 0.01539552232885008955, 0.01796144271699176564, 0.02052736310513344695, 0.02565920388141680608, 0.03079104465770016175, 0.03335696504584183264, 0.03592288543398351047, 0.04105472621026689389, 0.04362064659840855785, 0.04618656698655023568, 0.05131840776283361910, 0.06158208931540039288, 0.06671393009168379018, 0.07184577086796718748, 0.08210945242053396820 ),
 .UNSPECIFIED. ) ;
#4804 = CARTESIAN_POINT ( 'NONE',  ( -5.035331092257887775, -55.22284529727035363, 125.3284169574496190 ) ) ;
#4805 = CARTESIAN_POINT ( 'NONE',  ( -32.73761159089141870, 67.36189973415278587, 108.7304564952544723 ) ) ;
#4806 = CARTESIAN_POINT ( 'NONE',  ( -49.24520057352417268, 18.18834733288076322, 250.9189297485089867 ) ) ;
#4807 = CARTESIAN_POINT ( 'NONE',  ( 33.33884917695198169, 68.34867108604154851, 114.6990730747358498 ) ) ;
#4808 = CARTESIAN_POINT ( 'NONE',  ( 19.39999999930045149, 59.90673788008265177, 63.68682034428803718 ) ) ;
#4809 = CARTESIAN_POINT ( 'NONE',  ( -49.39373680530179911, -5.161532930411835807, 250.8426180530016723 ) ) ;
#4810 = CARTESIAN_POINT ( 'NONE',  ( 2.466582652647010931, -47.75786443674275006, 267.3937921982437160 ) ) ;
#4812 = CARTESIAN_POINT ( 'NONE',  ( -39.13723516444454731, 48.88963246323980627, 60.98966584903971011 ) ) ;
#4811 = CARTESIAN_POINT ( 'NONE',  ( 55.48203387375408369, 4.732193941020314654, 125.3243004968625200 ) ) ;
#4813 = CARTESIAN_POINT ( 'NONE',  ( -44.30697453819061593, 40.43813543188814918, 85.86017061098900172 ) ) ;
#4814 = CARTESIAN_POINT ( 'NONE',  ( 32.62699455477484634, 93.57277667424875744, 251.6411067150267513 ) ) ;
#4815 = EDGE_CURVE ( 'NONE', #4964, #2444, #886, .T. ) ;
#4816 = CARTESIAN_POINT ( 'NONE',  ( -36.32602622452463237, 58.36868931648034220, 91.49480907139502506 ) ) ;
#4817 = CARTESIAN_POINT ( 'NONE',  ( -48.38750450243541223, 44.15798751594012117, 95.91693488816352442 ) ) ;
#4818 = CARTESIAN_POINT ( 'NONE',  ( -17.27513439259923800, 61.51971292505798061, 65.57877771413045309 ) ) ;
#4819 = CARTESIAN_POINT ( 'NONE',  ( -23.86414586649357972, -48.98696500680991761, 221.5322815404220194 ) ) ;
#4820 = CARTESIAN_POINT ( 'NONE',  ( 10.16056220879665872, -35.36367275227340201, 354.7680532469146897 ) ) ;
#4821 = VECTOR ( 'NONE', #7356, 1000.000000000000000 ) ;
#4823 = CARTESIAN_POINT ( 'NONE',  ( -25.27001978183731623, 48.11528484928059157, 34.02652561710538492 ) ) ;
#4822 = CARTESIAN_POINT ( 'NONE',  ( 36.69812403264350564, 18.59762005358341597, 17.32414063278418581 ) ) ;
#4824 = CARTESIAN_POINT ( 'NONE',  ( 36.87238147517134479, 59.47977362210487939, 97.05922058738940450 ) ) ;
#4825 = CARTESIAN_POINT ( 'NONE',  ( 17.75223142608869509, 106.0140820383212485, 297.8969705289287617 ) ) ;
#4826 = CARTESIAN_POINT ( 'NONE',  ( -6.438114395523838240, 60.67311716153552936, 52.91193927787625739 ) ) ;
#4827 = CARTESIAN_POINT ( 'NONE',  ( -19.40000000029201033, 57.24841310583849463, 53.71794274023762483 ) ) ;
#4828 = CARTESIAN_POINT ( 'NONE',  ( 44.82422509010505252, 41.36654493188277826, 91.21563946935739864 ) ) ;
#4829 = CARTESIAN_POINT ( 'NONE',  ( -37.70745529673180840, 42.84848047216111411, 60.57939660119081537 ) ) ;
#4830 = CARTESIAN_POINT ( 'NONE',  ( -24.78722789602745280, 81.59293376058032266, 125.2812312085348481 ) ) ;
#4831 = DIRECTION ( 'NONE',  ( 1.000000000000000000, -1.166146528779425627E-10, -7.773958097160509162E-11 ) ) ;
#4832 = CARTESIAN_POINT ( 'NONE',  ( 39.51842698025227918, -32.77656021831736410, 266.5057914284956269 ) ) ;
#4833 = CARTESIAN_POINT ( 'NONE',  ( -19.40000000029203164, 59.29460214613484226, 61.89780907927588061 ) ) ;
#4834 = ORIENTED_EDGE ( 'NONE', *, *, #6106, .T. ) ;
#4835 = CARTESIAN_POINT ( 'NONE',  ( 0.000000000000000000, 103.9406128168738519, 221.6256922400351073 ) ) ;
#4836 = CARTESIAN_POINT ( 'NONE',  ( 24.85829983475006344, 54.47286433466881306, 56.63802257570487342 ) ) ;
#4837 = CARTESIAN_POINT ( 'NONE',  ( -21.34852244939025567, 76.25044530474858107, 114.9143587593398053 ) ) ;
#4838 = CARTESIAN_POINT ( 'NONE',  ( -34.71408397382622724, -24.66310679959378760, 321.9738861003013426 ) ) ;
#4839 = CARTESIAN_POINT ( 'NONE',  ( 41.49436004284849133, 72.06210997859881218, 266.9107351816435880 ) ) ;
#4840 = CARTESIAN_POINT ( 'NONE',  ( -12.59587653266698126, 56.85620974878560929, 53.51672299382892106 ) ) ;
#4841 = CARTESIAN_POINT ( 'NONE',  ( 55.23097426227796092, -6.262677443348818151, 106.4752913098876945 ) ) ;
#4842 = CARTESIAN_POINT ( 'NONE',  ( 0.000000000000000000, -28.42617189643529230, 403.3873918172317872 ) ) ;
#4843 = CARTESIAN_POINT ( 'NONE',  ( -33.19197260408642336, 68.49200512600141622, 114.7027894395932606 ) ) ;
#4844 = CARTESIAN_POINT ( 'NONE',  ( -4.899493912026906983, 3.044246491124756648, 409.0779284778315628 ) ) ;
#4845 = CARTESIAN_POINT ( 'NONE',  ( 33.14363572051097151, 70.01562351958824593, 120.8893239477926329 ) ) ;
#4846 = CARTESIAN_POINT ( 'NONE',  ( 42.73327480754512919, 32.30506605532646347, 63.38360661261703655 ) ) ;
#4847 = CARTESIAN_POINT ( 'NONE',  ( -53.55347313723164859, -5.442605374564880805, 82.46847200278909895 ) ) ;
#4848 = CARTESIAN_POINT ( 'NONE',  ( 1.254894994252674589, -54.42525749996848816, 175.0446416147003106 ) ) ;
#4849 = CARTESIAN_POINT ( 'NONE',  ( 40.44578627573636709, -1.735580052617290647, 17.38556877247762955 ) ) ;
#4850 = ADVANCED_FACE ( 'NONE', ( #4715 ), #7035, .T. ) ;
#4851 = CARTESIAN_POINT ( 'NONE',  ( -15.38754713704739530, -51.48652428397339520, 211.1944768967387347 ) ) ;
#4852 = CARTESIAN_POINT ( 'NONE',  ( -43.55424122880414473, 42.67741461344332521, 85.88793993640365443 ) ) ;
#4853 = CARTESIAN_POINT ( 'NONE',  ( 16.61706207014481151, 86.33788977857967950, 373.1611835217290718 ) ) ;
#4854 = CIRCLE ( 'NONE', #1573, 0.5000000000000004441 ) ;
#4855 = CARTESIAN_POINT ( 'NONE',  ( -36.76274724919380787, 61.29488505968936352, 102.8459567714062928 ) ) ;
#4856 = EDGE_CURVE ( 'NONE', #5322, #2969, #2244, .T. ) ;
#4857 = CARTESIAN_POINT ( 'NONE',  ( -11.24844704471455259, 37.37264923499296998, 395.4279864461491343 ) ) ;
#4858 = CARTESIAN_POINT ( 'NONE',  ( 19.05148578498821621, 59.45581771418189021, 56.42615221272413351 ) ) ;
#4859 = CARTESIAN_POINT ( 'NONE',  ( -29.11591826869958410, -48.03321862105997297, 211.1999278923750012 ) ) ;
#4860 = CARTESIAN_POINT ( 'NONE',  ( 18.09272910485420738, -38.63110028919934535, 321.2718751004470619 ) ) ;
#4862 = CARTESIAN_POINT ( 'NONE',  ( -36.18514798360699558, 88.85666191873629316, 251.5829373975865906 ) ) ;
#4861 = CARTESIAN_POINT ( 'NONE',  ( 52.10598756292789346, 34.88633212949510209, 201.7376634749646200 ) ) ;
#4863 = CARTESIAN_POINT ( 'NONE',  ( 36.09141567919895977, 58.66359926603135477, 91.50142748144675409 ) ) ;
#4864 = CARTESIAN_POINT ( 'NONE',  ( 24.44036881724092680, 96.79165610574744960, 211.2201583485591527 ) ) ;
#4865 = CARTESIAN_POINT ( 'NONE',  ( 0.000000000000000000, 60.92116226309671134, 52.84991015362798805 ) ) ;
#4866 = CARTESIAN_POINT ( 'NONE',  ( 48.00141790448504509, 39.21582755952116628, 120.4914082085028184 ) ) ;
#4867 = CARTESIAN_POINT ( 'NONE',  ( 0.000000000000000000, 113.4534268831262835, 334.9546424867822907 ) ) ;
#4868 = CARTESIAN_POINT ( 'NONE',  ( -18.58940281578481191, 102.6263283900802747, 402.9030739255282469 ) ) ;
#4869 = CARTESIAN_POINT ( 'NONE',  ( -19.40000000029201388, 56.98125940730532335, 53.72114124397322144 ) ) ;
#4870 = CARTESIAN_POINT ( 'NONE',  ( 39.70673007799790355, -38.49900023232999047, 236.1458936836871487 ) ) ;
#4871 = CARTESIAN_POINT ( 'NONE',  ( -46.07477516137006290, 57.35173415495592053, 119.9999999999999858 ) ) ;
#4872 = EDGE_LOOP ( 'NONE', ( #629, #2592, #131, #2745, #4035, #6434, #4648, #3649, #2584, #5498, #5139, #1983 ) ) ;
#4873 = CARTESIAN_POINT ( 'NONE',  ( 1.875714450201865668, 81.23719565832706735, 106.4309323311144624 ) ) ;
#4874 = CARTESIAN_POINT ( 'NONE',  ( 22.71458608885749442, 61.54170514749338139, 70.90696631851854193 ) ) ;
#4875 = CARTESIAN_POINT ( 'NONE',  ( -14.87623334112706175, 66.11230513145312671, 75.90927419848483737 ) ) ;
#4876 = CARTESIAN_POINT ( 'NONE',  ( 45.05813374385801495, 68.52585230248348580, 174.9416044359795706 ) ) ;
#4877 = CARTESIAN_POINT ( 'NONE',  ( 14.58358966104325560, 83.48899358265292392, 120.0000000000000000 ) ) ;
#4878 = CARTESIAN_POINT ( 'NONE',  ( 12.28725237858183483, -7.307018039198926118, 405.9665717087519852 ) ) ;
#4879 = CARTESIAN_POINT ( 'NONE',  ( 0.000000000000000000, -53.64666704428778843, 82.49046243477845053 ) ) ;
#4880 = CARTESIAN_POINT ( 'NONE',  ( -31.92666591890554173, 66.43590418705021250, 102.9679917954443766 ) ) ;
#4881 = CARTESIAN_POINT ( 'NONE',  ( -54.90784638661551043, 2.834903466128307681, 106.4745351953308585 ) ) ;
#4882 = CARTESIAN_POINT ( 'NONE',  ( 30.33186165641140164, 58.76510997841054262, 75.75425541116001682 ) ) ;
#4883 = CARTESIAN_POINT ( 'NONE',  ( 43.94259538696410061, 29.48315773030812537, 65.58542384082460330 ) ) ;
#4884 = CARTESIAN_POINT ( 'NONE',  ( -40.58314131358760335, -6.340630059754228220, 309.1853510374405687 ) ) ;
#4885 = CARTESIAN_POINT ( 'NONE',  ( 1.986043150954370784, -36.75481172116197826, 354.2229766753966942 ) ) ;
#4886 = CARTESIAN_POINT ( 'NONE',  ( 14.25025020782451612, -3.604554975479502765, 397.6150792719110427 ) ) ;
#4887 = CARTESIAN_POINT ( 'NONE',  ( -8.888335071208341986, -42.80991350118557648, 17.34118922459229495 ) ) ;
#4888 = CARTESIAN_POINT ( 'NONE',  ( -42.82406301246052749, 49.05598785143702401, 96.87788121284690135 ) ) ;
#4889 = CARTESIAN_POINT ( 'NONE',  ( 30.42967363735508357, 57.92311380120568742, 60.95745779360114369 ) ) ;
#4890 = CARTESIAN_POINT ( 'NONE',  ( -36.75460162182429258, 59.63174507042776895, 97.06242821258655340 ) ) ;
#4891 = CARTESIAN_POINT ( 'NONE',  ( -48.64907237358033143, 37.39901881174431253, 82.47391483263560019 ) ) ;
#4892 = CARTESIAN_POINT ( 'NONE',  ( 0.000000000000000000, 59.69594724148635834, 52.54223714096647058 ) ) ;
#4893 = CARTESIAN_POINT ( 'NONE',  ( -20.46903711268268822, -37.63267645656183191, 10.00000000000002487 ) ) ;
#4894 = CARTESIAN_POINT ( 'NONE',  ( 24.88510491888017739, -51.65813026567050770, 95.91309608127470199 ) ) ;
#4896 = CARTESIAN_POINT ( 'NONE',  ( -38.34960005012641204, 75.83791088802004765, 149.0275875816885787 ) ) ;
#4895 = CARTESIAN_POINT ( 'NONE',  ( 54.10305109530477097, 21.76058106459345609, 174.9361716169431418 ) ) ;
#4897 = CARTESIAN_POINT ( 'NONE',  ( 32.25868375001876132, 48.37171204953903469, 56.52278582075942381 ) ) ;
#4898 = CARTESIAN_POINT ( 'NONE',  ( 25.58253388331219469, 86.58191999750603429, 149.0225007454729109 ) ) ;
#4899 = CARTESIAN_POINT ( 'NONE',  ( -24.90980607711802364, 54.62255052286346313, 53.81101708713629250 ) ) ;
#4900 = B_SPLINE_CURVE_WITH_KNOTS ( 'NONE', 3,
 ( #4563, #1149, #3457, #5750, #6879, #5788, #1187, #583, #6506, #1869, #6013, #1907, #7148, #3040, #4904, #806, #125, #3116, #5442, #3756, #5976, #2581, #4218, #6048, #841, #3718, #769, #5938 ),
 .UNSPECIFIED., .F., .F.,
 ( 4, 2, 2, 2, 2, 2, 2, 2, 2, 2, 2, 2, 2, 4 ),
 ( 0.000000000000000000, 0.007395241664828562309, 0.01479048332965712462, 0.01663929374586426910, 0.01848810416207141358, 0.02218572499448570948, 0.02588334582690001232, 0.02773215624310716373, 0.02958096665931431515, 0.03327858749172862840, 0.03697620832414294512, 0.04067382915655725489, 0.04437144998897156467, 0.05916193331862882460 ),
 .UNSPECIFIED. ) ;
#4901 = CARTESIAN_POINT ( 'NONE',  ( 46.10956581396496290, 41.40879665342057336, 102.5657289608824385 ) ) ;
#4902 = CARTESIAN_POINT ( 'NONE',  ( 50.43292974687786767, 27.10604614702787885, 79.84143250520375545 ) ) ;
#4903 = CARTESIAN_POINT ( 'NONE',  ( -20.08125557506235026, 98.19327604206822002, 353.8155806339892138 ) ) ;
#4904 = CARTESIAN_POINT ( 'NONE',  ( -30.56976478985025025, 55.59133301991795406, 57.39260150780780378 ) ) ;
#4905 = CARTESIAN_POINT ( 'NONE',  ( 39.89996979667748178, -33.20772315460196467, 34.37465671385912458 ) ) ;
#4906 = CARTESIAN_POINT ( 'NONE',  ( -18.74420607102894110, 58.05723801341090251, 60.55612181857201648 ) ) ;
#4907 = ORIENTED_EDGE ( 'NONE', *, *, #6430, .F. ) ;
#4908 = CARTESIAN_POINT ( 'NONE',  ( 1.744918392365842008, 105.7791907876932385, 236.5351059486960139 ) ) ;
#4909 = CARTESIAN_POINT ( 'NONE',  ( 11.60697620985471801, 80.53910065471654889, 121.1549919184286068 ) ) ;
#4910 = CARTESIAN_POINT ( 'NONE',  ( -15.34763268649128776, 60.33591800270494332, 61.22531139391258392 ) ) ;
#4911 = CARTESIAN_POINT ( 'NONE',  ( 37.68235891402726168, 65.29599854072799303, 297.2711442240562860 ) ) ;
#4912 = CARTESIAN_POINT ( 'NONE',  ( -11.03815858150836071, 57.13897299586120937, 53.44601047953906914 ) ) ;
#4913 = CARTESIAN_POINT ( 'NONE',  ( 46.25854380057079851, -8.253272922936428557, 34.40077200447448291 ) ) ;
#4914 = CARTESIAN_POINT ( 'NONE',  ( -0.2851223280673234051, -43.22824026788681806, 17.33791332656384654 ) ) ;
#4915 = AXIS2_PLACEMENT_3D ( 'NONE', #441, #7388, #2678 ) ;
#4916 = EDGE_LOOP ( 'NONE', ( #4388, #1494, #4221, #6581 ) ) ;
#4917 = CARTESIAN_POINT ( 'NONE',  ( -31.36749989182895959, 68.57746634007673947, 108.7620707071194204 ) ) ;
#4918 = CARTESIAN_POINT ( 'NONE',  ( -37.02534058801362704, -0.6692307771683108086, 10.00000000000000000 ) ) ;
#4919 = CARTESIAN_POINT ( 'NONE',  ( 32.73761159089032446, 67.36189973414867893, 108.7304564952348329 ) ) ;
#4920 = CARTESIAN_POINT ( 'NONE',  ( -4.851855743787639064, 60.79295007882685553, 52.54223714074671392 ) ) ;
#4921 = CARTESIAN_POINT ( 'NONE',  ( -53.55235010265169393, -5.856155835417935052, 82.46846865896040413 ) ) ;
#4922 = CARTESIAN_POINT ( 'NONE',  ( 0.7999048500538491480, -40.43807339941766088, 9.999999999999998224 ) ) ;
#4923 = CARTESIAN_POINT ( 'NONE',  ( 20.77186446429383793, -1.147659261142891518, 380.0333166273094321 ) ) ;
#4924 = CARTESIAN_POINT ( 'NONE',  ( -18.34409965216532967, -50.36660947648148579, 61.09623411356567857 ) ) ;
#4925 = CARTESIAN_POINT ( 'NONE',  ( -41.85273602476798516, 46.96503514839303506, 85.94933463385682160 ) ) ;
#4926 = CARTESIAN_POINT ( 'NONE',  ( 38.22963690408025172, 84.93437126519317815, 221.5966982805643681 ) ) ;
#4927 = ORIENTED_EDGE ( 'NONE', *, *, #1892, .F. ) ;
#4928 = CARTESIAN_POINT ( 'NONE',  ( -34.77146248056519084, 58.30782404860131152, 86.17075245394325123 ) ) ;
#4929 = CARTESIAN_POINT ( 'NONE',  ( -33.66078862291208651, 15.96815450586594487, 10.00000000000000533 ) ) ;
#4930 = CARTESIAN_POINT ( 'NONE',  ( 16.09854752435091996, 61.83013751754815246, 65.50108310266524825 ) ) ;
#4931 = CARTESIAN_POINT ( 'NONE',  ( -25.72734408978171317, -52.43181408899979346, 125.3277519368417643 ) ) ;
#4932 = CARTESIAN_POINT ( 'NONE',  ( 15.55552204067014088, -33.40505585495833429, 355.4961906883386291 ) ) ;
#4934 = CARTESIAN_POINT ( 'NONE',  ( -7.679521375320601528, 75.98791333050874641, 409.0779284778311649 ) ) ;
#4933 = CARTESIAN_POINT ( 'NONE',  ( 52.65924462498530545, 17.04193423804872864, 211.2175332405030019 ) ) ;
#4935 = CARTESIAN_POINT ( 'NONE',  ( 36.39888752600111133, 60.08386212621472566, 97.07209204544692227 ) ) ;
#4936 = CARTESIAN_POINT ( 'NONE',  ( 11.45102433989289814, 37.54025891792331038, 9.999999999999998224 ) ) ;
#4937 = CARTESIAN_POINT ( 'NONE',  ( -40.46825883828680759, 55.74477741947185194, 102.7421162610754379 ) ) ;
#4938 = CARTESIAN_POINT ( 'NONE',  ( 44.34322023775839483, 34.84286148568046571, 75.33082492083161696 ) ) ;
#4939 = CARTESIAN_POINT ( 'NONE',  ( -28.21270786001220898, 52.88299594733084774, 58.06991573253111483 ) ) ;
#4940 = CARTESIAN_POINT ( 'NONE',  ( -29.38068608746426946, 91.22333787487198720, 192.3853215424684890 ) ) ;
#4941 = CARTESIAN_POINT ( 'NONE',  ( -46.75780203952970027, 38.94155037394346408, 102.5451400216721680 ) ) ;
#4942 = CARTESIAN_POINT ( 'NONE',  ( 48.62258262510405160, -37.92862604289319961, 149.0720276706879872 ) ) ;
#4943 = CARTESIAN_POINT ( 'NONE',  ( 23.30853716622888072, 56.57971423192028482, 53.59590383551926607 ) ) ;
#4944 = ORIENTED_EDGE ( 'NONE', *, *, #3050, .F. ) ;
#4945 = CARTESIAN_POINT ( 'NONE',  ( 0.000000000000000000, 86.35072990353059197, 125.2763118969026976 ) ) ;
#4946 = CARTESIAN_POINT ( 'NONE',  ( 5.361709846871125507, 65.71901813533824566, 70.95441197645710929 ) ) ;
#4947 = CARTESIAN_POINT ( 'NONE',  ( -14.36216304568567637, 73.41068661654486505, 97.41013273645160098 ) ) ;
#4948 = CARTESIAN_POINT ( 'NONE',  ( 16.27518068233529291, 63.27371450682036169, 375.3663428981856782 ) ) ;
#4949 = CARTESIAN_POINT ( 'NONE',  ( -35.25336794714917943, 49.18798804659512314, 67.73831548952730941 ) ) ;
#4950 = CARTESIAN_POINT ( 'NONE',  ( 56.13732717205787992, -6.599514110593073468, 149.0516136338366948 ) ) ;
#4951 = CARTESIAN_POINT ( 'NONE',  ( -17.20356132962670515, 55.44438474557998831, 53.10531893730274788 ) ) ;
#4952 = CARTESIAN_POINT ( 'NONE',  ( 18.88869812394200309, 61.07799475056630456, 56.02047021956169459 ) ) ;
#4953 = ORIENTED_EDGE ( 'NONE', *, *, #135, .F. ) ;
#4954 = CARTESIAN_POINT ( 'NONE',  ( -28.05839134751396813, 54.44977923016702448, 61.14365767020288445 ) ) ;
#4955 = CARTESIAN_POINT ( 'NONE',  ( -54.33678458874157258, 2.628405762548345237, 95.91844446400190805 ) ) ;
#4956 = CARTESIAN_POINT ( 'NONE',  ( 28.20154964718328827, 54.34305814315727901, 61.14157574148289598 ) ) ;
#4957 = CARTESIAN_POINT ( 'NONE',  ( -19.03757506675201228, 58.09486928867983124, 53.21698642398887813 ) ) ;
#4958 = CARTESIAN_POINT ( 'NONE',  ( -46.25700785462451847, -6.634331453438261583, 34.40077200447447581 ) ) ;
#4959 = EDGE_CURVE ( 'NONE', #881, #2781, #4900, .T. ) ;
#4960 = CARTESIAN_POINT ( 'NONE',  ( 1.232968491173381143, -53.59119587329963963, 192.4473474233010677 ) ) ;
#4961 = CARTESIAN_POINT ( 'NONE',  ( 5.666352794274829741, -2.011948373036816395, 409.0779284778328133 ) ) ;
#4962 = CARTESIAN_POINT ( 'NONE',  ( -12.26382615175871216, -53.84365027192447428, 95.91193151763495450 ) ) ;
#4963 = CARTESIAN_POINT ( 'NONE',  ( -39.64633116342982078, 36.13213703660349552, 56.31863706396082137 ) ) ;
#4964 = VERTEX_POINT ( 'NONE', #235 ) ;
#4965 = CARTESIAN_POINT ( 'NONE',  ( -35.14947273319469190, 66.44479823454494749, 114.6532781183647103 ) ) ;
#4966 = CARTESIAN_POINT ( 'NONE',  ( -5.000607319111026072, 34.98267493087544722, 409.0779284778315628 ) ) ;
#4967 = DIRECTION ( 'NONE',  ( 0.9969300687731538213, 0.000000000000000000, 0.07829711345863632488 ) ) ;
#4968 = CARTESIAN_POINT ( 'NONE',  ( -19.40000000029392169, 60.61055623893856392, 65.61356452253694727 ) ) ;
#4969 = CARTESIAN_POINT ( 'NONE',  ( -31.08754506729443889, -50.65714870691427762, 149.0959177819261470 ) ) ;
#4970 = CARTESIAN_POINT ( 'NONE',  ( 18.29232991099631178, -41.19134559348568558, 17.34953906994293504 ) ) ;
#4972 = CARTESIAN_POINT ( 'NONE',  ( -9.901959807141684777, 75.40111923004197081, 392.2505884593533096 ) ) ;
#4971 = CARTESIAN_POINT ( 'NONE',  ( 47.22648301004725369, 18.44997667373677785, 266.2095035247426154 ) ) ;
#4973 = CARTESIAN_POINT ( 'NONE',  ( 35.48893227425207897, 57.46834825411062297, 86.15091226735782470 ) ) ;
#4974 = CARTESIAN_POINT ( 'NONE',  ( 29.38068608746426946, 91.22333787487198720, 192.3853215424684890 ) ) ;
#4975 = CARTESIAN_POINT ( 'NONE',  ( -38.76094456703427937, 60.23657837126128101, 108.5770159425954517 ) ) ;
#4976 = CARTESIAN_POINT ( 'NONE',  ( -43.82603686636004170, -24.73800725363787123, 266.2957455515905281 ) ) ;
#4977 = CARTESIAN_POINT ( 'NONE',  ( 40.63294396085635896, 33.56152337443985800, 56.28631886207760004 ) ) ;
#4978 = CARTESIAN_POINT ( 'NONE',  ( -35.71345719282179942, 45.68263494910222988, 59.87061734260988288 ) ) ;
#4979 = CARTESIAN_POINT ( 'NONE',  ( -28.92341621401876850, 79.29540449215784292, 125.2831885280821780 ) ) ;
#4980 = CARTESIAN_POINT ( 'NONE',  ( -47.20516474321915013, 42.70696424610951425, 120.5135091787818311 ) ) ;
#4981 = CARTESIAN_POINT ( 'NONE',  ( 38.05646016402686627, -43.21728254639256761, 211.2046107931723213 ) ) ;
#4982 = CARTESIAN_POINT ( 'NONE',  ( 34.59522980304962658, 48.69069481443838043, 55.56882852228371661 ) ) ;
#4983 = CARTESIAN_POINT ( 'NONE',  ( 3.843277070158975128, 114.7537356723240407, 409.0779284778313922 ) ) ;
#4984 = CARTESIAN_POINT ( 'NONE',  ( 5.050133535813382757, 60.08390647746742985, 56.67239770205775073 ) ) ;
#4985 = CARTESIAN_POINT ( 'NONE',  ( -16.33340675323282554, 65.75693900777005751, 75.90517472250743936 ) ) ;
#4986 = CARTESIAN_POINT ( 'NONE',  ( 44.76571612290369018, 53.54926361810075264, 266.6275935380331248 ) ) ;
#4987 = CARTESIAN_POINT ( 'NONE',  ( -48.09848249051169944, 27.10604614702787529, 91.85261647994207124 ) ) ;
#4988 = CARTESIAN_POINT ( 'NONE',  ( 38.11479169818781543, -6.660225949632801346, 322.2740212379210334 ) ) ;
#4989 = CARTESIAN_POINT ( 'NONE',  ( -3.181238838251067680, 57.69594724228762317, 52.54223714073736318 ) ) ;
#4990 = CARTESIAN_POINT ( 'NONE',  ( -0.3234059236387126779, -47.92900152199584340, 34.31797925651743242 ) ) ;
#4991 = VERTEX_POINT ( 'NONE', #3150 ) ;
#4992 = CARTESIAN_POINT ( 'NONE',  ( -27.15228269409854533, 52.97955020422421768, 56.61292479378038678 ) ) ;
#4993 = CARTESIAN_POINT ( 'NONE',  ( -47.72957038536790719, 6.461706748972217085, 266.1300385262940722 ) ) ;
#4994 = CARTESIAN_POINT ( 'NONE',  ( 33.72978954280270614, 69.42966817092670340, 120.8747058799237095 ) ) ;
#4995 = CARTESIAN_POINT ( 'NONE',  ( -30.74224029053943141, 58.82584670136392901, 69.01573210266550973 ) ) ;
#4996 = CARTESIAN_POINT ( 'NONE',  ( -53.78523870204506352, -6.607670124925906663, 201.7386375963002081 ) ) ;
#4997 = CARTESIAN_POINT ( 'NONE',  ( 51.25931822203267529, 0.2236097075457754435, 236.0017814304401327 ) ) ;
#4998 = CARTESIAN_POINT ( 'NONE',  ( -8.117874403921792492, -28.72274637977016098, 392.1746400375798771 ) ) ;
#4999 = CARTESIAN_POINT ( 'NONE',  ( -44.38220688548495474, 46.98896738765088799, 102.6206119877789718 ) ) ;
#5000 = CARTESIAN_POINT ( 'NONE',  ( -32.78673828163768178, 58.51650572201867107, 80.85605382771879590 ) ) ;
#5001 = CARTESIAN_POINT ( 'NONE',  ( -42.07296872470030991, 23.79077414461788109, 34.26631120588811541 ) ) ;
#5002 = CARTESIAN_POINT ( 'NONE',  ( -19.40000000028739890, 57.51018353175476250, 53.25122742399436504 ) ) ;
#5003 = CARTESIAN_POINT ( 'NONE',  ( 554.2981223361939556, 36.50604614702788098, 71.85503552398968452 ) ) ;
#5004 = CARTESIAN_POINT ( 'NONE',  ( 8.254893848620238117, -40.08985269111219196, 10.00000000000000000 ) ) ;
#5006 = CARTESIAN_POINT ( 'NONE',  ( -39.00383281021476023, 81.93677923823308618, 201.7353119251856128 ) ) ;
#5005 = CARTESIAN_POINT ( 'NONE',  ( 50.33070789804374101, 10.93091134073469561, 61.08597647312799239 ) ) ;
#5007 = CARTESIAN_POINT ( 'NONE',  ( 32.47344686052271356, 48.12732758808346034, 56.51767873480947912 ) ) ;
#5008 = CARTESIAN_POINT ( 'NONE',  ( 29.78609513167720380, 83.98009716290319204, 149.0237900884220039 ) ) ;
#5009 = CARTESIAN_POINT ( 'NONE',  ( -36.44683527178312943, 52.19580433264746233, 75.60147947689745251 ) ) ;
#5010 = CARTESIAN_POINT ( 'NONE',  ( -37.26600642313018596, -26.66233840602092542, 17.37673148666031508 ) ) ;
#5011 = CARTESIAN_POINT ( 'NONE',  ( 46.75780203952788838, 38.94155037394008190, 102.5451400216440732 ) ) ;
#5012 = CARTESIAN_POINT ( 'NONE',  ( 0.000000000000000000, 66.30446689546245409, 60.91610143333624450 ) ) ;
#5013 = CARTESIAN_POINT ( 'NONE',  ( -24.09047651053769101, 61.63273891392942261, 60.94179670390320069 ) ) ;
#5014 = CARTESIAN_POINT ( 'NONE',  ( -46.92193625984926086, 30.24075057569292824, 85.76219902247220261 ) ) ;
#5015 = CARTESIAN_POINT ( 'NONE',  ( 0.000000000000000000, 66.82417435002450645, 67.01547107705506789 ) ) ;
#5016 = CARTESIAN_POINT ( 'NONE',  ( 42.13616681887047122, 57.31369274429955851, 120.6568107935590888 ) ) ;
#5017 = CARTESIAN_POINT ( 'NONE',  ( 11.79227378438647023, 111.3774366457178218, 390.1293219445124691 ) ) ;
#5018 = CARTESIAN_POINT ( 'NONE',  ( 9.096511528672010627, 70.80804811109834418, 86.46588928344559122 ) ) ;
#5019 = CARTESIAN_POINT ( 'NONE',  ( -15.15520682589837875, 67.87861760248753740, 81.07722253353837516 ) ) ;
#5020 = CARTESIAN_POINT ( 'NONE',  ( 45.77346268631110604, 59.40616330443984339, 251.2647950789811944 ) ) ;
#5021 = CARTESIAN_POINT ( 'NONE',  ( -28.72807162106861156, 55.25310194545713927, 66.22152204465048442 ) ) ;
#5022 = CARTESIAN_POINT ( 'NONE',  ( 11.45741348935695747, -9.728842535240199041, 409.0779284778313354 ) ) ;
#5023 = CARTESIAN_POINT ( 'NONE',  ( 21.91081614974024205, 77.35225847628286999, 120.0000000000000142 ) ) ;
#5024 = CARTESIAN_POINT ( 'NONE',  ( 30.54315063815691644, 55.60996603887505074, 57.38794167099609211 ) ) ;
#5025 = EDGE_LOOP ( 'NONE', ( #1684, #5904, #6649, #7417, #4075, #5516 ) ) ;
#5026 = CARTESIAN_POINT ( 'NONE',  ( -28.06449431503837388, 56.51509491756232961, 65.89052741875549657 ) ) ;
#5027 = CARTESIAN_POINT ( 'NONE',  ( -7.517000270665689321, 0.1717917704291420100, 405.9253625445247735 ) ) ;
#5028 = CARTESIAN_POINT ( 'NONE',  ( 30.62387830063609329, 58.52206090946113193, 75.74860943914572431 ) ) ;
#5029 = CARTESIAN_POINT ( 'NONE',  ( -15.95059158324229109, 59.11744857368643125, 53.30099197398291722 ) ) ;
#5030 = CARTESIAN_POINT ( 'NONE',  ( -53.75327083678336493, -8.493862815941158217, 201.7386375963002081 ) ) ;
#5031 = DIRECTION ( 'NONE',  ( -1.405209981759695745E-14, -0.9999201069897999394, 0.01264039704705078628 ) ) ;
#5032 = CARTESIAN_POINT ( 'NONE',  ( 15.63047918580956797, -5.424659090122943894, 397.6321618831919977 ) ) ;
#5033 = CARTESIAN_POINT ( 'NONE',  ( -3.898419312928217195, -26.71225214695256511, 409.0779284778320175 ) ) ;
#5034 = CARTESIAN_POINT ( 'NONE',  ( -33.99781402777337291, 55.25777949058610972, 75.66930251540703978 ) ) ;
#5035 = CARTESIAN_POINT ( 'NONE',  ( -24.86820296921806417, 28.30854627859632444, 358.6992870649792167 ) ) ;
#5036 = LINE ( 'NONE', #945, #4821 ) ;
#5037 = CARTESIAN_POINT ( 'NONE',  ( 18.91127202404513241, 59.90839678736826812, 65.04188647319084282 ) ) ;
#5038 = CARTESIAN_POINT ( 'NONE',  ( 10.09171726141619096, -47.43112126551242369, 34.32335593399706397 ) ) ;
#5040 = CARTESIAN_POINT ( 'NONE',  ( -23.67820652331032960, 31.01273538854801615, 9.999999999999987566 ) ) ;
#5039 = CARTESIAN_POINT ( 'NONE',  ( 53.23611140889548210, 18.20125682740687623, 95.91807287094741241 ) ) ;
#5041 = CARTESIAN_POINT ( 'NONE',  ( 37.57041013109986238, 58.55390503354628606, 97.04008248558598382 ) ) ;
#5042 = CARTESIAN_POINT ( 'NONE',  ( 16.45553067387521651, 41.32086091039134601, 17.18945100695028216 ) ) ;
#5043 = B_SPLINE_CURVE_WITH_KNOTS ( 'NONE', 3,
 ( #4120, #249, #4846, #4731, #2561, #1923, #7088, #6448, #4883, #3549, #3094, #1849, #1885, #3661, #4157, #6521, #1276, #710, #1352, #5954 ),
 .UNSPECIFIED., .F., .F.,
 ( 4, 2, 2, 2, 2, 2, 2, 2, 2, 4 ),
 ( 0.000000000000000000, 0.003230665164622878015, 0.004038331455778583316, 0.004845997746934288183, 0.006461330329245672764, 0.007268996620401370692, 0.008076662911557069488, 0.009691995493868470549, 0.01130732807617987161, 0.01292266065849127440 ),
 .UNSPECIFIED. ) ;
#5044 = CARTESIAN_POINT ( 'NONE',  ( -40.05632859705487903, 58.21664160626855278, 108.5412104108405629 ) ) ;
#5045 = CARTESIAN_POINT ( 'NONE',  ( -48.41567492737544143, -38.06849500026216049, 125.3263798477330937 ) ) ;
#5046 = CARTESIAN_POINT ( 'NONE',  ( 46.92193625984439365, 30.24075057568625269, 85.76219902242085880 ) ) ;
#5047 = CARTESIAN_POINT ( 'NONE',  ( -5.144429205310951048, 105.6293670115555017, 236.5334520872680741 ) ) ;
#5048 = CARTESIAN_POINT ( 'NONE',  ( -26.53569185140803555, 95.53849288200086676, 211.2200970691899613 ) ) ;
#5049 = CARTESIAN_POINT ( 'NONE',  ( -43.08871944117894515, 29.13819697524576213, 60.74590666665439187 ) ) ;
#5050 =( BOUNDED_SURFACE ( )  B_SPLINE_SURFACE ( 3, 2, ( 
 ( #4642, #4140, #2849 ),
 ( #12, #2363, #2925 ),
 ( #2964, #5898, #2812 ),
 ( #6960, #5254, #5134 ) ),
 .UNSPECIFIED., .F., .F., .F. ) 
 B_SPLINE_SURFACE_WITH_KNOTS ( ( 4, 4 ),
 ( 3, 3 ),
 ( -6.599321783484768389E-15, 0.0008015185401083616597 ),
 ( 0.000000000000000000, 1.000000000000000000 ),
 .UNSPECIFIED. ) 
 GEOMETRIC_REPRESENTATION_ITEM ( )  RATIONAL_B_SPLINE_SURFACE ( (
 ( 1.000000000000000000, 0.7331629812520813472, 1.000000000000000000),
 ( 1.000000000000000000, 0.7332948566399316581, 1.000000000000000000),
 ( 1.000000000000000000, 0.7334292723861169927, 1.000000000000000000),
 ( 1.000000000000000000, 0.7335664642601571472, 1.000000000000000000) ) ) 
 REPRESENTATION_ITEM ( '' )  SURFACE ( )  );
#5051 = CARTESIAN_POINT ( 'NONE',  ( 19.39999999930045149, 59.90673788008265888, 63.68682034428803718 ) ) ;
#5052 = CARTESIAN_POINT ( 'NONE',  ( 39.74776034141707726, 61.68506616613774440, 120.7229915606509678 ) ) ;
#5053 = CARTESIAN_POINT ( 'NONE',  ( 4.315972463396706260, 111.9264249699713503, 309.3069692714477128 ) ) ;
#5054 = CARTESIAN_POINT ( 'NONE',  ( 10.72008444989185527, 70.55281135276203486, 86.46314095488096996 ) ) ;
#5055 = CARTESIAN_POINT ( 'NONE',  ( -9.823647615929996135, 80.83966194129466487, 121.1593490356894307 ) ) ;
#5056 = CARTESIAN_POINT ( 'NONE',  ( 42.37141298023831837, 48.04408769755499975, 91.30310518893190874 ) ) ;
#5057 = CARTESIAN_POINT ( 'NONE',  ( 49.40787041000889701, 50.57741582521872203, 221.5582872790466524 ) ) ;
#5058 = CARTESIAN_POINT ( 'NONE',  ( -27.60493843895082122, 50.66903559033921312, 54.29956168725304622 ) ) ;
#5059 = CARTESIAN_POINT ( 'NONE',  ( 53.13400347411742786, -17.02376125221865877, 201.7391832395782103 ) ) ;
#5060 = CARTESIAN_POINT ( 'NONE',  ( 23.48277426601611495, 76.63769987547796347, 120.0000000000000711 ) ) ;
#5061 = CARTESIAN_POINT ( 'NONE',  ( 19.39999999930045149, 56.92638664137700744, 56.69157950096075638 ) ) ;
#5062 = CARTESIAN_POINT ( 'NONE',  ( 5.200930069614648765, 71.46035792127189268, 409.0779284778313354 ) ) ;
#5063 = VERTEX_POINT ( 'NONE', #2547 ) ;
#5064 = CARTESIAN_POINT ( 'NONE',  ( -29.47108614567107665, 70.07422708978936043, 108.8025721533818881 ) ) ;
#5065 = CARTESIAN_POINT ( 'NONE',  ( -37.18756071555992548, -3.414351176970585211, 9.999999999999992895 ) ) ;
#5066 = CARTESIAN_POINT ( 'NONE',  ( 28.54728243982371794, 51.91653455126228067, 56.59406313787856391 ) ) ;
#5067 = DIRECTION ( 'NONE',  ( 0.000000000000000000, 0.000000000000000000, 1.000000000000000000 ) ) ;
#5068 = CARTESIAN_POINT ( 'NONE',  ( -55.97967300255644574, -6.599009708261006857, 125.3254267621806690 ) ) ;
#5069 = B_SPLINE_CURVE_WITH_KNOTS ( 'NONE', 3,
 ( #4865, #4288, #1864, #4826, #6642, #801, #3641, #1940, #7105, #7216 ),
 .UNSPECIFIED., .F., .F.,
 ( 4, 2, 2, 2, 4 ),
 ( 9.432721947451116100E-30, 0.004831845644514443962, 0.009663691289028887924, 0.01449553693354333275, 0.01932738257805777238 ),
 .UNSPECIFIED. ) ;
#5070 = CARTESIAN_POINT ( 'NONE',  ( -19.40000000029201033, 55.66074990426171354, 53.27507691871134909 ) ) ;
#5071 = CARTESIAN_POINT ( 'NONE',  ( 45.31412840131389430, -3.736714117206208385, 282.1665787810779875 ) ) ;
#5072 = CARTESIAN_POINT ( 'NONE',  ( -10.12861248630140132, -54.03486940291464435, 175.0400578250080912 ) ) ;
#5073 = CARTESIAN_POINT ( 'NONE',  ( -35.53728056203632235, 62.79735347183355998, 102.8779058098276238 ) ) ;
#5074 = CARTESIAN_POINT ( 'NONE',  ( -53.40112241837380225, 22.42499292019195778, 192.3525794331701206 ) ) ;
#5075 = CARTESIAN_POINT ( 'NONE',  ( -46.02504933870342541, 33.72801455426042594, 62.86028747139486939 ) ) ;
#5076 = CARTESIAN_POINT ( 'NONE',  ( -19.40000000029201388, 59.90673787976722764, 63.68682034436694295 ) ) ;
#5077 = ADVANCED_FACE ( 'NONE', ( #2438 ), #5476, .T. ) ;
#5078 = CARTESIAN_POINT ( 'NONE',  ( 10.69256524363130900, -47.26727844945381918, 267.3135133005933426 ) ) ;
#5080 = CARTESIAN_POINT ( 'NONE',  ( -28.47188528504399940, 82.51927553042331454, 321.2887393541407164 ) ) ;
#5079 = CARTESIAN_POINT ( 'NONE',  ( 12.31814890871418910, 5.385023673732491467, 397.4020297900083278 ) ) ;
#5081 = CARTESIAN_POINT ( 'NONE',  ( 25.14811141513939674, 73.23888892465775768, 95.91512488190487318 ) ) ;
#5082 = CARTESIAN_POINT ( 'NONE',  ( -39.85319556926705786, 51.00891425670459967, 86.01816097852905330 ) ) ;
#5083 = CARTESIAN_POINT ( 'NONE',  ( -37.24296288804752919, -5.364387145843664939, 9.999999999999998224 ) ) ;
#5084 = CARTESIAN_POINT ( 'NONE',  ( -36.59935864669906636, -36.24285112336496439, 266.6241809227503836 ) ) ;
#5085 = CARTESIAN_POINT ( 'NONE',  ( 45.19786389075362365, 27.96647447057369718, 70.35427465187524376 ) ) ;
#5086 = CARTESIAN_POINT ( 'NONE',  ( -1.263025337073748089, 114.9108385403007304, 389.8678880722445683 ) ) ;
#5087 = CARTESIAN_POINT ( 'NONE',  ( -30.85591794426941448, 69.94994071318365059, 95.91537600613030179 ) ) ;
#5088 = CARTESIAN_POINT ( 'NONE',  ( -45.84516073631601074, 28.77058468251217249, 75.27443621072092128 ) ) ;
#5089 = CARTESIAN_POINT ( 'NONE',  ( 15.86212517698661095, 58.66601417599709123, 52.99079459433592376 ) ) ;
#5090 = CARTESIAN_POINT ( 'NONE',  ( 35.35002763478516385, 46.90114120514815710, 60.99068711474190962 ) ) ;
#5091 = CARTESIAN_POINT ( 'NONE',  ( 11.51201010840716243, 110.3774302003401715, 320.7983769936552108 ) ) ;
#5092 = CARTESIAN_POINT ( 'NONE',  ( 16.15921238646629376, 74.63795069834405638, 103.1847281512201278 ) ) ;
#5093 = EDGE_CURVE ( 'NONE', #5322, #6925, #3537, .T. ) ;
#5094 = CARTESIAN_POINT ( 'NONE',  ( -3.864509036503990913, 71.26789571368064458, 86.46940393146243764 ) ) ;
#5095 = CARTESIAN_POINT ( 'NONE',  ( 36.04974989274128205, 43.25065422803531590, 56.42817778983987864 ) ) ;
#5096 = CARTESIAN_POINT ( 'NONE',  ( 35.58600066911777304, 21.46437324119710865, 17.31043156484773959 ) ) ;
#5097 = CARTESIAN_POINT ( 'NONE',  ( -24.00403345841925429, 52.83493001199116890, 53.75790418240133306 ) ) ;
#5098 = CARTESIAN_POINT ( 'NONE',  ( 30.09236226398421721, -15.46363169407038818, 359.3065941412086772 ) ) ;
#5099 = CARTESIAN_POINT ( 'NONE',  ( -18.93782089381001299, 57.37611569065139605, 53.21784906238945467 ) ) ;
#5100 = CARTESIAN_POINT ( 'NONE',  ( 38.44305131468286874, 48.05593522610693924, 59.27709076372659780 ) ) ;
#5101 = CARTESIAN_POINT ( 'NONE',  ( 33.21462827704727516, 92.41330644834791030, 267.2419169348672199 ) ) ;
#5102 = VERTEX_POINT ( 'NONE', #4869 ) ;
#5103 = CARTESIAN_POINT ( 'NONE',  ( 0.000000000000000000, 60.26618955330064153, 56.67129530975119422 ) ) ;
#5104 = CARTESIAN_POINT ( 'NONE',  ( -28.23661461590052113, 60.35889067689657850, 75.79279937035968828 ) ) ;
#5105 = CARTESIAN_POINT ( 'NONE',  ( -53.12325803186411122, 2.390169230206173445, 211.2173360042524166 ) ) ;
#5106 = CARTESIAN_POINT ( 'NONE',  ( 34.61173508187966519, 67.03989880090446718, 114.6668730868944124 ) ) ;
#5107 = CARTESIAN_POINT ( 'NONE',  ( 34.39672732702693025, 47.33834577238619801, 59.45654905547177549 ) ) ;
#5108 = CARTESIAN_POINT ( 'NONE',  ( -54.60667265882443644, -6.271531609451224121, 95.91850999033444225 ) ) ;
#5109 = CARTESIAN_POINT ( 'NONE',  ( -19.40000000029200677, 56.98125940730532335, 53.72114124397322144 ) ) ;
#5110 = CARTESIAN_POINT ( 'NONE',  ( 11.02122228260971148, -5.769970474066879795, 405.9653440898521808 ) ) ;
#5111 = CARTESIAN_POINT ( 'NONE',  ( -3.914601520363868659, -44.34843204132757677, 297.8379727068644343 ) ) ;
#5112 = CARTESIAN_POINT ( 'NONE',  ( -31.46591553757113147, 57.79111310595874329, 75.73104633133934271 ) ) ;
#5113 = CARTESIAN_POINT ( 'NONE',  ( -7.254113047771062028, 12.84221763753075329, 405.7183213228124714 ) ) ;
#5114 = CARTESIAN_POINT ( 'NONE',  ( 36.10787997447732067, 46.95569998340101847, 56.00272454310741921 ) ) ;
#5115 = CARTESIAN_POINT ( 'NONE',  ( 15.93823945746981607, 58.99072756742806689, 52.99294578980349968 ) ) ;
#5116 = CARTESIAN_POINT ( 'NONE',  ( 7.336799794340819858, -41.09403741802664456, 321.0267435420739730 ) ) ;
#5118 = CARTESIAN_POINT ( 'NONE',  ( -29.99340044827038554, 86.44450768770299476, 309.2678560731158086 ) ) ;
#5117 = CARTESIAN_POINT ( 'NONE',  ( 19.67986068130492683, 6.199975668947032226, 379.8237127082174993 ) ) ;
#5119 = CARTESIAN_POINT ( 'NONE',  ( 19.26023504266748887, 92.57755901091972817, 372.5926155607066903 ) ) ;
#5120 = CARTESIAN_POINT ( 'NONE',  ( -33.83169372467655478, 51.16225823295616948, 65.77327437157535428 ) ) ;
#5121 = CARTESIAN_POINT ( 'NONE',  ( -55.26928330496431130, -4.949156968758419595, 174.9349050386609008 ) ) ;
#5122 = CARTESIAN_POINT ( 'NONE',  ( 45.57068175236877750, 27.10604614702787885, 71.85503552398968452 ) ) ;
#5123 = CARTESIAN_POINT ( 'NONE',  ( -17.82736701374702903, -18.40153089739105496, 395.7210253633289199 ) ) ;
#5124 = CARTESIAN_POINT ( 'NONE',  ( 0.000000000000000000, 54.40705163971920655, 33.92780340673608919 ) ) ;
#5125 = CARTESIAN_POINT ( 'NONE',  ( -15.02441665445972063, 83.62317879616006167, 391.4894318083639746 ) ) ;
#5126 = CARTESIAN_POINT ( 'NONE',  ( -45.27188358922335709, 42.23098830303337081, 96.79605324242679387 ) ) ;
#5127 = CARTESIAN_POINT ( 'NONE',  ( 1.613030637102580211, 60.92116226321962813, 52.84991015355761590 ) ) ;
#5128 = CARTESIAN_POINT ( 'NONE',  ( 40.36784200904246234, 59.26529564777813874, 114.5185902730013225 ) ) ;
#5129 = CARTESIAN_POINT ( 'NONE',  ( 5.433941470908346005, 81.12146277195157040, 106.4310689632098246 ) ) ;
#5130 = CARTESIAN_POINT ( 'NONE',  ( 18.23734490521301765, 77.40773033164811068, 114.9417885367393239 ) ) ;
#5131 = CARTESIAN_POINT ( 'NONE',  ( -5.943433262160034758, 77.98901552160634765, 108.9905969631825258 ) ) ;
#5132 = CARTESIAN_POINT ( 'NONE',  ( 41.23855697930712694, 48.35315243124068729, 85.97111422846370488 ) ) ;
#5133 = CARTESIAN_POINT ( 'NONE',  ( 48.30856235531596354, 51.77575164062806579, 236.1833888795036955 ) ) ;
#5134 = CARTESIAN_POINT ( 'NONE',  ( 18.93811975678765691, 56.97529099679016440, 53.22263220469646683 ) ) ;
#5135 = CARTESIAN_POINT ( 'NONE',  ( 48.87227707079701844, -21.35371030458015795, 236.0308225010860212 ) ) ;
#5136 = CARTESIAN_POINT ( 'NONE',  ( -19.40000000029201388, 60.14109059700128057, 64.15796154928547423 ) ) ;
#5137 = CARTESIAN_POINT ( 'NONE',  ( 31.04878746092176911, 55.25018096516515698, 57.47791848766841127 ) ) ;
#5138 = CARTESIAN_POINT ( 'NONE',  ( 33.80908817741305938, 88.65905968219104238, 283.3206108845270705 ) ) ;
#5139 = ORIENTED_EDGE ( 'NONE', *, *, #6653, .T. ) ;
#5140 = CARTESIAN_POINT ( 'NONE',  ( 18.89999999930045149, 56.98125940761282493, 53.72114124389371881 ) ) ;
#5141 = CARTESIAN_POINT ( 'NONE',  ( -24.24609341772205084, 56.91401645434289946, 61.18891999824064953 ) ) ;
#5142 = CARTESIAN_POINT ( 'NONE',  ( -12.66236878217881312, 0.4794081024846819639, 397.5406461881872247 ) ) ;
#5143 = CARTESIAN_POINT ( 'NONE',  ( 34.01820157548515766, 69.13528290312312663, 120.8673878091167211 ) ) ;
#5144 = CARTESIAN_POINT ( 'NONE',  ( -17.23789353117615519, 59.94880289532172668, 63.75316067304491696 ) ) ;
#5145 = CARTESIAN_POINT ( 'NONE',  ( -42.56251616080142242, -10.91310051774627432, 296.6601639978746334 ) ) ;
#5146 = B_SPLINE_CURVE_WITH_KNOTS ( 'NONE', 3,
 ( #5830, #1799, #4109, #5293, #5866, #6435, #698 ),
 .UNSPECIFIED., .F., .F.,
 ( 4, 3, 4 ),
 ( 0.0007509822517909431035, 0.008307397593578723718, 0.01156603390169768167 ),
 .UNSPECIFIED. ) ;
#5147 = CARTESIAN_POINT ( 'NONE',  ( 0.4052993165811991649, -53.06138260155652375, 201.7522653698673594 ) ) ;
#5148 = CARTESIAN_POINT ( 'NONE',  ( 51.02145040802567877, -4.813224141547872037, 235.9984511206521915 ) ) ;
#5149 = CARTESIAN_POINT ( 'NONE',  ( -4.579321043888742615, -50.55581858949593510, 236.3580561766070502 ) ) ;
#5150 = B_SPLINE_SURFACE_WITH_KNOTS ( 'NONE', 1, 3, ( 
 ( #3847, #2104, #4416, #7382, #7271, #4341, #1006, #6735, #6658, #2177, #6059, #5526, #1532, #6173 ),
 ( #2633, #3162, #968, #2139, #2066, #4452, #6771, #5487, #283, #2214, #3354, #1083, #1724, #3999 ) ),
 .UNSPECIFIED., .F., .F., .F.,
 ( 2, 2 ),
 ( 4, 2, 2, 2, 2, 2, 4 ),
 ( 0.000000000000000000, 1.000000000000000000 ),
 ( 0.000000000000000000, 0.2500000000000000000, 0.3750000000000000000, 0.5000000000000000000, 0.6250000000000000000, 0.7500000000000000000, 1.000000000000000000 ),
 .UNSPECIFIED. ) ;
#5151 = CARTESIAN_POINT ( 'NONE',  ( -29.72635513566605781, 53.11818756514527706, 61.11784366054372697 ) ) ;
#5152 = CARTESIAN_POINT ( 'NONE',  ( -54.27721004450526721, 26.36209160554729891, 149.0464571627384487 ) ) ;
#5153 = CARTESIAN_POINT ( 'NONE',  ( 3.206869297739816993, 60.74704666589070001, 52.55371689136671876 ) ) ;
#5154 = CARTESIAN_POINT ( 'NONE',  ( 15.38754713704739530, -51.48652428397339520, 211.1944768967387347 ) ) ;
#5156 = CARTESIAN_POINT ( 'NONE',  ( -19.65509707699620634, 81.07117256864026444, 355.0959196464956449 ) ) ;
#5155 = CARTESIAN_POINT ( 'NONE',  ( 53.38629803832819931, 11.71335295193264692, 201.7384173601263342 ) ) ;
#5157 = CARTESIAN_POINT ( 'NONE',  ( 19.79417915554141416, 91.20814569966871943, 354.2945881323981325 ) ) ;
#5158 = VECTOR ( 'NONE', #518, 1000.000000000000000 ) ;
#5159 = CARTESIAN_POINT ( 'NONE',  ( -35.59703779720663164, 53.34480067015795868, 75.62583925723104983 ) ) ;
#5160 = CARTESIAN_POINT ( 'NONE',  ( -40.57847179566130080, -5.728293719096599901, 17.38822970210344465 ) ) ;
#5161 = CARTESIAN_POINT ( 'NONE',  ( 46.28532576457706682, 21.82928388810028864, 70.31575430997230569 ) ) ;
#5162 = CARTESIAN_POINT ( 'NONE',  ( -13.84098645673491568, -18.33915228317448864, 404.9187798778207821 ) ) ;
#5163 = CARTESIAN_POINT ( 'NONE',  ( -1.680729374533285414, 107.4661037658447498, 251.8734979200430928 ) ) ;
#5164 = CARTESIAN_POINT ( 'NONE',  ( -25.43048446762419701, 98.94266441963382874, 297.7578392886659913 ) ) ;
#5165 = CARTESIAN_POINT ( 'NONE',  ( -43.54812640105226507, 40.25061637854347651, 80.51383505914684235 ) ) ;
#5166 = CARTESIAN_POINT ( 'NONE',  ( -19.40000000029201743, 57.78272231591505914, 53.71169823300256496 ) ) ;
#5167 = CARTESIAN_POINT ( 'NONE',  ( 34.13775066524095791, 48.50267270719916723, 61.02153165950652181 ) ) ;
#5168 = CARTESIAN_POINT ( 'NONE',  ( 16.54042635564701769, 106.4485157680154543, 390.3800096164603701 ) ) ;
#5169 = CARTESIAN_POINT ( 'NONE',  ( 15.41852973493899093, 69.60183974193589052, 86.45058320771569527 ) ) ;
#5170 = CARTESIAN_POINT ( 'NONE',  ( -9.960674486979595343, 63.34725837221255773, 65.98754843544051596 ) ) ;
#5171 = CARTESIAN_POINT ( 'NONE',  ( 42.86462359277199141, 55.81208363873218303, 120.6362509292472112 ) ) ;
#5172 = CARTESIAN_POINT ( 'NONE',  ( 24.47287998797352770, 34.42806049344429908, 358.3437709870446497 ) ) ;
#5173 = CARTESIAN_POINT ( 'NONE',  ( -28.08184068792596122, 73.97633999681393391, 120.0000000000000853 ) ) ;
#5174 = CARTESIAN_POINT ( 'NONE',  ( 53.62880333035646174, -11.90122167005775822, 201.7387440632810751 ) ) ;
#5175 = CARTESIAN_POINT ( 'NONE',  ( 48.79136014154000378, 27.46754234517770854, 69.22039226620395880 ) ) ;
#5176 = CARTESIAN_POINT ( 'NONE',  ( 45.84334653097244683, 34.22548254520827982, 62.73587823517973305 ) ) ;
#5177 = CARTESIAN_POINT ( 'NONE',  ( 28.42817128026775819, 90.59853457111134389, 309.2729718572772413 ) ) ;
#5178 = ORIENTED_EDGE ( 'NONE', *, *, #6948, .T. ) ;
#5179 = CARTESIAN_POINT ( 'NONE',  ( 2.006852427835739583, 71.33920929084678164, 86.46968911456198725 ) ) ;
#5180 = CARTESIAN_POINT ( 'NONE',  ( -29.78535842465486994, 71.42285027339529790, 114.7795422231516937 ) ) ;
#5181 = CARTESIAN_POINT ( 'NONE',  ( -55.06818507497453652, -0.6667840732742152943, 106.4749923987092899 ) ) ;
#5182 = CARTESIAN_POINT ( 'NONE',  ( 32.52489471044673763, 58.77251414903616933, 80.86256794195554676 ) ) ;
#5183 = CARTESIAN_POINT ( 'NONE',  ( 18.89999999930046215, 55.66659322484436956, 53.73731346006706389 ) ) ;
#5184 = CARTESIAN_POINT ( 'NONE',  ( -54.87540321484932093, -17.30862192864878679, 174.9392948691363472 ) ) ;
#5185 = CIRCLE ( 'NONE', #7486, 0.5000000000000004441 ) ;
#5186 = CARTESIAN_POINT ( 'NONE',  ( 29.99340044827038554, 86.44450768770299476, 309.2678560731158086 ) ) ;
#5187 = CARTESIAN_POINT ( 'NONE',  ( 29.32377734933953306, 49.38107434864465972, 54.62166135448771342 ) ) ;
#5188 = CARTESIAN_POINT ( 'NONE',  ( 49.43156454098385666, -4.785056456049806783, 250.8428210327163868 ) ) ;
#5189 = CARTESIAN_POINT ( 'NONE',  ( -7.102195459171437797, -53.46846619629948805, 82.48993615754748987 ) ) ;
#5190 = CARTESIAN_POINT ( 'NONE',  ( -30.07082737200067513, 54.94336230406058519, 65.85762934613269692 ) ) ;
#5191 = EDGE_CURVE ( 'NONE', #5331, #700, #5185, .T. ) ;
#5192 = CARTESIAN_POINT ( 'NONE',  ( -7.200169675539526359, 18.09406300332792839, 405.5869068823373595 ) ) ;
#5193 = CARTESIAN_POINT ( 'NONE',  ( 6.385054680065608501, 60.21456109593014361, 52.60351650967925252 ) ) ;
#5194 = CARTESIAN_POINT ( 'NONE',  ( 4.579321043888742615, -50.55581858949593510, 236.3580561766070502 ) ) ;
#5196 = CARTESIAN_POINT ( 'NONE',  ( -37.51350736813993336, 86.56911634437325631, 251.5572037915497106 ) ) ;
#5195 = CARTESIAN_POINT ( 'NONE',  ( 50.87623757684188774, 4.381805678095517464, 61.09408426076865339 ) ) ;
#5197 = CARTESIAN_POINT ( 'NONE',  ( 34.87451329825628221, 86.19984804863253203, 192.3823065410531683 ) ) ;
#5198 = CARTESIAN_POINT ( 'NONE',  ( -33.06705576089780152, 49.79389212283683008, 61.04707932464293663 ) ) ;
#5199 = CARTESIAN_POINT ( 'NONE',  ( -40.56816203972449131, -4.830616344471450496, 309.1854164388136610 ) ) ;
#5200 = CARTESIAN_POINT ( 'NONE',  ( -9.190678218810484523, 57.29176003363393477, 52.64331826122558056 ) ) ;
#5201 = CARTESIAN_POINT ( 'NONE',  ( -39.90890487282776178, -45.48172969370041585, 106.4617499417587396 ) ) ;
#5202 = CARTESIAN_POINT ( 'NONE',  ( -10.39490551287486042, 80.62370166623460932, 106.4316516363538767 ) ) ;
#5203 = CARTESIAN_POINT ( 'NONE',  ( -21.80617979207999113, 96.10370779785638717, 335.6853096062209829 ) ) ;
#5204 = CARTESIAN_POINT ( 'NONE',  ( -45.83586432524793253, 46.24493134004206496, 114.3611073202727795 ) ) ;
#5205 = CARTESIAN_POINT ( 'NONE',  ( 11.16772851861971283, 59.62795513394104319, 52.75022223060871340 ) ) ;
#5206 = CARTESIAN_POINT ( 'NONE',  ( 33.75853959952716821, 55.51939378719944074, 75.67557697677875694 ) ) ;
#5207 = CARTESIAN_POINT ( 'NONE',  ( 15.64684210313854074, 107.7570054325564541, 320.8476529610748571 ) ) ;
#5208 = CARTESIAN_POINT ( 'NONE',  ( 11.45719680612588398, 63.11795863599215295, 65.98701246358693595 ) ) ;
#5209 = CARTESIAN_POINT ( 'NONE',  ( -7.040712657255976836, 65.59443198678987130, 70.95422799758603105 ) ) ;
#5210 = CARTESIAN_POINT ( 'NONE',  ( 37.49513184212380423, 43.50154441388966120, 60.92923797490304594 ) ) ;
#5211 = CARTESIAN_POINT ( 'NONE',  ( -15.27728817937552819, 90.35655249148204859, 149.0203490209352708 ) ) ;
#5212 = CARTESIAN_POINT ( 'NONE',  ( -37.92194166117820942, 64.29897420096989435, 120.0000000000000000 ) ) ;
#5213 = CARTESIAN_POINT ( 'NONE',  ( 18.35250334499541935, -16.48168322511991590, 396.2369710545312955 ) ) ;
#5214 = CARTESIAN_POINT ( 'NONE',  ( 39.27082347916529415, 62.28730166903437038, 120.0000000000000426 ) ) ;
#5215 = ORIENTED_EDGE ( 'NONE', *, *, #487, .T. ) ;
#5216 = CARTESIAN_POINT ( 'NONE',  ( 18.74046272808955749, 55.23072151003221109, 53.92322663152430806 ) ) ;
#5217 = VECTOR ( 'NONE', #1195, 1000.000000000000000 ) ;
#5218 = CARTESIAN_POINT ( 'NONE',  ( 40.88846983969705917, 76.05783718119577941, 174.9426580378350593 ) ) ;
#5219 = ORIENTED_EDGE ( 'NONE', *, *, #2902, .T. ) ;
#5220 = CARTESIAN_POINT ( 'NONE',  ( 4.131368649026718742, 81.36349429130410726, 121.1653446155994658 ) ) ;
#5221 = CARTESIAN_POINT ( 'NONE',  ( -28.54994803575818807, 63.85712289949872655, 86.31310232510334401 ) ) ;
#5222 = CLOSED_SHELL ( 'NONE', ( #221, #253, #3494, #4632, #5314, #2716, #2405, #548, #1153, #7217, #5077, #1699, #1846, #4252, #4055, #5887, #28, #6166, #502, #4533, #5376, #847, #6984, #924, #3172, #1271, #1594, #2254, #6310, #1831, #5548, #1462, #3742, #6235, #4850, #4752, #6437, #1060, #3234, #5608, #1475 ) ) ;
#5223 = CARTESIAN_POINT ( 'NONE',  ( 35.38929412553034837, 67.62718603847628174, 120.8328043597729646 ) ) ;
#5224 = DIRECTION ( 'NONE',  ( -0.0009866687537836264527, -0.9999205967106100656, 0.01256291202977151931 ) ) ;
#5225 = CARTESIAN_POINT ( 'NONE',  ( -30.31161395342575204, -12.56933439469724512, 359.5858047390486263 ) ) ;
#5226 = CARTESIAN_POINT ( 'NONE',  ( 42.80750725574684168, 74.57084001723440281, 192.3758988077698575 ) ) ;
#5227 = CARTESIAN_POINT ( 'NONE',  ( 39.52413448857952716, 35.79024075415757977, 58.02052370865986575 ) ) ;
#5228 = CARTESIAN_POINT ( 'NONE',  ( 49.39373680530179911, -5.161532930411835807, 250.8426180530016723 ) ) ;
#5229 = CARTESIAN_POINT ( 'NONE',  ( -2.075083960990001586, -39.49920103413424499, 335.5900574284863751 ) ) ;
#5230 = CARTESIAN_POINT ( 'NONE',  ( -30.24801112842618878, 52.66527002252638567, 61.10860999994313403 ) ) ;
#5231 = CARTESIAN_POINT ( 'NONE',  ( -50.65551780653783709, 7.294605552706046936, 61.09089521872208906 ) ) ;
#5232 = CARTESIAN_POINT ( 'NONE',  ( 28.60348920511121662, 58.10690558803085537, 70.83367326024050215 ) ) ;
#5233 = CARTESIAN_POINT ( 'NONE',  ( 2.019483917365790222E-25, 60.92116226309671845, 52.84991015362799516 ) ) ;
#5234 = AXIS2_PLACEMENT_3D ( 'NONE', #4024, #2805, #5 ) ;
#5235 = CARTESIAN_POINT ( 'NONE',  ( 4.922740558766545149, -54.76240801901495558, 106.4484883460111888 ) ) ;
#5237 = CARTESIAN_POINT ( 'NONE',  ( -42.65542015519199026, 65.27481856950309691, 125.2937365483975043 ) ) ;
#5236 = CARTESIAN_POINT ( 'NONE',  ( 32.56694944330950392, 7.760619002982344306, 338.7901106084835305 ) ) ;
#5238 = CARTESIAN_POINT ( 'NONE',  ( 15.89033799229757093, 83.38418996675548556, 403.2451021366735517 ) ) ;
#5239 = CARTESIAN_POINT ( 'NONE',  ( -38.02932712570562757, 62.83952474711450265, 114.5815701726005926 ) ) ;
#5240 = CARTESIAN_POINT ( 'NONE',  ( -48.85985849388055868, 55.89683446289389934, 211.2185997944496592 ) ) ;
#5241 = DIRECTION ( 'NONE',  ( 0.000000000000000000, -0.9198229214389395114, 0.3923337777907153212 ) ) ;
#5242 = CARTESIAN_POINT ( 'NONE',  ( -11.84108653143643863, -18.92433324033565967, 409.0779284778324154 ) ) ;
#5243 = CARTESIAN_POINT ( 'NONE',  ( -7.902683517098368249, 53.94953849296003767, 33.93547263421742599 ) ) ;
#5244 = CARTESIAN_POINT ( 'NONE',  ( 21.49987447001116081, -37.19104895231556895, 321.3825181384673897 ) ) ;
#5245 = CARTESIAN_POINT ( 'NONE',  ( -30.95182506745895878, 91.13756162900149604, 201.7347565835676733 ) ) ;
#5246 = CARTESIAN_POINT ( 'NONE',  ( 7.996394545994625069, 60.05892124724127967, 52.64243943063242881 ) ) ;
#5247 = CARTESIAN_POINT ( 'NONE',  ( 34.29310739683720044, 56.94498118744544257, 80.81672322222003402 ) ) ;
#5248 = CARTESIAN_POINT ( 'NONE',  ( 17.24497560433223953, 105.2293931483611544, 267.5377225618441344 ) ) ;
#5249 = CARTESIAN_POINT ( 'NONE',  ( 16.00999838476892734, 63.96301123478207984, 70.94351149511886945 ) ) ;
#5250 = EDGE_LOOP ( 'NONE', ( #3721, #550, #3425 ) ) ;
#5251 = CARTESIAN_POINT ( 'NONE',  ( 0.000000000000000000, 65.91200022409107362, 70.95450733785688158 ) ) ;
#5252 = CARTESIAN_POINT ( 'NONE',  ( 45.40683670051207343, 43.84020425312574076, 102.5880095932117797 ) ) ;
#5253 = CARTESIAN_POINT ( 'NONE',  ( -11.44901981013037329, 111.2473621027540815, 353.0741896992451530 ) ) ;
#5254 = CARTESIAN_POINT ( 'NONE',  ( 19.39999999930050834, 56.97571379184643092, 53.25794598646149325 ) ) ;
#5255 = CARTESIAN_POINT ( 'NONE',  ( 54.93396831683054415, -22.86206474702940028, 149.0574281582650258 ) ) ;
#5256 = CARTESIAN_POINT ( 'NONE',  ( 37.27838197793955999, 65.12406987459368679, 119.9999999999998863 ) ) ;
#5257 = VERTEX_POINT ( 'NONE', #4256 ) ;
#5258 = CARTESIAN_POINT ( 'NONE',  ( -19.40000000028834037, 58.53274186592173578, 54.54193842813750592 ) ) ;
#5259 = EDGE_LOOP ( 'NONE', ( #1043, #627, #1910, #2055 ) ) ;
#5260 = CARTESIAN_POINT ( 'NONE',  ( -24.76006354924446384, 69.67085036283484101, 97.32234118471785678 ) ) ;
#5261 = CARTESIAN_POINT ( 'NONE',  ( 32.78673828163203297, 58.51650572200267675, 80.85605382766040350 ) ) ;
#5262 = CARTESIAN_POINT ( 'NONE',  ( 39.80426606177059057, 39.29896864310688187, 61.46707593659420610 ) ) ;
#5263 = CARTESIAN_POINT ( 'NONE',  ( -56.14666852717171963, -12.12898496295602868, 149.0521192446565522 ) ) ;
#5264 = CARTESIAN_POINT ( 'NONE',  ( 31.17297337175079974, 43.33230512748012586, 34.08089704958322130 ) ) ;
#5265 = CARTESIAN_POINT ( 'NONE',  ( 4.676890161362729614, 57.69594724180897316, 52.54223714082039720 ) ) ;
#5266 = CARTESIAN_POINT ( 'NONE',  ( 47.50155169126043830, -5.154000518373821116, 266.0951788664463606 ) ) ;
#5267 = CARTESIAN_POINT ( 'NONE',  ( -3.943619378247300578, -47.86392954050926818, 34.31883831212976332 ) ) ;
#5268 = CARTESIAN_POINT ( 'NONE',  ( -32.02077037190279185, 64.70143702198714664, 97.18447129537439366 ) ) ;
#5269 = CARTESIAN_POINT ( 'NONE',  ( -53.68895350352120488, 16.46461640963774187, 192.3508522103153382 ) ) ;
#5270 = CARTESIAN_POINT ( 'NONE',  ( 29.78732763410230078, 62.94899288400830528, 86.28904545785910329 ) ) ;
#5271 = CARTESIAN_POINT ( 'NONE',  ( -11.16772851922183385, 59.62795513384564572, 52.75022223063255211 ) ) ;
#5272 = CARTESIAN_POINT ( 'NONE',  ( 3.679238610717980418, -41.41978176773010034, 320.9852524028163430 ) ) ;
#5274 = CARTESIAN_POINT ( 'NONE',  ( -41.64594192190568123, 54.17772022599797310, 82.47792921848625269 ) ) ;
#5273 = CARTESIAN_POINT ( 'NONE',  ( 54.84875265079958240, 5.345334317541089675, 174.9351553658538023 ) ) ;
#5275 = CARTESIAN_POINT ( 'NONE',  ( 34.14228423407340784, 89.16968703908464988, 211.2198130842378703 ) ) ;
#5276 = CARTESIAN_POINT ( 'NONE',  ( -36.18461363038844780, 56.60243875774320799, 86.13123354415117205 ) ) ;
#5277 = CARTESIAN_POINT ( 'NONE',  ( -43.00758650767800617, 65.02182500872734749, 266.8004057706122580 ) ) ;
#5278 = CARTESIAN_POINT ( 'NONE',  ( -19.40000000029201388, 57.24841325846647777, 53.71795569303979789 ) ) ;
#5279 = CARTESIAN_POINT ( 'NONE',  ( -40.79405075677990311, -45.63226302627482056, 149.0839727263069960 ) ) ;
#5280 = CARTESIAN_POINT ( 'NONE',  ( 25.82775791282300659, -38.38929075969917193, 17.35840616235080702 ) ) ;
#5281 = CARTESIAN_POINT ( 'NONE',  ( -19.59041987682523356, 34.02306453757994831, 9.999999999999998224 ) ) ;
#5282 = CARTESIAN_POINT ( 'NONE',  ( 33.40822381769182670, 53.78511722601795952, 70.73404549079576498 ) ) ;
#5283 = CARTESIAN_POINT ( 'NONE',  ( 16.20850349175512051, 72.07967831419762206, 82.48345254999986764 ) ) ;
#5284 = CARTESIAN_POINT ( 'NONE',  ( 22.64206312950952338, 67.17491382426476321, 86.40076297989185150 ) ) ;
#5285 = CARTESIAN_POINT ( 'NONE',  ( -1.951486993218040977, 67.75888104431049896, 75.92133414060437246 ) ) ;
#5286 = CARTESIAN_POINT ( 'NONE',  ( 44.78363352195371760, 43.80125519656017019, 96.81251900707702873 ) ) ;
#5287 = CARTESIAN_POINT ( 'NONE',  ( -15.26363629011957279, 95.17499453668588671, 174.9457140544018898 ) ) ;
#5288 = CARTESIAN_POINT ( 'NONE',  ( -20.91707784828886219, 101.2330489380440781, 236.4909178937897138 ) ) ;
#5289 = CARTESIAN_POINT ( 'NONE',  ( -30.84247846473615695, 71.87086350674947255, 120.0000000000000000 ) ) ;
#5290 = CARTESIAN_POINT ( 'NONE',  ( 48.77383573997332178, -31.90895690877947644, 201.7417783722397076 ) ) ;
#5291 = CARTESIAN_POINT ( 'NONE',  ( 30.03580816220872407, 72.51658982683804311, 120.0000000000000711 ) ) ;
#5292 = EDGE_LOOP ( 'NONE', ( #4953, #6436, #3193, #5336 ) ) ;
#5293 = CARTESIAN_POINT ( 'NONE',  ( 18.74435173326568815, 58.19264630251666404, 60.87494578884919605 ) ) ;
#5294 = CARTESIAN_POINT ( 'NONE',  ( 27.46988779074350973, 68.15655177468721604, 97.27898133913194556 ) ) ;
#5295 = ORIENTED_EDGE ( 'NONE', *, *, #3839, .T. ) ;
#5296 = CARTESIAN_POINT ( 'NONE',  ( -21.07953420183998361, 74.72292623340355533, 108.9325505994672625 ) ) ;
#5297 = CARTESIAN_POINT ( 'NONE',  ( -53.54228658131601293, -8.502561724832313317, 82.46846619459346073 ) ) ;
#5298 = CARTESIAN_POINT ( 'NONE',  ( 39.43991858397227901, 61.80966359378727759, 95.91591011926962551 ) ) ;
#5299 = CARTESIAN_POINT ( 'NONE',  ( 22.87662111968417378, 55.56985084606030512, 53.57411157400093060 ) ) ;
#5300 = CARTESIAN_POINT ( 'NONE',  ( 40.58052660407712864, -6.166741895169912446, 17.38832198500689330 ) ) ;
#5301 = CARTESIAN_POINT ( 'NONE',  ( -4.887913158160070992, -52.97964914891399246, 201.7521239684083412 ) ) ;
#5302 = B_SPLINE_CURVE_WITH_KNOTS ( 'NONE', 3,
 ( #233, #7220, #4902, #2013, #1440, #6644, #6082, #6576 ),
 .UNSPECIFIED., .F., .F.,
 ( 4, 2, 2, 4 ),
 ( 1.387778780781445676E-17, 0.01208291609875236303, 0.02416583219750471218, 0.04833166439500936884 ),
 .UNSPECIFIED. ) ;
#5303 = CARTESIAN_POINT ( 'NONE',  ( -31.90881857865958438, 63.04972970513594532, 91.61051661487219633 ) ) ;
#5304 = CARTESIAN_POINT ( 'NONE',  ( -52.83545361035590560, 11.93388638024764248, 211.2174480075504164 ) ) ;
#5305 = CARTESIAN_POINT ( 'NONE',  ( 32.84479330569837430, 70.30358351405151041, 120.8964979195235969 ) ) ;
#5306 = CARTESIAN_POINT ( 'NONE',  ( 18.74854123369621561, 59.63132289473217185, 64.25632139767719764 ) ) ;
#5307 = CARTESIAN_POINT ( 'NONE',  ( 7.576879780771302642, -54.21583473164314881, 175.0420682590837771 ) ) ;
#5309 = CARTESIAN_POINT ( 'NONE',  ( -46.01272026839473739, 54.13724013350747555, 106.4518592600333164 ) ) ;
#5308 = CARTESIAN_POINT ( 'NONE',  ( 52.35555930434267680, 5.977372304225366584, 221.5251464616521844 ) ) ;
#5310 = CARTESIAN_POINT ( 'NONE',  ( 23.77047769575394653, 49.00291018023894196, 34.01518524472781024 ) ) ;
#5311 = CARTESIAN_POINT ( 'NONE',  ( -36.39888752600360533, 60.08386212622278322, 97.07209204548335890 ) ) ;
#5312 = CARTESIAN_POINT ( 'NONE',  ( -17.36460173813738805, 45.92807766765083244, 377.0064863997602629 ) ) ;
#5313 = CARTESIAN_POINT ( 'NONE',  ( 15.67262883775946314, 57.92949206270760243, 52.98400091995097227 ) ) ;
#5314 = ADVANCED_FACE ( 'NONE', ( #1298 ), #546, .T. ) ;
#5315 = CARTESIAN_POINT ( 'NONE',  ( -35.51058463742986504, -47.66345437325118439, 175.0000903955842091 ) ) ;
#5316 = CARTESIAN_POINT ( 'NONE',  ( 28.53805590149006832, -47.40004139201266042, 221.5312332532022594 ) ) ;
#5318 = CARTESIAN_POINT ( 'NONE',  ( -26.25758226126028561, 47.45398614012162142, 34.03438548807967834 ) ) ;
#5317 = CARTESIAN_POINT ( 'NONE',  ( 51.72105783454171757, 42.22950757592240478, 192.3600627025052461 ) ) ;
#5319 = CARTESIAN_POINT ( 'NONE',  ( 31.00223292236956141, 51.97678161250980367, 61.09409723068215925 ) ) ;
#5320 = CARTESIAN_POINT ( 'NONE',  ( 16.53702835546345895, 106.3836801495342286, 283.7220995123229841 ) ) ;
#5321 = CARTESIAN_POINT ( 'NONE',  ( 19.82858873113102050, 68.26743865819885571, 86.42575647785859871 ) ) ;
#5322 = VERTEX_POINT ( 'NONE', #1754 ) ;
#5323 = CARTESIAN_POINT ( 'NONE',  ( 42.28837228013819072, 37.13139274904705900, 58.45963550302403888 ) ) ;
#5324 = CARTESIAN_POINT ( 'NONE',  ( -18.91120200754940583, 59.90841924986499123, 65.04188087513318806 ) ) ;
#5325 = CARTESIAN_POINT ( 'NONE',  ( 43.29697323066552883, 40.97988906011575949, 80.52331576015318149 ) ) ;
#5326 = CARTESIAN_POINT ( 'NONE',  ( -17.10914371339296380, 105.5397445469658209, 409.0779284778308238 ) ) ;
#5327 = CARTESIAN_POINT ( 'NONE',  ( -14.53392892707860540, 52.61194511000936558, 33.95898219624178438 ) ) ;
#5328 = CARTESIAN_POINT ( 'NONE',  ( -44.15588085890702530, 19.75640807584358782, 56.17425139272414469 ) ) ;
#5329 = CARTESIAN_POINT ( 'NONE',  ( 23.82472647837007429, -18.78645823521578606, 378.4645645396237228 ) ) ;
#5330 = CARTESIAN_POINT ( 'NONE',  ( -51.36148997955902473, 27.10604614702787885, 87.84695380631184491 ) ) ;
#5331 = VERTEX_POINT ( 'NONE', #2434 ) ;
#5332 = B_SPLINE_CURVE_WITH_KNOTS ( 'NONE', 3,
 ( #1346, #3727, #3691, #4338, #779, #7231, #6620, #2589, #6586, #3198 ),
 .UNSPECIFIED., .F., .F.,
 ( 4, 2, 2, 2, 4 ),
 ( 1.134025266523539782E-28, 0.009484752980226759944, 0.01422712947034013992, 0.01659831771539682990, 0.01896950596045351989 ),
 .UNSPECIFIED. ) ;
#5333 = CARTESIAN_POINT ( 'NONE',  ( -19.40000000029201388, 56.07426986393517154, 54.69318979754212506 ) ) ;
#5334 = EDGE_CURVE ( 'NONE', #6885, #1949, #3844, .T. ) ;
#5335 = CARTESIAN_POINT ( 'NONE',  ( 29.11305360621225802, 68.66940546087766961, 103.0282901478688871 ) ) ;
#5336 = ORIENTED_EDGE ( 'NONE', *, *, #1931, .T. ) ;
#5337 = CARTESIAN_POINT ( 'NONE',  ( -18.08437680918525103, 67.08449398572365396, 81.06515968838468211 ) ) ;
#5338 = CARTESIAN_POINT ( 'NONE',  ( -52.54658155916712303, -28.04985814028160718, 106.4711134020327563 ) ) ;
#5339 = CARTESIAN_POINT ( 'NONE',  ( 38.28031500894724815, 58.72841237810130366, 82.47914786764185635 ) ) ;
#5340 = CARTESIAN_POINT ( 'NONE',  ( 53.79043518013038039, -6.249167191610056626, 201.7386374643990621 ) ) ;
#5341 = CARTESIAN_POINT ( 'NONE',  ( -1.167433747677212530, -53.64366002886354323, 82.49045169442678116 ) ) ;
#5342 = CARTESIAN_POINT ( 'NONE',  ( -30.83992605881965687, 60.27767447410439416, 80.90050998460168330 ) ) ;
#5343 = CARTESIAN_POINT ( 'NONE',  ( -52.29412793052531327, 8.042072019475606126, 221.5258931918240819 ) ) ;
#5344 = CARTESIAN_POINT ( 'NONE',  ( 30.24291604024508473, 60.76502093353811063, 80.91289070206003942 ) ) ;
#5345 = CARTESIAN_POINT ( 'NONE',  ( 18.74595051386660671, 59.46908643135586203, 63.87318011855519728 ) ) ;
#5346 = CARTESIAN_POINT ( 'NONE',  ( -56.07762903108212527, -5.301034053071639107, 149.0516017359574619 ) ) ;
#5347 = CARTESIAN_POINT ( 'NONE',  ( 5.275726781593491843, -39.25647364483652524, 335.6585644834651703 ) ) ;
#5349 = CARTESIAN_POINT ( 'NONE',  ( -20.99623477986060749, 73.49320201316027124, 355.6337695516447752 ) ) ;
#5348 = CARTESIAN_POINT ( 'NONE',  ( 27.11434045561395223, 1.646010197927771701, 359.7242175646101714 ) ) ;
#5350 = CARTESIAN_POINT ( 'NONE',  ( -42.96151574389276817, 39.24390971836306363, 75.38208982418056792 ) ) ;
#5351 = CARTESIAN_POINT ( 'NONE',  ( 34.91342819990006063, 66.69714654339590254, 95.91559447630081081 ) ) ;
#5352 = CARTESIAN_POINT ( 'NONE',  ( -33.04851309563342454, 52.06129150863849020, 65.79316601904105255 ) ) ;
#5353 = CARTESIAN_POINT ( 'NONE',  ( -48.72147261076205638, 58.38475533444464105, 192.3676332164626217 ) ) ;
#5354 = CARTESIAN_POINT ( 'NONE',  ( 19.39999999930054031, 60.29842758659972901, 64.37052438112003472 ) ) ;
#5355 = CARTESIAN_POINT ( 'NONE',  ( -23.18571629111074373, -33.25716159874180988, 336.9319419089480903 ) ) ;
#5356 = CARTESIAN_POINT ( 'NONE',  ( 24.74192507929681284, -35.39205696195011797, 321.5007917308348055 ) ) ;
#5358 = CARTESIAN_POINT ( 'NONE',  ( -37.40036769032823827, 76.96173453576361112, 149.0270762108757481 ) ) ;
#5357 = CARTESIAN_POINT ( 'NONE',  ( 50.92809235136057566, 26.64313019232611168, 82.47178895346226568 ) ) ;
#5359 = CARTESIAN_POINT ( 'NONE',  ( 36.64064686116355318, 63.13011089966409628, 108.6321183739974998 ) ) ;
#5360 = CARTESIAN_POINT ( 'NONE',  ( 22.94962416424538176, 100.2016216651766030, 236.4813246010988905 ) ) ;
#5361 = CARTESIAN_POINT ( 'NONE',  ( 18.75043427962674514, 63.10638514072877570, 70.93284440745456720 ) ) ;
#5362 = CARTESIAN_POINT ( 'NONE',  ( -53.52984902553232160, 27.10604614702786463, 119.9999999999999858 ) ) ;
#5363 = CARTESIAN_POINT ( 'NONE',  ( -18.90000000029201388, 56.98125940730532335, 53.72114124397322144 ) ) ;
#5364 = CARTESIAN_POINT ( 'NONE',  ( 45.27665283966400978, 46.27000256081662144, 108.3870134551845297 ) ) ;
#5365 = CARTESIAN_POINT ( 'NONE',  ( -12.93255168702731872, 53.01099583676300853, 33.95198839746039710 ) ) ;
#5366 = CARTESIAN_POINT ( 'NONE',  ( -18.29335931135465643, 105.3985775637422790, 283.6948008825505099 ) ) ;
#5367 = CARTESIAN_POINT ( 'NONE',  ( 3.886979048657988233E-11, 58.44598121015420134, 53.04223714098315412 ) ) ;
#5368 = CARTESIAN_POINT ( 'NONE',  ( 38.12949699467273490, -22.17783943128567969, 309.2041950367357686 ) ) ;
#5369 = CARTESIAN_POINT ( 'NONE',  ( -10.16508719179965325, 84.22252552271645243, 119.9999999999999716 ) ) ;
#5370 = ORIENTED_EDGE ( 'NONE', *, *, #7325, .T. ) ;
#5371 = CARTESIAN_POINT ( 'NONE',  ( 0.000000000000000000, 105.7791907876932385, 236.5351059486960139 ) ) ;
#5372 = CARTESIAN_POINT ( 'NONE',  ( 21.28604183810108452, 56.28805100111311077, 56.66161319106853966 ) ) ;
#5373 = CARTESIAN_POINT ( 'NONE',  ( -18.82875291828460718, 57.28211637546061752, 56.67001162948742632 ) ) ;
#5374 = CARTESIAN_POINT ( 'NONE',  ( -43.14974593371722023, -19.72270325434978488, 282.2926505310324501 ) ) ;
#5375 = CARTESIAN_POINT ( 'NONE',  ( 39.13723516444454731, 48.88963246323980627, 60.98966584903971011 ) ) ;
#5376 = ADVANCED_FACE ( 'NONE', ( #4214 ), #3540, .T. ) ;
#5377 = CARTESIAN_POINT ( 'NONE',  ( -19.40000000029202809, 57.19302574388904503, 56.99204233200872949 ) ) ;
#5378 = CARTESIAN_POINT ( 'NONE',  ( 9.450897867443625699, -6.630376324146094014, 409.0779284778318470 ) ) ;
#5379 = CARTESIAN_POINT ( 'NONE',  ( -2.881711039834468302, -53.56836269825922869, 192.4470611123404353 ) ) ;
#5380 = CARTESIAN_POINT ( 'NONE',  ( -30.18425357988503777, 58.88490181264655376, 75.75714715364971141 ) ) ;
#5381 = CARTESIAN_POINT ( 'NONE',  ( -54.26091512747247947, 13.74916100976746236, 106.4719936658562176 ) ) ;
#5382 = CARTESIAN_POINT ( 'NONE',  ( 31.60945245298500694, 63.31045035508310548, 91.61734129866637488 ) ) ;
#5383 = CARTESIAN_POINT ( 'NONE',  ( -6.409927440744257687, 58.25650832371267995, 52.58965420593160900 ) ) ;
#5384 = CARTESIAN_POINT ( 'NONE',  ( -54.60395312582040361, -5.824797706672109499, 95.91850950000637965 ) ) ;
#5385 = CARTESIAN_POINT ( 'NONE',  ( 0.9226100849970726436, -41.51396910380941563, 320.9723758423571667 ) ) ;
#5387 = CARTESIAN_POINT ( 'NONE',  ( -36.40676667673066191, 36.67823783312199026, 34.15092617790310214 ) ) ;
#5386 = CARTESIAN_POINT ( 'NONE',  ( 37.02534058801362704, -0.6692307771683108086, 10.00000000000000000 ) ) ;
#5388 = CARTESIAN_POINT ( 'NONE',  ( -42.13767753097360469, 35.75144458251592283, 65.51834646822079833 ) ) ;
#5389 = CARTESIAN_POINT ( 'NONE',  ( 19.27254319071283462, 88.74135770772925014, 354.5235880784441633 ) ) ;
#5390 = CARTESIAN_POINT ( 'NONE',  ( -32.84768708845736995, 50.04517982145914345, 61.05239835121222569 ) ) ;
#5391 = CARTESIAN_POINT ( 'NONE',  ( -49.10965060371954394, 45.61518357334105644, 106.4571160567617625 ) ) ;
#5392 = CARTESIAN_POINT ( 'NONE',  ( -19.40000000029201388, 58.32780549115927471, 54.99232085945880755 ) ) ;
#5393 = CARTESIAN_POINT ( 'NONE',  ( -23.35187323032068107, -40.28483932155247516, 297.4720216980654186 ) ) ;
#5394 = CARTESIAN_POINT ( 'NONE',  ( 22.09716541651445354, -40.00145447593970260, 17.35382483127344244 ) ) ;
#5396 = CARTESIAN_POINT ( 'NONE',  ( -33.77850091417769107, 63.34026778735402274, 82.48044464463374936 ) ) ;
#5395 = CARTESIAN_POINT ( 'NONE',  ( 34.69018520095133340, 37.35038264156623455, 321.9527618989623079 ) ) ;
#5397 = CARTESIAN_POINT ( 'NONE',  ( 36.63682176847240868, 59.78371651873458603, 97.06563583771090009 ) ) ;
#5398 = CARTESIAN_POINT ( 'NONE',  ( 19.37539373881425320, 104.8223186834098613, 297.8727098026344038 ) ) ;
#5399 = CARTESIAN_POINT ( 'NONE',  ( 40.22547570639038383, 41.32237471529474249, 57.41153416848182900 ) ) ;
#5400 = CARTESIAN_POINT ( 'NONE',  ( -45.57068175236877750, 27.10604614702787885, 71.85503552398968452 ) ) ;
#5401 = CARTESIAN_POINT ( 'NONE',  ( 45.03276546823151705, 43.02194218225725564, 96.80410860275060259 ) ) ;
#5402 = CARTESIAN_POINT ( 'NONE',  ( -39.80622712565948973, 39.29352673583964872, 61.46843687546659396 ) ) ;
#5403 = CARTESIAN_POINT ( 'NONE',  ( -18.84408894594456996, 102.1676237330502772, 236.4997088844062318 ) ) ;
#5404 = CARTESIAN_POINT ( 'NONE',  ( -47.50013850354662281, 26.98210763403497836, 85.74022528447861191 ) ) ;
#5405 = CARTESIAN_POINT ( 'NONE',  ( 43.54375879762299917, -41.69735384013383594, 95.91565193775846865 ) ) ;
#5406 = CARTESIAN_POINT ( 'NONE',  ( -18.26531871518585959, 82.57009208499808040, 120.0000000000000568 ) ) ;
#5407 = EDGE_LOOP ( 'NONE', ( #4607, #3316, #2887, #331 ) ) ;
#5408 = CARTESIAN_POINT ( 'NONE',  ( 0.000000000000000000, 99.71049082051534640, 192.3914645597634774 ) ) ;
#5409 = CARTESIAN_POINT ( 'NONE',  ( 26.49103086957988751, 59.52875955560785570, 70.86545413149414685 ) ) ;
#5410 = CARTESIAN_POINT ( 'NONE',  ( -24.04052574274232867, 73.43764134629809348, 108.8984359151937298 ) ) ;
#5411 = EDGE_CURVE ( 'NONE', #4333, #4756, #2630, .T. ) ;
#5412 = CARTESIAN_POINT ( 'NONE',  ( -33.52439508640450327, -20.05473325682716990, 338.3955941221474859 ) ) ;
#5413 = CARTESIAN_POINT ( 'NONE',  ( 43.55744019765623420, 74.43881131015170638, 221.5844429870857368 ) ) ;
#5414 = CARTESIAN_POINT ( 'NONE',  ( 19.39999999930045504, 55.66659322484434824, 53.73731346006704968 ) ) ;
#5415 = CARTESIAN_POINT ( 'NONE',  ( 54.39253933577555244, -8.510541513731373797, 192.3475893745212488 ) ) ;
#5416 = CARTESIAN_POINT ( 'NONE',  ( 0.000000000000000000, -47.77431481950399217, 267.3981681540126374 ) ) ;
#5417 = EDGE_CURVE ( 'NONE', #5102, #6474, #4575, .T. ) ;
#5418 = CARTESIAN_POINT ( 'NONE',  ( -32.67768258505966372, 65.75816830731517371, 102.9503501886876222 ) ) ;
#5419 = CARTESIAN_POINT ( 'NONE',  ( -55.39680724797396039, 6.511398499391120254, 125.3239440966628706 ) ) ;
#5420 = CARTESIAN_POINT ( 'NONE',  ( 29.88846592481552733, 59.12282233256973285, 75.76289273505857125 ) ) ;
#5421 = CARTESIAN_POINT ( 'NONE',  ( 19.05164023385620453, 59.32526363257785107, 56.11944923082656089 ) ) ;
#5422 = CARTESIAN_POINT ( 'NONE',  ( -11.76623058891217077, -6.615223873134758570, 405.9664766139601397 ) ) ;
#5423 = CARTESIAN_POINT ( 'NONE',  ( 1.875480822910749801, -40.42613779987303246, 9.999999999999998224 ) ) ;
#5425 = CARTESIAN_POINT ( 'NONE',  ( -16.75142871126407229, 56.52716496110573985, 376.0054437532482439 ) ) ;
#5424 = CARTESIAN_POINT ( 'NONE',  ( 51.12104519766923971, 0.4201243269255702795, 61.09735886581338349 ) ) ;
#5426 = CARTESIAN_POINT ( 'NONE',  ( -15.09914210338381046, -50.81352835109245092, 221.5338840944453977 ) ) ;
#5427 = CARTESIAN_POINT ( 'NONE',  ( -44.50904813668981319, 50.28496969114353021, 114.3995589472889094 ) ) ;
#5428 = CARTESIAN_POINT ( 'NONE',  ( 15.29830378656524204, 83.95077033315688197, 373.4479193365207266 ) ) ;
#5429 = CARTESIAN_POINT ( 'NONE',  ( -36.09141567920259774, 58.66359926604152264, 91.50142748149097827 ) ) ;
#5430 = CARTESIAN_POINT ( 'NONE',  ( -53.71600499285156616, 31.89498187226852366, 149.0448070821136923 ) ) ;
#5431 = LINE ( 'NONE', #1397, #5947 ) ;
#5432 = CARTESIAN_POINT ( 'NONE',  ( -16.95215991049720117, -38.68854900267898955, 9.999999999999976907 ) ) ;
#5433 = CARTESIAN_POINT ( 'NONE',  ( 23.08692476348595335, -49.28023016844881710, 61.09653947420420650 ) ) ;
#5435 = CARTESIAN_POINT ( 'NONE',  ( -33.81953719443994544, 91.68442117447531814, 236.4141040481969753 ) ) ;
#5434 = CARTESIAN_POINT ( 'NONE',  ( 34.03696302607745139, 46.00964064787180519, 321.8398993681790330 ) ) ;
#5436 = CARTESIAN_POINT ( 'NONE',  ( 37.67010547894020078, 63.33372559744594810, 114.5904073906591947 ) ) ;
#5437 = CARTESIAN_POINT ( 'NONE',  ( 19.89420547407568662, 98.18442496282838761, 409.0779284778304259 ) ) ;
#5438 = CARTESIAN_POINT ( 'NONE',  ( -23.30853716622888072, 56.57971423192028482, 53.59590383551926607 ) ) ;
#5439 = CARTESIAN_POINT ( 'NONE',  ( 41.08568735627439850, 32.23453178874304825, 56.27160868933457749 ) ) ;
#5440 = CARTESIAN_POINT ( 'NONE',  ( -19.40000000029201743, 59.09154595344442384, 56.51725108210407456 ) ) ;
#5441 = CARTESIAN_POINT ( 'NONE',  ( -17.32179091454261766, 105.6369705196713369, 353.4132490572954453 ) ) ;
#5442 = CARTESIAN_POINT ( 'NONE',  ( -26.35370411130731227, 58.14998808717398049, 56.75272049345615955 ) ) ;
#5443 = CARTESIAN_POINT ( 'NONE',  ( 16.01946641174568597, -22.01760210342347079, 394.6001778272645311 ) ) ;
#5444 = CARTESIAN_POINT ( 'NONE',  ( -1.855462962997764365, 84.85777298048778050, 120.0000000000000426 ) ) ;
#5445 = VERTEX_POINT ( 'NONE', #1184 ) ;
#5446 = CARTESIAN_POINT ( 'NONE',  ( 0.000000000000000000, 113.4534268831262835, 334.9546424867822907 ) ) ;
#5447 = CARTESIAN_POINT ( 'NONE',  ( 25.98013840344572856, 57.89260714681930153, 65.91872112844701803 ) ) ;
#5448 = CARTESIAN_POINT ( 'NONE',  ( -16.00999838477425286, 63.96301123480771622, 70.94351149518985267 ) ) ;
#5449 = CARTESIAN_POINT ( 'NONE',  ( 47.42182471711966940, 61.40338546030541522, 221.5697978427198791 ) ) ;
#5450 = CARTESIAN_POINT ( 'NONE',  ( 49.51011034086864271, 47.93062678724455594, 120.0000000000000142 ) ) ;
#5451 = CARTESIAN_POINT ( 'NONE',  ( 9.981387508113654050, -7.265923587815605877, 409.0779284778315059 ) ) ;
#5452 = CARTESIAN_POINT ( 'NONE',  ( -0.3654756032216667783, -51.87957328486705677, 61.09561556252820935 ) ) ;
#5453 = CARTESIAN_POINT ( 'NONE',  ( -29.78732763410663154, 62.94899288402254456, 86.28904545791046132 ) ) ;
#5454 = CARTESIAN_POINT ( 'NONE',  ( -54.90987642033468319, 3.609679028548031798, 174.9350898044664859 ) ) ;
#5455 = CARTESIAN_POINT ( 'NONE',  ( 27.85421152282629009, 52.45737040792602102, 56.60346318814153932 ) ) ;
#5456 = CARTESIAN_POINT ( 'NONE',  ( 19.39999999930045504, 60.61336694876745668, 65.61511419193097083 ) ) ;
#5457 = CARTESIAN_POINT ( 'NONE',  ( -52.32597050922916537, -5.202008083146234974, 221.5228245523272790 ) ) ;
#5458 = CARTESIAN_POINT ( 'NONE',  ( 2.964751227231217534, -55.22569062853099098, 149.1161145641287931 ) ) ;
#5459 = CARTESIAN_POINT ( 'NONE',  ( 55.69499038681207992, 1.882647266064893854, 149.0512142414311256 ) ) ;
#5460 = CARTESIAN_POINT ( 'NONE',  ( -12.46034949846831275, -43.48362242445576697, 297.7297543013017389 ) ) ;
#5461 = CARTESIAN_POINT ( 'NONE',  ( -43.81984559131897328, 48.51640450493946588, 102.6384223633754686 ) ) ;
#5462 = CARTESIAN_POINT ( 'NONE',  ( 26.25758226126028561, 47.45398614012162142, 34.03438548807967834 ) ) ;
#5463 = CARTESIAN_POINT ( 'NONE',  ( -36.88528636897603974, 62.82040080995582088, 108.6259546760772139 ) ) ;
#5464 = CARTESIAN_POINT ( 'NONE',  ( -49.78629420090688740, 32.84190813034922485, 82.47295628131756473 ) ) ;
#5465 = CARTESIAN_POINT ( 'NONE',  ( -19.40000000029200322, 57.96443167600845925, 54.13856607039697622 ) ) ;
#5466 = CARTESIAN_POINT ( 'NONE',  ( -25.92623310562299466, -52.30834305720525634, 149.1014162995926711 ) ) ;
#5467 = CARTESIAN_POINT ( 'NONE',  ( 17.84339041031549300, -47.76728418293716771, 251.5274865416949979 ) ) ;
#5469 = CARTESIAN_POINT ( 'NONE',  ( -27.19960249455521151, 46.78363760469443378, 34.04206357472319411 ) ) ;
#5468 = CARTESIAN_POINT ( 'NONE',  ( 11.78197931878740157, 19.00927002208090144, 396.7529944964774131 ) ) ;
#5470 = CARTESIAN_POINT ( 'NONE',  ( 35.23746275715799214, 55.84982075508694521, 80.79053090902652912 ) ) ;
#5471 = CARTESIAN_POINT ( 'NONE',  ( 13.85353296337925677, 36.77096029483554673, 9.999999999999996447 ) ) ;
#5472 = CARTESIAN_POINT ( 'NONE',  ( -9.454593450506493468, 59.28106273795687287, 52.64599349339241741 ) ) ;
#5473 = CARTESIAN_POINT ( 'NONE',  ( 46.77302477746087561, 42.89504140143463218, 114.3341920497298361 ) ) ;
#5474 = DIRECTION ( 'NONE',  ( 0.000000000000000000, -0.9701231158308457614, 0.2426131491297436882 ) ) ;
#5475 = CARTESIAN_POINT ( 'NONE',  ( -15.02540633114757540, 36.32187318267263265, 9.999999999999998224 ) ) ;
#5476 = PLANE ( 'NONE',  #942 ) ;
#5477 = CARTESIAN_POINT ( 'NONE',  ( 48.41567492737544143, -38.06849500026216049, 125.3263798477330937 ) ) ;
#5478 = CARTESIAN_POINT ( 'NONE',  ( -18.74046272907005317, 55.23072150970789806, 53.92322663160536678 ) ) ;
#5479 = ORIENTED_EDGE ( 'NONE', *, *, #1287, .T. ) ;
#5480 = CARTESIAN_POINT ( 'NONE',  ( 1.454959031366928723, 112.1035485132183425, 309.3073450306594623 ) ) ;
#5481 = CARTESIAN_POINT ( 'NONE',  ( 3.808630458037461253, 69.49895837766500506, 81.09328409824669848 ) ) ;
#5482 = CARTESIAN_POINT ( 'NONE',  ( -13.15634847431358168, 64.65203266667604964, 70.94966852015099334 ) ) ;
#5483 = CARTESIAN_POINT ( 'NONE',  ( 36.40676667673066191, 36.67823783312199026, 34.15092617790310214 ) ) ;
#5484 = CARTESIAN_POINT ( 'NONE',  ( -18.74046272907005317, 55.23072150970789806, 53.92322663160536678 ) ) ;
#5485 = CARTESIAN_POINT ( 'NONE',  ( 44.97275370922638160, -8.243004825630007915, 282.1646043028291047 ) ) ;
#5486 = CARTESIAN_POINT ( 'NONE',  ( 0.000000000000000000, -52.47315856824187108, 211.1919248396908415 ) ) ;
#5487 = CARTESIAN_POINT ( 'NONE',  ( 28.72807162106861156, 55.25310194545713927, 66.22152204465048442 ) ) ;
#5488 = CARTESIAN_POINT ( 'NONE',  ( -27.48398206897391916, 54.87029036985597230, 61.15181531168399687 ) ) ;
#5489 = CARTESIAN_POINT ( 'NONE',  ( -49.66283951151136478, 6.350799116603711880, 250.8658868717100177 ) ) ;
#5490 = CARTESIAN_POINT ( 'NONE',  ( 29.19371372965538924, 57.66050740475755987, 70.82354621176089893 ) ) ;
#5491 = CARTESIAN_POINT ( 'NONE',  ( -4.796274303743751777E-25, 60.45963184163119308, 52.54223714096970355 ) ) ;
#5492 = CARTESIAN_POINT ( 'NONE',  ( -23.35794236809167401, -6.519943132523385643, 380.0936201873398090 ) ) ;
#5493 = CARTESIAN_POINT ( 'NONE',  ( 1.222653847393870841, -54.83655215758767554, 106.4482205351770148 ) ) ;
#5494 = CARTESIAN_POINT ( 'NONE',  ( 54.40355638020238160, 1.278366087764094550, 95.91846264262643729 ) ) ;
#5495 = CARTESIAN_POINT ( 'NONE',  ( -10.69256524363130900, -47.26727844945381918, 267.3135133005933426 ) ) ;
#5496 = CARTESIAN_POINT ( 'NONE',  ( -43.03178926699592921, 44.14817590210620324, 85.90711682349515854 ) ) ;
#5497 = CARTESIAN_POINT ( 'NONE',  ( 34.61712116174368958, 90.25748652883984846, 267.2042717196071635 ) ) ;
#5498 = ORIENTED_EDGE ( 'NONE', *, *, #2386, .F. ) ;
#5499 = CARTESIAN_POINT ( 'NONE',  ( -35.12349136803721450, 67.93365239894185947, 120.8394557183239471 ) ) ;
#5500 = CARTESIAN_POINT ( 'NONE',  ( -37.79436788118788826, 37.94507223821516817, 309.2110135683235512 ) ) ;
#5501 = CARTESIAN_POINT ( 'NONE',  ( -29.90062835927473728, -50.06542585903937237, 95.91369382190376314 ) ) ;
#5502 = CARTESIAN_POINT ( 'NONE',  ( 24.33660262697240739, -49.63661395556268729, 211.1977722713742764 ) ) ;
#5504 = CARTESIAN_POINT ( 'NONE',  ( -25.01256157150197268, 36.29937112354632234, 17.22611734552172891 ) ) ;
#5503 = CARTESIAN_POINT ( 'NONE',  ( 53.84325384234791301, 18.85351027157320303, 106.4702473478821787 ) ) ;
#5505 = CARTESIAN_POINT ( 'NONE',  ( 32.62555149274251676, 50.29376048943659328, 61.05770038458665283 ) ) ;
#5506 = CARTESIAN_POINT ( 'NONE',  ( 17.66751707559325624, 104.7110906796814618, 371.8809360928175920 ) ) ;
#5507 = EDGE_CURVE ( 'NONE', #3005, #511, #1821, .T. ) ;
#5508 = CARTESIAN_POINT ( 'NONE',  ( -39.31427327184579212, 62.39013252381718644, 120.7347437227126790 ) ) ;
#5509 = B_SPLINE_CURVE_WITH_KNOTS ( 'NONE', 3,
 ( #4646, #56, #6923, #5333, #129, #1302, #4757, #90, #2442, #2289, #2888, #1721, #1873 ),
 .UNSPECIFIED., .F., .F.,
 ( 4, 3, 3, 3, 4 ),
 ( 0.0004991736652383068230, 0.001538355946878313101, 0.004797074241509734216, 0.008055792534160065993, 0.01131451082505318187 ),
 .UNSPECIFIED. ) ;
#5510 = CARTESIAN_POINT ( 'NONE',  ( 40.86434901311028511, 32.90013985499464866, 56.27881500824626215 ) ) ;
#5511 = CARTESIAN_POINT ( 'NONE',  ( 0.000000000000000000, 114.9108385403007304, 389.8678880722445683 ) ) ;
#5512 = CARTESIAN_POINT ( 'NONE',  ( -20.13088756293228343, 93.80943014742305763, 409.0779284778326428 ) ) ;
#5513 = CARTESIAN_POINT ( 'NONE',  ( -44.55056704520989541, 27.16236425865793436, 65.43411309317031055 ) ) ;
#5514 = CARTESIAN_POINT ( 'NONE',  ( 42.86752894240916589, -34.76204864421595175, 236.1128639923851438 ) ) ;
#5515 = CARTESIAN_POINT ( 'NONE',  ( -19.40000000029202454, 55.66659322451634750, 53.73731346014891841 ) ) ;
#5516 = ORIENTED_EDGE ( 'NONE', *, *, #4815, .T. ) ;
#5517 = CARTESIAN_POINT ( 'NONE',  ( 0.000000000000000000, 107.4661037658447498, 251.8734979200430928 ) ) ;
#5518 = CARTESIAN_POINT ( 'NONE',  ( 13.39030480377958732, 80.23853936813857501, 121.1506348011684793 ) ) ;
#5519 = CARTESIAN_POINT ( 'NONE',  ( -16.29240074674832073, 58.10684213992465885, 56.67385951006281886 ) ) ;
#5520 = CARTESIAN_POINT ( 'NONE',  ( 44.67664931060330247, 70.70028146166870897, 192.3738773747296591 ) ) ;
#5521 = CARTESIAN_POINT ( 'NONE',  ( 0.000000000000000000, 84.85777298089909948, 120.0000000015958506 ) ) ;
#5522 = CARTESIAN_POINT ( 'NONE',  ( 12.96073164243719233, -8.356327979453439525, 405.9464218658494019 ) ) ;
#5523 = CARTESIAN_POINT ( 'NONE',  ( -11.14701368769101286, 57.59134287239800898, 52.75598034136231718 ) ) ;
#5524 = CARTESIAN_POINT ( 'NONE',  ( 15.90118553094719012, 61.88858876167542888, 55.81775289173839383 ) ) ;
#5525 = CIRCLE ( 'NONE', #4915, 0.5000000000000034417 ) ;
#5526 = CARTESIAN_POINT ( 'NONE',  ( 37.57800954191852583, 39.72312464641964169, 57.03696880691480686 ) ) ;
#5527 = CARTESIAN_POINT ( 'NONE',  ( -27.19416128534641075, 55.07117916801290392, 61.15563988308385035 ) ) ;
#5528 = CARTESIAN_POINT ( 'NONE',  ( -40.06962449023554740, 4.318062204795655390, 309.1874304684075128 ) ) ;
#5529 = CARTESIAN_POINT ( 'NONE',  ( 32.02077037190023390, 64.70143702197847801, 97.18447129533795703 ) ) ;
#5530 = CARTESIAN_POINT ( 'NONE',  ( 1.447654541972665890E-11, 60.79295007846437215, 52.54223714097110332 ) ) ;
#5531 = CARTESIAN_POINT ( 'NONE',  ( -54.60752785499584405, -6.602985082792540261, 95.91851009984731036 ) ) ;
#5532 = CARTESIAN_POINT ( 'NONE',  ( 0.8036387596417916557, -30.61944119913579954, 391.5667729875975738 ) ) ;
#5533 = CARTESIAN_POINT ( 'NONE',  ( 55.83017447310247405, -2.689799252833754206, 125.3252910338272841 ) ) ;
#5534 = CARTESIAN_POINT ( 'NONE',  ( -16.11961494458689970, -53.38223204408816969, 175.0336512417531765 ) ) ;
#5535 = CARTESIAN_POINT ( 'NONE',  ( -41.33405906929387896, 45.88598259922289202, 80.59556407873746764 ) ) ;
#5536 = ORIENTED_EDGE ( 'NONE', *, *, #1892, .T. ) ;
#5537 = CARTESIAN_POINT ( 'NONE',  ( -35.02688073771120258, 63.37715429367726472, 102.8911244029841470 ) ) ;
#5538 = CARTESIAN_POINT ( 'NONE',  ( -29.80362724442815292, 44.74890497749085938, 337.7851679620802656 ) ) ;
#5539 = CARTESIAN_POINT ( 'NONE',  ( -18.93752795737298555, 57.77694130557469521, 53.21314208532869117 ) ) ;
#5540 = CARTESIAN_POINT ( 'NONE',  ( 19.39999999930045860, 56.10481344783259772, 53.73177373987130068 ) ) ;
#5541 = CARTESIAN_POINT ( 'NONE',  ( -19.46835611935138388, -50.80687543801126083, 211.1958396456478511 ) ) ;
#5542 = CARTESIAN_POINT ( 'NONE',  ( 14.48703242712283235, -42.04255446809952446, 17.34569666323296744 ) ) ;
#5544 = CARTESIAN_POINT ( 'NONE',  ( -27.44651296265493556, 92.80927087483509297, 309.2759445087715449 ) ) ;
#5543 = CARTESIAN_POINT ( 'NONE',  ( 31.76460023555167922, 17.21542949463208672, 338.6153906004792589 ) ) ;
#5545 = CARTESIAN_POINT ( 'NONE',  ( 38.03186693331350199, 64.27060022014643437, 120.7679771264403428 ) ) ;
#5546 = CARTESIAN_POINT ( 'NONE',  ( 29.01447304208877753, 92.68548284088269895, 201.7346556227065832 ) ) ;
#5547 = CARTESIAN_POINT ( 'NONE',  ( -40.57464168553816819, 49.70177130413959077, 85.99409716719962660 ) ) ;
#5548 = ADVANCED_FACE ( 'NONE', ( #5616 ), #4561, .T. ) ;
#5549 = VECTOR ( 'NONE', #3459, 1000.000000000000227 ) ;
#5550 = CARTESIAN_POINT ( 'NONE',  ( -14.42890996252267222, -13.34443095794518541, 405.5686123114280122 ) ) ;
#5551 = CARTESIAN_POINT ( 'NONE',  ( 45.95209793839666901, 37.43291369798546953, 91.17466375119633426 ) ) ;
#5552 = DIRECTION ( 'NONE',  ( 0.000000000000000000, -1.000000000000000000, -4.218988390819338329E-12 ) ) ;
#5553 = CARTESIAN_POINT ( 'NONE',  ( -21.23951168041989490, 101.3752840621368563, 320.9607903728701785 ) ) ;
#5554 = CARTESIAN_POINT ( 'NONE',  ( -44.34322023776606869, 34.84286148569197650, 75.33082492089626214 ) ) ;
#5555 = CARTESIAN_POINT ( 'NONE',  ( 29.07438431616404984, -34.73063028847926148, 309.2464229228809813 ) ) ;
#5556 = CARTESIAN_POINT ( 'NONE',  ( 42.28710103536509024, 46.18727433854154185, 72.17644829571096921 ) ) ;
#5557 = CARTESIAN_POINT ( 'NONE',  ( 5.316818507498569879, 103.7954597091291475, 221.6253752850881256 ) ) ;
#5558 = CARTESIAN_POINT ( 'NONE',  ( 7.910222658456802947, 79.47834392563591166, 114.9748646714820524 ) ) ;
#5559 = CARTESIAN_POINT ( 'NONE',  ( -15.68659001631567840, 62.16908346184536072, 65.98184826787226598 ) ) ;
#5560 = CARTESIAN_POINT ( 'NONE',  ( 29.27626651897852383, 51.09199784637081621, 337.5451439369414288 ) ) ;
#5561 = DIRECTION ( 'NONE',  ( 0.000000000000000000, -2.040851148208008491E-16, 1.000000000000000000 ) ) ;
#5562 = CARTESIAN_POINT ( 'NONE',  ( 42.72730732956232202, -8.168101842121428646, 296.6507919032117684 ) ) ;
#5563 = CARTESIAN_POINT ( 'NONE',  ( -18.93772227506946138, 57.50972408000889402, 53.21626749733250250 ) ) ;
#5564 = CARTESIAN_POINT ( 'NONE',  ( -0.3785761406629415404, -50.62112415900385542, 236.3618297300487541 ) ) ;
#5565 = ORIENTED_EDGE ( 'NONE', *, *, #123, .F. ) ;
#5566 = CARTESIAN_POINT ( 'NONE',  ( -28.79302540824832590, 55.97173939916865493, 65.87905667891828898 ) ) ;
#5567 = CARTESIAN_POINT ( 'NONE',  ( -40.38896419453714515, -0.8972540951129452935, 17.38450064581632404 ) ) ;
#5568 = CARTESIAN_POINT ( 'NONE',  ( 34.57628273772833438, 68.53760318456552625, 120.8532235130773813 ) ) ;
#5569 = CARTESIAN_POINT ( 'NONE',  ( -4.988104312776554750, 66.82417435054196631, 67.01547107695157024 ) ) ;
#5570 = CARTESIAN_POINT ( 'NONE',  ( -11.85791574529428516, -6.739192102390050287, 405.9665717087519852 ) ) ;
#5571 = CARTESIAN_POINT ( 'NONE',  ( 0.000000000000000000, -36.81024945201490794, 354.2041573336304623 ) ) ;
#5572 = CARTESIAN_POINT ( 'NONE',  ( 40.49243157231375534, -2.212373920540819938, 309.1856847007001647 ) ) ;
#5573 = CARTESIAN_POINT ( 'NONE',  ( -15.62248562907905658, -52.05205849479897040, 201.7508946074868561 ) ) ;
#5574 = CARTESIAN_POINT ( 'NONE',  ( -40.74991379640246691, 44.74305432463869181, 75.46210986282571298 ) ) ;
#5575 = CARTESIAN_POINT ( 'NONE',  ( -35.49476289478392488, 59.38767299792610999, 91.51805511636788992 ) ) ;
#5576 = CARTESIAN_POINT ( 'NONE',  ( -50.97814443026798870, 36.11245709995962727, 221.5444361254579348 ) ) ;
#5577 = CARTESIAN_POINT ( 'NONE',  ( -42.17065451805054010, 33.73000251797226667, 62.85979031167492082 ) ) ;
#5578 = CARTESIAN_POINT ( 'NONE',  ( 0.000000000000000000, 84.85777298089909948, 120.0000000015958506 ) ) ;
#5579 = CARTESIAN_POINT ( 'NONE',  ( -20.69398827850518430, -53.50911710002418431, 149.1063460050854701 ) ) ;
#5580 = CARTESIAN_POINT ( 'NONE',  ( 23.86414586649357972, -48.98696500680991761, 221.5322815404220194 ) ) ;
#5582 = CARTESIAN_POINT ( 'NONE',  ( -21.06192298813587627, 33.05232068977414173, 10.00000000000000000 ) ) ;
#5581 = CARTESIAN_POINT ( 'NONE',  ( 54.26091512747247947, 13.74916100976746236, 106.4719936658562176 ) ) ;
#5583 = CIRCLE ( 'NONE', #6908, 0.4999999999999975020 ) ;
#5584 = CARTESIAN_POINT ( 'NONE',  ( 36.18461363038370138, 56.60243875773064559, 86.13123354409987087 ) ) ;
#5585 = CARTESIAN_POINT ( 'NONE',  ( 21.31489111843148621, 98.15655312074666483, 335.5946005707174891 ) ) ;
#5586 = CIRCLE ( 'NONE', #2307, 0.5000000000000001110 ) ;
#5587 = CARTESIAN_POINT ( 'NONE',  ( -36.78964085650684268, 47.17587874259891123, 65.69409689530324670 ) ) ;
#5588 = CARTESIAN_POINT ( 'NONE',  ( -32.22087439635961914, -23.16949445140409480, 338.1418944051917492 ) ) ;
#5589 = CARTESIAN_POINT ( 'NONE',  ( 47.85503936050265139, 36.24881195447465387, 108.3104389267027443 ) ) ;
#5590 = CARTESIAN_POINT ( 'NONE',  ( -1.921794007454578956, 86.35072990353059197, 125.2763118969026976 ) ) ;
#5591 = CARTESIAN_POINT ( 'NONE',  ( -17.72162667113882861, 85.39357902044312709, 409.0779284778311080 ) ) ;
#5592 = CARTESIAN_POINT ( 'NONE',  ( -45.51386929112441493, 39.01458217375893867, 91.19063186446555846 ) ) ;
#5593 = CARTESIAN_POINT ( 'NONE',  ( 0.000000000000000000, 78.14528303371176321, 95.91466575645878834 ) ) ;
#5594 = CARTESIAN_POINT ( 'NONE',  ( 39.30133740928941677, 55.99815506709584412, 96.98990362913211527 ) ) ;
#5595 = CARTESIAN_POINT ( 'NONE',  ( 3.957108396339393597, 114.4045939806013905, 371.1720236380202778 ) ) ;
#5596 = CARTESIAN_POINT ( 'NONE',  ( 9.377859892277378151, 74.28499505573762463, 97.42143104453560909 ) ) ;
#5597 = CARTESIAN_POINT ( 'NONE',  ( -10.72008444989361209, 70.55281135277880367, 86.46314095493247009 ) ) ;
#5598 = CARTESIAN_POINT ( 'NONE',  ( 40.89551631388290076, 27.26155058590790503, 34.23760628688901875 ) ) ;
#5599 = CARTESIAN_POINT ( 'NONE',  ( 0.000000000000000000, 62.62777405832367350, 64.37722785569040695 ) ) ;
#5600 = CARTESIAN_POINT ( 'NONE',  ( 55.96432163972422558, -12.14451914440662605, 125.3254503680148133 ) ) ;
#5601 = CARTESIAN_POINT ( 'NONE',  ( -3.210552366915139455, 58.44598121083708264, 52.54223714104919907 ) ) ;
#5602 = CARTESIAN_POINT ( 'NONE',  ( -2.158899448919111244E-11, 60.45963184162911119, 53.04223714096970355 ) ) ;
#5603 = ORIENTED_EDGE ( 'NONE', *, *, #4959, .F. ) ;
#5604 = CARTESIAN_POINT ( 'NONE',  ( -30.39826882931573238, 62.47598632443860112, 86.27661529081956360 ) ) ;
#5605 = CARTESIAN_POINT ( 'NONE',  ( -53.74420247166402476, -0.04925432039388796118, 201.7386062644539777 ) ) ;
#5606 = CARTESIAN_POINT ( 'NONE',  ( 32.91039187578530090, 62.12896946426852907, 91.58637692690983556 ) ) ;
#5607 = CARTESIAN_POINT ( 'NONE',  ( -17.51307444051824191, 58.70676574094359523, 53.40370015232362277 ) ) ;
#5608 = ADVANCED_FACE ( 'NONE', ( #3931 ), #6261, .T. ) ;
#5609 = CARTESIAN_POINT ( 'NONE',  ( -53.09195625851802447, -6.609670241935826418, 211.2172967466541991 ) ) ;
#5610 = CARTESIAN_POINT ( 'NONE',  ( 0.000000000000000000, -50.62112415900386253, 236.3618297300487541 ) ) ;
#5611 = CARTESIAN_POINT ( 'NONE',  ( 53.79588747919799374, -3.940359134284316500, 201.7386321133462275 ) ) ;
#5612 = CARTESIAN_POINT ( 'NONE',  ( -8.996301522700443698, -51.55643490643763727, 61.09578488108750349 ) ) ;
#5613 = CARTESIAN_POINT ( 'NONE',  ( -38.14195692785260405, 42.31790225346533418, 60.90935215206152264 ) ) ;
#5614 = CARTESIAN_POINT ( 'NONE',  ( -31.12140079277301297, 54.00936366067782757, 65.83715305211531188 ) ) ;
#5615 = CARTESIAN_POINT ( 'NONE',  ( -18.35383639128107447, 26.40889773872673274, 378.6675201545299956 ) ) ;
#5616 = FACE_OUTER_BOUND ( 'NONE', #4527, .T. ) ;
#5617 = CARTESIAN_POINT ( 'NONE',  ( 18.74420607010494066, 58.05723801370989889, 60.55612181850034403 ) ) ;
#5618 = CARTESIAN_POINT ( 'NONE',  ( 12.89144863210889724, -47.09728962526845919, 34.32630704268894561 ) ) ;
#5620 = CARTESIAN_POINT ( 'NONE',  ( -41.36917072882103952, 77.15713967936633821, 192.3772627460037938 ) ) ;
#5619 = CARTESIAN_POINT ( 'NONE',  ( 53.70394251867735136, 27.55346083522045575, 174.9366824925457422 ) ) ;
#5621 = CARTESIAN_POINT ( 'NONE',  ( 32.36676176219668832, 48.24970656845437844, 56.52028324125947023 ) ) ;
#5622 = CARTESIAN_POINT ( 'NONE',  ( 26.98401477211433885, 94.10283604523122847, 201.7345603209578542 ) ) ;
#5623 = CARTESIAN_POINT ( 'NONE',  ( -37.49372642860266325, 45.99791658098554592, 65.67261827860924939 ) ) ;
#5624 = CARTESIAN_POINT ( 'NONE',  ( -39.51842698025227918, -32.77656021831736410, 266.5057914284956269 ) ) ;
#5625 = CARTESIAN_POINT ( 'NONE',  ( 43.08871944116600616, 29.13819697522952623, 60.74590666657299209 ) ) ;
#5626 = CARTESIAN_POINT ( 'NONE',  ( 0.000000000000000000, 96.80942756360546753, 174.9460906908306015 ) ) ;
#5627 = CARTESIAN_POINT ( 'NONE',  ( -25.14811141513939674, 73.23888892465775768, 95.91512488190487318 ) ) ;
#5628 = CARTESIAN_POINT ( 'NONE',  ( -45.11207404353756800, 31.81644596871418429, 75.30194807811882640 ) ) ;
#5629 = CARTESIAN_POINT ( 'NONE',  ( 9.599351329457411097, 60.37219809309282681, 52.64746086203088282 ) ) ;
#5630 = CARTESIAN_POINT ( 'NONE',  ( 36.02995235563119536, 52.77572579861485735, 75.61364254283709840 ) ) ;
#5631 = CARTESIAN_POINT ( 'NONE',  ( 10.39490551287486042, 80.62370166623460932, 106.4316516363538767 ) ) ;
#5632 = CARTESIAN_POINT ( 'NONE',  ( 11.35982786877634432, 77.34667417299679926, 108.9833553259618384 ) ) ;
#5633 = CARTESIAN_POINT ( 'NONE',  ( -8.950773553210428446, 69.04914684355387067, 81.09041718484540695 ) ) ;
#5634 = CARTESIAN_POINT ( 'NONE',  ( 43.58673520470622975, 50.94994213935523675, 108.4376259023715789 ) ) ;
#5635 = CARTESIAN_POINT ( 'NONE',  ( 48.38750450243541223, 44.15798751594012117, 95.91693488816352442 ) ) ;
#5636 = CARTESIAN_POINT ( 'NONE',  ( 19.24251995305083440, 59.36021558362195805, 56.45006086264714895 ) ) ;
#5637 = CARTESIAN_POINT ( 'NONE',  ( 34.97154498934823152, -10.13984152677282324, 338.8834781932129658 ) ) ;
#5638 = CARTESIAN_POINT ( 'NONE',  ( 27.95157737823238620, 74.06438424751570437, 120.0000000000000995 ) ) ;
#5639 = CARTESIAN_POINT ( 'NONE',  ( 22.98731586031793839, 59.67321883637625746, 56.37178347331445138 ) ) ;
#5640 = CARTESIAN_POINT ( 'NONE',  ( 26.21969259907196204, 89.75325906465495507, 321.1772349704451699 ) ) ;
#5641 = ORIENTED_EDGE ( 'NONE', *, *, #6948, .F. ) ;
#5642 = EDGE_CURVE ( 'NONE', #398, #5063, #6266, .T. ) ;
#5643 = CARTESIAN_POINT ( 'NONE',  ( -30.43051709447246722, 70.93139636157120265, 114.7661099368643960 ) ) ;
#5644 = CARTESIAN_POINT ( 'NONE',  ( -13.28928336587546433, -1.636730528243874661, 397.5839792605431171 ) ) ;
#5645 = CARTESIAN_POINT ( 'NONE',  ( 28.91152912465122427, 53.79095801310661784, 61.13101343642742336 ) ) ;
#5646 = CARTESIAN_POINT ( 'NONE',  ( -17.40953988911562078, 58.25922800300499915, 53.09253305200542172 ) ) ;
#5647 = CARTESIAN_POINT ( 'NONE',  ( -52.25396733722869413, -6.612042309701993581, 221.5227867090615348 ) ) ;
#5648 = DIRECTION ( 'NONE',  ( 0.000000000000000000, -0.01264039704705629923, -0.9999201069897998284 ) ) ;
#5649 = EDGE_CURVE ( 'NONE', #5794, #809, #7123, .T. ) ;
#5650 = CARTESIAN_POINT ( 'NONE',  ( 46.26020974515502360, -5.511524505195139589, 34.40050497836520549 ) ) ;
#5651 = CARTESIAN_POINT ( 'NONE',  ( -4.274337377161197438, -30.10237481005392723, 391.7091028334472753 ) ) ;
#5652 = CARTESIAN_POINT ( 'NONE',  ( -36.27918122403376344, 61.90369146558404623, 102.8585857240829711 ) ) ;
#5653 = CARTESIAN_POINT ( 'NONE',  ( -43.91844645182846563, 31.83014033685442001, 282.4303561234048630 ) ) ;
#5654 = CARTESIAN_POINT ( 'NONE',  ( 49.13655727571710230, 27.10604614702785042, 103.9163103235066075 ) ) ;
#5655 = CARTESIAN_POINT ( 'NONE',  ( 15.83338747499058563, 60.32248528108432595, 63.65977545240064472 ) ) ;
#5656 = CARTESIAN_POINT ( 'NONE',  ( 7.858321011058714056, -44.07994640706726841, 297.7997521333163036 ) ) ;
#5658 = CARTESIAN_POINT ( 'NONE',  ( -24.27491289546385289, 30.46908613001266275, 9.999999999999994671 ) ) ;
#5657 = CARTESIAN_POINT ( 'NONE',  ( 52.94864972735139474, 8.498436472392656427, 82.46921742719030135 ) ) ;
#5659 = EDGE_CURVE ( 'NONE', #3005, #435, #5036, .T. ) ;
#5660 = CARTESIAN_POINT ( 'NONE',  ( 35.14676478362904533, 53.90264585615840787, 75.63794707207614465 ) ) ;
#5661 = CARTESIAN_POINT ( 'NONE',  ( 18.42512312564783272, 89.08269247613822017, 391.1249797087298816 ) ) ;
#5662 = CARTESIAN_POINT ( 'NONE',  ( -39.30133740929208841, 55.99815506710310586, 96.98990362916853769 ) ) ;
#5663 = CARTESIAN_POINT ( 'NONE',  ( -37.90258768761384545, -3.909017281622594098, 322.2722129927846595 ) ) ;
#5664 = CARTESIAN_POINT ( 'NONE',  ( -39.70673007799790355, -38.49900023232999047, 236.1458936836871487 ) ) ;
#5665 = CARTESIAN_POINT ( 'NONE',  ( 48.75732132093910565, 28.75991918310262818, 102.4818751202127487 ) ) ;
#5666 = CARTESIAN_POINT ( 'NONE',  ( -1.547464172588223663, 110.3652471003203743, 283.8320178816200610 ) ) ;
#5667 = CARTESIAN_POINT ( 'NONE',  ( -26.44614241011446865, 99.63431753472382013, 267.3895699400083572 ) ) ;
#5668 = CARTESIAN_POINT ( 'NONE',  ( -47.41008076026454887, 40.33701048151831969, 114.3159800410470694 ) ) ;
#5669 = CARTESIAN_POINT ( 'NONE',  ( 6.438114395175048799, 60.67311716156336132, 52.91193927786935802 ) ) ;
#5670 = CARTESIAN_POINT ( 'NONE',  ( 37.28060110406489969, 51.03596140066133557, 75.57715334482384151 ) ) ;
#5671 = CARTESIAN_POINT ( 'NONE',  ( 8.196677454624717640, 113.4385801714792308, 409.0779284778321880 ) ) ;
#5672 = CARTESIAN_POINT ( 'NONE',  ( 16.38803607947683005, 76.27096050137186012, 108.9664572018304085 ) ) ;
#5673 = CARTESIAN_POINT ( 'NONE',  ( -4.131368649026704531, 81.36349429130432043, 121.1653446156001763 ) ) ;
#5674 = CARTESIAN_POINT ( 'NONE',  ( 40.10266865429288430, 43.54596841316123346, 70.53616397525861714 ) ) ;
#5675 = CARTESIAN_POINT ( 'NONE',  ( 47.20411676423996283, 42.01807691171720194, 82.47493774147056911 ) ) ;
#5676 = CARTESIAN_POINT ( 'NONE',  ( 19.39999999930045149, 56.76214751170216033, 53.72376456606095729 ) ) ;
#5677 = CARTESIAN_POINT ( 'NONE',  ( 36.94988337622576324, -14.18024447757694340, 10.00000000000000178 ) ) ;
#5678 = CARTESIAN_POINT ( 'NONE',  ( -18.70435206026101937, 54.94802165290909102, 53.22945185538891621 ) ) ;
#5679 = CARTESIAN_POINT ( 'NONE',  ( 44.06334753606374477, 38.72252635768311535, 61.61123545189285977 ) ) ;
#5680 = CARTESIAN_POINT ( 'NONE',  ( 10.42884335373778981, 77.83166070051220231, 392.0567325905846587 ) ) ;
#5681 = EDGE_LOOP ( 'NONE', ( #7495, #3081, #294, #473 ) ) ;
#5682 = LINE ( 'NONE', #7496, #3274 ) ;
#5683 = CARTESIAN_POINT ( 'NONE',  ( -31.32027141977446050, 71.69636785160973602, 120.9318438554631996 ) ) ;
#5684 = CARTESIAN_POINT ( 'NONE',  ( -42.92219345457534985, -2.128929811702501507, 296.6545445183719494 ) ) ;
#5685 = CARTESIAN_POINT ( 'NONE',  ( 29.37138750566708367, 55.51822706887413972, 65.86961630871668660 ) ) ;
#5686 = CARTESIAN_POINT ( 'NONE',  ( 29.33816707650855093, 52.07416981156780622, 58.27219094141308631 ) ) ;
#5687 = CARTESIAN_POINT ( 'NONE',  ( -51.21554295901498932, -6.319019771706812172, 61.09961917165641410 ) ) ;
#5688 = CARTESIAN_POINT ( 'NONE',  ( -19.40000000029200677, 56.54303557799970292, 53.72638788875723037 ) ) ;
#5689 = CARTESIAN_POINT ( 'NONE',  ( 38.01842374727112173, -5.256462810864277024, 322.2734596753230676 ) ) ;
#5690 = CARTESIAN_POINT ( 'NONE',  ( -6.560536881022307476, -40.22707124923965694, 9.999999999999998224 ) ) ;
#5691 = CARTESIAN_POINT ( 'NONE',  ( -33.95690979425003775, 64.51131096386306751, 102.9185477703294822 ) ) ;
#5692 = CARTESIAN_POINT ( 'NONE',  ( -35.46291016281881525, 9.800172617254936824, 9.999999999999991118 ) ) ;
#5693 = CARTESIAN_POINT ( 'NONE',  ( 29.36873948450120508, 53.21990527432188145, 54.43614134596737131 ) ) ;
#5694 = CARTESIAN_POINT ( 'NONE',  ( 15.85791353106276880, 58.66711186382186582, 52.99052004512861913 ) ) ;
#5695 = CARTESIAN_POINT ( 'NONE',  ( 9.208333800143218895, -50.29698218119050779, 236.3464691478035604 ) ) ;
#5697 = CARTESIAN_POINT ( 'NONE',  ( -24.22660087102588733, 83.93403015350520491, 336.2347768212659957 ) ) ;
#5696 = CARTESIAN_POINT ( 'NONE',  ( 47.63322717913059989, 8.629421723206728956, 266.1412494549499002 ) ) ;
#5698 = B_SPLINE_CURVE_WITH_KNOTS ( 'NONE', 3,
 ( #5521, #1382, #2484, #4801, #4877, #2023, #1308, #6655, #6056, #243, #4189, #6552, #1450, #3764, #3088, #6092, #850, #888, #815, #317, #6515, #3618, #3655, #3124, #5948, #5450, #208, #742, #2555, #5985, #2521, #7194, #3049, #171 ),
 .UNSPECIFIED., .F., .F.,
 ( 4, 2, 2, 2, 2, 2, 2, 2, 2, 2, 2, 2, 2, 2, 2, 2, 4 ),
 ( 5.720981356574189015E-14, 0.01096257957861813612, 0.01644386936789860032, 0.02192515915717906452, 0.02740644894645952526, 0.03288773873573998946, 0.03562838363038020595, 0.03836902852502042244, 0.04385031831430084848, 0.04933160810358127452, 0.05207225299822150488, 0.05481289789286173525, 0.06577547747142258039, 0.06851612236606278994, 0.07125676726070299949, 0.07673805704998343247, 0.08770063662854427067 ),
 .UNSPECIFIED. ) ;
#5699 = CARTESIAN_POINT ( 'NONE',  ( 20.64122102234113854, 100.2593745959623845, 335.5083666441049672 ) ) ;
#5700 = CARTESIAN_POINT ( 'NONE',  ( -34.43294512746010838, 52.60218269281839554, 70.70712419872189969 ) ) ;
#5701 = CARTESIAN_POINT ( 'NONE',  ( -37.98629331643679308, -4.880569643597515217, 322.2731591139782950 ) ) ;
#5702 = CARTESIAN_POINT ( 'NONE',  ( -49.49437046996627743, -32.20575662124992533, 192.3705917189396928 ) ) ;
#5703 = CARTESIAN_POINT ( 'NONE',  ( 48.82123164879310195, 33.36679953210094851, 114.2760969122905408 ) ) ;
#5704 = CARTESIAN_POINT ( 'NONE',  ( -5.699912222080151913, 91.75958175250083571, 149.0193599030136511 ) ) ;
#5705 = CARTESIAN_POINT ( 'NONE',  ( -18.46168286918542378, 34.68130976356373196, 9.999999999999998224 ) ) ;
#5706 = CARTESIAN_POINT ( 'NONE',  ( -41.08568735628936253, 32.23453178876347636, 56.27160868942055316 ) ) ;
#5707 = CARTESIAN_POINT ( 'NONE',  ( 3.203871744308056435, 60.41354160325800393, 52.55375928035378763 ) ) ;
#5708 = CARTESIAN_POINT ( 'NONE',  ( 34.98963997217770583, 51.92350300984343647, 70.69282248183858997 ) ) ;
#5709 = CARTESIAN_POINT ( 'NONE',  ( 4.222756057132253105, 112.5756091226390652, 320.7516920667477507 ) ) ;
#5710 = CARTESIAN_POINT ( 'NONE',  ( 12.89363701960178510, 62.83639407818674982, 65.98596336576287058 ) ) ;
#5711 = CARTESIAN_POINT ( 'NONE',  ( -2.056829440501671602, 74.83848796003637460, 97.42616401028321604 ) ) ;
#5712 = CARTESIAN_POINT ( 'NONE',  ( 37.49372642859197668, 45.99791658096445701, 65.67261827853293710 ) ) ;
#5713 = CARTESIAN_POINT ( 'NONE',  ( 10.93084631634155457, 48.85725801795256729, 394.4533557252201490 ) ) ;
#5714 = CARTESIAN_POINT ( 'NONE',  ( 19.36635433556869756, 59.19288473641994131, 56.49190778199561436 ) ) ;
#5715 = CARTESIAN_POINT ( 'NONE',  ( 47.13594627187299579, -20.91038671876926358, 250.9150364904157868 ) ) ;
#5716 = CARTESIAN_POINT ( 'NONE',  ( 46.20685402018980881, 33.23026765219877632, 62.98476645906981020 ) ) ;
#5717 = CARTESIAN_POINT ( 'NONE',  ( -19.40000000029201388, 57.78272231590373309, 53.71169823297596224 ) ) ;
#5718 = CARTESIAN_POINT ( 'NONE',  ( 34.74398796772088360, 90.97589098158741194, 251.6080655741938585 ) ) ;
#5719 = EDGE_LOOP ( 'NONE', ( #3213, #4296, #4795 ) ) ;
#5720 = CARTESIAN_POINT ( 'NONE',  ( 0.000000000000000000, 74.83848796002538961, 97.42616401024670836 ) ) ;
#5721 = CARTESIAN_POINT ( 'NONE',  ( -30.02845794891642583, 66.34934136816060857, 97.22857562740402670 ) ) ;
#5722 = CARTESIAN_POINT ( 'NONE',  ( -9.213453171591778457, -3.815751280140364798, 405.9573466041103984 ) ) ;
#5723 = CARTESIAN_POINT ( 'NONE',  ( 33.11618197047529577, 65.34606010852546376, 102.9396559757575886 ) ) ;
#5724 = CARTESIAN_POINT ( 'NONE',  ( 6.336201800278537632, 61.95735106425398442, 63.25156794256324133 ) ) ;
#5725 = CARTESIAN_POINT ( 'NONE',  ( -49.87391172820665730, -16.53361837407254242, 236.0127094445664397 ) ) ;
#5726 = CARTESIAN_POINT ( 'NONE',  ( 554.2981223361939556, 34.22548254520827982, 62.73587823517973305 ) ) ;
#5727 = CARTESIAN_POINT ( 'NONE',  ( 40.56816203972449131, -4.830616344471450496, 309.1854164388136610 ) ) ;
#5728 = CARTESIAN_POINT ( 'NONE',  ( -7.445171975095936645, -53.38845627750440315, 192.4450082018350372 ) ) ;
#5729 = CARTESIAN_POINT ( 'NONE',  ( -33.32277139446899383, 63.49029518476431377, 97.15287397344845033 ) ) ;
#5730 = CARTESIAN_POINT ( 'NONE',  ( -52.39511392246443222, 23.18441664239677635, 211.2176584314739216 ) ) ;
#5731 = FACE_OUTER_BOUND ( 'NONE', #892, .T. ) ;
#5732 = CARTESIAN_POINT ( 'NONE',  ( 11.35576395091601576, -42.52877118921931299, 17.34298727388611994 ) ) ;
#5734 = CARTESIAN_POINT ( 'NONE',  ( -31.53739920108943906, 88.64884562895842635, 297.5922334881632310 ) ) ;
#5733 = CARTESIAN_POINT ( 'NONE',  ( 36.77364450599122847, 2.094237915903564673, 10.00000000000000711 ) ) ;
#5735 = CARTESIAN_POINT ( 'NONE',  ( 18.46168286918542378, 34.68130976356373196, 9.999999999999998224 ) ) ;
#5736 = CARTESIAN_POINT ( 'NONE',  ( -35.58110342474850540, 55.42753049756854011, 80.78069294487309548 ) ) ;
#5737 = CARTESIAN_POINT ( 'NONE',  ( -53.55332400343804977, -5.160895536738340006, 82.46847511147034027 ) ) ;
#5738 = CARTESIAN_POINT ( 'NONE',  ( -19.40000000029201388, 55.88570331658979740, 53.73454360029540311 ) ) ;
#5739 = CARTESIAN_POINT ( 'NONE',  ( -44.25292717907949225, -41.40433089504063702, 174.9795035506496106 ) ) ;
#5740 = CARTESIAN_POINT ( 'NONE',  ( -1.240478388667810128, 114.9777999077163315, 402.6283615271067333 ) ) ;
#5741 = CARTESIAN_POINT ( 'NONE',  ( -16.86907247042176650, 86.07258866666285257, 391.3031625815582402 ) ) ;
#5742 = CARTESIAN_POINT ( 'NONE',  ( -44.58402435920116602, 42.14121165475323494, 91.22433488844455951 ) ) ;
#5743 = CARTESIAN_POINT ( 'NONE',  ( 12.74132639654914989, 59.35165076949536456, 52.81932579706439412 ) ) ;
#5744 = CARTESIAN_POINT ( 'NONE',  ( 39.67883300317161854, 57.10739833668047538, 102.7655570199765265 ) ) ;
#5745 = CARTESIAN_POINT ( 'NONE',  ( 14.08021247347467053, 108.5899874264127476, 309.3011067567888972 ) ) ;
#5746 = CARTESIAN_POINT ( 'NONE',  ( 12.74285453614513131, 73.74612555470052655, 97.41480435572418628 ) ) ;
#5747 = CARTESIAN_POINT ( 'NONE',  ( -8.464152167829492868, 63.57655810840366684, 65.98808440721714419 ) ) ;
#5748 = CARTESIAN_POINT ( 'NONE',  ( 38.76486573590586460, 48.59015073141748076, 75.52963463790587184 ) ) ;
#5749 = CARTESIAN_POINT ( 'NONE',  ( 23.94329863777483425, 42.60165058648324532, 357.8285716998943258 ) ) ;
#5750 = CARTESIAN_POINT ( 'NONE',  ( -41.87051284948778829, 43.00141870143479395, 60.54114905835744764 ) ) ;
#5751 = CARTESIAN_POINT ( 'NONE',  ( 44.73042106892386016, -11.13762035954176355, 282.1757387574552922 ) ) ;
#5752 = CARTESIAN_POINT ( 'NONE',  ( 35.67326694255461916, 67.15250416442549408, 119.9999999999999147 ) ) ;
#5753 = CARTESIAN_POINT ( 'NONE',  ( 37.68382703181078597, 49.00472214178335406, 59.03981347622675457 ) ) ;
#5754 = EDGE_CURVE ( 'NONE', #4684, #881, #6990, .T. ) ;
#5755 = CARTESIAN_POINT ( 'NONE',  ( 35.93236636907970194, 89.10271550756641545, 236.3969001233102176 ) ) ;
#5756 = EDGE_LOOP ( 'NONE', ( #2368, #238, #664, #3280 ) ) ;
#5757 = CARTESIAN_POINT ( 'NONE',  ( 2.114942312765602850, 79.84861167313255237, 114.9783347029845970 ) ) ;
#5758 = CARTESIAN_POINT ( 'NONE',  ( -26.02764441378280225, 55.85020729506244663, 61.17022899533636604 ) ) ;
#5759 = CARTESIAN_POINT ( 'NONE',  ( -47.86211181343607279, 2.828033218373551261, 266.1136827337720092 ) ) ;
#5760 = CARTESIAN_POINT ( 'NONE',  ( 29.33463319084511767, 51.26070470048094307, 56.58184650516153624 ) ) ;
#5761 = DIRECTION ( 'NONE',  ( -1.000000000000000000, 0.000000000000000000, 0.000000000000000000 ) ) ;
#5762 = CARTESIAN_POINT ( 'NONE',  ( -54.29805612819932747, -11.95279443607484460, 192.3483691150099162 ) ) ;
#5763 = CARTESIAN_POINT ( 'NONE',  ( 22.08917366378628699, 53.72871907900182009, 53.53438102678784105 ) ) ;
#5764 = CARTESIAN_POINT ( 'NONE',  ( 54.38663311142379797, -4.916482986864352256, 192.3476141453412538 ) ) ;
#5765 = CARTESIAN_POINT ( 'NONE',  ( -7.294455116933558081, -54.22601187904569997, 95.91164295319332211 ) ) ;
#5766 = B_SPLINE_SURFACE_WITH_KNOTS ( 'NONE', 3, 3, ( 
 ( #512, #7418, #590, #551, #5720, #4036, #2818, #3426, #2253, #1685, #4528, #6845, #5103 ),
 ( #3959, #5757, #3920, #1044, #1119, #2855, #5179, #1156, #2292, #1647, #5795, #4608, #6926 ),
 ( #5220, #19, #1608, #6249, #923, #4371, #2132, #5481, #3799, #2057, #3838, #3874, #4409 ),
 ( #6240, #6651, #962, #4445, #2663, #2586, #4335, #1560, #7227, #4946, #998, #6689, #4984 ),
 ( #6128, #5558, #6764, #2020, #7301, #6204, #1487, #883, #277, #426, #352, #6165, #6089 ),
 ( #391, #3270, #2700, #3233, #5596, #2097, #5018, #6800, #7264, #7337, #2168, #3309, #6727 ),
 ( #4909, #1447, #5632, #4480, #1598, #2737, #5054, #7373, #1525, #3911, #3155, #3761, #3195 ),
 ( #5518, #314, #2624, #4638, #5746, #4675, #6995, #4065, #4101, #501, #5208, #1072, #6956 ),
 ( #6316, #6278, #2358, #2880, #4558, #1183, #1110, #1145, #2242, #3416, #5710, #2808, #4518 ),
 ( #7447, #5784, #5672, #5092, #3453, #539, #5169, #2921, #6874, #2204, #3490, #2845, #7408 ),
 ( #619, #5130, #1675, #7485, #47, #2282, #3988, #6916, #3380, #5249, #1753, #4596, #1715 ),
 ( #5822, #6388, #6835, #1790, #4027, #6351, #3344, #1033, #464, #8, #577, #1636, #2322 ),
 ( #2772, #3949, #117, #4134, #6462, #7029, #5321, #1826, #2995, #5361, #156, #1218, #4173 ),
 ( #6426, #3525, #5931, #5857, #1252, #1293, #3563, #727, #3602, #689, #5893, #654, #3034 ),
 ( #2959, #2432, #6500, #4745, #7066, #1863, #5284, #81, #2394, #4710, #2517, #2406, #1837 ),
 ( #3045, #1912, #7191, #6511, #6473, #240, #2480, #4145, #1985, #4874, #2443, #5943, #5372 ),
 ( #167, #1303, #3651, #3007, #4298, #3688, #3614, #4797, #7040, #846, #2552, #6018, #1263 ),
 ( #5981, #738, #91, #6617, #5294, #1951, #774, #3574, #7115, #6548, #4223, #4720, #5903 ),
 ( #4262, #1342, #699, #5335, #811, #130, #7077, #3121, #3083, #5409, #5447, #204, #4836 ),
 ( #4758, #7153, #1413, #6583, #1874, #4184, #3723, #1379, #6053, #6977, #601, #1884, #6409 ),
 ( #1774, #747, #4085, #4195, #1810, #1313, #31, #6447, #6372, #1237, #7051, #3623, #140 ),
 ( #2453, #1203, #4730, #4620, #4048, #101, #5270, #4119, #6520, #3511, #1167, #4769, #4695 ),
 ( #5953, #7087, #4659, #640, #67, #3056, #2379, #5843, #5877, #5232, #7509, #5914, #2943 ),
 ( #1736, #2305, #6938, #709, #3474, #5806, #673, #7013, #2904, #2343, #3548, #4156, #2980 ),
 ( #5305, #2416, #1848, #6483, #1275, #3584, #3017, #5344, #248, #5490, #1458, #6661, #2595 ),
 ( #935, #6062, #2489, #1421, #3093, #4232, #286, #1959, #5420, #7125, #3205, #4956, #2560 ),
 ( #4845, #7165, #5991, #7274, #4270, #4344, #6591, #6137, #1387, #2069, #7199, #6699, #213 ),
 ( #6557, #6625, #4919, #1497, #5529, #5382, #176, #2029, #1993, #3696, #3809, #7237, #5455 ),
 ( #3771, #6099, #6026, #895, #324, #2636, #2526, #1922, #4882, #821, #3129, #4307, #856 ),
 ( #3733, #4807, #3165, #1351, #4381, #3660, #784, #1009, #1535, #3245, #5685, #2674, #7311 ),
 ( #4994, #3357, #4455, #3319, #401, #2711, #6738, #3392, #5028, #971, #7460, #5645, #4492 ),
 ( #5143, #6774, #4419, #5723, #438, #2107, #2257, #2821, #7348, #3885, #2748, #4572, #5066 ),
 ( #1611, #3283, #6890, #1650, #1571, #7385, #3850, #6329, #515, #3963, #6176, #1688, #3923 ),
 ( #5568, #4002, #362, #7421, #6252, #5606, #6214, #6812, #2180, #2142, #1047, #477, #2218 ),
 ( #2784, #5106, #6291, #4531, #6849, #1086, #4039, #592, #1194, #6363, #3465, #4077, #5760 ),
 ( #6400, #1158, #7499, #3429, #5834, #5797, #21, #5182, #3502, #1122, #6929, #554, #2893 ),
 ( #5223, #1765, #2858, #2334, #2932, #2295, #631, #5261, #4650, #1727, #6968, #59, #4611 ),
 ( #2370, #3523, #7103, #687, #5855, #1291, #4743, #7064, #4099, #2993, #5929, #5319, #3488 ),
 ( #1900, #6498, #6535, #2919, #115, #5820, #1861, #2430, #1216, #1181, #4785, #4171, #6993 ),
 ( #652, #575, #7027, #616, #2320, #5891, #45, #5247, #5206, #3600, #3032, #2957, #2878 ),
 ( #2356, #4063, #5359, #4673, #725, #1788, #4211, #6424, #154, #5282, #3451, #79, #2392 ),
 ( #4708, #6, #4636, #2468, #5782, #6954, #1751, #6386, #1824, #4132, #6460, #1250, #3561 ),
 ( #7214, #2086, #7290, #762, #4935, #6041, #4973, #4398, #4360, #1328, #799, #5505, #1366 ),
 ( #302, #6606, #6572, #2652, #3183, #4863, #1476, #1402, #1436, #2541, #3712, #6006, #3109 ),
 ( #872, #5436, #341, #6678, #5397, #3750, #835, #5470, #3222, #7180, #2505, #3788, #3144 ),
 ( #5545, #911, #229, #1974, #265, #3639, #2575, #4285, #2009, #3675, #5969, #7253, #4897 ),
 ( #3071, #192, #6116, #2045, #4824, #7140, #4323, #6640, #1938, #4248, #6077, #2612, #5621 ),
 ( #4434, #987, #2121, #452, #951, #415, #2156, #3863, #1514, #6153, #4468, #3826, #5007 ),
 ( #6753, #6191, #6788, #6716, #3260, #1021, #5584, #3332, #5660, #380, #2689, #1585, #3899 ),
 ( #6227, #2726, #7326, #3298, #5041, #1549, #7361, #6202, #462, #5708, #1673, #6872, #2806 ),
 ( #1143, #6276, #2698, #1634, #3307, #4443, #499, #2166, #5630, #7335, #3414, #5167, #2770 ),
 ( #5052, #996, #7483, #4478, #4556, #7371, #6349, #6798, #2280, #7406, #6914, #424, #4515 ),
 ( #6833, #5128, #1713, #5744, #5594, #389, #6238, #7444, #5670, #4025, #2240, #5090, #537 ),
 ( #3986, #1031, #6314, #2842, #1108, #2735, #2130, #2202, #1596, #3909, #3342, #1070, #4594 ),
 ( #5016, #3947, #6762, #1558, #3378, #3872, #4640, #2882, #5748, #580, #5712, #2774, #5095 ),
 ( #5171, #2206, #6958, #1147, #2170, #541, #3382, #2245, #10, #6837, #6802, #5210, #2810 ),
 ( #2324, #1755, #7410, #6280, #504, #4067, #5132, #1639, #3990, #3346, #6390, #4029, #3951 ),
 ( #7375, #1185, #5634, #4482, #7449, #5056, #1112, #428, #4520, #5674, #2739, #4560, #6877 ),
 ( #6242, #1677, #1075, #1601, #6318, #3913, #1036, #466, #3418, #2847, #7488, #2284, #4598 ),
 ( #6918, #1717, #6353, #3455, #5786, #4215, #622, #6997, #3529, #50, #6575, #196, #7107 ),
 ( #159, #1904, #5364, #6540, #121, #2435, #3492, #4749, #7032, #7069, #1793, #4103, #3037 ),
 ( #2923, #4677, #1334, #2361, #5286, #3643, #1828, #5325, #5973, #6465, #5895, #766, #6428 ),
 ( #3075, #4137, #1220, #5252, #5401, #691, #4176, #5859, #2509, #5824, #656, #2961, #1255 ),
 ( #2397, #6503, #7145, #83, #2472, #4828, #5935, #1866, #3566, #4712, #2999, #4789, #1943 ),
 ( #4253, #1295, #3606, #731, #4327, #269, #4364, #2578, #7256, #2125, #7330, #803, #4977 ),
 ( #1439, #5473, #7219, #4901, #6682, #384, #2616, #4438, #2012, #1371, #6158, #3187, #5510 ),
 ( #2656, #6120, #838, #3113, #6010, #955, #6081, #2049, #4289, #7294, #3679, #6609, #5439 ),
 ( #3792, #6643, #1480, #5011, #3147, #5551, #2693, #916, #4938, #3753, #232, #2544, #3226 ),
 ( #4866, #2090, #7183, #345, #4402, #875, #306, #6720, #1518, #3831, #1977, #1405, #3715 ),
 ( #3264, #6044, #5589, #6829, #495, #2730, #7402, #419, #4509, #2198, #6793, #5625, #3374 ),
 ( #2161, #5703, #3942, #457, #6272, #1590, #5046, #7366, #991, #5085, #4473, #6757, #1630 ),
 ( #3337, #1553, #3904, #5665, #6232, #3867, #2765, #6196, #1026, #3302, #1065, #532, #75 ),
 ( #2836, #2388, #3482, #5776, #4018, #5814, #5851, #2234, #1102, #5161, #1667, #682, #1818 ) ),
 .UNSPECIFIED., .F., .F., .F.,
 ( 4, 3, 3, 3, 3, 3, 3, 3, 3, 3, 3, 3, 3, 3, 3, 3, 3, 3, 3, 3, 3, 3, 3, 3, 4 ),
 ( 4, 3, 3, 3, 4 ),
 ( -4.709075962505789253E-35, 0.02946607851789360619, 0.05893215703578721237, 0.08839823555368081509, 0.1178643140715744247, 0.1473303925894680344, 0.1767964711073616302, 0.1915295103663084419, 0.1988960299957818478, 0.2025792898105185369, 0.2062625496252552537, 0.2136290692547286596, 0.2209955888842020655, 0.2357286281431488495, 0.2430951477726222554, 0.2467784075873589444, 0.2504616674020956335, 0.2651947066610424453, 0.2946607851789360688, 0.3241268636968296368, 0.3535929422147232604, 0.3683259814736700721, 0.3830590207326168839, 0.4125250992505105074, 0.4714572562862976990 ),
 ( 0.5875137382791828511, 0.6391496027025285187, 0.6907854671258742973, 0.7424213315492200760, 0.7940571959725657436 ),
 .UNSPECIFIED. ) ;
#5767 = CARTESIAN_POINT ( 'NONE',  ( -34.03469952305753310, 66.09058520987065322, 108.6982143876957281 ) ) ;
#5768 = CARTESIAN_POINT ( 'NONE',  ( -37.87168520576146591, 14.67672638910219085, 17.34083559378404971 ) ) ;
#5769 = CARTESIAN_POINT ( 'NONE',  ( -9.670032847669379095, 61.70887400020928482, 55.86269684112613021 ) ) ;
#5770 = CARTESIAN_POINT ( 'NONE',  ( 8.888335071208341986, -42.80991350118557648, 17.34118922459229495 ) ) ;
#5772 = CARTESIAN_POINT ( 'NONE',  ( -37.46326638331698433, 59.70487645792716336, 82.47941604845375707 ) ) ;
#5771 = CARTESIAN_POINT ( 'NONE',  ( 55.39680724797396039, 6.511398499391120254, 125.3239440966628706 ) ) ;
#5773 = CARTESIAN_POINT ( 'NONE',  ( 31.45588548181833133, 94.87172885796802291, 251.6582443507715539 ) ) ;
#5774 = CARTESIAN_POINT ( 'NONE',  ( -35.14676478363625733, 53.90264585617608617, 75.63794707214096036 ) ) ;
#5775 = CARTESIAN_POINT ( 'NONE',  ( -37.24897462516725710, -5.836742891971876901, 10.00000000000000000 ) ) ;
#5776 = CARTESIAN_POINT ( 'NONE',  ( 49.21061636734290090, 25.26893559294090608, 102.4679395627376692 ) ) ;
#5777 = CARTESIAN_POINT ( 'NONE',  ( -41.08573679467722428, -39.36872589409450285, 221.5277992088660710 ) ) ;
#5778 = CARTESIAN_POINT ( 'NONE',  ( -10.69917438941038412, 100.3471226704601094, 201.7340824142599445 ) ) ;
#5779 = CARTESIAN_POINT ( 'NONE',  ( -32.64938940119282762, 92.98230387101767747, 236.4230273054047302 ) ) ;
#5780 = CARTESIAN_POINT ( 'NONE',  ( -40.63294396087135851, 33.56152337446093981, 56.28631886216363256 ) ) ;
#5781 = APPLICATION_PROTOCOL_DEFINITION ( 'draft international standard', 'automotive_design', 1998, #861 ) ;
#5782 = CARTESIAN_POINT ( 'NONE',  ( 36.16008989814505981, 60.38283372059273546, 97.07855991762438919 ) ) ;
#5783 = CARTESIAN_POINT ( 'NONE',  ( 18.57086248286109154, 89.44977339474097278, 149.0209146251993957 ) ) ;
#5784 = CARTESIAN_POINT ( 'NONE',  ( 16.59599861080270600, 77.85745803557136924, 114.9503236317930686 ) ) ;
#5785 = CARTESIAN_POINT ( 'NONE',  ( -2.114942312765629051, 79.84861167313529506, 114.9783347029950704 ) ) ;
#5786 = CARTESIAN_POINT ( 'NONE',  ( 44.00332138575298302, 46.10692493915678369, 96.83876339613462392 ) ) ;
#5787 = CARTESIAN_POINT ( 'NONE',  ( -11.42620105732674496, 110.8695868683948902, 335.0877328002619606 ) ) ;
#5788 = CARTESIAN_POINT ( 'NONE',  ( -38.82666230678359653, 47.53204386148531313, 59.40810808688762279 ) ) ;
#5789 = CARTESIAN_POINT ( 'NONE',  ( 18.60711686139725174, -14.52072254644064664, 396.6995430535432092 ) ) ;
#5790 = CARTESIAN_POINT ( 'NONE',  ( 46.84690375254124461, 44.06712964343319783, 120.0000000000000426 ) ) ;
#5791 = VERTEX_POINT ( 'NONE', #1508 ) ;
#5792 = CARTESIAN_POINT ( 'NONE',  ( 6.401420309265752451, 58.25724711725793981, 52.58946944796604583 ) ) ;
#5793 = CARTESIAN_POINT ( 'NONE',  ( 40.96232053673400486, 72.33136208730066130, 149.0291832530585623 ) ) ;
#5794 = VERTEX_POINT ( 'NONE', #6820 ) ;
#5795 = CARTESIAN_POINT ( 'NONE',  ( 1.888954172836583734, 64.06511940384197601, 65.98768053503242470 ) ) ;
#5796 = CARTESIAN_POINT ( 'NONE',  ( -30.11654451206006655, 69.59819604337062060, 108.7894055029264280 ) ) ;
#5797 = CARTESIAN_POINT ( 'NONE',  ( 33.45895209504602263, 61.59646693628240399, 91.57257723051353082 ) ) ;
#5798 = LINE ( 'NONE', #4078, #5217 ) ;
#5799 = CARTESIAN_POINT ( 'NONE',  ( -40.50221767446985410, -10.70507791529158226, 309.1863018646396313 ) ) ;
#5800 = CARTESIAN_POINT ( 'NONE',  ( 41.64901836950076586, 61.95225575744247948, 106.4466701685408623 ) ) ;
#5801 = CARTESIAN_POINT ( 'NONE',  ( 35.27458073932961469, 46.24629440202048869, 55.90579231949514849 ) ) ;
#5802 = CARTESIAN_POINT ( 'NONE',  ( 38.06266273839597858, -5.835323823584555036, 322.2737829718018361 ) ) ;
#5803 = CARTESIAN_POINT ( 'NONE',  ( -5.094271672174150112, -55.16513916029705911, 149.1156603044078679 ) ) ;
#5804 = CARTESIAN_POINT ( 'NONE',  ( -29.58823175578423914, 51.03984912824152076, 56.57756560538874169 ) ) ;
#5805 = CARTESIAN_POINT ( 'NONE',  ( -47.22648301004725369, 18.44997667373677785, 266.2095035247426154 ) ) ;
#5806 = CARTESIAN_POINT ( 'NONE',  ( 30.85364942241312036, 63.94740419476234194, 91.63423892586905595 ) ) ;
#5807 = CARTESIAN_POINT ( 'NONE',  ( 12.80564688987878874, 59.80804046264773888, 53.12828488417117256 ) ) ;
#5808 = CARTESIAN_POINT ( 'NONE',  ( 4.887913158160070992, -52.97964914891399246, 201.7521239684083412 ) ) ;
#5810 = CARTESIAN_POINT ( 'NONE',  ( -37.23408163182508446, 79.52219626103762096, 283.1636421020846228 ) ) ;
#5809 = CARTESIAN_POINT ( 'NONE',  ( 52.83545361035590560, 11.93388638024764248, 211.2174480075504164 ) ) ;
#5811 = CARTESIAN_POINT ( 'NONE',  ( 34.54607103907135723, 87.67022905357863749, 201.7349738036295150 ) ) ;
#5812 = CARTESIAN_POINT ( 'NONE',  ( -32.58057822648522261, 48.00276117495037198, 56.51532357290024322 ) ) ;
#5813 = CARTESIAN_POINT ( 'NONE',  ( -51.23718394812782151, -4.526482675674823319, 61.09940707975938068 ) ) ;
#5814 = CARTESIAN_POINT ( 'NONE',  ( 48.46322171268867862, 24.25509195664067263, 91.08185828448465315 ) ) ;
#5815 = CARTESIAN_POINT ( 'NONE',  ( -38.70280208804821598, -43.70310301856441271, 201.7454514830834853 ) ) ;
#5816 = CARTESIAN_POINT ( 'NONE',  ( -8.196677454624717640, 113.4385801714792308, 409.0779284778321880 ) ) ;
#5817 = CARTESIAN_POINT ( 'NONE',  ( 20.20450427912824054, -35.01224358079071663, 336.6294537848867776 ) ) ;
#5818 = CARTESIAN_POINT ( 'NONE',  ( -29.91808983259769406, 94.24340476133374978, 221.6090405027125030 ) ) ;
#5819 = CARTESIAN_POINT ( 'NONE',  ( 19.39999999930033070, 58.26062410527945445, 59.43782693457637123 ) ) ;
#5820 = CARTESIAN_POINT ( 'NONE',  ( 34.75992690329042745, 60.23665473336263432, 91.53823482404423828 ) ) ;
#5821 = CARTESIAN_POINT ( 'NONE',  ( 14.72007979938563160, 107.2851225326936486, 283.7467555996641408 ) ) ;
#5822 = CARTESIAN_POINT ( 'NONE',  ( 20.03828678575015587, 78.37876351751283721, 121.1140781630546570 ) ) ;
#5823 = CARTESIAN_POINT ( 'NONE',  ( -3.241007956041099369, 62.61481202817707725, 64.34612264441933860 ) ) ;
#5824 = CARTESIAN_POINT ( 'NONE',  ( 42.30797478585261473, 38.18521974037716404, 70.45868124832902879 ) ) ;
#5825 = CARTESIAN_POINT ( 'NONE',  ( -16.02017309516052279, 104.6407334901527975, 251.8207650491244749 ) ) ;
#5826 = CARTESIAN_POINT ( 'NONE',  ( -44.95185064588087442, 50.54298170554718439, 120.0000000000000142 ) ) ;
#5827 = CARTESIAN_POINT ( 'NONE',  ( 12.52431241764143621, -14.35900201387489261, 409.0779284778307670 ) ) ;
#5828 = CARTESIAN_POINT ( 'NONE',  ( 37.79489169914477742, 64.43177085930770431, 119.9999999999999432 ) ) ;
#5829 = ORIENTED_EDGE ( 'NONE', *, *, #6888, .T. ) ;
#5830 = CARTESIAN_POINT ( 'NONE',  ( 18.74046272808955749, 55.23072151003221109, 53.92322663152430096 ) ) ;
#5831 = CIRCLE ( 'NONE', #1696, 0.4999999999999963363 ) ;
#5832 = ORIENTED_EDGE ( 'NONE', *, *, #2945, .T. ) ;
#5833 = CARTESIAN_POINT ( 'NONE',  ( -23.59191493350196112, 64.90755020047944868, 81.01820813520038200 ) ) ;
#5834 = CARTESIAN_POINT ( 'NONE',  ( 33.87265195342523327, 62.94389563982820590, 97.13895874729672641 ) ) ;
#5835 = CARTESIAN_POINT ( 'NONE',  ( 19.39999999930045860, 59.36127869206425345, 56.48693659306101722 ) ) ;
#5836 = CARTESIAN_POINT ( 'NONE',  ( -55.57577356164397742, -17.53946417828941051, 125.3255477420808717 ) ) ;
#5837 = CARTESIAN_POINT ( 'NONE',  ( 14.80099473869887916, 77.57039500497351980, 374.0412658871131271 ) ) ;
#5838 = CARTESIAN_POINT ( 'NONE',  ( -4.789880424296416805, 59.69594724186622869, 52.54223714079380869 ) ) ;
#5839 = CARTESIAN_POINT ( 'NONE',  ( 40.58314131358760335, -6.340630059754228220, 309.1853510374405687 ) ) ;
#5840 = CARTESIAN_POINT ( 'NONE',  ( -0.9474859591064023201, -43.00755576645893541, 309.3074386397254898 ) ) ;
#5841 = CARTESIAN_POINT ( 'NONE',  ( -33.87265195342773438, 62.94389563983661162, 97.13895874733316305 ) ) ;
#5842 = CARTESIAN_POINT ( 'NONE',  ( -53.52273987987187809, 7.695712035218345015, 201.7384978192696678 ) ) ;
#5843 = CARTESIAN_POINT ( 'NONE',  ( 29.64043358369923453, 61.23755431738915433, 80.92494903748610113 ) ) ;
#5844 = CARTESIAN_POINT ( 'NONE',  ( -3.203871744482158057, 60.41354160325298039, 52.55375928035502398 ) ) ;
#5845 = CARTESIAN_POINT ( 'NONE',  ( 4.441863269600816899, -51.81114449858732485, 61.09565715812802011 ) ) ;
#5847 = CARTESIAN_POINT ( 'NONE',  ( -46.92827751025426863, 64.63670587781983556, 192.3707664564144864 ) ) ;
#5846 = CARTESIAN_POINT ( 'NONE',  ( 40.31902259092927920, 0.02794902781589224394, 17.38317744587284608 ) ) ;
#5848 = CARTESIAN_POINT ( 'NONE',  ( 31.72126840173047313, 86.85945032912920283, 174.9442796534904119 ) ) ;
#5849 = CARTESIAN_POINT ( 'NONE',  ( -33.00910369028155600, 47.50449552230099926, 56.50590292491848032 ) ) ;
#5850 = CARTESIAN_POINT ( 'NONE',  ( -23.00435977792310283, 55.11807535553196402, 356.9540557241359693 ) ) ;
#5851 = CARTESIAN_POINT ( 'NONE',  ( 47.97450825186439261, 23.67979398668174440, 85.72242323461145475 ) ) ;
#5852 = CARTESIAN_POINT ( 'NONE',  ( -34.01249396129521330, -47.28677615877319340, 82.48152646220360396 ) ) ;
#5853 = CARTESIAN_POINT ( 'NONE',  ( 25.88489713535249948, -36.96413132071017316, 309.2578745530215087 ) ) ;
#5854 = CARTESIAN_POINT ( 'NONE',  ( -35.62902936542073462, 73.95812813780807460, 125.2873797872261719 ) ) ;
#5855 = CARTESIAN_POINT ( 'NONE',  ( 34.66982177664306874, 62.11317534301123544, 97.11828289210201604 ) ) ;
#5856 = CARTESIAN_POINT ( 'NONE',  ( 19.59567572652590428, 100.3361905882335350, 221.6189085552311724 ) ) ;
#5857 = CARTESIAN_POINT ( 'NONE',  ( 22.27406740739648683, 72.56971101219755838, 103.1385491327314554 ) ) ;
#5858 = CARTESIAN_POINT ( 'NONE',  ( -12.73696180628471275, 60.99715150619708481, 63.49118245263560567 ) ) ;
#5859 = CARTESIAN_POINT ( 'NONE',  ( 43.54812640104599808, 40.25061637853266916, 80.51383505908852101 ) ) ;
#5860 = CARTESIAN_POINT ( 'NONE',  ( -13.79761745775982362, 103.9846072189197486, 236.5170360360187374 ) ) ;
#5861 = CARTESIAN_POINT ( 'NONE',  ( -17.25280475017869364, 106.3681602064898328, 320.8726532944767769 ) ) ;
#5862 = CARTESIAN_POINT ( 'NONE',  ( -32.16557639439073313, 70.72981498169153269, 119.9999999999999432 ) ) ;
#5863 = CARTESIAN_POINT ( 'NONE',  ( 54.73605339540923609, -22.92516787238205112, 125.3256982292730868 ) ) ;
#5864 = CARTESIAN_POINT ( 'NONE',  ( 18.93862829887946120, 56.30867370493110258, 53.23073295168267549 ) ) ;
#5865 = ORIENTED_EDGE ( 'NONE', *, *, #6430, .T. ) ;
#5866 = CARTESIAN_POINT ( 'NONE',  ( 18.74489213172845581, 58.61821031397366966, 61.87432147594017096 ) ) ;
#5867 = EDGE_LOOP ( 'NONE', ( #6809, #7456, #1455, #2928 ) ) ;
#5868 = CARTESIAN_POINT ( 'NONE',  ( -20.54164683204303898, 58.63085696678732717, 61.21240958430020385 ) ) ;
#5869 = CARTESIAN_POINT ( 'NONE',  ( -55.18502094342525055, -12.09223361389160090, 106.4750809699452816 ) ) ;
#5870 = CARTESIAN_POINT ( 'NONE',  ( 6.733884874399126197, 63.75276495332270343, 403.9664691572650099 ) ) ;
#5871 = CARTESIAN_POINT ( 'NONE',  ( 0.000000000000000000, 59.69594724148635834, 52.54223714096647058 ) ) ;
#5872 = CARTESIAN_POINT ( 'NONE',  ( 52.32597050922916537, -5.202008083146234974, 221.5228245523272790 ) ) ;
#5873 = CARTESIAN_POINT ( 'NONE',  ( -2.811682238921489940, -54.38739207093954064, 95.91149824156103421 ) ) ;
#5874 = EDGE_CURVE ( 'NONE', #5791, #1646, #4433, .T. ) ;
#5875 = CARTESIAN_POINT ( 'NONE',  ( -31.45926399449124133, 63.44012901551359107, 91.62076206331181538 ) ) ;
#5876 = CARTESIAN_POINT ( 'NONE',  ( -32.19126658993886281, 11.95363630981926661, 338.7213878598635119 ) ) ;
#5877 = CARTESIAN_POINT ( 'NONE',  ( 29.14248409519305838, 59.69871625852512409, 75.77681910180209002 ) ) ;
#5878 = CARTESIAN_POINT ( 'NONE',  ( 19.39999999930045504, 60.98909515294594286, 65.82298790755864104 ) ) ;
#5879 = CARTESIAN_POINT ( 'NONE',  ( 5.035331092257887775, -55.22284529727035363, 125.3284169574496190 ) ) ;
#5881 = CARTESIAN_POINT ( 'NONE',  ( -43.59497064300177271, 58.93011517504086072, 106.4487139493086403 ) ) ;
#5880 = CARTESIAN_POINT ( 'NONE',  ( 51.05548360758395887, 1.611758280311446745, 61.09649104659100516 ) ) ;
#5882 = CARTESIAN_POINT ( 'NONE',  ( 30.86130304168775140, 77.98023025200083680, 125.2842594564508261 ) ) ;
#5883 = CARTESIAN_POINT ( 'NONE',  ( -35.60656849349467734, 57.32636809757818241, 86.14761454425119780 ) ) ;
#5884 = CARTESIAN_POINT ( 'NONE',  ( -50.17608154649258978, 52.53221257244981501, 174.9394846066750802 ) ) ;
#5885 = CARTESIAN_POINT ( 'NONE',  ( -33.80310329663551983, 47.93273363713828417, 55.48403932038547737 ) ) ;
#5886 = CARTESIAN_POINT ( 'NONE',  ( -35.86857179787519101, -48.61466520658596835, 125.3272208055742283 ) ) ;
#5887 = ADVANCED_FACE ( 'NONE', ( #485 ), #6907, .F. ) ;
#5888 = CARTESIAN_POINT ( 'NONE',  ( 26.60363149801769822, -45.11586077863044864, 251.3969254842509145 ) ) ;
#5890 = CARTESIAN_POINT ( 'NONE',  ( -30.38520698410065535, 94.54496484060490502, 283.4292026492184959 ) ) ;
#5889 = CARTESIAN_POINT ( 'NONE',  ( 35.13882355553528924, 30.84643270350179378, 322.0306433038691125 ) ) ;
#5891 = CARTESIAN_POINT ( 'NONE',  ( 35.24981756428389446, 59.67066690973120302, 91.52478168556386606 ) ) ;
#5892 = CARTESIAN_POINT ( 'NONE',  ( 14.30807639787205865, 108.1000796720965695, 297.9392819932400016 ) ) ;
#5893 = CARTESIAN_POINT ( 'NONE',  ( 19.69855557811455782, 60.90128194330505806, 65.96932918635155829 ) ) ;
#5894 = CARTESIAN_POINT ( 'NONE',  ( -13.73451143513801220, 62.35411333212847751, 65.36640295292478697 ) ) ;
#5895 = CARTESIAN_POINT ( 'NONE',  ( 41.40373324724723147, 37.80301539990943382, 65.54404132239169201 ) ) ;
#5896 = CARTESIAN_POINT ( 'NONE',  ( -12.20268880672776568, 108.3599278425992196, 283.7759054504146548 ) ) ;
#5897 = CARTESIAN_POINT ( 'NONE',  ( -18.03683247244964605, 103.8112482342608018, 251.8055157942218898 ) ) ;
#5898 = CARTESIAN_POINT ( 'NONE',  ( 19.39999999927871954, 57.24297512696058732, 53.25455857830449702 ) ) ;
#5899 = CARTESIAN_POINT ( 'NONE',  ( 49.86293765837694281, -32.89247274916671415, 95.91688864250849633 ) ) ;
#5900 = CARTESIAN_POINT ( 'NONE',  ( -6.484213820569129538, 84.61394385879189883, 120.0000000000000142 ) ) ;
#5901 = VERTEX_POINT ( 'NONE', #5362 ) ;
#5902 = CARTESIAN_POINT ( 'NONE',  ( 12.72210459905435798, 57.30534064354171164, 52.82750023499099967 ) ) ;
#5903 = CARTESIAN_POINT ( 'NONE',  ( 23.69412821460841556, 55.15929938665096444, 56.64868351411232084 ) ) ;
#5904 = ORIENTED_EDGE ( 'NONE', *, *, #1613, .T. ) ;
#5905 = B_SPLINE_CURVE_WITH_KNOTS ( 'NONE', 3,
 ( #3057, #141, #5383, #102, #2417, #6592, #177, #674, #2981, #4233 ),
 .UNSPECIFIED., .F., .F.,
 ( 4, 2, 2, 2, 4 ),
 ( 2.249269650301187907E-28, 0.009585528281459877384, 0.01437829242218981521, 0.01677467449255478846, 0.01917105656291976171 ),
 .UNSPECIFIED. ) ;
#5906 = CARTESIAN_POINT ( 'NONE',  ( -23.71151555222292018, 71.91175869601178761, 103.1204761637244616 ) ) ;
#5907 = CARTESIAN_POINT ( 'NONE',  ( -51.53507487586163904, -27.34414253052597132, 192.3629892491741202 ) ) ;
#5908 = CARTESIAN_POINT ( 'NONE',  ( 39.56661295389039168, 78.92109104809098596, 267.0202785905892142 ) ) ;
#5909 = CARTESIAN_POINT ( 'NONE',  ( 52.26911379350462994, -6.252828122907513553, 221.5227896405066872 ) ) ;
#5910 = CARTESIAN_POINT ( 'NONE',  ( -2.212683981822393786, -42.98539916776316261, 309.3070882317718997 ) ) ;
#5911 = CARTESIAN_POINT ( 'NONE',  ( -29.08220687452052644, 55.74694240315299254, 65.87427819938972107 ) ) ;
#5912 = AXIS2_PLACEMENT_3D ( 'NONE', #1832, #4030, #2247 ) ;
#5913 = CARTESIAN_POINT ( 'NONE',  ( -50.33070789804374101, 10.93091134073469561, 61.08597647312799239 ) ) ;
#5914 = CARTESIAN_POINT ( 'NONE',  ( 27.48398206896364826, 54.87029036982697505, 61.15181531160219208 ) ) ;
#5915 = CARTESIAN_POINT ( 'NONE',  ( 19.05228613149122907, 58.78303047516899937, 54.84577062923307977 ) ) ;
#5916 = CARTESIAN_POINT ( 'NONE',  ( -42.82872051788243795, -5.776769520821631865, 296.6510037834297577 ) ) ;
#5917 = CARTESIAN_POINT ( 'NONE',  ( 4.274337377161197438, -30.10237481005392723, 391.7091028334472753 ) ) ;
#5919 = CARTESIAN_POINT ( 'NONE',  ( -47.55693021831975642, 59.81683989507677524, 149.0345229489985002 ) ) ;
#5918 = CARTESIAN_POINT ( 'NONE',  ( 33.13869964417605729, 2.156071364589657868, 338.8606772099996078 ) ) ;
#5920 = CARTESIAN_POINT ( 'NONE',  ( -44.78363352195639635, 43.80125519656562005, 96.81251900711355063 ) ) ;
#5921 = CARTESIAN_POINT ( 'NONE',  ( 15.87579328852780414, 85.19693581198670529, 373.3064667252252775 ) ) ;
#5922 = CARTESIAN_POINT ( 'NONE',  ( -32.95737142467758218, 49.91953597214799032, 61.04973883792757761 ) ) ;
#5923 = CARTESIAN_POINT ( 'NONE',  ( -30.36761427861970120, 22.92123843859008048, 9.999999999999994671 ) ) ;
#5924 = CARTESIAN_POINT ( 'NONE',  ( 19.36935989704712568, 60.52840388958897933, 64.91115982704012310 ) ) ;
#5925 = CARTESIAN_POINT ( 'NONE',  ( -18.30989347636729292, -31.97438889485761848, 355.9724911199479038 ) ) ;
#5926 = CARTESIAN_POINT ( 'NONE',  ( 30.87395897151770896, -50.79625094942323216, 125.3274952233953172 ) ) ;
#5928 = CARTESIAN_POINT ( 'NONE',  ( -36.30958233302040838, 86.61133679822637532, 211.2197086109602253 ) ) ;
#5927 = CARTESIAN_POINT ( 'NONE',  ( 53.71600499285156616, 31.89498187226852366, 149.0448070821136923 ) ) ;
#5929 = CARTESIAN_POINT ( 'NONE',  ( 31.63056156787986239, 53.53731678942011740, 65.82658580510015156 ) ) ;
#5930 = CARTESIAN_POINT ( 'NONE',  ( 18.80488104658226334, 102.1605994490002729, 409.0779284778327565 ) ) ;
#5931 = CARTESIAN_POINT ( 'NONE',  ( 22.58841355989282818, 74.12328362294688588, 108.9175582282230152 ) ) ;
#5932 = CARTESIAN_POINT ( 'NONE',  ( -28.74397584923797311, 52.31635063540789332, 54.38776287135996768 ) ) ;
#5933 = CARTESIAN_POINT ( 'NONE',  ( -12.77370259281818399, 61.47468639235608379, 64.64647508165364798 ) ) ;
#5934 = EDGE_CURVE ( 'NONE', #4352, #5322, #3239, .T. ) ;
#5935 = CARTESIAN_POINT ( 'NONE',  ( 44.30697453818557818, 40.43813543187940951, 85.86017061093767211 ) ) ;
#5936 = CARTESIAN_POINT ( 'NONE',  ( -11.85814001269010021, 109.2681809741752232, 297.9630213751139536 ) ) ;
#5937 = CARTESIAN_POINT ( 'NONE',  ( -25.20744145859664798, 93.96457281996649158, 192.3870700509336586 ) ) ;
#5938 = CARTESIAN_POINT ( 'NONE',  ( 0.000000000000000000, 63.62951145369177652, 55.38237440233847764 ) ) ;
#5939 = CARTESIAN_POINT ( 'NONE',  ( 38.71084230998111764, -22.75033133686379827, 17.38057389337034664 ) ) ;
#5940 = CARTESIAN_POINT ( 'NONE',  ( -36.94542644483733795, 71.15566993824511144, 120.0000000000000568 ) ) ;
#5941 = ORIENTED_EDGE ( 'NONE', *, *, #5093, .T. ) ;
#5942 = CARTESIAN_POINT ( 'NONE',  ( -19.40000000029201388, 58.19681369890836464, 54.68447306997313007 ) ) ;
#5943 = CARTESIAN_POINT ( 'NONE',  ( 21.78532101127995801, 58.08188884481926095, 61.20539744008873129 ) ) ;
#5944 = CARTESIAN_POINT ( 'NONE',  ( -20.99451974822560274, 60.40411949250048451, 65.96283627005934136 ) ) ;
#5945 = CARTESIAN_POINT ( 'NONE',  ( -47.13594627187299579, -20.91038671876926358, 250.9150364904157868 ) ) ;
#5946 = CARTESIAN_POINT ( 'NONE',  ( 41.17013477344281824, 67.42913206751239841, 125.2922097253829605 ) ) ;
#5947 = VECTOR ( 'NONE', #4280, 1000.000000000000000 ) ;
#5948 = CARTESIAN_POINT ( 'NONE',  ( 48.15993461525501829, 52.33333534032897205, 120.0000000000000142 ) ) ;
#5949 = CARTESIAN_POINT ( 'NONE',  ( 55.30409840741105398, -5.747419563016480382, 174.9349004662641107 ) ) ;
#5950 = CARTESIAN_POINT ( 'NONE',  ( -2.277844224798792006, -44.39780077475531783, 297.8463929481632704 ) ) ;
#5951 = CARTESIAN_POINT ( 'NONE',  ( -29.51300840564963224, 55.40338727662324914, 65.86725374508817765 ) ) ;
#5952 = CARTESIAN_POINT ( 'NONE',  ( -12.31814890871418910, 5.385023673732491467, 397.4020297900083278 ) ) ;
#5953 = CARTESIAN_POINT ( 'NONE',  ( 32.24164178387847102, 70.87083241434227432, 120.9107541885579735 ) ) ;
#5954 = CARTESIAN_POINT ( 'NONE',  ( 45.57068175236877750, 27.10604614702787885, 71.85503552398968452 ) ) ;
#5955 = CARTESIAN_POINT ( 'NONE',  ( -46.25855562237949670, -6.049066128962394373, 34.40069820618213470 ) ) ;
#5956 = CARTESIAN_POINT ( 'NONE',  ( 1.198531762207990514, -52.46988325912649742, 211.1919372283173004 ) ) ;
#5958 = CARTESIAN_POINT ( 'NONE',  ( -45.19632424720922614, 65.29408024470251348, 149.0322289706319907 ) ) ;
#5957 = CARTESIAN_POINT ( 'NONE',  ( 53.58604024835115354, 5.690418614845323297, 201.7385314185953007 ) ) ;
#5959 = CARTESIAN_POINT ( 'NONE',  ( -45.29475496748644758, 39.80541641164253264, 91.19861592107803006 ) ) ;
#5960 = CARTESIAN_POINT ( 'NONE',  ( 33.77850091417769107, 63.34026778735402274, 82.48044464463374936 ) ) ;
#5961 = PRODUCT_DEFINITION_FORMATION_WITH_SPECIFIED_SOURCE ( 'ANY', '', #3814, .NOT_KNOWN. ) ;
#5962 = CARTESIAN_POINT ( 'NONE',  ( -37.18084580781469128, 65.42612316106945514, 120.7887093612509091 ) ) ;
#5963 = CARTESIAN_POINT ( 'NONE',  ( -44.76571612290369018, 53.54926361810075264, 266.6275935380331248 ) ) ;
#5964 = CARTESIAN_POINT ( 'NONE',  ( 9.454593450506493468, 59.28106273795687287, 52.64599349339241741 ) ) ;
#5965 = CARTESIAN_POINT ( 'NONE',  ( -23.08692476348595335, -49.28023016844881710, 61.09653947420420650 ) ) ;
#5966 = CARTESIAN_POINT ( 'NONE',  ( 36.75418557684559318, -43.11329065600710209, 61.09761998107961034 ) ) ;
#5968 = CARTESIAN_POINT ( 'NONE',  ( -34.91271617072757749, 90.38816783849087244, 236.4053871694839017 ) ) ;
#5967 = CARTESIAN_POINT ( 'NONE',  ( 29.80362724442815292, 44.74890497749085938, 337.7851679620802656 ) ) ;
#5969 = CARTESIAN_POINT ( 'NONE',  ( 33.61070828605224392, 51.42141156852845540, 65.77902683807329254 ) ) ;
#5970 = CARTESIAN_POINT ( 'NONE',  ( 21.69345142625344991, 77.80374889943513494, 106.4345828827380700 ) ) ;
#5971 = CARTESIAN_POINT ( 'NONE',  ( -9.599351329457411097, 60.37219809309282681, 52.64746086203088282 ) ) ;
#5972 = DIRECTION ( 'NONE',  ( 0.000000000000000000, -0.9999201069897766248, 0.01264039704889491356 ) ) ;
#5973 = CARTESIAN_POINT ( 'NONE',  ( 42.71020460857501178, 39.95585741273568203, 75.39139777500463424 ) ) ;
#5974 = PLANE ( 'NONE',  #364 ) ;
#5975 = CARTESIAN_POINT ( 'NONE',  ( -18.80488104658226334, 102.1605994490002729, 409.0779284778327565 ) ) ;
#5976 = CARTESIAN_POINT ( 'NONE',  ( -22.99838642678894018, 59.66876232580148809, 56.37289797934670332 ) ) ;
#5977 = CARTESIAN_POINT ( 'NONE',  ( 17.82736701374702903, -18.40153089739105496, 395.7210253633289199 ) ) ;
#5978 = CARTESIAN_POINT ( 'NONE',  ( -7.409418842385085746, 84.53444808825814505, 120.0000000000000426 ) ) ;
#5979 = ORIENTED_EDGE ( 'NONE', *, *, #4020, .F. ) ;
#5980 = CARTESIAN_POINT ( 'NONE',  ( 1.229204914464844922, 114.9777999077196142, 409.0779284778315628 ) ) ;
#5981 = CARTESIAN_POINT ( 'NONE',  ( 28.75976678211549142, 73.74340225936332160, 120.9863411907258666 ) ) ;
#5982 = CARTESIAN_POINT ( 'NONE',  ( -21.61835433697268272, 69.41090133090416714, 91.78368233160823308 ) ) ;
#5983 = CARTESIAN_POINT ( 'NONE',  ( -45.14000270230052081, -20.23411302326612216, 34.39333359352516339 ) ) ;
#5984 = CARTESIAN_POINT ( 'NONE',  ( 28.11650136522681365, 62.35597269328396663, 337.1027709802646086 ) ) ;
#5985 = CARTESIAN_POINT ( 'NONE',  ( 51.13663165363477248, 41.66631513154227662, 120.0000000000000000 ) ) ;
#5986 = EDGE_CURVE ( 'NONE', #435, #1949, #5069, .T. ) ;
#5987 = CARTESIAN_POINT ( 'NONE',  ( 50.76087498454309355, -8.417531247165385366, 235.9981479677553864 ) ) ;
#5988 = CARTESIAN_POINT ( 'NONE',  ( 0.000000000000000000, -39.54025308811204553, 335.5788767518578197 ) ) ;
#5989 = CARTESIAN_POINT ( 'NONE',  ( -32.82384904686546889, 65.62079890772071167, 102.9467854510536142 ) ) ;
#5990 = CARTESIAN_POINT ( 'NONE',  ( -42.68672414130514881, 4.450321536097706421, 296.6739762740718334 ) ) ;
#5991 = CARTESIAN_POINT ( 'NONE',  ( 32.58785415016194520, 67.50154930840314194, 108.7340263237871341 ) ) ;
#5992 = CARTESIAN_POINT ( 'NONE',  ( 554.2981223361939556, 27.10604614702786819, 120.0000000000000000 ) ) ;
#5993 = CARTESIAN_POINT ( 'NONE',  ( -29.28177289259470228, -5.963536147518752273, 359.8091805143566262 ) ) ;
#5994 = CARTESIAN_POINT ( 'NONE',  ( 2.749483115915630993, -51.74880516849022172, 221.5350837507238850 ) ) ;
#5996 = CARTESIAN_POINT ( 'NONE',  ( -22.60891924985031309, 59.71032824636433389, 356.6258084329347184 ) ) ;
#5995 = CARTESIAN_POINT ( 'NONE',  ( 45.34437156756264642, 4.526368387407289973, 282.1930726493894781 ) ) ;
#5997 = CARTESIAN_POINT ( 'NONE',  ( -41.14315686385302939, 38.46931478071012833, 65.55306734682629610 ) ) ;
#5998 = CARTESIAN_POINT ( 'NONE',  ( 23.18655609644494220, 37.68791946537711368, 17.21704309976818692 ) ) ;
#5999 = CARTESIAN_POINT ( 'NONE',  ( -36.63682176847489558, 59.78371651874257964, 97.06563583774733672 ) ) ;
#6000 = CARTESIAN_POINT ( 'NONE',  ( -33.20261269776145241, 26.38560202891395079, 17.28516525697362738 ) ) ;
#6001 = CARTESIAN_POINT ( 'NONE',  ( 19.39999999930044794, 60.35391758087899206, 64.50721244706434732 ) ) ;
#6002 = CARTESIAN_POINT ( 'NONE',  ( -25.55374225681365274, -51.48164753199914401, 175.0193905627105551 ) ) ;
#6003 = CARTESIAN_POINT ( 'NONE',  ( 10.98363994162249924, -38.30891179570084404, 335.9138904806569599 ) ) ;
#6005 = CARTESIAN_POINT ( 'NONE',  ( -27.68947570072270992, 95.85509879905478670, 297.7027140057940073 ) ) ;
#6004 = CARTESIAN_POINT ( 'NONE',  ( 37.79436788118788826, 37.94507223821516817, 309.2110135683235512 ) ) ;
#6006 = CARTESIAN_POINT ( 'NONE',  ( 32.73710077364340520, 50.16990967200445795, 61.05505345966604125 ) ) ;
#6007 = CARTESIAN_POINT ( 'NONE',  ( 20.91707784828886219, 101.2330489380440781, 236.4909178937897138 ) ) ;
#6008 = CARTESIAN_POINT ( 'NONE',  ( 39.28770520823304935, 40.75589739673827694, 57.27885774361117655 ) ) ;
#6009 = CARTESIAN_POINT ( 'NONE',  ( 18.89999999930046215, 55.66659322484436956, 53.73731346006706389 ) ) ;
#6010 = CARTESIAN_POINT ( 'NONE',  ( 45.95784369117969703, 39.83045821623156257, 96.77293679698401263 ) ) ;
#6011 = CARTESIAN_POINT ( 'NONE',  ( 18.74851370586458899, 59.62959893277194112, 64.25225005180482185 ) ) ;
#6012 = CARTESIAN_POINT ( 'NONE',  ( -20.39298250971555859, 97.54897825839712766, 201.7343125678803517 ) ) ;
#6013 = CARTESIAN_POINT ( 'NONE',  ( -35.25254188098455899, 51.68809400093991968, 58.36874267458052401 ) ) ;
#6014 = CARTESIAN_POINT ( 'NONE',  ( 36.59935864669906636, -36.24285112336496439, 266.6241809227503836 ) ) ;
#6015 = CARTESIAN_POINT ( 'NONE',  ( -12.89845815644907745, 83.81478575962610478, 119.9999999999999716 ) ) ;
#6016 = ORIENTED_EDGE ( 'NONE', *, *, #2264, .F. ) ;
#6017 = CARTESIAN_POINT ( 'NONE',  ( 1.613907873035533846, 108.9964298403724428, 267.6395684617824600 ) ) ;
#6018 = CARTESIAN_POINT ( 'NONE',  ( 23.02899519052526145, 57.53292072288225967, 61.19838529595929089 ) ) ;
#6019 = CARTESIAN_POINT ( 'NONE',  ( -16.67566886266414272, 59.96278015284890017, 61.22352441150895430 ) ) ;
#6020 = CARTESIAN_POINT ( 'NONE',  ( 44.94908311760745789, 64.10775105654568051, 251.3133569257551301 ) ) ;
#6021 = CARTESIAN_POINT ( 'NONE',  ( -3.182336208185766235, 57.98445078890777182, 53.23456412821245465 ) ) ;
#6022 = CARTESIAN_POINT ( 'NONE',  ( 53.09195625851802447, -6.609670241935826418, 211.2172967466541991 ) ) ;
#6023 = CARTESIAN_POINT ( 'NONE',  ( -0.2992597794967298830, -39.54025308811204553, 335.5788767518578197 ) ) ;
#6024 = CARTESIAN_POINT ( 'NONE',  ( -33.04296367720905891, 68.63496659362992602, 114.7063924187661854 ) ) ;
#6025 = CARTESIAN_POINT ( 'NONE',  ( -32.95277759665839312, 3.789860648466381043, 338.8419760071320184 ) ) ;
#6026 = CARTESIAN_POINT ( 'NONE',  ( 32.88736903161870373, 67.22225015989420172, 108.7268866666825176 ) ) ;
#6027 = CARTESIAN_POINT ( 'NONE',  ( 19.39999999930045504, 59.27420312395484103, 63.95616489852416464 ) ) ;
#6028 = CARTESIAN_POINT ( 'NONE',  ( -9.450897867443625699, -6.630376324146094014, 409.0779284778318470 ) ) ;
#6029 = CARTESIAN_POINT ( 'NONE',  ( 1.137836804402037272, -50.61864019638241530, 236.3616521510632822 ) ) ;
#6030 = CARTESIAN_POINT ( 'NONE',  ( 37.75264556185516795, -2.328940553478978437, 322.2698013014846197 ) ) ;
#6031 = CARTESIAN_POINT ( 'NONE',  ( -12.02708444234887075, -42.00942576822519214, 309.2952116387940009 ) ) ;
#6032 = CARTESIAN_POINT ( 'NONE',  ( -41.36138195980667831, 43.42143531040385795, 75.44056932142200367 ) ) ;
#6033 = CARTESIAN_POINT ( 'NONE',  ( 29.31018508552083190, 58.72787640479717908, 60.95440797836437241 ) ) ;
#6034 = CARTESIAN_POINT ( 'NONE',  ( -33.27451930491871224, 51.80646508004952011, 65.78751583429088612 ) ) ;
#6035 = CARTESIAN_POINT ( 'NONE',  ( -50.22210946449671809, 44.40859734123340985, 221.5520418434187775 ) ) ;
#6036 = CARTESIAN_POINT ( 'NONE',  ( 11.20526160616327793, 61.75557299010950629, 64.57366590539848517 ) ) ;
#6037 = CARTESIAN_POINT ( 'NONE',  ( -27.79996175085909371, -47.77033079538902172, 61.09688006876282884 ) ) ;
#6038 = CARTESIAN_POINT ( 'NONE',  ( 18.50202022154245896, -49.05156655386844733, 236.3057147706324770 ) ) ;
#6040 = CARTESIAN_POINT ( 'NONE',  ( -22.74968607341473970, 90.34327227380748582, 335.9725697426424063 ) ) ;
#6039 = CARTESIAN_POINT ( 'NONE',  ( 50.55851548923006789, 24.19801524341339771, 236.0592178367966198 ) ) ;
#6041 = CARTESIAN_POINT ( 'NONE',  ( 35.97282064052343742, 58.80929425581329895, 91.50475027195464861 ) ) ;
#6042 = CARTESIAN_POINT ( 'NONE',  ( 23.88259262670533545, 98.27794754333719141, 221.6153852917683196 ) ) ;
#6043 = CARTESIAN_POINT ( 'NONE',  ( 18.56513965345907025, 57.15481936001600616, 53.17773487067823623 ) ) ;
#6044 = CARTESIAN_POINT ( 'NONE',  ( 48.13429222859787160, 36.86114874914009931, 114.2954583237786608 ) ) ;
#6045 = CARTESIAN_POINT ( 'NONE',  ( -24.59229799686811546, 55.06350937866341155, 57.52460223400445471 ) ) ;
#6046 = CARTESIAN_POINT ( 'NONE',  ( -22.75947916154166606, 102.2193232325647756, 267.4550559600510837 ) ) ;
#6047 = B_SPLINE_CURVE_WITH_KNOTS ( 'NONE', 3,
 ( #3716, #4365, #5402, #4829, #4216, #4978, #839, #6541, #3114, #3644, #767, #7295, #1481, #4939, #4290, #6683, #6045, #3148, #3076, #3754 ),
 .UNSPECIFIED., .F., .F.,
 ( 4, 2, 2, 2, 2, 2, 2, 2, 2, 4 ),
 ( 0.000000000000000000, 0.008443136115479928094, 0.01266470417321988694, 0.01477548820208987590, 0.01688627223095985966, 0.02110784028869980636, 0.02321862431756976930, 0.02532940834643973224, 0.02955097640417966159, 0.03377254446191958748 ),
 .UNSPECIFIED. ) ;
#6048 = CARTESIAN_POINT ( 'NONE',  ( -17.11517470628316673, 61.58528705198528286, 55.89360407157685273 ) ) ;
#6049 = CARTESIAN_POINT ( 'NONE',  ( 34.38493172786118635, -25.33418586899665570, 10.00000000000001954 ) ) ;
#6050 = CARTESIAN_POINT ( 'NONE',  ( -23.48345862260337569, 80.67029859774412159, 120.0000000000000711 ) ) ;
#6051 = ORIENTED_EDGE ( 'NONE', *, *, #2708, .F. ) ;
#6052 = CARTESIAN_POINT ( 'NONE',  ( 0.000000000000000000, 112.7580379459900257, 320.7469887188660209 ) ) ;
#6053 = CARTESIAN_POINT ( 'NONE',  ( 27.62364360757672443, 60.77368822640274715, 75.80282043002348757 ) ) ;
#6054 = CARTESIAN_POINT ( 'NONE',  ( -14.58317342954391727, 64.30752195074188649, 70.94659000767042301 ) ) ;
#6055 = CARTESIAN_POINT ( 'NONE',  ( 42.84470329415308498, 56.98334315772650172, 95.91620674547424130 ) ) ;
#6056 = CARTESIAN_POINT ( 'NONE',  ( 25.07736226674873592, 79.97124958177712983, 119.9999999999999716 ) ) ;
#6057 = CARTESIAN_POINT ( 'NONE',  ( 23.78612841093408292, -7.572770304397582919, 380.0938751272109926 ) ) ;
#6058 = CARTESIAN_POINT ( 'NONE',  ( 0.000000000000000000, 63.62951145369177652, 55.38237440233847764 ) ) ;
#6059 = CARTESIAN_POINT ( 'NONE',  ( 33.75535178739531972, 44.95294208336817832, 55.72907039990903399 ) ) ;
#6060 = CARTESIAN_POINT ( 'NONE',  ( -32.84479330569833877, 70.30358351405173778, 120.8964979195243785 ) ) ;
#6061 = CARTESIAN_POINT ( 'NONE',  ( -54.74136690963599960, 6.076549765076105558, 106.4739534392445961 ) ) ;
#6062 = CARTESIAN_POINT ( 'NONE',  ( 32.74408285523396245, 68.91937485621589587, 114.7135823750460304 ) ) ;
#6063 = CARTESIAN_POINT ( 'NONE',  ( -1.604432779579762380, 60.92116226321447670, 52.84991015363889488 ) ) ;
#6064 = CARTESIAN_POINT ( 'NONE',  ( -55.30409840741105398, -5.747419563016480382, 174.9349004662641107 ) ) ;
#6065 = CARTESIAN_POINT ( 'NONE',  ( 2.932549651586340289, -54.40131079818338122, 175.0443266466952537 ) ) ;
#6066 = CARTESIAN_POINT ( 'NONE',  ( 47.85534582234424050, 0.3731277230375850684, 266.1050650612654636 ) ) ;
#6067 = CARTESIAN_POINT ( 'NONE',  ( -5.497173108916133089, -29.75182504755317936, 391.8202980255168200 ) ) ;
#6068 = CARTESIAN_POINT ( 'NONE',  ( -43.20539910858389732, 50.00296499539760475, 102.6577535576190456 ) ) ;
#6069 = CARTESIAN_POINT ( 'NONE',  ( 20.34097093077531682, 33.53996496030719499, 10.00000000000000000 ) ) ;
#6070 = CARTESIAN_POINT ( 'NONE',  ( -32.58442307628936163, 52.56021058494378906, 65.80437519494539345 ) ) ;
#6071 = CARTESIAN_POINT ( 'NONE',  ( -50.92809235136057566, 26.64313019232611168, 82.47178895346226568 ) ) ;
#6072 = CARTESIAN_POINT ( 'NONE',  ( -15.74316367352282953, 61.91771060352613176, 65.47902321671566028 ) ) ;
#6073 = CARTESIAN_POINT ( 'NONE',  ( -25.06420276099779088, -50.68433138358413714, 192.4243938126638795 ) ) ;
#6074 = CARTESIAN_POINT ( 'NONE',  ( 19.09819653612084522, -50.14414477850793617, 221.5332213841347482 ) ) ;
#6076 = CARTESIAN_POINT ( 'NONE',  ( -38.66842865355992842, 83.36391026768444590, 211.2195808582209793 ) ) ;
#6075 = CARTESIAN_POINT ( 'NONE',  ( 52.92725394373609049, 22.79627278287059156, 201.7381109824623024 ) ) ;
#6077 = CARTESIAN_POINT ( 'NONE',  ( 33.72185374437034966, 51.29210705890522348, 65.77619386330539442 ) ) ;
#6078 = CARTESIAN_POINT ( 'NONE',  ( 17.25280475017869364, 106.3681602064898328, 320.8726532944767769 ) ) ;
#6079 =( BOUNDED_SURFACE ( )  B_SPLINE_SURFACE ( 3, 2, ( 
 ( #1168, #2829, #524 ),
 ( #641, #32, #3475 ),
 ( #5694, #5115, #4010 ),
 ( #1056, #3436, #5807 ),
 ( #2944, #562, #7510 ),
 ( #2380, #2866, #7431 ),
 ( #5193, #2227, #4696 ),
 ( #2306, #5153, #7014 ),
 ( #4621, #4049, #2905 ),
 ( #486, #1775, #5233 ) ),
 .UNSPECIFIED., .F., .F., .F. ) 
 B_SPLINE_SURFACE_WITH_KNOTS ( ( 4, 2, 2, 2, 4 ),
 ( 3, 3 ),
 ( 0.000000000000000000, 0.004806433180935931748, 0.009612866361871863496, 0.01441929954280779524, 0.01922573272374372699 ),
 ( 0.000000000000000000, 1.000000000000000000 ),
 .UNSPECIFIED. ) 
 GEOMETRIC_REPRESENTATION_ITEM ( )  RATIONAL_B_SPLINE_SURFACE ( (
 ( 1.000000000000000000, 0.8320603240170325599, 1.000000000000000000),
 ( 1.000000000000000000, 0.8320582875383145671, 1.000000000000000000),
 ( 1.000000000000000000, 0.8320616429235441203, 1.000000000000000000),
 ( 1.000000000000000000, 0.8320621167358037695, 1.000000000000000000),
 ( 1.000000000000000000, 0.8320635207466204886, 1.000000000000000000),
 ( 1.000000000000000000, 0.8320651334420414713, 1.000000000000000000),
 ( 1.000000000000000000, 0.8320650417530076615, 1.000000000000000000),
 ( 1.000000000000000000, 0.8320633775091520468, 1.000000000000000000),
 ( 1.000000000000000000, 0.8320618891306388321, 1.000000000000000000),
 ( 1.000000000000000000, 0.8320618891306388321, 1.000000000000000000) ) ) 
 REPRESENTATION_ITEM ( '' )  SURFACE ( )  );
#6080 = CARTESIAN_POINT ( 'NONE',  ( -41.30923959638710841, 36.65633747121646735, 58.30409580556887050 ) ) ;
#6081 = CARTESIAN_POINT ( 'NONE',  ( 44.99919640807055288, 38.13674300870141565, 85.83452225117152068 ) ) ;
#6082 = CARTESIAN_POINT ( 'NONE',  ( 53.22861433922498264, 27.10604614702787174, 111.9410658367105924 ) ) ;
#6083 = CARTESIAN_POINT ( 'NONE',  ( -20.45836504139062129, 103.4618147093813576, 309.2927750153143052 ) ) ;
#6084 = CARTESIAN_POINT ( 'NONE',  ( -45.95209793840036383, 37.43291369799174362, 91.17466375124062949 ) ) ;
#6085 = CARTESIAN_POINT ( 'NONE',  ( 32.55658113277404908, -33.57066378714582555, 17.36786439425246087 ) ) ;
#6086 = CARTESIAN_POINT ( 'NONE',  ( 36.10787997447732067, 46.95569998340101847, 56.00272454310741921 ) ) ;
#6087 = ORIENTED_EDGE ( 'NONE', *, *, #5874, .T. ) ;
#6088 = CARTESIAN_POINT ( 'NONE',  ( 0.000000000000000000, 114.9108385403007304, 389.8678880722445683 ) ) ;
#6089 = CARTESIAN_POINT ( 'NONE',  ( 6.624328642472397277, 59.96703331625394640, 56.67301590407137724 ) ) ;
#6090 = CARTESIAN_POINT ( 'NONE',  ( -12.74285453614628416, 73.74612555471142628, 97.41480435576075081 ) ) ;
#6091 = CARTESIAN_POINT ( 'NONE',  ( 44.02017754197238730, 73.09702262574656118, 211.2192021291936612 ) ) ;
#6092 = CARTESIAN_POINT ( 'NONE',  ( 36.91797157591338419, 71.23123787757121761, 120.0000000000000284 ) ) ;
#6093 = CARTESIAN_POINT ( 'NONE',  ( 37.25453325313229413, -8.006426954955317754, 9.999999999999998224 ) ) ;
#6094 = DIRECTION ( 'NONE',  ( 0.9971789491239627656, 0.000000000000000000, 0.07506093140928493668 ) ) ;
#6095 = CARTESIAN_POINT ( 'NONE',  ( -9.156231734339618434E-14, -40.43996528639333121, 10.00000000000000000 ) ) ;
#6096 = EDGE_LOOP ( 'NONE', ( #1226, #620, #5565, #7262 ) ) ;
#6097 = CARTESIAN_POINT ( 'NONE',  ( -30.39292994226827105, 60.64524717328051651, 80.90984022531476683 ) ) ;
#6098 = CARTESIAN_POINT ( 'NONE',  ( -49.72833828866642136, 4.425022089082849774, 250.8598458643937477 ) ) ;
#6099 = CARTESIAN_POINT ( 'NONE',  ( 33.19197260408574834, 68.49200512599951196, 114.7027894395828156 ) ) ;
#6100 = CARTESIAN_POINT ( 'NONE',  ( -11.21963457910693052, 60.08625307404897598, 53.05870668160218173 ) ) ;
#6101 = CARTESIAN_POINT ( 'NONE',  ( -52.26911379350462994, -6.252828122907513553, 221.5227896405066872 ) ) ;
#6102 = CARTESIAN_POINT ( 'NONE',  ( 0.3240644954858517557, -44.41900128634053146, 297.8504200200889613 ) ) ;
#6103 = CARTESIAN_POINT ( 'NONE',  ( 54.33605767996435532, -2.430861836592444813, 192.3477106230807863 ) ) ;
#6104 = CARTESIAN_POINT ( 'NONE',  ( -12.46612832295578954, -52.97377829899706114, 192.4409145642689225 ) ) ;
#6105 = CARTESIAN_POINT ( 'NONE',  ( -41.92550593617635002, 42.06001075120310873, 75.42020771692040171 ) ) ;
#6106 = EDGE_CURVE ( 'NONE', #6395, #700, #1976, .T. ) ;
#6107 = CARTESIAN_POINT ( 'NONE',  ( 38.03828455329521319, 66.58646925340212874, 106.4434309700083645 ) ) ;
#6108 = EDGE_LOOP ( 'NONE', ( #4834, #931, #2366, #6325 ) ) ;
#6109 = CARTESIAN_POINT ( 'NONE',  ( -31.63056156788954354, 53.53731678944456007, 65.82658580517664859 ) ) ;
#6110 = CARTESIAN_POINT ( 'NONE',  ( -51.39937706775467063, 42.62950966839922984, 125.3084830109981738 ) ) ;
#6111 = CARTESIAN_POINT ( 'NONE',  ( 18.93879117565525050, 56.09862914068212092, 53.23331898874432255 ) ) ;
#6112 = CARTESIAN_POINT ( 'NONE',  ( -24.72372036682519081, -50.18381659854403409, 201.7491245939285136 ) ) ;
#6113 = CARTESIAN_POINT ( 'NONE',  ( 13.43485868081507917, -39.43262393932921839, 10.00000000000001066 ) ) ;
#6115 = CARTESIAN_POINT ( 'NONE',  ( -21.74458720147291757, 32.56953410796824500, 9.999999999999989342 ) ) ;
#6114 = CARTESIAN_POINT ( 'NONE',  ( 53.02998276052028359, 28.38348271631965503, 192.3545821869253416 ) ) ;
#6116 = CARTESIAN_POINT ( 'NONE',  ( 37.60554198342268251, 61.87030871463662862, 108.6076344760485171 ) ) ;
#6117 = CARTESIAN_POINT ( 'NONE',  ( 21.71490357244795177, 103.1809278980007605, 283.6328806230999930 ) ) ;
#6118 = CARTESIAN_POINT ( 'NONE',  ( -37.84686122473156189, 52.34137363583840141, 80.71410923150835970 ) ) ;
#6119 = CARTESIAN_POINT ( 'NONE',  ( -28.46879259145727303, -21.06847728872406478, 358.5182348061317157 ) ) ;
#6120 = CARTESIAN_POINT ( 'NONE',  ( 46.98537677172862459, 42.04236442812887020, 114.3281213801654133 ) ) ;
#6121 = FACE_OUTER_BOUND ( 'NONE', #2603, .T. ) ;
#6122 = CARTESIAN_POINT ( 'NONE',  ( -20.51713347036356083, 63.06588284998504434, 60.93448296930866093 ) ) ;
#6123 = CARTESIAN_POINT ( 'NONE',  ( -42.30331627693066565, 28.17674938987054745, 56.23203861477232124 ) ) ;
#6124 = CARTESIAN_POINT ( 'NONE',  ( 47.76901115036158529, -37.30337731564588211, 174.9695317976333797 ) ) ;
#6125 =( BOUNDED_SURFACE ( )  B_SPLINE_SURFACE ( 3, 2, ( 
 ( #2137, #5678, #6246 ),
 ( #3200, #4951, #2102 ),
 ( #432, #1566, #357 ),
 ( #2742, #2064, #2669 ),
 ( #5523, #319, #2174 ),
 ( #470, #396, #4486 ),
 ( #5601, #4989, #7306 ),
 ( #1530, #4450, #1040 ) ),
 .UNSPECIFIED., .F., .F., .F. ) 
 B_SPLINE_SURFACE_WITH_KNOTS ( ( 4, 2, 2, 4 ),
 ( 3, 3 ),
 ( 6.071532165918824830E-18, 0.004824546334832334471, 0.009649092669664663738, 0.01929818533932932054 ),
 ( 0.000000000000000000, 1.000000000000000000 ),
 .UNSPECIFIED. ) 
 GEOMETRIC_REPRESENTATION_ITEM ( )  RATIONAL_B_SPLINE_SURFACE ( (
 ( 1.000000000000000000, 0.5546842797283967341, 1.000000000000000000),
 ( 1.000000000000000000, 0.5546881288758015449, 1.000000000000000000),
 ( 1.000000000000000000, 0.5546844829874547633, 1.000000000000000000),
 ( 1.000000000000000000, 0.5546816565641646823, 1.000000000000000000),
 ( 1.000000000000000000, 0.5546807249564447151, 1.000000000000000000),
 ( 1.000000000000000000, 0.5546766452544134030, 1.000000000000000000),
 ( 1.000000000000000000, 0.5546828036494789727, 1.000000000000000000),
 ( 1.000000000000000000, 0.5546828036494789727, 1.000000000000000000) ) ) 
 REPRESENTATION_ITEM ( '' )  SURFACE ( )  );
#6126 = CARTESIAN_POINT ( 'NONE',  ( 46.10432114907769829, 37.24125504576203127, 74.41371269787509846 ) ) ;
#6127 = CARTESIAN_POINT ( 'NONE',  ( 1.839319644667390730, 102.5138913959915783, 211.2204768672874309 ) ) ;
#6128 = CARTESIAN_POINT ( 'NONE',  ( 7.979989908432136403, 81.06327976093720622, 121.1620341597020598 ) ) ;
#6129 = CARTESIAN_POINT ( 'NONE',  ( -16.59599861080289429, 77.85745803557401246, 114.9503236318035988 ) ) ;
#6130 = CARTESIAN_POINT ( 'NONE',  ( 44.05818599539022529, 49.82229466261533446, 82.47680936554563402 ) ) ;
#6131 = CARTESIAN_POINT ( 'NONE',  ( -33.75535178739531972, 44.95294208336817832, 55.72907039990903399 ) ) ;
#6132 = CARTESIAN_POINT ( 'NONE',  ( 49.24600904007698432, -6.621245555623374912, 250.8422388099025966 ) ) ;
#6133 = CARTESIAN_POINT ( 'NONE',  ( -0.4069521031848483683, -54.83989014612805590, 106.4482073099506465 ) ) ;
#6134 = ORIENTED_EDGE ( 'NONE', *, *, #6539, .T. ) ;
#6135 = CARTESIAN_POINT ( 'NONE',  ( -28.35706719747004811, 56.30162922984227691, 65.88603842507843922 ) ) ;
#6136 = CARTESIAN_POINT ( 'NONE',  ( -54.83115611105644405, 4.371132744905328771, 106.4742753376999360 ) ) ;
#6137 = CARTESIAN_POINT ( 'NONE',  ( 30.54233710788443545, 60.52383288047860788, 80.90675388971378368 ) ) ;
#6138 = CARTESIAN_POINT ( 'NONE',  ( 19.39999999930045149, 57.24841326826912535, 53.71795569284796557 ) ) ;
#6139 = CARTESIAN_POINT ( 'NONE',  ( -16.59756203532739605, -6.728433920410279434, 397.6365478720514375 ) ) ;
#6140 = CARTESIAN_POINT ( 'NONE',  ( 0.000000000000000000, -47.77431481950399217, 267.3981681540126374 ) ) ;
#6141 = CARTESIAN_POINT ( 'NONE',  ( 40.55766409033606124, -4.331508680072187367, 17.38773300449937054 ) ) ;
#6142 = CARTESIAN_POINT ( 'NONE',  ( -12.72337372200117755, -54.69894830948782527, 125.3282520854518935 ) ) ;
#6143 = CARTESIAN_POINT ( 'NONE',  ( -45.06722855865368160, 48.69321052286072415, 114.3833619679193276 ) ) ;
#6144 = ORIENTED_EDGE ( 'NONE', *, *, #3286, .F. ) ;
#6145 = CARTESIAN_POINT ( 'NONE',  ( -30.80411378778100229, 49.91548955014116018, 56.55475935346650829 ) ) ;
#6146 = CARTESIAN_POINT ( 'NONE',  ( -51.60301706653392273, 35.46551916086733058, 211.2179657850930425 ) ) ;
#6147 = CARTESIAN_POINT ( 'NONE',  ( -42.35970459335862159, 33.24965549437975199, 63.02255031202182067 ) ) ;
#6148 = CARTESIAN_POINT ( 'NONE',  ( -19.40000000029201388, 60.24205999453015892, 64.32553580059453679 ) ) ;
#6149 = CARTESIAN_POINT ( 'NONE',  ( -20.03586529573157549, -51.87349189028677898, 192.4319962824284005 ) ) ;
#6150 = CARTESIAN_POINT ( 'NONE',  ( 19.34030684620329055, -52.07729705973446244, 82.48706848365618782 ) ) ;
#6152 = CARTESIAN_POINT ( 'NONE',  ( -38.22963690408025172, 84.93437126519317815, 221.5966982805643681 ) ) ;
#6151 = CARTESIAN_POINT ( 'NONE',  ( 46.93859619787694726, 25.04034203608746267, 266.2703234693272520 ) ) ;
#6153 = CARTESIAN_POINT ( 'NONE',  ( 34.43294512745146818, 52.60218269279786085, 70.70712419865128595 ) ) ;
#6154 = CARTESIAN_POINT ( 'NONE',  ( 24.09047651053769101, 61.63273891392942261, 60.94179670390320069 ) ) ;
#6155 = CARTESIAN_POINT ( 'NONE',  ( -36.04974989275559949, 43.25065422806176940, 56.42817778992598932 ) ) ;
#6156 = AXIS2_PLACEMENT_3D ( 'NONE', #1605, #2778, #929 ) ;
#6157 = CARTESIAN_POINT ( 'NONE',  ( -50.85316943093211961, -27.50472058816160015, 82.47186014571587975 ) ) ;
#6158 = CARTESIAN_POINT ( 'NONE',  ( 42.37038072456078197, 35.05230280099628715, 65.51027363373340506 ) ) ;
#6159 = CARTESIAN_POINT ( 'NONE',  ( -1.490640655820990146, 54.40705163971920655, 33.92780340673608919 ) ) ;
#6160 = CARTESIAN_POINT ( 'NONE',  ( -26.05456792894363360, 68.49689260858141893, 82.48204883321136549 ) ) ;
#6161 = CARTESIAN_POINT ( 'NONE',  ( -46.98537677172904381, 42.04236442812988628, 114.3281213801759293 ) ) ;
#6162 = CARTESIAN_POINT ( 'NONE',  ( 37.27287521075454180, -42.64205156870801261, 221.5289559395897641 ) ) ;
#6163 = FACE_OUTER_BOUND ( 'NONE', #3779, .T. ) ;
#6164 = CARTESIAN_POINT ( 'NONE',  ( 5.594488293769353859, 86.23048762109060306, 125.2764631735094838 ) ) ;
#6165 = CARTESIAN_POINT ( 'NONE',  ( 6.769646573782513777, 61.87655586210345859, 61.22731285580164950 ) ) ;
#6166 = ADVANCED_FACE ( 'NONE', ( #1902 ), #6729, .T. ) ;
#6167 = CARTESIAN_POINT ( 'NONE',  ( -11.21009254149446122, 75.68111723911604827, 103.2007365130739629 ) ) ;
#6168 = CARTESIAN_POINT ( 'NONE',  ( 44.66859255884487823, 37.90241698108665247, 61.02442624703759577 ) ) ;
#6169 = CARTESIAN_POINT ( 'NONE',  ( -49.59526428278876153, 27.10604614702785398, 111.9397597919228105 ) ) ;
#6170 = CARTESIAN_POINT ( 'NONE',  ( 37.92795983529013171, -14.13918712946742851, 322.2218791165552716 ) ) ;
#6171 = CARTESIAN_POINT ( 'NONE',  ( 13.65262319938098834, 79.88789983508696935, 120.0000000000000284 ) ) ;
#6172 = CARTESIAN_POINT ( 'NONE',  ( 18.93762464267778967, 57.64333262607124198, 53.21469862326682687 ) ) ;
#6173 = CARTESIAN_POINT ( 'NONE',  ( 41.06709907474674282, 31.56589495156666914, 59.07696883589773762 ) ) ;
#6174 = CARTESIAN_POINT ( 'NONE',  ( -29.19371372966325850, 57.66050740478010539, 70.82354621183162635 ) ) ;
#6175 = CARTESIAN_POINT ( 'NONE',  ( -55.69499038681207992, 1.882647266064893854, 149.0512142414311256 ) ) ;
#6176 = CARTESIAN_POINT ( 'NONE',  ( 30.07082737199133504, 54.94336230403551724, 65.85762934605618568 ) ) ;
#6177 = CARTESIAN_POINT ( 'NONE',  ( -12.79604023036415938, 59.68071774158355680, 52.82038966149809767 ) ) ;
#6178 = CARTESIAN_POINT ( 'NONE',  ( -55.23342831807677555, -6.601006543191121345, 106.4752925735672449 ) ) ;
#6179 = CARTESIAN_POINT ( 'NONE',  ( 0.000000000000000000, -53.59492887231033365, 192.4473961570816130 ) ) ;
#6180 = CARTESIAN_POINT ( 'NONE',  ( 37.51192545773428577, 0.04642203474689934189, 322.2636881841734748 ) ) ;
#6181 = CARTESIAN_POINT ( 'NONE',  ( -6.112347877062834556, -27.03407736614546764, 403.5548873863585868 ) ) ;
#6182 = CARTESIAN_POINT ( 'NONE',  ( -40.13844563299824841, 46.06467333887351856, 75.48365040422942229 ) ) ;
#6183 = CARTESIAN_POINT ( 'NONE',  ( -33.27999074305574112, 56.04262238048101352, 75.68812589971669524 ) ) ;
#6184 = CARTESIAN_POINT ( 'NONE',  ( -24.47287998797352770, 34.42806049344429908, 358.3437709870446497 ) ) ;
#6185 = CARTESIAN_POINT ( 'NONE',  ( 49.90177573649046394, 27.10604614702789306, 119.9999999999985079 ) ) ;
#6186 = CARTESIAN_POINT ( 'NONE',  ( -18.77812682407616052, 60.70810351429138052, 65.49002725522447577 ) ) ;
#6187 = CARTESIAN_POINT ( 'NONE',  ( 5.109739151741559127, -27.46787512206858395, 403.4963269054233592 ) ) ;
#6189 = CARTESIAN_POINT ( 'NONE',  ( -34.77815672562671523, 62.46191952994708885, 82.48019500840464957 ) ) ;
#6188 = CARTESIAN_POINT ( 'NONE',  ( 44.72671483971683415, 11.81860775319216117, 34.34697984316981945 ) ) ;
#6190 = AXIS2_PLACEMENT_3D ( 'NONE', #5183, #5224, #6253 ) ;
#6191 = CARTESIAN_POINT ( 'NONE',  ( 38.14705216629491957, 62.67355610963251422, 114.5784895069665197 ) ) ;
#6192 = CARTESIAN_POINT ( 'NONE',  ( 25.79769691755316074, 99.59324767424362790, 251.7291100954854812 ) ) ;
#6193 = AXIS2_PLACEMENT_3D ( 'NONE', #2891, #6361, #7457 ) ;
#6194 = CARTESIAN_POINT ( 'NONE',  ( -41.57702160945874681, 55.38520531259243285, 108.4971461143261564 ) ) ;
#6195 = CARTESIAN_POINT ( 'NONE',  ( -31.95118424098948040, -32.08710275713241344, 309.2349712927384076 ) ) ;
#6196 = CARTESIAN_POINT ( 'NONE',  ( 47.00495941060518845, 26.33989387019557427, 80.38136282068769844 ) ) ;
#6197 = CARTESIAN_POINT ( 'NONE',  ( -4.032201004869074623, 113.9274010577589706, 352.8610805221231885 ) ) ;
#6198 = CARTESIAN_POINT ( 'NONE',  ( -19.55637348887145421, 100.7953155608507956, 353.6721080090476335 ) ) ;
#6199 = CARTESIAN_POINT ( 'NONE',  ( -45.19786389076295308, 27.96647447058505520, 70.35427465194561591 ) ) ;
#6200 = EDGE_CURVE ( 'NONE', #6463, #6669, #2979, .T. ) ;
#6201 = CARTESIAN_POINT ( 'NONE',  ( 4.851855743787639064, 60.79295007882685553, 52.54223714074671392 ) ) ;
#6202 = CARTESIAN_POINT ( 'NONE',  ( 36.14922618366039586, 54.71156786920997916, 80.76484252905881078 ) ) ;
#6203 = CARTESIAN_POINT ( 'NONE',  ( 10.32786265453919938, 103.1238023322610928, 221.6240236177845020 ) ) ;
#6204 = CARTESIAN_POINT ( 'NONE',  ( 7.527281398373316890, 72.76604760401019689, 91.84325665203238032 ) ) ;
#6205 = CARTESIAN_POINT ( 'NONE',  ( -10.15863163005032987, 65.17743052698284600, 70.95262263393243529 ) ) ;
#6206 = CARTESIAN_POINT ( 'NONE',  ( 33.20261269776145241, 26.38560202891395079, 17.28516525697362738 ) ) ;
#6207 = CARTESIAN_POINT ( 'NONE',  ( 554.2981223361939556, 27.10604614702787885, 71.85503552398968452 ) ) ;
#6208 = CARTESIAN_POINT ( 'NONE',  ( 40.09261264076619824, -14.60005429256910858, 309.1902383625011339 ) ) ;
#6209 = CARTESIAN_POINT ( 'NONE',  ( 0.000000000000000000, 81.13940464604829117, 119.9999999999999858 ) ) ;
#6210 = CARTESIAN_POINT ( 'NONE',  ( 18.93772227406826403, 57.50972409003730945, 53.21626749713952620 ) ) ;
#6211 = ORIENTED_EDGE ( 'NONE', *, *, #813, .F. ) ;
#6212 = CARTESIAN_POINT ( 'NONE',  ( -30.95715497621929657, 65.60834876911970071, 97.20853988788293520 ) ) ;
#6213 = CARTESIAN_POINT ( 'NONE',  ( -53.40058998659738876, 1.002261707329937357, 82.46866116624902077 ) ) ;
#6214 = CARTESIAN_POINT ( 'NONE',  ( 32.44608744676035883, 60.70343587628544668, 86.23089176506142906 ) ) ;
#6215 = CARTESIAN_POINT ( 'NONE',  ( -8.645915521222289387E-25, 60.92116226309670424, 52.84991015362801647 ) ) ;
#6216 = CARTESIAN_POINT ( 'NONE',  ( -55.34105535633817397, -8.537765581089276523, 174.9348987199571752 ) ) ;
#6217 = CARTESIAN_POINT ( 'NONE',  ( 0.3990577282667757131, -52.47315856824186397, 211.1919248396908415 ) ) ;
#6218 = CARTESIAN_POINT ( 'NONE',  ( 53.55332400343804977, -5.160895536738340006, 82.46847511147034027 ) ) ;
#6219 = CARTESIAN_POINT ( 'NONE',  ( -10.25048139114994505, -54.86011393024009664, 149.1135983602832766 ) ) ;
#6220 = CARTESIAN_POINT ( 'NONE',  ( -36.19441558020512417, 65.23678717516943948, 114.6270450835013150 ) ) ;
#6221 = CARTESIAN_POINT ( 'NONE',  ( -50.55851548923006789, 24.19801524341339771, 236.0592178367966198 ) ) ;
#6222 = CARTESIAN_POINT ( 'NONE',  ( 9.670032847669380871, 61.70887400020929192, 55.86269684112613021 ) ) ;
#6223 = CARTESIAN_POINT ( 'NONE',  ( 19.39999999930045860, 55.66659322484427719, 53.73731346006704968 ) ) ;
#6224 = CARTESIAN_POINT ( 'NONE',  ( 16.32901168759229549, -54.20938039173832834, 149.1098220794721101 ) ) ;
#6226 = CARTESIAN_POINT ( 'NONE',  ( -35.91099493746460070, 87.90839339951611464, 267.1657194938003954 ) ) ;
#6225 = CARTESIAN_POINT ( 'NONE',  ( 32.76983522406306548, 5.670435660528351463, 338.8188088758602703 ) ) ;
#6227 = CARTESIAN_POINT ( 'NONE',  ( 38.86224696642592136, 63.08277620034913014, 120.7468268690544733 ) ) ;
#6228 = CARTESIAN_POINT ( 'NONE',  ( 19.55637348887145421, 100.7953155608507956, 353.6721080090476335 ) ) ;
#6229 = CARTESIAN_POINT ( 'NONE',  ( -40.61473448055996016, 60.27493345077892428, 120.6994872365299045 ) ) ;
#6230 = CARTESIAN_POINT ( 'NONE',  ( -51.02145040802567877, -4.813224141547872037, 235.9984511206521915 ) ) ;
#6231 = CARTESIAN_POINT ( 'NONE',  ( -12.25719182303174826, -17.42971488072853603, 409.0779284778304259 ) ) ;
#6232 = CARTESIAN_POINT ( 'NONE',  ( 48.41614881184060692, 28.21642483605024765, 96.68949653949063361 ) ) ;
#6233 = CARTESIAN_POINT ( 'NONE',  ( -1.892811877726348735, 99.71049082051534640, 192.3914645597634774 ) ) ;
#6234 = CARTESIAN_POINT ( 'NONE',  ( -33.14203216115605954, 87.98592762996698013, 192.3833585367695491 ) ) ;
#6235 = ADVANCED_FACE ( 'NONE', ( #7379 ), #890, .T. ) ;
#6236 = CARTESIAN_POINT ( 'NONE',  ( -43.65134611110022433, 22.61552469543023847, 56.18919981373036876 ) ) ;
#6237 = CARTESIAN_POINT ( 'NONE',  ( 17.40763810026018987, 56.14449792935822359, 53.11778498290433248 ) ) ;
#6238 = CARTESIAN_POINT ( 'NONE',  ( 38.35219071280003078, 53.58273805293873693, 86.06722979918249905 ) ) ;
#6239 = CARTESIAN_POINT ( 'NONE',  ( 4.955358133536659437, 107.3111613649983411, 251.8703215827410418 ) ) ;
#6240 = CARTESIAN_POINT ( 'NONE',  ( 6.055679278729427573, 81.21338702612065674, 121.1636893876507628 ) ) ;
#6241 = CARTESIAN_POINT ( 'NONE',  ( -5.050133535815422903, 60.08390647750387359, 56.67239770214449379 ) ) ;
#6242 = CARTESIAN_POINT ( 'NONE',  ( 44.74835214640460634, 51.10056091568043968, 120.5826275936742320 ) ) ;
#6243 = CARTESIAN_POINT ( 'NONE',  ( 49.10965060371954394, 45.61518357334105644, 106.4571160567617625 ) ) ;
#6244 = CARTESIAN_POINT ( 'NONE',  ( -30.55133322416034858, 53.88658798684715379, 66.56326656081500914 ) ) ;
#6245 = CARTESIAN_POINT ( 'NONE',  ( 42.56251616080142242, -10.91310051774627432, 296.6601639978746334 ) ) ;
#6246 = CARTESIAN_POINT ( 'NONE',  ( -18.74046272907008159, 55.23072150970791938, 53.92322663160539520 ) ) ;
#6247 = DIRECTION ( 'NONE',  ( 1.000000000000000000, -2.878402231273314830E-11, 4.317798897826050009E-11 ) ) ;
#6248 = CARTESIAN_POINT ( 'NONE',  ( 23.80118386296665633, 85.65077816377507247, 336.1676235695212540 ) ) ;
#6249 = CARTESIAN_POINT ( 'NONE',  ( 4.016322367044522501, 76.44917661124158315, 103.2088541918409135 ) ) ;
#6250 = CARTESIAN_POINT ( 'NONE',  ( -24.77161981061081875, 58.62547573724097560, 65.93324551707468117 ) ) ;
#6251 = CARTESIAN_POINT ( 'NONE',  ( -14.25025020782451612, -3.604554975479502765, 397.6150792719110427 ) ) ;
#6252 = CARTESIAN_POINT ( 'NONE',  ( 33.32277139446627245, 63.49029518475602174, 97.15287397341192843 ) ) ;
#6253 = DIRECTION ( 'NONE',  ( 0.000000000000000000, -0.01256291814487331057, -0.9999210834299302464 ) ) ;
#6254 = CARTESIAN_POINT ( 'NONE',  ( -40.57744268347438066, -8.098373017168137622, 309.1853475621281291 ) ) ;
#6255 = CIRCLE ( 'NONE', #305, 0.4999999999999975020 ) ;
#6256 = CARTESIAN_POINT ( 'NONE',  ( -19.40000000029505500, 56.09921835326083794, 53.26920436497042743 ) ) ;
#6257 = CARTESIAN_POINT ( 'NONE',  ( 22.84917658520099693, -5.571338551763408198, 380.0905840005646610 ) ) ;
#6258 = CARTESIAN_POINT ( 'NONE',  ( -7.600543596426097004, -42.63511865777557830, 309.3023390856781134 ) ) ;
#6259 = CARTESIAN_POINT ( 'NONE',  ( -30.90219812830576274, 56.25119191969314869, 70.79182771800108753 ) ) ;
#6260 = CARTESIAN_POINT ( 'NONE',  ( -38.24156636926625907, 31.36276094530756353, 309.2047914780112023 ) ) ;
#6261 = SPHERICAL_SURFACE ( 'NONE', #578, 0.5000000000000000000 ) ;
#6262 = CARTESIAN_POINT ( 'NONE',  ( 19.39999999930045149, 59.90673788008265888, 63.68682034428803718 ) ) ;
#6263 = CARTESIAN_POINT ( 'NONE',  ( 8.538675943727946915, -47.47347953681994426, 267.3431106741571739 ) ) ;
#6265 = CARTESIAN_POINT ( 'NONE',  ( -40.77524959447785591, 79.81440899752286100, 211.2194475045459967 ) ) ;
#6264 = CARTESIAN_POINT ( 'NONE',  ( 47.44922415866400200, 12.98201577443083643, 266.1680958781744835 ) ) ;
#6266 = B_SPLINE_CURVE_WITH_KNOTS ( 'NONE', 3,
 ( #1620, #3327, #3859, #4500, #6747, #5654, #7320, #6185 ),
 .UNSPECIFIED., .F., .F.,
 ( 4, 2, 2, 4 ),
 ( 1.387778780781445676E-17, 0.01207628771717484013, 0.02415257543434966639, 0.04830515086869936053 ),
 .UNSPECIFIED. ) ;
#6267 = CARTESIAN_POINT ( 'NONE',  ( 29.79463543142523463, 88.41354506645497224, 174.9445236895687117 ) ) ;
#6268 = B_SPLINE_CURVE_WITH_KNOTS ( 'NONE', 3,
 ( #3972, #68, #602, #4582, #5271, #3512, #6373, #5844, #6337, #3400 ),
 .UNSPECIFIED., .F., .F.,
 ( 4, 2, 2, 2, 4 ),
 ( 0.000000000000000000, 0.004811453389580221639, 0.009622906779160443277, 0.01443436016874066405, 0.01924581355832088655 ),
 .UNSPECIFIED. ) ;
#6269 = CARTESIAN_POINT ( 'NONE',  ( -36.58594724968703105, 54.12731903089325414, 80.75210759110339609 ) ) ;
#6270 = CARTESIAN_POINT ( 'NONE',  ( -22.67306916224136870, -5.266321588223756400, 380.0888225131455442 ) ) ;
#6271 = CARTESIAN_POINT ( 'NONE',  ( -32.79003073356015108, -27.82065042559732149, 321.8632430622822653 ) ) ;
#6272 = CARTESIAN_POINT ( 'NONE',  ( 47.85205742809667129, 31.60570288996902732, 96.70862472066524163 ) ) ;
#6273 = CARTESIAN_POINT ( 'NONE',  ( -5.503578211093233641, 100.9962840698680395, 201.7340215956247107 ) ) ;
#6274 = CARTESIAN_POINT ( 'NONE',  ( -23.19260319229401190, 97.67586146124946822, 321.0291108488048621 ) ) ;
#6275 = CARTESIAN_POINT ( 'NONE',  ( -46.47905704434222685, 42.18016989389545301, 108.3511597209862316 ) ) ;
#6276 = CARTESIAN_POINT ( 'NONE',  ( 39.06915078714759915, 61.33277663623593412, 114.5540472010083590 ) ) ;
#6277 = CARTESIAN_POINT ( 'NONE',  ( 4.032201004869074623, 113.9274010577589706, 352.8610805221231885 ) ) ;
#6278 = CARTESIAN_POINT ( 'NONE',  ( 14.95465231639240145, 78.30718573949462780, 114.9588587268468132 ) ) ;
#6279 = CARTESIAN_POINT ( 'NONE',  ( -5.638241490641726195, 71.13525830153531615, 86.46845501898062025 ) ) ;
#6280 = CARTESIAN_POINT ( 'NONE',  ( 42.59095262584693842, 51.48952548585099720, 102.6770847518346272 ) ) ;
#6281 = CARTESIAN_POINT ( 'NONE',  ( 23.51603362702280009, 48.74175374812277539, 357.4055157832979717 ) ) ;
#6282 = CARTESIAN_POINT ( 'NONE',  ( -32.35893837798229100, 46.55085721578900859, 55.32945594277534695 ) ) ;
#6283 = CARTESIAN_POINT ( 'NONE',  ( 41.15884187181374898, -19.05223280300137745, 296.7585709918368480 ) ) ;
#6284 = CARTESIAN_POINT ( 'NONE',  ( 49.10817659783824496, 27.15196271251488724, 70.78592495051084654 ) ) ;
#6285 = DIRECTION ( 'NONE',  ( 0.9509336118485585132, -0.3001519884407348737, 0.07506030703193231068 ) ) ;
#6286 = CARTESIAN_POINT ( 'NONE',  ( 34.77815672562671523, 62.46191952994708885, 82.48019500840464957 ) ) ;
#6287 = ORIENTED_EDGE ( 'NONE', *, *, #7230, .T. ) ;
#6288 = FACE_OUTER_BOUND ( 'NONE', #697, .T. ) ;
#6289 = CARTESIAN_POINT ( 'NONE',  ( -28.49504108501966826, 72.40575809704353105, 114.8064067957262893 ) ) ;
#6290 = CARTESIAN_POINT ( 'NONE',  ( -51.26822792134864670, 2.638863574291300029, 236.0047765466693477 ) ) ;
#6291 = CARTESIAN_POINT ( 'NONE',  ( 34.31277502957963321, 65.80441263764083715, 108.6912032902033047 ) ) ;
#6292 = CARTESIAN_POINT ( 'NONE',  ( -6.334695675749173027, 61.95743782823090839, 63.25154636802285069 ) ) ;
#6293 = CARTESIAN_POINT ( 'NONE',  ( -46.92791527024799336, -11.35144820700280910, 266.1047947544036560 ) ) ;
#6294 = CARTESIAN_POINT ( 'NONE',  ( 0.3996605748687314663, -54.41040938837300445, 95.91147462393556111 ) ) ;
#6295 = CARTESIAN_POINT ( 'NONE',  ( 37.90258768761384545, -3.909017281622594098, 322.2722129927846595 ) ) ;
#6296 = CARTESIAN_POINT ( 'NONE',  ( -4.244359048069945572, -47.71655536383978813, 267.3846424725452948 ) ) ;
#6297 = CARTESIAN_POINT ( 'NONE',  ( -34.01820157548528556, 69.13528290312316926, 120.8673878091175027 ) ) ;
#6298 = CARTESIAN_POINT ( 'NONE',  ( -36.01445082583860113, 17.85858079347532623, 322.1604614584076103 ) ) ;
#6299 = CARTESIAN_POINT ( 'NONE',  ( 9.599351329457411097, 60.37219809309282681, 52.64746086203088282 ) ) ;
#6300 = CARTESIAN_POINT ( 'NONE',  ( 18.74046272808955749, 55.23072151003221109, 53.92322663152430096 ) ) ;
#6301 = CARTESIAN_POINT ( 'NONE',  ( 9.930022098126988439, -54.48334566419777047, 106.4493512920322473 ) ) ;
#6303 = CARTESIAN_POINT ( 'NONE',  ( -26.67976758179353070, 34.80898646091281279, 17.23558942435739993 ) ) ;
#6302 = CARTESIAN_POINT ( 'NONE',  ( 7.300917271894824978, 8.461803804137028706, 405.8077913600234297 ) ) ;
#6304 = CARTESIAN_POINT ( 'NONE',  ( 33.14203216115605954, 87.98592762996698013, 192.3833585367695491 ) ) ;
#6305 = CARTESIAN_POINT ( 'NONE',  ( -37.60554198342410359, 61.87030871463991133, 108.6076344760681707 ) ) ;
#6306 = CARTESIAN_POINT ( 'NONE',  ( -54.58506947058235426, -4.264369815400727681, 95.91850554754397251 ) ) ;
#6307 = CARTESIAN_POINT ( 'NONE',  ( -22.87662111968417378, 55.56985084606030512, 53.57411157400093060 ) ) ;
#6308 = CARTESIAN_POINT ( 'NONE',  ( -34.38493172786118635, -25.33418586899665570, 10.00000000000001954 ) ) ;
#6309 = CARTESIAN_POINT ( 'NONE',  ( -1.298331277339349388, 114.6144342979059587, 371.1444589219916566 ) ) ;
#6310 = ADVANCED_FACE ( 'NONE', ( #4414 ), #7343, .T. ) ;
#6311 = CARTESIAN_POINT ( 'NONE',  ( -22.27590989190955995, 99.54393664954999110, 320.9940866556803485 ) ) ;
#6312 = CARTESIAN_POINT ( 'NONE',  ( -45.03276546823421000, 43.02194218226257050, 96.80410860278712448 ) ) ;
#6313 = CARTESIAN_POINT ( 'NONE',  ( 11.08102476004300563, 62.85203619064088087, 65.23605672661902588 ) ) ;
#6314 = CARTESIAN_POINT ( 'NONE',  ( 40.84798188122133666, 56.82183431566202358, 108.5184808273650532 ) ) ;
#6315 = CARTESIAN_POINT ( 'NONE',  ( 8.178849805361936731, 112.3107840377418825, 335.0187708283351071 ) ) ;
#6316 = CARTESIAN_POINT ( 'NONE',  ( 15.11134792973155783, 79.86040669478835241, 121.1445895979508123 ) ) ;
#6317 = CARTESIAN_POINT ( 'NONE',  ( -5.873037656044631127, 76.30802094209887798, 103.2075942986963355 ) ) ;
#6318 = CARTESIAN_POINT ( 'NONE',  ( 43.43929361968951497, 47.60196439499767251, 96.85758487108719805 ) ) ;
#6319 = CARTESIAN_POINT ( 'NONE',  ( 42.80426965877578027, 47.31331191360531818, 282.6386352690501553 ) ) ;
#6320 = CARTESIAN_POINT ( 'NONE',  ( -34.65115833271007517, 68.31206683457695306, 120.0000000000000426 ) ) ;
#6321 = CARTESIAN_POINT ( 'NONE',  ( 54.78102531090722493, -17.44094450407095209, 106.4742081050046920 ) ) ;
#6322 = CARTESIAN_POINT ( 'NONE',  ( -53.52984902553232160, 27.10604614702786463, 119.9999999999999858 ) ) ;
#6323 = CARTESIAN_POINT ( 'NONE',  ( 39.52307518207233983, 46.57834386704254115, 59.64661406123353515 ) ) ;
#6324 = CARTESIAN_POINT ( 'NONE',  ( 40.29024091396184559, 79.89207714507222136, 201.7354274667993650 ) ) ;
#6325 = ORIENTED_EDGE ( 'NONE', *, *, #3976, .F. ) ;
#6326 = CARTESIAN_POINT ( 'NONE',  ( 41.97802173263998071, 34.22548254520827982, 62.73587823517973305 ) ) ;
#6327 = CARTESIAN_POINT ( 'NONE',  ( -28.35407489944662629, 65.80049351516130685, 91.68473791997732292 ) ) ;
#6328 = CARTESIAN_POINT ( 'NONE',  ( -47.76100131204347576, -2.072349246146063528, 266.0988801844891896 ) ) ;
#6329 = CARTESIAN_POINT ( 'NONE',  ( 31.70669805677408348, 59.52965991116256816, 80.88179447846569303 ) ) ;
#6330 = B_SPLINE_CURVE_WITH_KNOTS ( 'NONE', 3,
 ( #5484, #7119, #3159, #7082, #4265, #4840, #4912, #4227, #6021, #280 ),
 .UNSPECIFIED., .F., .F.,
 ( 4, 2, 2, 2, 4 ),
 ( 1.551583845779545699E-17, 0.002389785601500985478, 0.004779571203001955343, 0.009559142406003898543, 0.01911828481200777974 ),
 .UNSPECIFIED. ) ;
#6331 = CARTESIAN_POINT ( 'NONE',  ( 19.39999999930044794, 57.78272231621670585, 53.71169823289770306 ) ) ;
#6332 = CARTESIAN_POINT ( 'NONE',  ( -51.19963392660109491, -8.423031461118204888, 61.09962439963114633 ) ) ;
#6333 = CARTESIAN_POINT ( 'NONE',  ( 37.24296288804752919, -5.364387145843664939, 9.999999999999998224 ) ) ;
#6334 = CARTESIAN_POINT ( 'NONE',  ( -9.499947460175068414, -51.42438544142874690, 221.5346040388286326 ) ) ;
#6335 = CARTESIAN_POINT ( 'NONE',  ( -28.81415498839542622, 51.69905304339134489, 56.59009228928273671 ) ) ;
#6336 = CARTESIAN_POINT ( 'NONE',  ( -41.03070432933713363, 31.69812211976937633, 296.8672178467381286 ) ) ;
#6337 = CARTESIAN_POINT ( 'NONE',  ( -1.603236962159763745, 60.45963184174610205, 52.54223714090047537 ) ) ;
#6338 = CARTESIAN_POINT ( 'NONE',  ( 12.84977190268531899, -54.61974385972305868, 149.1121289288379046 ) ) ;
#6340 = CARTESIAN_POINT ( 'NONE',  ( -41.74976436219365894, 78.54693865945114339, 221.5891840870766600 ) ) ;
#6339 = CARTESIAN_POINT ( 'NONE',  ( 54.02284082411591726, 7.542127257246161953, 192.3489138660755202 ) ) ;
#6341 = CARTESIAN_POINT ( 'NONE',  ( 33.54455954141635488, 80.94103234539670666, 149.0252376007488238 ) ) ;
#6342 = CARTESIAN_POINT ( 'NONE',  ( -34.92159437808633982, 54.17960121545008434, 75.64417476597979828 ) ) ;
#6343 = CARTESIAN_POINT ( 'NONE',  ( -55.16715119996527505, -2.509351106467649473, 174.9349296488375387 ) ) ;
#6344 = CARTESIAN_POINT ( 'NONE',  ( -16.29259581947612645, 57.79473419467925055, 53.01770182883787186 ) ) ;
#6345 = CARTESIAN_POINT ( 'NONE',  ( -46.98621402359567156, -31.20695353092797930, 221.5256303387582477 ) ) ;
#6346 = CARTESIAN_POINT ( 'NONE',  ( -8.097751355627073266, 113.2664821021386246, 371.2895744942143779 ) ) ;
#6347 = CARTESIAN_POINT ( 'NONE',  ( -26.81416357868813805, 97.14247477435185374, 297.7252802620051284 ) ) ;
#6348 = CARTESIAN_POINT ( 'NONE',  ( -40.15312222725756186, 34.86206702898306276, 56.30210015555904590 ) ) ;
#6349 = CARTESIAN_POINT ( 'NONE',  ( 37.50583846648476083, 54.80433453518217846, 86.09275009136813139 ) ) ;
#6350 = CARTESIAN_POINT ( 'NONE',  ( 13.92866094768820240, 108.9788397689274149, 320.8250726920634293 ) ) ;
#6351 = CARTESIAN_POINT ( 'NONE',  ( 18.71802517690644407, 70.47387712513723557, 91.80829776829833122 ) ) ;
#6352 = CARTESIAN_POINT ( 'NONE',  ( -7.633937003509619679, 74.48879538703290848, 97.42340765339405095 ) ) ;
#6353 = CARTESIAN_POINT ( 'NONE',  ( 44.76109238521319611, 47.87100983613646576, 108.4024605793674425 ) ) ;
#6354 = CARTESIAN_POINT ( 'NONE',  ( -12.06204375497441283, 111.1451024805289762, 409.0779284778312217 ) ) ;
#6355 = CARTESIAN_POINT ( 'NONE',  ( -12.06983823929029143, 80.18703254282843318, 120.0000000000000284 ) ) ;
#6356 = CARTESIAN_POINT ( 'NONE',  ( 24.47942708741916107, -16.41860524380745190, 379.0030654965391932 ) ) ;
#6357 = CARTESIAN_POINT ( 'NONE',  ( -19.40000000029201388, 60.01035563288872510, 63.93015858592483625 ) ) ;
#6358 = CARTESIAN_POINT ( 'NONE',  ( 11.14701368712185570, 57.59134287250041950, 52.75598034133901848 ) ) ;
#6359 = CARTESIAN_POINT ( 'NONE',  ( 31.29179757343381851, 93.24381146108152052, 283.4028478569703111 ) ) ;
#6360 = ORIENTED_EDGE ( 'NONE', *, *, #4856, .F. ) ;
#6361 = DIRECTION ( 'NONE',  ( 0.0009866687537836813134, 0.9999205967106099546, -0.01256291202977151238 ) ) ;
#6362 = CARTESIAN_POINT ( 'NONE',  ( -29.75706610841120892, 68.20839795199592004, 103.0154635234800509 ) ) ;
#6363 = CARTESIAN_POINT ( 'NONE',  ( 31.17255849331037609, 56.01256537931418933, 70.78634180016825894 ) ) ;
#6364 = CARTESIAN_POINT ( 'NONE',  ( 28.19209118408199544, 52.89728943719097742, 58.06634114644979405 ) ) ;
#6365 = CARTESIAN_POINT ( 'NONE',  ( -40.52096955739399675, -10.70442327610797939, 17.38796313704354191 ) ) ;
#6366 = CARTESIAN_POINT ( 'NONE',  ( 40.77524959447785591, 79.81440899752286100, 211.2194475045459967 ) ) ;
#6367 = SURFACE_STYLE_FILL_AREA ( #25 ) ;
#6368 = CARTESIAN_POINT ( 'NONE',  ( 55.92632958073807714, -5.025357666496797826, 125.3253990331698020 ) ) ;
#6369 = CARTESIAN_POINT ( 'NONE',  ( -1.137836804402037272, -50.61864019638241530, 236.3616521510632822 ) ) ;
#6370 = CARTESIAN_POINT ( 'NONE',  ( -34.61173508188043968, 67.03989880090620090, 114.6668730869049853 ) ) ;
#6371 = CARTESIAN_POINT ( 'NONE',  ( -32.56694944330950392, 7.760619002982344306, 338.7901106084835305 ) ) ;
#6372 = CARTESIAN_POINT ( 'NONE',  ( 28.23661461589410848, 60.35889067687659093, 75.79279937029470204 ) ) ;
#6373 = CARTESIAN_POINT ( 'NONE',  ( -6.399046460009885529, 60.21341145070424972, 52.60380400540416446 ) ) ;
#6374 = CARTESIAN_POINT ( 'NONE',  ( 8.996301522700443698, -51.55643490643763727, 61.09578488108750349 ) ) ;
#6376 = CARTESIAN_POINT ( 'NONE',  ( -14.80099473869887916, 77.57039500497351980, 374.0412658871131271 ) ) ;
#6375 = CARTESIAN_POINT ( 'NONE',  ( 39.74912311636883544, 8.424256641871085804, 309.1890303868458432 ) ) ;
#6377 = CARTESIAN_POINT ( 'NONE',  ( 12.77181149458487219, 79.45300623983831656, 409.0779284778311649 ) ) ;
#6378 = CARTESIAN_POINT ( 'NONE',  ( -37.94076123503111830, 59.72585925243704708, 102.8146505700488262 ) ) ;
#6379 = CARTESIAN_POINT ( 'NONE',  ( -54.55680287322040556, -2.876702833450290431, 95.91849947604953286 ) ) ;
#6380 = CARTESIAN_POINT ( 'NONE',  ( -24.90980607711802364, 54.62255052286346313, 53.81101708713629250 ) ) ;
#6381 = CARTESIAN_POINT ( 'NONE',  ( -34.29075387861428226, -46.43321792631310529, 201.7467290868561349 ) ) ;
#6382 = CARTESIAN_POINT ( 'NONE',  ( -5.151470429779041460, 73.78389412568056116, 82.48421151976060628 ) ) ;
#6383 = CARTESIAN_POINT ( 'NONE',  ( 36.08868246014993986, -48.46413098522427987, 149.0900400561460231 ) ) ;
#6384 = CARTESIAN_POINT ( 'NONE',  ( -33.54455954141635488, 80.94103234539670666, 149.0252376007488238 ) ) ;
#6385 = CARTESIAN_POINT ( 'NONE',  ( 17.51814160159280931, 58.70516635085612478, 53.40410013161121583 ) ) ;
#6386 = CARTESIAN_POINT ( 'NONE',  ( 34.77168910838035742, 56.40393289902463181, 80.80361957437692411 ) ) ;
#6387 = CARTESIAN_POINT ( 'NONE',  ( 15.04183034435971855, 98.01952586339622542, 192.3899880554668016 ) ) ;
#6388 = CARTESIAN_POINT ( 'NONE',  ( 19.82280751430105425, 76.87442350896768062, 114.9301790788004212 ) ) ;
#6389 = CARTESIAN_POINT ( 'NONE',  ( -18.85250749941727477, 59.43505271066499773, 63.88169505358143141 ) ) ;
#6390 = CARTESIAN_POINT ( 'NONE',  ( 38.84949000059810231, 43.60313896835495484, 65.63026061477673068 ) ) ;
#6391 = CARTESIAN_POINT ( 'NONE',  ( -14.98551904889730402, 64.68138256694996358, 60.92548577990547898 ) ) ;
#6392 = CARTESIAN_POINT ( 'NONE',  ( -3.481020114618822436, 81.08737674548223140, 119.9999999999999858 ) ) ;
#6393 = CARTESIAN_POINT ( 'NONE',  ( 39.87720794425011661, -22.98215771179644662, 296.8358907728085114 ) ) ;
#6394 = CARTESIAN_POINT ( 'NONE',  ( 46.55772219934802081, 32.29886527834886323, 63.38642472355228108 ) ) ;
#6395 = VERTEX_POINT ( 'NONE', #3917 ) ;
#6396 = CARTESIAN_POINT ( 'NONE',  ( -19.05196682955694243, 59.04913602775171455, 55.47075642874307277 ) ) ;
#6397 = CARTESIAN_POINT ( 'NONE',  ( 5.000000000000000888, 69.81523483854793710, 409.0779284778315628 ) ) ;
#6398 = EDGE_LOOP ( 'NONE', ( #2359, #5215, #1301, #2515, #4108, #2643, #1155 ) ) ;
#6399 = CARTESIAN_POINT ( 'NONE',  ( -23.02401234272941721, 68.80663496975482474, 91.76800749987552308 ) ) ;
#6400 = CARTESIAN_POINT ( 'NONE',  ( 35.12349136803715055, 67.93365239894178842, 120.8394557183231939 ) ) ;
#6401 = CARTESIAN_POINT ( 'NONE',  ( -29.36873948450120508, 53.21990527432188145, 54.43614134596737131 ) ) ;
#6402 = CARTESIAN_POINT ( 'NONE',  ( -51.11048281929388537, -11.70604995283074068, 61.09959308059134742 ) ) ;
#6403 = CARTESIAN_POINT ( 'NONE',  ( 39.62806247357968203, 82.08507953138263247, 251.5076345405276470 ) ) ;
#6404 = DIRECTION ( 'NONE',  ( 0.000000000000000000, -0.9200598428703208320, 0.3917778522803970209 ) ) ;
#6405 = CARTESIAN_POINT ( 'NONE',  ( 53.79417827598516055, -5.736872006809078606, 201.7386368738305862 ) ) ;
#6406 = CARTESIAN_POINT ( 'NONE',  ( -0.7846195015939210204, -28.41016769838928369, 403.3886511824131276 ) ) ;
#6407 = CARTESIAN_POINT ( 'NONE',  ( -31.42466541268667513, 59.77942813328951388, 80.88813956046305975 ) ) ;
#6408 = CARTESIAN_POINT ( 'NONE',  ( -47.63322717913059989, 8.629421723206728956, 266.1412494549499002 ) ) ;
#6409 = CARTESIAN_POINT ( 'NONE',  ( 25.44038564482088560, 54.12964680867774803, 56.63269210650115326 ) ) ;
#6410 = CARTESIAN_POINT ( 'NONE',  ( 0.000000000000000000, 0.000000000000000000, 120.0000000000000000 ) ) ;
#6411 = B_SPLINE_CURVE_WITH_KNOTS ( 'NONE', 3,
 ( #2296, #6891, #6292, #632, #1048, #4612, #5144, #4003 ),
 .UNSPECIFIED., .F., .F.,
 ( 4, 2, 2, 4 ),
 ( 1.330543321218807503E-28, 0.009498776777363269683, 0.01424816516604490366, 0.01899755355472654283 ),
 .UNSPECIFIED. ) ;
#6412 = CARTESIAN_POINT ( 'NONE',  ( 6.118771378756190593, -45.90308176366131221, 283.5557152277190767 ) ) ;
#6414 = CARTESIAN_POINT ( 'NONE',  ( -5.000000000000006217, 56.14993177050480000, 409.0779284778316196 ) ) ;
#6413 = CARTESIAN_POINT ( 'NONE',  ( 5.011671903651335747, 0.05558751713613985235, 409.0779284778308806 ) ) ;
#6415 = CARTESIAN_POINT ( 'NONE',  ( 32.65473808052074389, 68.62650641856744471, 95.91546818198671076 ) ) ;
#6416 = CARTESIAN_POINT ( 'NONE',  ( -37.72451202268659642, 61.70839471706128165, 108.6046770191127138 ) ) ;
#6417 = CARTESIAN_POINT ( 'NONE',  ( -44.66859255884487823, 37.90241698108665247, 61.02442624703759577 ) ) ;
#6418 = CARTESIAN_POINT ( 'NONE',  ( 554.2981223361939556, 27.10604614702787885, 71.85503552398968452 ) ) ;
#6419 = CARTESIAN_POINT ( 'NONE',  ( -33.72833465485998516, -45.91809224404134682, 211.2022321768951656 ) ) ;
#6420 = CARTESIAN_POINT ( 'NONE',  ( -8.132384995964381247, 113.4590439221666571, 389.9938575753274677 ) ) ;
#6421 = CARTESIAN_POINT ( 'NONE',  ( 23.18571629111074373, -33.25716159874180988, 336.9319419089480903 ) ) ;
#6422 = CARTESIAN_POINT ( 'NONE',  ( -34.75655760757326362, 89.51825503059345124, 221.6025027815269368 ) ) ;
#6423 =( NAMED_UNIT ( * ) PLANE_ANGLE_UNIT ( ) SI_UNIT ( $, .RADIAN. ) );
#6424 = CARTESIAN_POINT ( 'NONE',  ( 34.53452268567050254, 56.67634412399772970, 80.81016055726891523 ) ) ;
#6425 = CARTESIAN_POINT ( 'NONE',  ( 15.33517589864281305, 106.0762164066182862, 267.5605678917036698 ) ) ;
#6426 = CARTESIAN_POINT ( 'NONE',  ( 23.11846246227928958, 77.08348264773228209, 121.0809585207583865 ) ) ;
#6427 = DIRECTION ( 'NONE',  ( -0.3010011137700238648, 0.9536237882462901272, 0.000000000000000000 ) ) ;
#6428 = CARTESIAN_POINT ( 'NONE',  ( 39.90446627327748530, 35.50192118418500087, 56.31026039371226943 ) ) ;
#6429 = CARTESIAN_POINT ( 'NONE',  ( -12.70082764031642242, 107.0885464565526632, 267.5875769603583194 ) ) ;
#6430 = EDGE_CURVE ( 'NONE', #6474, #6885, #6884, .T. ) ;
#6431 = CARTESIAN_POINT ( 'NONE',  ( -16.27874964806483860, 79.24569716105244765, 120.0000000000000142 ) ) ;
#6432 = CARTESIAN_POINT ( 'NONE',  ( 51.41146413729850906, -21.93314472317522146, 211.2150172393875778 ) ) ;
#6433 = CARTESIAN_POINT ( 'NONE',  ( 44.90072801667427171, 50.69542253066016713, 120.0000000000000568 ) ) ;
#6434 = ORIENTED_EDGE ( 'NONE', *, *, #3528, .T. ) ;
#6435 = CARTESIAN_POINT ( 'NONE',  ( 18.74542490398141226, 59.04368924525894613, 62.87373340080505812 ) ) ;
#6436 = ORIENTED_EDGE ( 'NONE', *, *, #4192, .T. ) ;
#6437 = ADVANCED_FACE ( 'NONE', ( #3240 ), #6125, .T. ) ;
#6438 = CARTESIAN_POINT ( 'NONE',  ( -22.87423738447824562, 75.62646710052737831, 114.8985384398686449 ) ) ;
#6439 = CARTESIAN_POINT ( 'NONE',  ( -30.13641692555666651, -9.665806236974255228, 359.7664704200033157 ) ) ;
#6440 = CARTESIAN_POINT ( 'NONE',  ( 28.47188528504399940, 82.51927553042331454, 321.2887393541407164 ) ) ;
#6441 = CARTESIAN_POINT ( 'NONE',  ( 15.78824046105049561, 55.85769423110305354, 53.00195647401955767 ) ) ;
#6442 = CARTESIAN_POINT ( 'NONE',  ( 37.25073617250676250, -5.996602668736216835, 10.00000000000000888 ) ) ;
#6443 = CARTESIAN_POINT ( 'NONE',  ( -2.149444958817648299, -41.48690857944581722, 320.9761116345891878 ) ) ;
#6444 = CARTESIAN_POINT ( 'NONE',  ( -32.32015241817978790, 64.43433530191360603, 97.17746747530745210 ) ) ;
#6445 = EDGE_CURVE ( 'NONE', #2444, #5063, #4803, .T. ) ;
#6446 = CARTESIAN_POINT ( 'NONE',  ( -39.71041599710241599, 5.647415474637229593, 17.37155912993511819 ) ) ;
#6447 = CARTESIAN_POINT ( 'NONE',  ( 28.72592714794383539, 61.91739535195696220, 80.94238960753708056 ) ) ;
#6448 = CARTESIAN_POINT ( 'NONE',  ( 43.78158555715839384, 29.83584171338578273, 65.21195903551253537 ) ) ;
#6449 = CARTESIAN_POINT ( 'NONE',  ( 5.094271672174150112, -55.16513916029705911, 149.1156603044078679 ) ) ;
#6451 = CARTESIAN_POINT ( 'NONE',  ( -46.60057834953546774, 65.70037083974305858, 201.7361916587062467 ) ) ;
#6450 = CARTESIAN_POINT ( 'NONE',  ( 20.20272811593097018, 1.052667502715401326, 379.9833973735448467 ) ) ;
#6452 = CARTESIAN_POINT ( 'NONE',  ( 27.91881641712010520, 67.49829517790468003, 82.48170445250212879 ) ) ;
#6453 = CARTESIAN_POINT ( 'NONE',  ( -34.23279110443117901, 54.99250963176860552, 75.66302906562187047 ) ) ;
#6454 = CARTESIAN_POINT ( 'NONE',  ( -28.11650136522681365, 62.35597269328396663, 337.1027709802646086 ) ) ;
#6455 = CARTESIAN_POINT ( 'NONE',  ( 0.000000000000000000, 59.69594724148635834, 52.54223714096647058 ) ) ;
#6456 = CARTESIAN_POINT ( 'NONE',  ( -30.30118861509693318, -36.11238771068142484, 297.2506059616509333 ) ) ;
#6457 = CARTESIAN_POINT ( 'NONE',  ( 25.52774391306293111, -43.66297452453279249, 266.9869874374039682 ) ) ;
#6459 = CARTESIAN_POINT ( 'NONE',  ( -24.51324036979135101, 94.49722811776791787, 321.0911010022998084 ) ) ;
#6458 = CARTESIAN_POINT ( 'NONE',  ( 51.60301706653392273, 35.46551916086733058, 211.2179657850930425 ) ) ;
#6460 = CARTESIAN_POINT ( 'NONE',  ( 33.04851309562380379, 52.06129150861436727, 65.79316601896469763 ) ) ;
#6461 = CARTESIAN_POINT ( 'NONE',  ( 18.05344409565291031, 98.42560364373090920, 201.7342441000753297 ) ) ;
#6462 = CARTESIAN_POINT ( 'NONE',  ( 20.48863768716582712, 71.56939288312689484, 97.37286788943016802 ) ) ;
#6463 = VERTEX_POINT ( 'NONE', #3386 ) ;
#6464 = DIRECTION ( 'NONE',  ( 0.000000000000000000, -0.9999283370530887005, 0.01197166480674317218 ) ) ;
#6465 = CARTESIAN_POINT ( 'NONE',  ( 42.05696892791112163, 38.87943640632255438, 70.46771954869815602 ) ) ;
#6466 = CARTESIAN_POINT ( 'NONE',  ( -15.59575044233932140, 107.8624269936204030, 335.2153524562597227 ) ) ;
#6467 = CARTESIAN_POINT ( 'NONE',  ( -18.57151974048692367, 104.3724981310350017, 335.3507582034912957 ) ) ;
#6468 = CARTESIAN_POINT ( 'NONE',  ( -46.91360081587386333, 44.01923265525345386, 120.0000000000000000 ) ) ;
#6469 = CARTESIAN_POINT ( 'NONE',  ( 46.98621402359567156, -31.20695353092797930, 221.5256303387582477 ) ) ;
#6470 = CARTESIAN_POINT ( 'NONE',  ( -32.89424376109283088, 74.96555810916997586, 120.0000000000000142 ) ) ;
#6471 = VERTEX_POINT ( 'NONE', #1079 ) ;
#6472 = CARTESIAN_POINT ( 'NONE',  ( -18.93828484270851575, 56.75612505108995265, 53.22526879768986419 ) ) ;
#6473 = CARTESIAN_POINT ( 'NONE',  ( 24.76006354924215813, 69.67085036282506394, 97.32234118468136330 ) ) ;
#6474 = VERTEX_POINT ( 'NONE', #1720 ) ;
#6475 = CARTESIAN_POINT ( 'NONE',  ( -20.48863768716784506, 71.56939288313722614, 97.37286788946668992 ) ) ;
#6476 = CARTESIAN_POINT ( 'NONE',  ( -54.93396831683054415, -22.86206474702940028, 149.0574281582650258 ) ) ;
#6477 = CARTESIAN_POINT ( 'NONE',  ( 34.70107150325974033, 79.42247755762765848, 297.4643994933830413 ) ) ;
#6478 = CARTESIAN_POINT ( 'NONE',  ( -9.454593450506493468, 59.28106273795687287, 52.64599349339241741 ) ) ;
#6479 = CARTESIAN_POINT ( 'NONE',  ( 40.57963596126745642, -5.907837129994319980, 17.38827416203088205 ) ) ;
#6480 = CARTESIAN_POINT ( 'NONE',  ( -2.284314026142951981, -47.90907299919210516, 34.31825718627436572 ) ) ;
#6481 = CARTESIAN_POINT ( 'NONE',  ( -30.03664550335185268, 59.00469364686325235, 75.76003889607450503 ) ) ;
#6482 = CARTESIAN_POINT ( 'NONE',  ( -53.38629803832819931, 11.71335295193264692, 201.7384173601263342 ) ) ;
#6483 = CARTESIAN_POINT ( 'NONE',  ( 31.92666591890380801, 66.43590418704367551, 102.9679917954163528 ) ) ;
#6484 = CARTESIAN_POINT ( 'NONE',  ( 19.39999999930169849, 60.27439042365358546, 65.35158447050324071 ) ) ;
#6485 = CARTESIAN_POINT ( 'NONE',  ( 1.805632922421429587, -30.54549135333975940, 391.5841935676888852 ) ) ;
#6487 = CARTESIAN_POINT ( 'NONE',  ( -34.16818497459771464, 39.95006829759443434, 34.11739089674451009 ) ) ;
#6486 = CARTESIAN_POINT ( 'NONE',  ( 54.33678458874157258, 2.628405762548345237, 95.91844446400190805 ) ) ;
#6488 = CARTESIAN_POINT ( 'NONE',  ( -40.86434901312522783, 32.90013985501544624, 56.27881500833224493 ) ) ;
#6489 = CARTESIAN_POINT ( 'NONE',  ( 36.68000673810178824, 85.13421970794340154, 201.7351259169355160 ) ) ;
#6490 = CARTESIAN_POINT ( 'NONE',  ( -34.46392002710724967, 54.72326877901852527, 75.65674313018010366 ) ) ;
#6491 = CARTESIAN_POINT ( 'NONE',  ( -28.62573752494540358, 57.64919335446470683, 337.2890046032543410 ) ) ;
#6492 = CARTESIAN_POINT ( 'NONE',  ( 18.86069996322486020, 61.02541802135046112, 65.70205132186822539 ) ) ;
#6493 = CARTESIAN_POINT ( 'NONE',  ( -11.38686813906620365, -22.89300478012107831, 404.2009417244211704 ) ) ;
#6494 = CARTESIAN_POINT ( 'NONE',  ( 31.08754506729443889, -50.65714870691427762, 149.0959177819261470 ) ) ;
#6496 = CARTESIAN_POINT ( 'NONE',  ( -35.96623380652258817, 84.93705961563605911, 192.3815774159133127 ) ) ;
#6495 = CARTESIAN_POINT ( 'NONE',  ( 40.58958712492802334, 38.33041464672570697, 296.9364745630688844 ) ) ;
#6497 = CIRCLE ( 'NONE', #6852, 0.4999999999999973910 ) ;
#6498 = CARTESIAN_POINT ( 'NONE',  ( 36.19441558020469074, 65.23678717516750680, 114.6270450834907990 ) ) ;
#6499 = CARTESIAN_POINT ( 'NONE',  ( 18.62150499329587916, 103.3229898742605144, 353.5377868453520591 ) ) ;
#6500 = CARTESIAN_POINT ( 'NONE',  ( 24.04052574274144760, 73.43764134629320495, 108.8984359151738488 ) ) ;
#6501 = DIRECTION ( 'NONE',  ( 0.000000000000000000, -1.000000000000000000, 1.335043187119503296E-11 ) ) ;
#6502 = CARTESIAN_POINT ( 'NONE',  ( -18.90000000029401406, 57.78272231591475361, 53.71169823297601198 ) ) ;
#6503 = CARTESIAN_POINT ( 'NONE',  ( 46.31492013692987086, 44.58098797849439876, 114.3473105743953937 ) ) ;
#6504 = CARTESIAN_POINT ( 'NONE',  ( -18.29418708406168648, 97.02926449536130349, 192.3892210261480216 ) ) ;
#6505 = CARTESIAN_POINT ( 'NONE',  ( -21.69345142625344991, 77.80374889943513494, 106.4345828827380700 ) ) ;
#6506 = CARTESIAN_POINT ( 'NONE',  ( -37.29946987390605528, 49.44129613825507619, 58.93063290895258177 ) ) ;
#6507 = CARTESIAN_POINT ( 'NONE',  ( 36.47303294150326991, -17.94115897225242406, 10.00000000000001599 ) ) ;
#6508 = CARTESIAN_POINT ( 'NONE',  ( -52.77560469686866185, 27.10604614702787885, 103.8953777392503071 ) ) ;
#6509 = VERTEX_POINT ( 'NONE', #1643 ) ;
#6510 = CARTESIAN_POINT ( 'NONE',  ( -19.40000000029201033, 59.36127869174723770, 56.48693659314186988 ) ) ;
#6511 = CARTESIAN_POINT ( 'NONE',  ( 25.09919968481736774, 71.16699733790294147, 103.0992787079545394 ) ) ;
#6512 = CARTESIAN_POINT ( 'NONE',  ( -23.38250536170350813, 70.38587604572546752, 97.34251641225519336 ) ) ;
#6513 = CARTESIAN_POINT ( 'NONE',  ( -51.90559653541792073, -27.86263010959373432, 95.91742454790011152 ) ) ;
#6514 = CARTESIAN_POINT ( 'NONE',  ( 41.70226867826577433, 74.72893549098699850, 174.9424679987538696 ) ) ;
#6515 = CARTESIAN_POINT ( 'NONE',  ( 43.49920316164820377, 62.32355114289259745, 119.9999999999999858 ) ) ;
#6516 = CARTESIAN_POINT ( 'NONE',  ( 46.25855562237949670, -6.049066128962394373, 34.40069820618213470 ) ) ;
#6517 = CARTESIAN_POINT ( 'NONE',  ( -2.012852703318687819, -43.21139911610217865, 17.33808266339802273 ) ) ;
#6518 = CARTESIAN_POINT ( 'NONE',  ( -33.18101440280837267, 66.94136414918325784, 108.7196206881845058 ) ) ;
#6519 = CARTESIAN_POINT ( 'NONE',  ( -53.88087712612114188, 11.50368304056585700, 192.3496762764342236 ) ) ;
#6520 = CARTESIAN_POINT ( 'NONE',  ( 28.84052760209340605, 59.91877439797561067, 75.78214585796628455 ) ) ;
#6521 = CARTESIAN_POINT ( 'NONE',  ( 45.06261921296542994, 27.46956621231091589, 69.21332854351518904 ) ) ;
#6522 = CARTESIAN_POINT ( 'NONE',  ( -11.39957235240181710, -6.181176402389949587, 405.9660508407442876 ) ) ;
#6523 = CARTESIAN_POINT ( 'NONE',  ( 7.416846740462385235, -54.64957382279872178, 106.4488553460431888 ) ) ;
#6525 = CARTESIAN_POINT ( 'NONE',  ( -45.26421899945542293, 52.37729001117786964, 95.91647932411274269 ) ) ;
#6524 = CARTESIAN_POINT ( 'NONE',  ( 53.12325803186411122, 2.390169230206173445, 211.2173360042524166 ) ) ;
#6526 = CARTESIAN_POINT ( 'NONE',  ( -42.37038072457184512, 35.05230280101261542, 65.51027363380956103 ) ) ;
#6527 = CARTESIAN_POINT ( 'NONE',  ( 30.38520698410065535, 94.54496484060490502, 283.4292026492184959 ) ) ;
#6528 = CARTESIAN_POINT ( 'NONE',  ( -32.04162348147635697, 48.61486300551194972, 56.52778432442057266 ) ) ;
#6529 = CARTESIAN_POINT ( 'NONE',  ( -23.51603362702280009, 48.74175374812277539, 357.4055157832979717 ) ) ;
#6530 = FACE_OUTER_BOUND ( 'NONE', #4872, .T. ) ;
#6531 = CARTESIAN_POINT ( 'NONE',  ( -23.24272143932821066, -28.32616246752712996, 357.0072127472366788 ) ) ;
#6532 = CARTESIAN_POINT ( 'NONE',  ( 30.76909686552671985, -43.10220792976829784, 251.3233365246024391 ) ) ;
#6534 = CARTESIAN_POINT ( 'NONE',  ( -34.14228423407340784, 89.16968703908464988, 211.2198130842378703 ) ) ;
#6533 = CARTESIAN_POINT ( 'NONE',  ( 48.50473078586230713, 23.89607912256062860, 61.06101456906107217 ) ) ;
#6535 = CARTESIAN_POINT ( 'NONE',  ( 35.89582027613733572, 64.04640526995726191, 108.6509950900751136 ) ) ;
#6536 = CARTESIAN_POINT ( 'NONE',  ( 17.45199481949984843, 106.2700724878012437, 309.2973054539528448 ) ) ;
#6537 = CARTESIAN_POINT ( 'NONE',  ( 43.89904129186951565, 32.72168500822475323, 59.56243685336747262 ) ) ;
#6538 = CARTESIAN_POINT ( 'NONE',  ( -4.120042753866597788E-11, 62.61481202761204656, 64.34612264481957311 ) ) ;
#6539 = EDGE_CURVE ( 'NONE', #2018, #2478, #1625, .T. ) ;
#6540 = CARTESIAN_POINT ( 'NONE',  ( 44.90009115810874363, 45.41990716912116710, 102.6041402959737212 ) ) ;
#6541 = CARTESIAN_POINT ( 'NONE',  ( -34.39412727242257262, 47.31013185727096726, 59.46360492980740986 ) ) ;
#6542 = CARTESIAN_POINT ( 'NONE',  ( -22.94962416424538176, 100.2016216651766030, 236.4813246010988905 ) ) ;
#6543 = CARTESIAN_POINT ( 'NONE',  ( 19.39999999930044083, 57.78272231621672006, 53.71169823289771017 ) ) ;
#6544 = CARTESIAN_POINT ( 'NONE',  ( 23.24272143932821066, -28.32616246752712996, 357.0072127472366788 ) ) ;
#6545 = CARTESIAN_POINT ( 'NONE',  ( -25.99181970643274298, 79.47492978216136805, 120.0000000000000000 ) ) ;
#6546 = ORIENTED_EDGE ( 'NONE', *, *, #7507, .T. ) ;
#6547 = CARTESIAN_POINT ( 'NONE',  ( 1.680729374533285414, 107.4661037658447498, 251.8734979200430928 ) ) ;
#6548 = CARTESIAN_POINT ( 'NONE',  ( 25.26505130129573118, 60.28641758879892620, 70.88208303028740431 ) ) ;
#6549 = CARTESIAN_POINT ( 'NONE',  ( -19.12913601065110925, 64.87035219557346011, 75.89160686487262808 ) ) ;
#6550 = CARTESIAN_POINT ( 'NONE',  ( -12.52431241764143621, -14.35900201387489261, 409.0779284778307670 ) ) ;
#6551 = CARTESIAN_POINT ( 'NONE',  ( 6.895784028807172561, 50.91869651295078114, 404.4415512016532830 ) ) ;
#6552 = CARTESIAN_POINT ( 'NONE',  ( 32.08528939820466519, 75.56885977720425274, 120.0000000000000284 ) ) ;
#6553 = CARTESIAN_POINT ( 'NONE',  ( 54.40528427903138464, -6.605821850106935678, 192.3475893745212488 ) ) ;
#6554 = CARTESIAN_POINT ( 'NONE',  ( -0.4180247772275810791, -54.42922362320734919, 175.0446952262756781 ) ) ;
#6555 = CARTESIAN_POINT ( 'NONE',  ( -31.15029201817162630, 61.85560201619703946, 86.26048661794875727 ) ) ;
#6556 = CARTESIAN_POINT ( 'NONE',  ( -45.23763675487480640, 6.487268837529327925, 282.2028401826211166 ) ) ;
#6557 = CARTESIAN_POINT ( 'NONE',  ( 33.29169982992452503, 69.86944672295712166, 120.8857151352341930 ) ) ;
#6558 = FACE_OUTER_BOUND ( 'NONE', #1835, .T. ) ;
#6559 = CARTESIAN_POINT ( 'NONE',  ( -22.84917658520099693, -5.571338551763408198, 380.0905840005646610 ) ) ;
#6560 = CARTESIAN_POINT ( 'NONE',  ( 0.3785761406629415404, -50.62112415900385542, 236.3618297300487541 ) ) ;
#6562 = CARTESIAN_POINT ( 'NONE',  ( -46.21447455200705434, 66.79848177989450164, 211.2189766464866807 ) ) ;
#6561 = CARTESIAN_POINT ( 'NONE',  ( 53.02920410160584908, 5.824756774615645227, 211.2173696707995987 ) ) ;
#6563 = CARTESIAN_POINT ( 'NONE',  ( -42.37141298024209846, 48.04408769756317810, 91.30310518897617555 ) ) ;
#6564 = CARTESIAN_POINT ( 'NONE',  ( 12.46911249434596236, 81.24912682878078840, 391.7446477091530141 ) ) ;
#6565 = CARTESIAN_POINT ( 'NONE',  ( -35.83919117103122431, 57.03902843395781730, 86.14103742539263919 ) ) ;
#6566 = CARTESIAN_POINT ( 'NONE',  ( -47.95162308707446641, 60.31351226665817222, 211.2187495458841511 ) ) ;
#6567 = CARTESIAN_POINT ( 'NONE',  ( 19.04227772657479534, 60.92783106961023520, 65.61583063968949148 ) ) ;
#6568 = CARTESIAN_POINT ( 'NONE',  ( -24.33660262697240739, -49.63661395556268729, 211.1977722713742764 ) ) ;
#6569 = CARTESIAN_POINT ( 'NONE',  ( 12.02708444234887075, -42.00942576822519214, 309.2952116387940009 ) ) ;
#6571 = CARTESIAN_POINT ( 'NONE',  ( -34.87451329825628221, 86.19984804863253203, 192.3823065410531683 ) ) ;
#6570 = CARTESIAN_POINT ( 'NONE',  ( 43.30685184140880750, 19.05040911973123841, 34.30126817782927162 ) ) ;
#6572 = CARTESIAN_POINT ( 'NONE',  ( 37.24726727408677363, 62.34866158475252718, 108.6167549079356291 ) ) ;
#6573 = CARTESIAN_POINT ( 'NONE',  ( 20.25923050507005740, 70.89911223525646733, 82.48296042774995840 ) ) ;
#6574 = CARTESIAN_POINT ( 'NONE',  ( 16.29259581947612645, 57.79473419467925055, 53.01770182883787186 ) ) ;
#6575 = CARTESIAN_POINT ( 'NONE',  ( 40.62200409703164183, 39.80191354225771505, 65.57111939546690849 ) ) ;
#6576 = CARTESIAN_POINT ( 'NONE',  ( 53.52984902553233582, 27.10604614702786463, 119.9999999999999432 ) ) ;
#6577 = CARTESIAN_POINT ( 'NONE',  ( -17.75223142608869509, 106.0140820383212485, 297.8969705289287617 ) ) ;
#6578 = CARTESIAN_POINT ( 'NONE',  ( -49.09849383003871282, 29.30341353015599992, 108.2742537009544179 ) ) ;
#6579 = CARTESIAN_POINT ( 'NONE',  ( 21.52397368388716359, -23.22045527268080889, 377.2218700236675772 ) ) ;
#6580 = CARTESIAN_POINT ( 'NONE',  ( -41.57439146545885933, 65.42742019561895006, 119.9999999999999574 ) ) ;
#6581 = ORIENTED_EDGE ( 'NONE', *, *, #4192, .F. ) ;
#6582 = CARTESIAN_POINT ( 'NONE',  ( 0.000000000000000000, 108.9964298403724428, 267.6395684617824600 ) ) ;
#6583 = CARTESIAN_POINT ( 'NONE',  ( 29.75706610840962085, 68.20839795198909883, 103.0154635234520839 ) ) ;
#6584 = CARTESIAN_POINT ( 'NONE',  ( -11.35982786877647754, 77.34667417300222780, 108.9833553259815204 ) ) ;
#6585 = CARTESIAN_POINT ( 'NONE',  ( 40.45190724635617130, 65.45893130789542624, 282.9263418097875729 ) ) ;
#6586 = CARTESIAN_POINT ( 'NONE',  ( 17.98579160954154688, 55.48031970521460465, 53.86080298786474430 ) ) ;
#6587 = CARTESIAN_POINT ( 'NONE',  ( 53.55003698899556497, -6.286450079849238648, 82.46846664451251741 ) ) ;
#6588 = CARTESIAN_POINT ( 'NONE',  ( 0.000000000000000000, -55.25367027560801603, 149.1163318187778373 ) ) ;
#6589 = CARTESIAN_POINT ( 'NONE',  ( -31.59455049473367083, 61.47359570810209561, 86.25072119115388602 ) ) ;
#6590 = CARTESIAN_POINT ( 'NONE',  ( -40.31902259092927920, 0.02794902781589224394, 17.38317744587284608 ) ) ;
#6591 = CARTESIAN_POINT ( 'NONE',  ( 31.00080055118614553, 61.98198094799046487, 86.26375797649069455 ) ) ;
#6592 = CARTESIAN_POINT ( 'NONE',  ( -15.07824348806362558, 56.76833106903548298, 52.96178688910795529 ) ) ;
#6593 = CARTESIAN_POINT ( 'NONE',  ( -34.51861392436198628, -5.885722532160073683, 338.9088815924127971 ) ) ;
#6594 = CARTESIAN_POINT ( 'NONE',  ( 1.268451529683962242, -55.24968361771420433, 149.1163002181015713 ) ) ;
#6595 = CARTESIAN_POINT ( 'NONE',  ( 54.48987182972246046, -0.7893723974652042674, 95.91848408612047194 ) ) ;
#6596 = CARTESIAN_POINT ( 'NONE',  ( -11.53220349435341419, -50.08167125936304842, 236.3382117249779526 ) ) ;
#6597 = CARTESIAN_POINT ( 'NONE',  ( -45.27665283966505427, 46.27000256081907992, 108.3870134552040696 ) ) ;
#6598 = CARTESIAN_POINT ( 'NONE',  ( 19.11394196962814007, 87.47861814996817031, 354.6337648437792041 ) ) ;
#6599 = CARTESIAN_POINT ( 'NONE',  ( -35.97282064052705408, 58.80929425582350945, 91.50475027199888700 ) ) ;
#6600 = CARTESIAN_POINT ( 'NONE',  ( -46.18675434505338728, 38.24548367965716977, 266.4196411871761256 ) ) ;
#6601 = CARTESIAN_POINT ( 'NONE',  ( 10.54764657576255438, 62.91860679998514883, 65.21809478202858656 ) ) ;
#6602 = CARTESIAN_POINT ( 'NONE',  ( -28.53805590149006832, -47.40004139201266042, 221.5312332532022594 ) ) ;
#6603 = CARTESIAN_POINT ( 'NONE',  ( 25.25060925077670149, -52.04206284254716053, 106.4544496167999625 ) ) ;
#6605 = CARTESIAN_POINT ( 'NONE',  ( -37.67534074973654867, 71.83610583426705887, 125.2889534084088439 ) ) ;
#6604 = CARTESIAN_POINT ( 'NONE',  ( 7.200169675539526359, 18.09406300332792839, 405.5869068823373595 ) ) ;
#6606 = CARTESIAN_POINT ( 'NONE',  ( 37.54973413035597218, 63.49622089182878426, 114.5934048147636872 ) ) ;
#6607 = CARTESIAN_POINT ( 'NONE',  ( 17.17766706406745314, 106.2214506424371052, 335.2801007324607099 ) ) ;
#6608 = CARTESIAN_POINT ( 'NONE',  ( -34.59522980304962658, 48.69069481443838043, 55.56882852228371661 ) ) ;
#6609 = CARTESIAN_POINT ( 'NONE',  ( 41.86925250291176326, 33.31230673954546262, 60.78683239082860013 ) ) ;
#6610 = DIRECTION ( 'NONE',  ( 0.000000000000000000, -2.040851148208008491E-16, 1.000000000000000000 ) ) ;
#6611 = CARTESIAN_POINT ( 'NONE',  ( -22.31145852974918142, 62.39155113895252924, 60.93801936710398337 ) ) ;
#6612 = CARTESIAN_POINT ( 'NONE',  ( 19.39999999930045149, 58.32780549144229809, 54.99232085931401315 ) ) ;
#6613 = CARTESIAN_POINT ( 'NONE',  ( 12.25719182303174826, -17.42971488072853603, 409.0779284778304259 ) ) ;
#6614 = CARTESIAN_POINT ( 'NONE',  ( -18.74595051484778452, 59.46908643104374192, 63.87318011863325751 ) ) ;
#6615 = ORIENTED_EDGE ( 'NONE', *, *, #4815, .F. ) ;
#6616 = CARTESIAN_POINT ( 'NONE',  ( -19.09247527032722047, 60.89147271375937009, 65.56904408062278833 ) ) ;
#6617 = CARTESIAN_POINT ( 'NONE',  ( 27.82502860181753235, 69.59142047865482539, 103.0539433967024934 ) ) ;
#6618 = CARTESIAN_POINT ( 'NONE',  ( -15.68185264398480250, 71.32506188141726966, 91.82394388199601565 ) ) ;
#6619 = CARTESIAN_POINT ( 'NONE',  ( 48.72147261076205638, 58.38475533444464105, 192.3676332164626217 ) ) ;
#6620 = CARTESIAN_POINT ( 'NONE',  ( 15.69263216841269504, 56.13290071366035505, 53.69760250002860857 ) ) ;
#6621 = CARTESIAN_POINT ( 'NONE',  ( 17.00673660901613005, -7.404099092389644809, 397.6365478720514375 ) ) ;
#6622 = CARTESIAN_POINT ( 'NONE',  ( 0.000000000000000000, -47.92900152199584340, 34.31797925651743242 ) ) ;
#6623 = CARTESIAN_POINT ( 'NONE',  ( -31.31705180435750435, 66.96235053691728467, 102.9818512724079653 ) ) ;
#6624 = CARTESIAN_POINT ( 'NONE',  ( -53.58604024835115354, 5.690418614845323297, 201.7385314185953007 ) ) ;
#6625 = CARTESIAN_POINT ( 'NONE',  ( 33.04296367720843364, 68.63496659362797914, 114.7063924187557120 ) ) ;
#6626 = CARTESIAN_POINT ( 'NONE',  ( -24.25807552704692327, 62.41936828459770226, 68.11704659196523437 ) ) ;
#6627 = CARTESIAN_POINT ( 'NONE',  ( -37.25268416098201385, -6.225597080473308509, 9.999999999999976907 ) ) ;
#6628 = CARTESIAN_POINT ( 'NONE',  ( 2.811682238921489940, -54.38739207093954064, 95.91149824156103421 ) ) ;
#6629 = CARTESIAN_POINT ( 'NONE',  ( 53.47994356829577356, -0.9901617947834970845, 82.46857306851686076 ) ) ;
#6630 = CARTESIAN_POINT ( 'NONE',  ( -4.916895178511564879, -26.32632099639734236, 409.0779284778314491 ) ) ;
#6631 = CARTESIAN_POINT ( 'NONE',  ( -42.51219778980843245, 43.13563709759229425, 80.55269173138407268 ) ) ;
#6632 = CARTESIAN_POINT ( 'NONE',  ( 34.56280767720724612, 70.06594073540556167, 106.4409287811792808 ) ) ;
#6633 = CARTESIAN_POINT ( 'NONE',  ( -29.83597957393817524, 50.81682117876233207, 56.57312597173428514 ) ) ;
#6634 = CARTESIAN_POINT ( 'NONE',  ( -30.41892854942113189, 36.26981476518886183, 338.0774702365528128 ) ) ;
#6635 = CARTESIAN_POINT ( 'NONE',  ( 0.000000000000000000, 58.44598121014752934, 52.54223714098316123 ) ) ;
#6636 = CARTESIAN_POINT ( 'NONE',  ( -17.84339041031549300, -47.76728418293716771, 251.5274865416949979 ) ) ;
#6637 = CARTESIAN_POINT ( 'NONE',  ( 20.44222408258015022, -43.44851752364550634, 283.2613480835329369 ) ) ;
#6639 = CARTESIAN_POINT ( 'NONE',  ( -32.46490322674036122, 56.32352007971361019, 60.96333779806906250 ) ) ;
#6638 = CARTESIAN_POINT ( 'NONE',  ( 41.42727627547333924, 25.06557862688916671, 296.8052330763715645 ) ) ;
#6640 = CARTESIAN_POINT ( 'NONE',  ( 35.46724947790595195, 55.56891434775332073, 80.78400064963732063 ) ) ;
#6641 = CARTESIAN_POINT ( 'NONE',  ( 18.17817208881700353, 103.5299418106218070, 390.5071968784588989 ) ) ;
#6642 = CARTESIAN_POINT ( 'NONE',  ( -8.045209598998775746, 60.51751525038796586, 52.95085288589445582 ) ) ;
#6643 = CARTESIAN_POINT ( 'NONE',  ( 47.41008076026414386, 40.33701048151736046, 114.3159800410365818 ) ) ;
#6644 = CARTESIAN_POINT ( 'NONE',  ( 52.77558798127780904, 27.10604614702786463, 103.8951188836325059 ) ) ;
#6645 = CARTESIAN_POINT ( 'NONE',  ( -26.89853194538487458, 80.50223968645782691, 125.2821776279656802 ) ) ;
#6646 = CARTESIAN_POINT ( 'NONE',  ( -46.28532576458621151, 21.82928388810953635, 70.31575431004270627 ) ) ;
#6647 = CARTESIAN_POINT ( 'NONE',  ( 44.81702237012532208, -42.26465687279514327, 125.3266542655554758 ) ) ;
#6648 = CARTESIAN_POINT ( 'NONE',  ( 44.44092959062069781, 41.79530716839581572, 73.27481299636473011 ) ) ;
#6649 = ORIENTED_EDGE ( 'NONE', *, *, #4287, .F. ) ;
#6650 = CARTESIAN_POINT ( 'NONE',  ( 1.490640655820990146, 54.40705163971920655, 33.92780340673608919 ) ) ;
#6651 = CARTESIAN_POINT ( 'NONE',  ( 6.005203511163144547, 79.62542670333901640, 114.9763413785918118 ) ) ;
#6652 = CARTESIAN_POINT ( 'NONE',  ( -12.61809137446822504, 60.98304941430782833, 61.22747357674574431 ) ) ;
#6653 = EDGE_CURVE ( 'NONE', #3500, #6925, #3534, .T. ) ;
#6654 = CARTESIAN_POINT ( 'NONE',  ( 48.01017448138868104, 49.11573327640557807, 106.4550271391700562 ) ) ;
#6655 = CARTESIAN_POINT ( 'NONE',  ( 23.39584952227717096, 80.74184153303275480, 120.0000000000000426 ) ) ;
#6656 = CARTESIAN_POINT ( 'NONE',  ( 55.23342831807677555, -6.601006543191121345, 106.4752925735672449 ) ) ;
#6657 = CARTESIAN_POINT ( 'NONE',  ( -0.3996605748687314663, -54.41040938837300445, 95.91147462393556111 ) ) ;
#6658 = CARTESIAN_POINT ( 'NONE',  ( 29.32377734933953306, 49.38107434864465972, 54.62166135448771342 ) ) ;
#6659 = CARTESIAN_POINT ( 'NONE',  ( -30.23905716309384317, 64.43381777244970010, 91.64732835492604579 ) ) ;
#6660 = CARTESIAN_POINT ( 'NONE',  ( -54.16650250918628728, 5.780759032656556329, 95.91839404790768242 ) ) ;
#6661 = CARTESIAN_POINT ( 'NONE',  ( 28.05839134750335973, 54.44977923013838250, 61.14365767012108677 ) ) ;
#6662 = CARTESIAN_POINT ( 'NONE',  ( -6.413310309483786220, 60.54675983201924794, 52.60380560582339626 ) ) ;
#6663 = CARTESIAN_POINT ( 'NONE',  ( -45.10428449997808542, -6.297230283843178178, 282.1646518020393728 ) ) ;
#6664 = CARTESIAN_POINT ( 'NONE',  ( 2.075083960990001586, -39.49920103413424499, 335.5900574284863751 ) ) ;
#6665 = CARTESIAN_POINT ( 'NONE',  ( 33.48353253372156502, -0.2148876748458541375, 338.8827371371758659 ) ) ;
#6666 = CARTESIAN_POINT ( 'NONE',  ( -9.157739907303026783, -40.84449477152490005, 321.0563119401657559 ) ) ;
#6667 = CARTESIAN_POINT ( 'NONE',  ( -44.52352947655615623, 44.56981177743135447, 96.82126713679940622 ) ) ;
#6668 = CARTESIAN_POINT ( 'NONE',  ( 39.00383281021476023, 81.93677923823308618, 201.7353119251856128 ) ) ;
#6669 = VERTEX_POINT ( 'NONE', #2288 ) ;
#6670 = EDGE_CURVE ( 'NONE', #2890, #809, #2355, .T. ) ;
#6671 = CARTESIAN_POINT ( 'NONE',  ( -36.39237133282228598, 63.43554235643259176, 108.6384106127096061 ) ) ;
#6672 = CARTESIAN_POINT ( 'NONE',  ( -49.82065476827458639, 36.97633346462946946, 236.1111139746039385 ) ) ;
#6673 = CARTESIAN_POINT ( 'NONE',  ( -19.40000000029201388, 61.31106943517940522, 65.28593524513645718 ) ) ;
#6674 = CARTESIAN_POINT ( 'NONE',  ( -18.29232991099631178, -41.19134559348568558, 17.34953906994293504 ) ) ;
#6675 = CARTESIAN_POINT ( 'NONE',  ( 20.12078840340810970, -53.20297600768003576, 106.4523864814851635 ) ) ;
#6677 = CARTESIAN_POINT ( 'NONE',  ( -6.744774500906190795, 72.75196921823422258, 403.6522131176027983 ) ) ;
#6676 = CARTESIAN_POINT ( 'NONE',  ( 44.28330712461601593, 25.18298716494421541, 282.3542443352131954 ) ) ;
#6678 = CARTESIAN_POINT ( 'NONE',  ( 37.00198001166539541, 60.98693991065667319, 102.8396694312091597 ) ) ;
#6679 = CARTESIAN_POINT ( 'NONE',  ( 27.10007804365329420, 72.25123874553018766, 95.91520400758626863 ) ) ;
#6680 = CARTESIAN_POINT ( 'NONE',  ( -38.81866911924181807, 58.42257191553414231, 102.7899891345887085 ) ) ;
#6681 = CARTESIAN_POINT ( 'NONE',  ( -50.43121760430506839, -21.71728375742847916, 221.5238952426716992 ) ) ;
#6682 = CARTESIAN_POINT ( 'NONE',  ( 45.74007458358870082, 40.63742341294783955, 96.78029820079821377 ) ) ;
#6683 = CARTESIAN_POINT ( 'NONE',  ( -25.83037306544225586, 54.40113847112127132, 57.69025120076791069 ) ) ;
#6684 = CARTESIAN_POINT ( 'NONE',  ( -28.55940038131904402, 94.15217527198373659, 211.2200316147843466 ) ) ;
#6685 = CARTESIAN_POINT ( 'NONE',  ( -45.43942198204165095, 36.58875526491086561, 85.81813222001022723 ) ) ;
#6686 = CARTESIAN_POINT ( 'NONE',  ( 44.10774406898696753, -41.98864981668091900, 106.4642891852233930 ) ) ;
#6687 = CARTESIAN_POINT ( 'NONE',  ( -19.40000000015409398, 57.85583587893386692, 60.63202116207752113 ) ) ;
#6688 = CARTESIAN_POINT ( 'NONE',  ( 0.000000000000000000, 66.30446689546245409, 60.91610143333624450 ) ) ;
#6689 = CARTESIAN_POINT ( 'NONE',  ( 5.159047231732079020, 61.99595904389639145, 61.22692829470700815 ) ) ;
#6690 = CARTESIAN_POINT ( 'NONE',  ( -14.14019713315599169, 71.71718357330627214, 91.83062139644997046 ) ) ;
#6691 = CARTESIAN_POINT ( 'NONE',  ( 36.36731059338014660, 72.43720910548549341, 297.3681172835086386 ) ) ;
#6692 = CARTESIAN_POINT ( 'NONE',  ( 19.39999999930045149, 56.10481394784399356, 53.73181224978973347 ) ) ;
#6693 = CARTESIAN_POINT ( 'NONE',  ( 45.08272435111971532, -6.635469327985107135, 282.1646043028291047 ) ) ;
#6694 = CARTESIAN_POINT ( 'NONE',  ( -18.76838930516212756, 60.38572489731072324, 65.21922831522789465 ) ) ;
#6695 = CARTESIAN_POINT ( 'NONE',  ( -0.4106634285905240156, -53.59492887231032654, 192.4473961570816130 ) ) ;
#6696 = ORIENTED_EDGE ( 'NONE', *, *, #268, .F. ) ;
#6697 = CARTESIAN_POINT ( 'NONE',  ( -30.69985949944119241, 62.22979873405141404, 86.27020301740967057 ) ) ;
#6698 = CARTESIAN_POINT ( 'NONE',  ( -26.72040713285090874, 5.033497415009460241, 359.6504222582219086 ) ) ;
#6699 = CARTESIAN_POINT ( 'NONE',  ( 28.34426390540284402, 54.23474364491951860, 61.13945131767626151 ) ) ;
#6700 = CARTESIAN_POINT ( 'NONE',  ( -17.49926762855875850, 58.58041492545085305, 53.09555878881871394 ) ) ;
#6701 = CARTESIAN_POINT ( 'NONE',  ( -55.32701486754594100, -6.602804974401107252, 174.9348987199571752 ) ) ;
#6702 = CARTESIAN_POINT ( 'NONE',  ( 2.861230606058367876, -54.81586391009892623, 106.4482982333820331 ) ) ;
#6703 = CARTESIAN_POINT ( 'NONE',  ( 51.23332477911126404, -3.283508906239338998, 61.09911723606862211 ) ) ;
#6704 = CARTESIAN_POINT ( 'NONE',  ( -6.553433381993212237, -36.18977351236559770, 354.4409388700333920 ) ) ;
#6705 = CARTESIAN_POINT ( 'NONE',  ( -44.00332138575566177, 46.10692493916283041, 96.83876339617111739 ) ) ;
#6706 = ORIENTED_EDGE ( 'NONE', *, *, #4397, .T. ) ;
#6707 = CARTESIAN_POINT ( 'NONE',  ( -33.40822381770024663, 53.78511722603903422, 70.73404549086637871 ) ) ;
#6708 = CARTESIAN_POINT ( 'NONE',  ( -7.099515518358069599, 28.63440171882571761, 405.2642741591731124 ) ) ;
#6709 = CARTESIAN_POINT ( 'NONE',  ( -42.91499750192708262, 31.86731129869376034, 63.66314781540479117 ) ) ;
#6710 = CARTESIAN_POINT ( 'NONE',  ( 13.51321439774728006, 60.84091788919425881, 63.53021785017416789 ) ) ;
#6711 = CARTESIAN_POINT ( 'NONE',  ( -25.25060925077670149, -52.04206284254716053, 106.4544496167999625 ) ) ;
#6712 = CARTESIAN_POINT ( 'NONE',  ( 8.197260635695020170, -24.31061072176135340, 409.0779284778317901 ) ) ;
#6714 = CARTESIAN_POINT ( 'NONE',  ( -33.21462827704727516, 92.41330644834791030, 267.2419169348672199 ) ) ;
#6713 = CARTESIAN_POINT ( 'NONE',  ( 4.986098137038260880, 17.71934921875136482, 409.0779284778315059 ) ) ;
#6715 = EDGE_CURVE ( 'NONE', #5257, #6471, #2714, .T. ) ;
#6716 = CARTESIAN_POINT ( 'NONE',  ( 37.47377963399598144, 60.35905039638750225, 102.8272162213315397 ) ) ;
#6717 = CARTESIAN_POINT ( 'NONE',  ( 28.92341621401876850, 79.29540449215784292, 125.2831885280821780 ) ) ;
#6718 = CARTESIAN_POINT ( 'NONE',  ( -39.50204786111306277, 60.64361630675166026, 114.5422282250165296 ) ) ;
#6719 = CARTESIAN_POINT ( 'NONE',  ( -35.65715690381956904, -21.68721720611483761, 9.999999999999980460 ) ) ;
#6720 = CARTESIAN_POINT ( 'NONE',  ( 45.32718134583001302, 34.20592394281916171, 80.44618308061055245 ) ) ;
#6721 = CARTESIAN_POINT ( 'NONE',  ( 0.000000000000000000, 86.35072990353059197, 125.2763118969026976 ) ) ;
#6722 = CARTESIAN_POINT ( 'NONE',  ( -17.65956933956295316, 51.66917725977901910, 33.97517562106270361 ) ) ;
#6723 = CARTESIAN_POINT ( 'NONE',  ( -46.78575814656207399, 36.57832784545296079, 96.74485783965187125 ) ) ;
#6724 = CARTESIAN_POINT ( 'NONE',  ( 34.67126991697035265, -40.56086413898772491, 251.2473737275443568 ) ) ;
#6725 = CARTESIAN_POINT ( 'NONE',  ( -19.40000000029202454, 59.90673787976724185, 63.68682034436692874 ) ) ;
#6726 = CARTESIAN_POINT ( 'NONE',  ( 10.75684176440502959, 85.69796128773216992, 125.2771082987701163 ) ) ;
#6727 = CARTESIAN_POINT ( 'NONE',  ( 8.108563284617769540, 59.79796194563773071, 56.67374816136718607 ) ) ;
#6728 = CARTESIAN_POINT ( 'NONE',  ( -11.68791013346015895, 64.94188002336989030, 70.95148665115357289 ) ) ;
#6729 = B_SPLINE_SURFACE_WITH_KNOTS ( 'NONE', 1, 3, ( 
 ( #1369, #837, #5971, #3111, #3073, #5438, #231, #2543, #7182, #6608, #3603, #1404, #3714, #3146 ),
 ( #1438, #2997, #5472, #4747, #267, #2577, #4899, #5932, #2011, #4325, #728, #3752, #6080, #119 ) ),
 .UNSPECIFIED., .F., .F., .F.,
 ( 2, 2 ),
 ( 4, 2, 2, 2, 2, 2, 4 ),
 ( 0.000000000000000000, 1.000000000000000000 ),
 ( 0.000000000000000000, 0.2500000000000000000, 0.3750000000000000000, 0.5000000000000000000, 0.6250000000000000000, 0.7500000000000000000, 1.000000000000000000 ),
 .UNSPECIFIED. ) ;
#6730 = CARTESIAN_POINT ( 'NONE',  ( 38.34150092816131661, 33.20862885269213649, 34.18470208331405047 ) ) ;
#6731 = CARTESIAN_POINT ( 'NONE',  ( -24.89715889426704720, 57.55734276631120849, 65.64526619342919389 ) ) ;
#6732 = CARTESIAN_POINT ( 'NONE',  ( 53.46384264310270140, -11.94097630751083727, 82.46863804021994326 ) ) ;
#6733 = CARTESIAN_POINT ( 'NONE',  ( -18.93791951254694794, 57.24250730619473870, 53.21943062738839814 ) ) ;
#6734 = CARTESIAN_POINT ( 'NONE',  ( 26.34042055241111413, 58.15673262368208896, 56.75103378667128595 ) ) ;
#6735 = CARTESIAN_POINT ( 'NONE',  ( 27.60493843895082122, 50.66903559033921312, 54.29956168725304622 ) ) ;
#6736 = CARTESIAN_POINT ( 'NONE',  ( -31.93451832917715194, 71.14601089343155138, 120.9177840775268891 ) ) ;
#6737 = CARTESIAN_POINT ( 'NONE',  ( -54.26972371131335393, -0.1159415445578819426, 192.3478862671160812 ) ) ;
#6738 = CARTESIAN_POINT ( 'NONE',  ( 31.59455049472917310, 61.47359570808833951, 86.25072119110258484 ) ) ;
#6739 = CARTESIAN_POINT ( 'NONE',  ( -18.93752795737297490, 57.77694130557485153, 53.21314208532869117 ) ) ;
#6740 = CARTESIAN_POINT ( 'NONE',  ( -23.78612841093408292, -7.572770304397582919, 380.0938751272109926 ) ) ;
#6741 = CARTESIAN_POINT ( 'NONE',  ( 0.000000000000000000, -30.63364143246819182, 391.5638077824757488 ) ) ;
#6742 = CARTESIAN_POINT ( 'NONE',  ( 46.19014890246730687, -2.249010260804599426, 34.39757154221828728 ) ) ;
#6743 = CARTESIAN_POINT ( 'NONE',  ( -16.32901168759229549, -54.20938039173832834, 149.1098220794721101 ) ) ;
#6744 = CARTESIAN_POINT ( 'NONE',  ( -41.92402585973974283, 52.93637743898203496, 102.6978173568081303 ) ) ;
#6745 = CARTESIAN_POINT ( 'NONE',  ( -35.67139067391362062, 60.96761524556850276, 97.09164089261942365 ) ) ;
#6746 = CARTESIAN_POINT ( 'NONE',  ( -50.84127088860925170, 48.09951774373319466, 192.3627255296877081 ) ) ;
#6747 = CARTESIAN_POINT ( 'NONE',  ( 48.10087398756389376, 27.10604614702785398, 91.87761445815390005 ) ) ;
#6748 = CARTESIAN_POINT ( 'NONE',  ( 19.39999999930045149, 59.90673788008265888, 63.68682034428803718 ) ) ;
#6749 = EDGE_CURVE ( 'NONE', #5901, #853, #7160, .T. ) ;
#6750 = CARTESIAN_POINT ( 'NONE',  ( 9.500633375252663271, -42.40294334421789557, 309.2995656440034509 ) ) ;
#6752 = CARTESIAN_POINT ( 'NONE',  ( -37.28582960928007140, 85.35479600680550050, 211.2196583466347874 ) ) ;
#6751 = CARTESIAN_POINT ( 'NONE',  ( 54.07130086926690637, 25.16433383077506392, 125.3175988513186496 ) ) ;
#6753 = CARTESIAN_POINT ( 'NONE',  ( 38.39029469504178138, 63.76213414386851497, 120.7591495419325440 ) ) ;
#6754 = CARTESIAN_POINT ( 'NONE',  ( 19.19900083835627314, 51.11509375380364162, 33.98428949460155479 ) ) ;
#6755 = CARTESIAN_POINT ( 'NONE',  ( -38.00542502494405284, 56.07666517118023108, 91.44605871160048594 ) ) ;
#6756 = CARTESIAN_POINT ( 'NONE',  ( -17.04426550751732705, -20.25389168816818852, 395.1694972106601540 ) ) ;
#6757 = CARTESIAN_POINT ( 'NONE',  ( 43.82982918950141027, 26.31482204064498376, 60.72116744550222478 ) ) ;
#6758 = CARTESIAN_POINT ( 'NONE',  ( -1.684546701495202470, 66.30446689546245409, 60.91610143333624450 ) ) ;
#6759 = CARTESIAN_POINT ( 'NONE',  ( -15.15485729899162237, 41.80643299578758132, 17.18509834838635442 ) ) ;
#6760 = CARTESIAN_POINT ( 'NONE',  ( -43.89969634479851379, 36.32213639951350359, 75.34731670100347856 ) ) ;
#6761 = CARTESIAN_POINT ( 'NONE',  ( 32.75276812294394091, 57.31846038334749238, 69.39270666967456691 ) ) ;
#6762 = CARTESIAN_POINT ( 'NONE',  ( 41.57702160945768100, 55.38520531258924962, 108.4971461143065738 ) ) ;
#6763 = CARTESIAN_POINT ( 'NONE',  ( 7.902683517098368249, 53.94953849296003767, 33.93547263421742599 ) ) ;
#6764 = CARTESIAN_POINT ( 'NONE',  ( 7.825568886579354455, 77.84493515885758086, 108.9892611576337202 ) ) ;
#6765 = CARTESIAN_POINT ( 'NONE',  ( -1.980522659609019076, 69.56930806928910727, 81.09348171580016640 ) ) ;
#6766 = CARTESIAN_POINT ( 'NONE',  ( 50.17608154649258978, 52.53221257244981501, 174.9394846066750802 ) ) ;
#6767 = CARTESIAN_POINT ( 'NONE',  ( -41.06709907474674282, 31.56589495156666914, 59.07696883589773762 ) ) ;
#6768 = CARTESIAN_POINT ( 'NONE',  ( 55.57577356164397742, -17.53946417828941051, 125.3255477420808717 ) ) ;
#6769 = CARTESIAN_POINT ( 'NONE',  ( -18.93811975778133672, 56.97529099647105966, 53.22263220477626788 ) ) ;
#6770 = CARTESIAN_POINT ( 'NONE',  ( 19.39999999930045149, 59.48117333029371423, 62.68741506772390437 ) ) ;
#6771 = CARTESIAN_POINT ( 'NONE',  ( 24.89715889426704720, 57.55734276631120849, 65.64526619342919389 ) ) ;
#6772 = CARTESIAN_POINT ( 'NONE',  ( -31.56746165144361171, 65.09560084359712562, 97.19487355195332157 ) ) ;
#6773 = CARTESIAN_POINT ( 'NONE',  ( -54.96857882126191441, 2.070199655047520348, 174.9350368813493048 ) ) ;
#6774 = CARTESIAN_POINT ( 'NONE',  ( 33.77404448488670852, 67.91688003347562130, 114.6881172866125382 ) ) ;
#6775 = CARTESIAN_POINT ( 'NONE',  ( -11.15815539935951861, 59.62954765767013043, 52.74982394118070061 ) ) ;
#6776 = CARTESIAN_POINT ( 'NONE',  ( -54.39253933577555244, -8.510541513731373797, 192.3475893745212488 ) ) ;
#6777 = CARTESIAN_POINT ( 'NONE',  ( -19.40000000029201033, 56.10481342453734754, 53.73177374024814412 ) ) ;
#6778 = CARTESIAN_POINT ( 'NONE',  ( 53.79620627592527882, -4.896329778206069072, 201.7386349821712770 ) ) ;
#6779 = CARTESIAN_POINT ( 'NONE',  ( -5.275726781593491843, -39.25647364483652524, 335.6585644834651703 ) ) ;
#6780 = CARTESIAN_POINT ( 'NONE',  ( -35.17874084793407263, 61.54830167370610638, 97.10481652956053722 ) ) ;
#6781 = CARTESIAN_POINT ( 'NONE',  ( -52.05181209475855297, 29.32913481788226662, 211.2178035932212197 ) ) ;
#6782 = CARTESIAN_POINT ( 'NONE',  ( -49.11751064054696769, 27.10604614702788950, 70.77858639702571963 ) ) ;
#6783 = CARTESIAN_POINT ( 'NONE',  ( -19.40000000029201033, 60.98913441196335583, 65.82300962780874443 ) ) ;
#6784 = CARTESIAN_POINT ( 'NONE',  ( 8.715858336669997541, -38.76041907696732380, 335.7951720233636479 ) ) ;
#6786 = CARTESIAN_POINT ( 'NONE',  ( -31.17297337175079974, 43.33230512748012586, 34.08089704958322130 ) ) ;
#6785 = CARTESIAN_POINT ( 'NONE',  ( 26.72040713285090874, 5.033497415009460241, 359.6504222582219086 ) ) ;
#6787 = B_SPLINE_CURVE_WITH_KNOTS ( 'NONE', 3,
 ( #2402, #4717, #4833, #7037 ),
 .UNSPECIFIED., .F., .F.,
 ( 4, 4 ),
 ( 0.004194698922441057742, 0.01220003620950176927 ),
 .UNSPECIFIED. ) ;
#6788 = CARTESIAN_POINT ( 'NONE',  ( 37.84183208594014047, 61.54627846790943835, 108.6015853461655354 ) ) ;
#6789 = CARTESIAN_POINT ( 'NONE',  ( 23.11373641887275099, 100.2377975824365848, 309.2876039168359625 ) ) ;
#6790 = CARTESIAN_POINT ( 'NONE',  ( -39.74776034141717673, 61.68506616613776572, 120.7229915606517494 ) ) ;
#6791 = CARTESIAN_POINT ( 'NONE',  ( -37.22755696550850502, -4.585192041848473288, 10.00000000000000178 ) ) ;
#6792 = CARTESIAN_POINT ( 'NONE',  ( -47.96407560477239684, -31.58713849747028135, 211.2114493149713610 ) ) ;
#6793 = CARTESIAN_POINT ( 'NONE',  ( 43.81122956884275510, 30.06170375537792694, 65.45990395162280606 ) ) ;
#6794 = CARTESIAN_POINT ( 'NONE',  ( 0.000000000000000000, 78.14528303371176321, 95.91466575645878834 ) ) ;
#6795 = CARTESIAN_POINT ( 'NONE',  ( -32.36776816792806244, 90.96628796341802570, 211.2198893340192853 ) ) ;
#6796 = CARTESIAN_POINT ( 'NONE',  ( -47.14649842402734237, 37.27271985071861593, 102.5327570922891027 ) ) ;
#6797 = CARTESIAN_POINT ( 'NONE',  ( 24.25807552704692327, 62.41936828459770226, 68.11704659196523437 ) ) ;
#6798 = CARTESIAN_POINT ( 'NONE',  ( 37.00625190802914943, 53.53200389919382474, 80.73944147118000103 ) ) ;
#6799 = CARTESIAN_POINT ( 'NONE',  ( 10.53706282782355252, 101.7116274352887331, 211.2204253013513267 ) ) ;
#6800 = CARTESIAN_POINT ( 'NONE',  ( 8.950773553208573929, 69.04914684353406074, 81.09041718478670191 ) ) ;
#6801 = CARTESIAN_POINT ( 'NONE',  ( -5.723834506672059064, 72.90144032685014963, 91.84439020834810208 ) ) ;
#6802 = CARTESIAN_POINT ( 'NONE',  ( 38.19781200068766935, 44.81995441935169566, 65.65113966183891137 ) ) ;
#6803 = CARTESIAN_POINT ( 'NONE',  ( 6.989103928958764200, 41.10620806404239858, 404.8149488265061109 ) ) ;
#6804 = CARTESIAN_POINT ( 'NONE',  ( 18.93752795637889008, 57.77694130589520682, 53.21314208525014777 ) ) ;
#6805 = CARTESIAN_POINT ( 'NONE',  ( 24.78263081033043491, -13.99965637921416217, 379.4587201523890485 ) ) ;
#6806 = CARTESIAN_POINT ( 'NONE',  ( -18.93762464367540233, 57.64333262089681398, 53.21469862340213552 ) ) ;
#6807 = CARTESIAN_POINT ( 'NONE',  ( 29.00090780663330392, 56.63113297827156600, 57.13256323200080544 ) ) ;
#6808 = CARTESIAN_POINT ( 'NONE',  ( 7.536500856464525278, 75.14935617256300304, 403.5689128249438795 ) ) ;
#6809 = ORIENTED_EDGE ( 'NONE', *, *, #1613, .F. ) ;
#6810 = CARTESIAN_POINT ( 'NONE',  ( -23.69412821461903462, 55.15929938668431731, 56.64868351419871573 ) ) ;
#6811 = CARTESIAN_POINT ( 'NONE',  ( -42.88654231778227199, 0.3056576034332569303, 296.6599806610806809 ) ) ;
#6812 = CARTESIAN_POINT ( 'NONE',  ( 31.98178301773540966, 59.27790228830236430, 80.87540660321303676 ) ) ;
#6813 = CARTESIAN_POINT ( 'NONE',  ( 22.04775667125469951, 56.23252999727234425, 57.23224782140456313 ) ) ;
#6814 = CARTESIAN_POINT ( 'NONE',  ( -47.37466028503006754, -6.278915351545826695, 266.0946547227277392 ) ) ;
#6815 = CARTESIAN_POINT ( 'NONE',  ( 0.000000000000000000, -54.42922362320734919, 175.0446952262756781 ) ) ;
#6816 = CARTESIAN_POINT ( 'NONE',  ( 55.26928330496431130, -4.949156968758419595, 174.9349050386609008 ) ) ;
#6817 = CARTESIAN_POINT ( 'NONE',  ( -7.416846740462385235, -54.64957382279872178, 106.4488553460431888 ) ) ;
#6818 = CARTESIAN_POINT ( 'NONE',  ( -33.72978954280286246, 69.42966817092671761, 120.8747058799245195 ) ) ;
#6819 = CARTESIAN_POINT ( 'NONE',  ( -44.72671483971683415, 11.81860775319216117, 34.34697984316981945 ) ) ;
#6820 = CARTESIAN_POINT ( 'NONE',  ( 18.74046272808955749, 55.23072151003221109, 53.92322663152430096 ) ) ;
#6821 = CARTESIAN_POINT ( 'NONE',  ( 0.000000000000000000, 62.13972375767053080, 63.20604504837260151 ) ) ;
#6822 = CARTESIAN_POINT ( 'NONE',  ( 7.001698426487832805, -39.03804204972453107, 335.7195499923483908 ) ) ;
#6824 = CARTESIAN_POINT ( 'NONE',  ( -39.62806247357968203, 82.08507953138263247, 251.5076345405276470 ) ) ;
#6823 = CARTESIAN_POINT ( 'NONE',  ( 54.16650250918628728, 5.780759032656556329, 95.91839404790768242 ) ) ;
#6825 = CARTESIAN_POINT ( 'NONE',  ( 19.69179049297548545, 95.57604823813311157, 372.3974774158166952 ) ) ;
#6826 = CARTESIAN_POINT ( 'NONE',  ( -40.08853579535122691, 54.66772052327837628, 96.96575169476629696 ) ) ;
#6827 = CARTESIAN_POINT ( 'NONE',  ( -46.24277206471678170, -3.824779866875784418, 34.39946496130803411 ) ) ;
#6828 = CARTESIAN_POINT ( 'NONE',  ( -49.86293765837694281, -32.89247274916671415, 95.91688864250849633 ) ) ;
#6829 = CARTESIAN_POINT ( 'NONE',  ( 47.49811530045392516, 35.58479907404831266, 102.5216095300007026 ) ) ;
#6830 = CARTESIAN_POINT ( 'NONE',  ( -3.860606970260060500, 114.7549911919456918, 402.6386434062359854 ) ) ;
#6831 = CARTESIAN_POINT ( 'NONE',  ( -23.77047769575394653, 49.00291018023894196, 34.01518524472781024 ) ) ;
#6832 = CARTESIAN_POINT ( 'NONE',  ( -48.13429222859827661, 36.86114874914097328, 114.2954583237891342 ) ) ;
#6833 = CARTESIAN_POINT ( 'NONE',  ( 40.61473448055986069, 60.27493345077884612, 120.6994872365290661 ) ) ;
#6834 = CARTESIAN_POINT ( 'NONE',  ( 12.20268880672776568, 108.3599278425992196, 283.7759054504146548 ) ) ;
#6835 = CARTESIAN_POINT ( 'NONE',  ( 19.57065484378564690, 75.32256884385014928, 108.9475429706725293 ) ) ;
#6836 = CARTESIAN_POINT ( 'NONE',  ( -6.908961804983507093, 63.75377285269136252, 65.98812118840585583 ) ) ;
#6837 = CARTESIAN_POINT ( 'NONE',  ( 38.83849786100755352, 46.08376076552059430, 70.57868122759090568 ) ) ;
#6838 = CARTESIAN_POINT ( 'NONE',  ( 36.49203619345381355, 53.23133605884224551, 309.2274345095315766 ) ) ;
#6839 = CARTESIAN_POINT ( 'NONE',  ( -17.97753840911579815, 55.24022093113644871, 53.15637722673626087 ) ) ;
#6840 = CARTESIAN_POINT ( 'NONE',  ( 54.54052933038873618, -12.03984347028004898, 95.91845513519180599 ) ) ;
#6841 = CARTESIAN_POINT ( 'NONE',  ( 48.01381719324776753, 39.01977877386402582, 119.9999999999999005 ) ) ;
#6842 = CARTESIAN_POINT ( 'NONE',  ( 19.05296518816130202, 58.22071724709792306, 53.52525228491509779 ) ) ;
#6843 = CARTESIAN_POINT ( 'NONE',  ( 9.901959807141684777, 75.40111923004197081, 392.2505884593533096 ) ) ;
#6844 = ORIENTED_EDGE ( 'NONE', *, *, #5417, .T. ) ;
#6845 = CARTESIAN_POINT ( 'NONE',  ( 0.000000000000000000, 62.18178190908234626, 61.22617450804656158 ) ) ;
#6846 = EDGE_CURVE ( 'NONE', #6669, #7030, #999, .T. ) ;
#6847 = CARTESIAN_POINT ( 'NONE',  ( -26.48688381741538933, 70.42223597980850514, 103.0780812522407217 ) ) ;
#6848 = CARTESIAN_POINT ( 'NONE',  ( -51.19283341886868755, -1.418342443383782125, 61.09838254482392017 ) ) ;
#6849 = CARTESIAN_POINT ( 'NONE',  ( 33.60104455891662667, 63.21820929007307655, 97.14589225039959786 ) ) ;
#6850 = CARTESIAN_POINT ( 'NONE',  ( -43.89904129186951565, 32.72168500822475323, 59.56243685336747262 ) ) ;
#6851 = CARTESIAN_POINT ( 'NONE',  ( -52.34642570645172555, -16.90674228334584939, 211.2162808792859892 ) ) ;
#6852 = AXIS2_PLACEMENT_3D ( 'NONE', #3579, #1805, #6404 ) ;
#6853 = CARTESIAN_POINT ( 'NONE',  ( 0.000000000000000000, -33.82651559785280426, 373.0243241031068351 ) ) ;
#6854 = CARTESIAN_POINT ( 'NONE',  ( 45.20801201570631633, -5.160691210804468909, 282.1652174902296224 ) ) ;
#6855 = CARTESIAN_POINT ( 'NONE',  ( -8.538675943727946915, -47.47347953681994426, 267.3431106741571739 ) ) ;
#6856 = CARTESIAN_POINT ( 'NONE',  ( -33.45895209504949719, 61.59646693629327530, 91.57257723055781184 ) ) ;
#6857 = CARTESIAN_POINT ( 'NONE',  ( -52.57039246446827718, 28.84613620870438311, 201.7378996266619424 ) ) ;
#6858 = CARTESIAN_POINT ( 'NONE',  ( 23.30853716622888072, 56.57971423192028482, 53.59590383551926607 ) ) ;
#6859 = DIRECTION ( 'NONE',  ( 0.000000000000000000, 0.000000000000000000, 1.000000000000000000 ) ) ;
#6860 = CARTESIAN_POINT ( 'NONE',  ( 10.12861248630140132, -54.03486940291464435, 175.0400578250080912 ) ) ;
#6862 = CARTESIAN_POINT ( 'NONE',  ( -39.50329872222882699, 83.26369860490956398, 236.3612997938031128 ) ) ;
#6861 = CARTESIAN_POINT ( 'NONE',  ( 54.54256619498364245, 9.487386946559070111, 106.4731826001435024 ) ) ;
#6863 = CARTESIAN_POINT ( 'NONE',  ( 19.02238089006189270, 40.18290070593162255, 17.19902550245420159 ) ) ;
#6864 = CARTESIAN_POINT ( 'NONE',  ( -33.71889131327962019, 49.02634379459161806, 61.03175598393725210 ) ) ;
#6865 = CARTESIAN_POINT ( 'NONE',  ( -55.20740612548598847, -5.071827626257414678, 106.4752675288961967 ) ) ;
#6866 = CARTESIAN_POINT ( 'NONE',  ( -19.40000000029201388, 57.38199040950776464, 53.71638197774576895 ) ) ;
#6867 = CARTESIAN_POINT ( 'NONE',  ( -50.48554454882730624, -33.11777417766523257, 106.4690502667183694 ) ) ;
#6868 = CARTESIAN_POINT ( 'NONE',  ( 0.000000000000000000, 81.23719565832706735, 106.4309323311144624 ) ) ;
#6869 = CARTESIAN_POINT ( 'NONE',  ( -28.89945635526742507, 96.36389117174091723, 236.4482176816873391 ) ) ;
#6870 = CARTESIAN_POINT ( 'NONE',  ( -41.17392464244611716, 35.34671598249356350, 60.81018993094556180 ) ) ;
#6871 = CARTESIAN_POINT ( 'NONE',  ( 17.27513318983964652, 61.51971329997901705, 65.57877762062719285 ) ) ;
#6872 = CARTESIAN_POINT ( 'NONE',  ( 33.71889131326774702, 49.02634379456568325, 61.03175598385564626 ) ) ;
#6873 = CARTESIAN_POINT ( 'NONE',  ( 8.173918826655913961, 113.4650493156208029, 402.6824908993031045 ) ) ;
#6874 = CARTESIAN_POINT ( 'NONE',  ( 14.87623334112322304, 66.11230513143055987, 75.90927419841969481 ) ) ;
#6875 = AXIS2_PLACEMENT_3D ( 'NONE', #4463, #7144, #982 ) ;
#6876 = CARTESIAN_POINT ( 'NONE',  ( -7.172463509528445691, 67.43509112088837298, 75.92033480676622048 ) ) ;
#6877 = CARTESIAN_POINT ( 'NONE',  ( 37.97853084461188189, 39.80124566755535653, 56.37137026049660449 ) ) ;
#6878 = CARTESIAN_POINT ( 'NONE',  ( 49.80999863748776590, 39.31063616397153027, 95.91718387004972612 ) ) ;
#6879 = CARTESIAN_POINT ( 'NONE',  ( -40.62396208654356400, 45.06833294729479888, 60.02424500155659359 ) ) ;
#6880 = CARTESIAN_POINT ( 'NONE',  ( 48.82683063509787758, -11.52539797595174420, 250.8485690429905333 ) ) ;
#6881 = CARTESIAN_POINT ( 'NONE',  ( 19.39999999930041952, 105.6329236794297373, 44.87795496527282069 ) ) ;
#6882 = CARTESIAN_POINT ( 'NONE',  ( 27.42211714730612115, 57.58075401855681719, 56.89507734252565996 ) ) ;
#6883 = CARTESIAN_POINT ( 'NONE',  ( 39.54434608194740264, 82.78856962875335057, 221.5941304192313623 ) ) ;
#6884 = B_SPLINE_CURVE_WITH_KNOTS ( 'NONE', 3,
 ( #6769, #2210, #6733, #5099, #5563, #6806, #1452 ),
 .UNSPECIFIED., .F., .F.,
 ( 4, 3, 4 ),
 ( 4.163336342344337027E-17, 0.0004008533438001442295, 0.0008017067022339056936 ),
 .UNSPECIFIED. ) ;
#6885 = VERTEX_POINT ( 'NONE', #1834 ) ;
#6886 = DIRECTION ( 'NONE',  ( 0.000000000000000000, 0.3846539746834137796, 0.9230608429352051836 ) ) ;
#6887 = CARTESIAN_POINT ( 'NONE',  ( -27.14856394665611816, 73.30084317950145589, 114.8322551067806216 ) ) ;
#6888 = EDGE_CURVE ( 'NONE', #4110, #6471, #6787, .T. ) ;
#6889 = CARTESIAN_POINT ( 'NONE',  ( -53.47994356829577356, -0.9901617947834970845, 82.46857306851686076 ) ) ;
#6890 = CARTESIAN_POINT ( 'NONE',  ( 33.75662401653350742, 66.37675778209225541, 108.7052254851490858 ) ) ;
#6891 = CARTESIAN_POINT ( 'NONE',  ( -3.173861650932617628, 62.13972375795773218, 63.20604504817040237 ) ) ;
#6892 = CARTESIAN_POINT ( 'NONE',  ( -53.04656459391740952, -17.14895278318245175, 82.46934690342911267 ) ) ;
#6893 = CARTESIAN_POINT ( 'NONE',  ( 0.000000000000000000, -54.41040938837297603, 95.91147462393556111 ) ) ;
#6894 = B_SPLINE_CURVE_WITH_KNOTS ( 'NONE', 3,
 ( #757, #7135, #7209, #5392, #4165, #5465, #186 ),
 .UNSPECIFIED., .F., .F.,
 ( 4, 3, 4 ),
 ( 9.813077866773594792E-18, 0.001685466435453115020, 0.003077267419796507301 ),
 .UNSPECIFIED. ) ;
#6895 = CARTESIAN_POINT ( 'NONE',  ( 54.37044122408212843, -3.972773824086305972, 192.3476413295970815 ) ) ;
#6896 = CARTESIAN_POINT ( 'NONE',  ( -9.950808704669615423, -53.21116325484679521, 192.4431806850645614 ) ) ;
#6897 = CARTESIAN_POINT ( 'NONE',  ( -31.19284815458544458, 58.03627461603976911, 75.73699792539380837 ) ) ;
#6898 = CARTESIAN_POINT ( 'NONE',  ( -4.994904605211376136, 22.87568480367074741, 409.0779284778316196 ) ) ;
#6899 = CARTESIAN_POINT ( 'NONE',  ( 19.39999999930045149, 58.49433469650647055, 60.36990121876099380 ) ) ;
#6900 = CARTESIAN_POINT ( 'NONE',  ( 12.46612832295578954, -52.97377829899706114, 192.4409145642689225 ) ) ;
#6902 = CARTESIAN_POINT ( 'NONE',  ( -42.18889565124386820, 77.12256936711389699, 211.2193486448351791 ) ) ;
#6901 = CARTESIAN_POINT ( 'NONE',  ( 49.58567961717704264, 8.492286629419469435, 250.8733701652242019 ) ) ;
#6903 = CARTESIAN_POINT ( 'NONE',  ( 28.26870319210008375, 98.06994222814986983, 267.3541346117319790 ) ) ;
#6904 = CARTESIAN_POINT ( 'NONE',  ( -37.10572718205443721, 59.17182232487331817, 97.05284709653395225 ) ) ;
#6905 = CARTESIAN_POINT ( 'NONE',  ( -15.63047918580956797, -5.424659090122943894, 397.6321618831919977 ) ) ;
#6906 = CARTESIAN_POINT ( 'NONE',  ( -19.40000000029201388, 56.10481389853731571, 53.73181225048151077 ) ) ;
#6907 = B_SPLINE_SURFACE_WITH_KNOTS ( 'NONE', 1, 3, ( 
 ( #2226, #1658, #6299, #2792, #3971, #6858, #3365, #5693, #7430, #4541, #5114, #5399, #5323, #6537 ),
 ( #3677, #4174, #194, #6574, #6043, #3035, #2507, #764, #7143, #157, #4787, #6008, #1330, #1294 ) ),
 .UNSPECIFIED., .F., .F., .F.,
 ( 2, 2 ),
 ( 4, 2, 2, 2, 2, 2, 4 ),
 ( 0.000000000000000000, 1.000000000000000000 ),
 ( 0.000000000000000000, 0.2500000000000000000, 0.3750000000000000000, 0.5000000000000000000, 0.6250000000000000000, 0.7500000000000000000, 1.000000000000000000 ),
 .UNSPECIFIED. ) ;
#6908 = AXIS2_PLACEMENT_3D ( 'NONE', #2250, #3996, #2211 ) ;
#6909 = CARTESIAN_POINT ( 'NONE',  ( -34.88939280935169052, -34.80724427588212677, 282.7435959434031361 ) ) ;
#6910 = CARTESIAN_POINT ( 'NONE',  ( -9.220591472505004660, 108.0989976888444914, 267.6145168357557509 ) ) ;
#6911 = CARTESIAN_POINT ( 'NONE',  ( -27.59661783500443377, 59.81117308466855320, 60.95000764652930059 ) ) ;
#6912 = CARTESIAN_POINT ( 'NONE',  ( -44.06607538012671910, 41.19591401664835928, 85.86908497379569383 ) ) ;
#6913 = CARTESIAN_POINT ( 'NONE',  ( 1.603236962072389193, 60.45963184174609495, 52.54223714090048958 ) ) ;
#6914 = CARTESIAN_POINT ( 'NONE',  ( 35.21502234472308146, 49.41423304553569551, 65.73793388374883762 ) ) ;
#6915 = CARTESIAN_POINT ( 'NONE',  ( 14.85058651285845599, 99.41953666087040631, 201.7341631534810062 ) ) ;
#6916 = CARTESIAN_POINT ( 'NONE',  ( 16.64139474889983106, 67.51163061539429577, 81.07208001071417414 ) ) ;
#6917 = CARTESIAN_POINT ( 'NONE',  ( -3.971347096348835315, 74.76525733814989394, 97.42577561502621109 ) ) ;
#6918 = CARTESIAN_POINT ( 'NONE',  ( 45.30339359224589657, 49.47722665235482253, 120.5668925935569433 ) ) ;
#6919 = CARTESIAN_POINT ( 'NONE',  ( 7.148528748372136477, 23.35390047273355663, 405.4345288823532201 ) ) ;
#6920 = CARTESIAN_POINT ( 'NONE',  ( -49.46639684075988441, 30.52161885111791761, 120.0000000000000853 ) ) ;
#6921 = CARTESIAN_POINT ( 'NONE',  ( 50.80397607929121051, -27.11159803275184288, 201.7407403191748188 ) ) ;
#6922 = CARTESIAN_POINT ( 'NONE',  ( 47.23655620649523001, 30.59576976200618148, 64.54102898215404593 ) ) ;
#6923 = CARTESIAN_POINT ( 'NONE',  ( -19.40000000029201388, 55.93838749378445385, 54.37456015393693320 ) ) ;
#6924 = CARTESIAN_POINT ( 'NONE',  ( 27.44651296265493556, 92.80927087483509297, 309.2759445087715449 ) ) ;
#6925 = VERTEX_POINT ( 'NONE', #4755 ) ;
#6926 = CARTESIAN_POINT ( 'NONE',  ( 1.820207173041680004, 60.26618955330064153, 56.67129530975119422 ) ) ;
#6927 = CARTESIAN_POINT ( 'NONE',  ( -31.06139248125377961, 70.41798591023328413, 114.7523658389263232 ) ) ;
#6928 = CARTESIAN_POINT ( 'NONE',  ( -53.78468062388315474, -2.382324169322974861, 201.7386248006254732 ) ) ;
#6929 = CARTESIAN_POINT ( 'NONE',  ( 30.86682040520517489, 54.24538709626978061, 65.84243667550813939 ) ) ;
#6930 = CARTESIAN_POINT ( 'NONE',  ( 19.39999999930045149, 58.11811150567604045, 53.56892955917726340 ) ) ;
#6931 = CARTESIAN_POINT ( 'NONE',  ( -40.58180624808183978, -8.088709443575298863, 17.38835723003943201 ) ) ;
#6932 = CARTESIAN_POINT ( 'NONE',  ( 42.52576787389699575, 75.82980934713835097, 201.7356500283501362 ) ) ;
#6933 = CARTESIAN_POINT ( 'NONE',  ( 32.35893837798229100, 46.55085721578900859, 55.32945594277534695 ) ) ;
#6934 = CARTESIAN_POINT ( 'NONE',  ( 22.23942341908861309, -4.517477641715570869, 380.0832776198726606 ) ) ;
#6935 = CARTESIAN_POINT ( 'NONE',  ( -2.837047195623215057, -28.14814678199874010, 403.4141533273362938 ) ) ;
#6936 = CARTESIAN_POINT ( 'NONE',  ( -30.60613406608011999, 54.47917916279452299, 65.84758886319298199 ) ) ;
#6937 = CARTESIAN_POINT ( 'NONE',  ( -51.74126530205531793, 23.61871715008629025, 221.5344904689891052 ) ) ;
#6938 = CARTESIAN_POINT ( 'NONE',  ( 31.98306058303394295, 68.04933705062433091, 108.7481746486492540 ) ) ;
#6939 = CARTESIAN_POINT ( 'NONE',  ( 18.74238327545799976, 56.64449388883145531, 57.23945100204711167 ) ) ;
#6940 = CARTESIAN_POINT ( 'NONE',  ( 4.950522647592374703, -53.51001096261204282, 192.4463605642451114 ) ) ;
#6942 = CARTESIAN_POINT ( 'NONE',  ( -33.80908817741305938, 88.65905968219104238, 283.3206108845270705 ) ) ;
#6941 = CARTESIAN_POINT ( 'NONE',  ( 36.41202474245180554, 12.47449941819381003, 322.2013886765478787 ) ) ;
#6943 = CARTESIAN_POINT ( 'NONE',  ( 31.71773244107405887, 82.50805170409937261, 149.0244955398865443 ) ) ;
#6944 = CARTESIAN_POINT ( 'NONE',  ( -33.42220400038188899, 46.99595653220183777, 56.49629227552099309 ) ) ;
#6945 = CARTESIAN_POINT ( 'NONE',  ( -8.390276566652163481, -5.548800609047006560, 409.0779284778315628 ) ) ;
#6946 = DIRECTION ( 'NONE',  ( 0.000000000000000000, 0.3923337777907141555, 0.9198229214389400665 ) ) ;
#6947 = CARTESIAN_POINT ( 'NONE',  ( -26.94732368786461052, -38.41318922006642822, 297.3630710976078717 ) ) ;
#6948 = EDGE_CURVE ( 'NONE', #5901, #4684, #4707, .T. ) ;
#6949 = CARTESIAN_POINT ( 'NONE',  ( -4.816355271901699098, 66.20054176447335692, 60.91666669461543648 ) ) ;
#6950 = CARTESIAN_POINT ( 'NONE',  ( 20.88924587872852001, -30.27925202095545743, 356.4816398571844616 ) ) ;
#6951 = CARTESIAN_POINT ( 'NONE',  ( -30.86130304168775140, 77.98023025200083680, 125.2842594564508261 ) ) ;
#6952 = CARTESIAN_POINT ( 'NONE',  ( -46.30919913659628406, 46.14147298332136415, 120.5385039066284207 ) ) ;
#6953 = CARTESIAN_POINT ( 'NONE',  ( 12.81901541895315333, 59.80541547597179175, 53.12894133562571142 ) ) ;
#6954 = CARTESIAN_POINT ( 'NONE',  ( 35.73563056317237141, 59.10068423537718019, 91.51139585297043766 ) ) ;
#6955 = CARTESIAN_POINT ( 'NONE',  ( 13.87000547066030620, 109.2794405281599808, 335.1568718963747529 ) ) ;
#6956 = CARTESIAN_POINT ( 'NONE',  ( 10.96314432246215809, 59.36281333288757622, 56.67480520139167055 ) ) ;
#6957 = CARTESIAN_POINT ( 'NONE',  ( -3.274845228298860711, 63.64996744233805970, 65.01987264100188213 ) ) ;
#6958 = CARTESIAN_POINT ( 'NONE',  ( 42.30606133769401822, 53.94857630951648275, 108.4758114012481087 ) ) ;
#6959 = CARTESIAN_POINT ( 'NONE',  ( -15.05292075244565275, 108.2812548561988706, 409.0779284778320743 ) ) ;
#6960 = CARTESIAN_POINT ( 'NONE',  ( 19.39999999930051544, 56.98125940761281072, 53.72114124389372591 ) ) ;
#6961 = CARTESIAN_POINT ( 'NONE',  ( 39.96601093788277126, -27.82646003949521685, 282.4930707143084874 ) ) ;
#6962 = CARTESIAN_POINT ( 'NONE',  ( -52.52169868566193145, 34.41870425759831420, 120.0000000000000284 ) ) ;
#6963 = VERTEX_POINT ( 'NONE', #7074 ) ;
#6964 = CARTESIAN_POINT ( 'NONE',  ( 3.210552366865748297, 58.44598122105593774, 52.54223714104904985 ) ) ;
#6965 = CARTESIAN_POINT ( 'NONE',  ( 26.03519514340369057, 35.41622599239010327, 17.23175393959791180 ) ) ;
#6966 = VERTEX_POINT ( 'NONE', #1871 ) ;
#6967 = CARTESIAN_POINT ( 'NONE',  ( -28.75502106675685354, 67.26458383197966384, 97.25400814241189096 ) ) ;
#6968 = CARTESIAN_POINT ( 'NONE',  ( 31.12140079276340288, 54.00936366065322147, 65.83715305203881485 ) ) ;
#6969 = CARTESIAN_POINT ( 'NONE',  ( 45.84334653097244683, 34.22548254520827982, 62.73587823517973305 ) ) ;
#6970 = CARTESIAN_POINT ( 'NONE',  ( -53.13400347411742786, -17.02376125221865877, 201.7391832395782103 ) ) ;
#6971 = CARTESIAN_POINT ( 'NONE',  ( 32.44772017948280052, 41.98559849556441037, 34.09560012035702670 ) ) ;
#6972 = DIRECTION ( 'NONE',  ( -0.3140079591704963424, 0.9494203503072704553, 0.000000000000000000 ) ) ;
#6973 = CARTESIAN_POINT ( 'NONE',  ( 51.22278939850089330, -5.922292296042086512, 61.09959576415398885 ) ) ;
#6974 = CARTESIAN_POINT ( 'NONE',  ( -2.567412874371581832, -49.27414381656933529, 251.6497886231556720 ) ) ;
#6975 = CARTESIAN_POINT ( 'NONE',  ( -33.60104455891958963, 63.21820929008113410, 97.14589225043616239 ) ) ;
#6976 = CARTESIAN_POINT ( 'NONE',  ( -45.11522785549176007, 8.668141480189721193, 282.2149397074610988 ) ) ;
#6977 = CARTESIAN_POINT ( 'NONE',  ( 27.10402065372196390, 59.14993053901232400, 70.85713968209749680 ) ) ;
#6978 = CARTESIAN_POINT ( 'NONE',  ( 19.39999999926928353, 56.43957698910128329, 57.31578026494730693 ) ) ;
#6979 = CARTESIAN_POINT ( 'NONE',  ( 4.066560519961885944, -46.00170559318671337, 283.5750265474619596 ) ) ;
#6981 = CARTESIAN_POINT ( 'NONE',  ( -25.32534655339211938, 29.47446468552367449, 10.00000000000000000 ) ) ;
#6980 = CARTESIAN_POINT ( 'NONE',  ( 54.90987642033468319, 3.609679028548031798, 174.9350898044664859 ) ) ;
#6982 = CARTESIAN_POINT ( 'NONE',  ( 23.19260319229401190, 97.67586146124946822, 321.0291108488048621 ) ) ;
#6983 = CARTESIAN_POINT ( 'NONE',  ( -36.02995235563852106, 52.77572579863214486, 75.61364254290185727 ) ) ;
#6984 = ADVANCED_FACE ( 'NONE', ( #7150 ), #4513, .T. ) ;
#6985 = CARTESIAN_POINT ( 'NONE',  ( -45.77346268631110604, 59.40616330443984339, 251.2647950789811944 ) ) ;
#6986 = CARTESIAN_POINT ( 'NONE',  ( -28.74397584923797311, 52.31635063540789332, 54.38776287135996768 ) ) ;
#6987 = CARTESIAN_POINT ( 'NONE',  ( -37.27287521075454180, -42.64205156870801261, 221.5289559395897641 ) ) ;
#6988 = CARTESIAN_POINT ( 'NONE',  ( -8.294113013362347075, 111.6844666644203414, 320.7717496856966477 ) ) ;
#6989 = CARTESIAN_POINT ( 'NONE',  ( 40.79405075677990311, -45.63226302627482056, 149.0839727263069960 ) ) ;
#6990 = B_SPLINE_CURVE_WITH_KNOTS ( 'NONE', 3,
 ( #195, #6782, #3293, #1580, #3894, #3112, #2116, #446, #2079, #4391, #5075, #7393 ),
 .UNSPECIFIED., .F., .F.,
 ( 4, 2, 2, 2, 2, 4 ),
 ( 0.000000000000000000, 0.003219973075613982195, 0.006439946151227964391, 0.009659919226841947454, 0.01126990576464893465, 0.01287989230245592358 ),
 .UNSPECIFIED. ) ;
#6991 = CARTESIAN_POINT ( 'NONE',  ( -21.55165213505841137, 38.78149817916895614, 17.20962238847535630 ) ) ;
#6992 = CARTESIAN_POINT ( 'NONE',  ( -19.05264942452047805, 58.48176211550696024, 54.13826331527710067 ) ) ;
#6993 = CARTESIAN_POINT ( 'NONE',  ( 30.80411378776805265, 49.91548955011086264, 56.55475935338025550 ) ) ;
#6994 = CARTESIAN_POINT ( 'NONE',  ( 14.30626260628566904, 79.93169766535595500, 106.4324251587397612 ) ) ;
#6995 = CARTESIAN_POINT ( 'NONE',  ( 12.34365737111170169, 70.29757459442572554, 86.46039262631636291 ) ) ;
#6996 = CARTESIAN_POINT ( 'NONE',  ( 0.000000000000000000, 67.75888104431049896, 75.92133414060437246 ) ) ;
#6997 = CARTESIAN_POINT ( 'NONE',  ( 42.51219778980217967, 43.13563709758065556, 80.55269173132575133 ) ) ;
#6998 = CARTESIAN_POINT ( 'NONE',  ( -14.85335222316819248, 84.94359829957943475, 125.2779647288901401 ) ) ;
#6999 = CARTESIAN_POINT ( 'NONE',  ( -30.16248017735630071, 72.41754535975486817, 120.0000000000000853 ) ) ;
#7000 = CARTESIAN_POINT ( 'NONE',  ( 33.52439508640450327, -20.05473325682716990, 338.3955941221474859 ) ) ;
#7001 = CARTESIAN_POINT ( 'NONE',  ( 48.90398479399858189, 27.33183738551641895, 69.73943444666892333 ) ) ;
#7002 = ORIENTED_EDGE ( 'NONE', *, *, #7462, .F. ) ;
#7003 = CARTESIAN_POINT ( 'NONE',  ( 15.69797487143306824, 56.14941564353874526, 53.69347459551654822 ) ) ;
#7004 = VERTEX_POINT ( 'NONE', #388 ) ;
#7005 = CARTESIAN_POINT ( 'NONE',  ( -24.33859266543806754, 74.91180714726284862, 114.8784512689328494 ) ) ;
#7006 = CARTESIAN_POINT ( 'NONE',  ( 38.04688992488929955, 42.27299910250210502, 60.72331580595997025 ) ) ;
#7007 = CARTESIAN_POINT ( 'NONE',  ( -37.19990418133488674, -10.45258009751998607, 10.00000000000000888 ) ) ;
#7008 = CARTESIAN_POINT ( 'NONE',  ( 40.87184795561313422, 80.44064576392099752, 236.3446074991473154 ) ) ;
#7009 = CARTESIAN_POINT ( 'NONE',  ( 53.55347313723164859, -5.442605374564880805, 82.46847200278909895 ) ) ;
#7010 = CARTESIAN_POINT ( 'NONE',  ( -4.441863269600816899, -51.81114449858732485, 61.09565715812802011 ) ) ;
#7011 = CARTESIAN_POINT ( 'NONE',  ( -30.69113158335485281, 60.40075367729975397, 80.90363193718695811 ) ) ;
#7012 = CARTESIAN_POINT ( 'NONE',  ( -53.20275919456386760, 16.74653759958743748, 201.7382932607719965 ) ) ;
#7013 = CARTESIAN_POINT ( 'NONE',  ( 29.94288823620953011, 61.00456845408668727, 80.91899165566738361 ) ) ;
#7014 = CARTESIAN_POINT ( 'NONE',  ( 3.208917139380497829, 60.87522733801284147, 52.86139627195463220 ) ) ;
#7015 = CARTESIAN_POINT ( 'NONE',  ( 2.837047195623215057, -28.14814678199874010, 403.4141533273362938 ) ) ;
#7017 = CARTESIAN_POINT ( 'NONE',  ( -32.44772017948280052, 41.98559849556441037, 34.09560012035702670 ) ) ;
#7016 = CARTESIAN_POINT ( 'NONE',  ( 7.517000270665689321, 0.1717917704291420100, 405.9253625445247735 ) ) ;
#7018 = CARTESIAN_POINT ( 'NONE',  ( 33.53863066827350536, 85.20374325857851261, 174.9440229531619764 ) ) ;
#7019 = EDGE_CURVE ( 'NONE', #2781, #853, #3704, .T. ) ;
#7020 = CARTESIAN_POINT ( 'NONE',  ( -35.69472797653206442, 55.28433797189980226, 80.77752286172191987 ) ) ;
#7021 = B_SPLINE_CURVE_WITH_KNOTS ( 'NONE', 3,
 ( #3680, #6011, #1406, #2579, #7146, #2510 ),
 .UNSPECIFIED., .F., .F.,
 ( 4, 2, 4 ),
 ( 0.000000000000000000, 0.001217236879472031671, 0.002434473758944063343 ),
 .UNSPECIFIED. ) ;
#7022 = CARTESIAN_POINT ( 'NONE',  ( -32.11932904389750831, 63.90650640742774868, 321.5764151017434074 ) ) ;
#7023 = CARTESIAN_POINT ( 'NONE',  ( -19.40000000029201388, 56.98125940730532335, 53.72114124397322144 ) ) ;
#7024 = CARTESIAN_POINT ( 'NONE',  ( -33.04519734949823828, -45.30763743296669332, 221.5301126703144234 ) ) ;
#7025 = CARTESIAN_POINT ( 'NONE',  ( 22.45741342551448128, -38.79919264584551541, 309.2689683197198178 ) ) ;
#7026 = CARTESIAN_POINT ( 'NONE',  ( -35.27702874469574112, 79.28286754016831139, 149.0260133380620289 ) ) ;
#7027 = CARTESIAN_POINT ( 'NONE',  ( 36.39237133282148307, 63.43554235642849193, 108.6384106126900377 ) ) ;
#7028 = CARTESIAN_POINT ( 'NONE',  ( 13.97509443968651333, 109.3711075514724484, 353.1960512656522724 ) ) ;
#7029 = CARTESIAN_POINT ( 'NONE',  ( 20.16818975693840343, 69.94238922801409331, 91.79599004993113454 ) ) ;
#7030 = VERTEX_POINT ( 'NONE', #4442 ) ;
#7031 = CARTESIAN_POINT ( 'NONE',  ( -16.10486819299956807, 61.82864684152124823, 65.50146180888033598 ) ) ;
#7032 = CARTESIAN_POINT ( 'NONE',  ( 42.44863838443954762, 40.65724185888691267, 75.40100108895498465 ) ) ;
#7033 = CARTESIAN_POINT ( 'NONE',  ( -13.92866094768820240, 108.9788397689274149, 320.8250726920634293 ) ) ;
#7034 = CARTESIAN_POINT ( 'NONE',  ( -18.88371068411270315, 101.8672128300566300, 372.0408263861291971 ) ) ;
#7035 = SPHERICAL_SURFACE ( 'NONE', #4547, 0.5000000000000000000 ) ;
#7036 = CARTESIAN_POINT ( 'NONE',  ( 53.33577864821938874, -28.22758290619524502, 125.3258929774047061 ) ) ;
#7037 = CARTESIAN_POINT ( 'NONE',  ( -19.40000000029211336, 60.29842758625905930, 64.37052438116238307 ) ) ;
#7038 = ORIENTED_EDGE ( 'NONE', *, *, #3605, .F. ) ;
#7039 = CARTESIAN_POINT ( 'NONE',  ( 2.989782830787634743E-24, 58.44598121014543324, 52.54223714098301201 ) ) ;
#7040 = CARTESIAN_POINT ( 'NONE',  ( 24.47869813733927202, 62.63595267521673549, 75.84692519415510503 ) ) ;
#7041 = EDGE_LOOP ( 'NONE', ( #662, #1190, #15, #4147 ) ) ;
#7042 = CARTESIAN_POINT ( 'NONE',  ( -19.82858873113450926, 68.26743865821481450, 86.42575647791004201 ) ) ;
#7043 = CARTESIAN_POINT ( 'NONE',  ( -39.87720794425011661, -22.98215771179644662, 296.8358907728085114 ) ) ;
#7044 = CARTESIAN_POINT ( 'NONE',  ( 25.99660293237877795, 76.33929015630870651, 336.5399300979128725 ) ) ;
#7045 = CARTESIAN_POINT ( 'NONE',  ( 33.80310329663551983, 47.93273363713828417, 55.48403932038547737 ) ) ;
#7046 = CARTESIAN_POINT ( 'NONE',  ( 47.37466028503006754, -6.278915351545826695, 266.0946547227277392 ) ) ;
#7047 = CARTESIAN_POINT ( 'NONE',  ( -1.009519240138795571, -46.06074705912613609, 283.5891185915985488 ) ) ;
#7048 = B_SPLINE_CURVE_WITH_KNOTS ( 'NONE', 3,
 ( #4522, #6169, #1038, #4987, #7304, #2703, #2172, #2667 ),
 .UNSPECIFIED., .F., .F.,
 ( 4, 2, 2, 4 ),
 ( 0.05385579994470485882, 0.07804728569003045735, 0.09014302856269323927, 0.1022387714353560212 ),
 .UNSPECIFIED. ) ;
#7049 = CARTESIAN_POINT ( 'NONE',  ( -27.99402494185152790, 52.35072568015231553, 56.60151016858394257 ) ) ;
#7050 = CARTESIAN_POINT ( 'NONE',  ( -40.02886599213815799, 3.100034814751546186, 17.37761320568493772 ) ) ;
#7051 = CARTESIAN_POINT ( 'NONE',  ( 27.18113061526091911, 57.13668083360104077, 65.90349995934130334 ) ) ;
#7052 = CARTESIAN_POINT ( 'NONE',  ( 18.75367035725486531, 59.84953428244312335, 64.60318290871173019 ) ) ;
#7053 = CARTESIAN_POINT ( 'NONE',  ( 3.234203844837741926, -40.39483810678468956, 9.999999999999998224 ) ) ;
#7055 = CARTESIAN_POINT ( 'NONE',  ( -15.68662085951247676, 70.03747808402631847, 374.7317950865955822 ) ) ;
#7054 = CARTESIAN_POINT ( 'NONE',  ( 45.23763675487480640, 6.487268837529327925, 282.2028401826211166 ) ) ;
#7056 = CARTESIAN_POINT ( 'NONE',  ( 32.68411370033201280, 64.25050017953809345, 82.48070104110963996 ) ) ;
#7057 = CARTESIAN_POINT ( 'NONE',  ( -37.42861628864313417, 63.65742667606158278, 114.5964165877009435 ) ) ;
#7058 = CARTESIAN_POINT ( 'NONE',  ( -46.79100587960751056, 52.80477293495515312, 251.1980047815277146 ) ) ;
#7059 = CARTESIAN_POINT ( 'NONE',  ( -6.352302474245226982, 63.47445605158028314, 65.06874729433368998 ) ) ;
#7060 = CARTESIAN_POINT ( 'NONE',  ( -36.75418557684559318, -43.11329065600710209, 61.09761998107961034 ) ) ;
#7061 = CARTESIAN_POINT ( 'NONE',  ( 30.61456938278566398, -49.83811410053662883, 175.0100621485987062 ) ) ;
#7063 = CARTESIAN_POINT ( 'NONE',  ( -13.72033568570337181, 82.33925683184499178, 391.6185326915131100 ) ) ;
#7062 = CARTESIAN_POINT ( 'NONE',  ( 49.78629420090688740, 32.84190813034922485, 82.47295628131756473 ) ) ;
#7064 = CARTESIAN_POINT ( 'NONE',  ( 33.31042542400263073, 58.00448886793568448, 80.84302559907011698 ) ) ;
#7065 = CARTESIAN_POINT ( 'NONE',  ( 20.98093319825395042, 88.63672423477601114, 149.0213930354750005 ) ) ;
#7066 = CARTESIAN_POINT ( 'NONE',  ( 23.38250536170142624, 70.38587604571549150, 97.34251641221895568 ) ) ;
#7067 = DIRECTION ( 'NONE',  ( 0.000000000000000000, -0.01159472558823202056, -0.9999327789099293762 ) ) ;
#7068 = CARTESIAN_POINT ( 'NONE',  ( 0.000000000000000000, 69.56930806928910727, 81.09348171580016640 ) ) ;
#7069 = CARTESIAN_POINT ( 'NONE',  ( 41.79589762414079246, 39.56327831978954634, 70.47703421785253397 ) ) ;
#7070 = CARTESIAN_POINT ( 'NONE',  ( -16.71684876410861875, 103.0043457223362680, 236.5076488958378036 ) ) ;
#7071 = CARTESIAN_POINT ( 'NONE',  ( -20.01174873569482315, 104.3347249365812814, 283.6650108671940416 ) ) ;
#7072 = CARTESIAN_POINT ( 'NONE',  ( -49.36025553292500945, 29.80163527330043038, 114.2612927889811516 ) ) ;
#7073 = CARTESIAN_POINT ( 'NONE',  ( 52.22376623910641769, -22.11587362932721135, 201.7398619665812873 ) ) ;
#7074 = CARTESIAN_POINT ( 'NONE',  ( 0.000000000000000000, 60.45963184163122150, 52.54223714096968934 ) ) ;
#7075 = ORIENTED_EDGE ( 'NONE', *, *, #5411, .T. ) ;
#7076 = CARTESIAN_POINT ( 'NONE',  ( 15.85675428697742539, 56.59101442098427981, 53.00612740117975363 ) ) ;
#7077 = CARTESIAN_POINT ( 'NONE',  ( 27.91591796442091322, 64.27496463948365601, 86.32428553182171527 ) ) ;
#7078 = ORIENTED_EDGE ( 'NONE', *, *, #2627, .F. ) ;
#7079 = CARTESIAN_POINT ( 'NONE',  ( -26.00288418740533558, 75.50540399258531465, 121.0363590848532596 ) ) ;
#7080 = CARTESIAN_POINT ( 'NONE',  ( -45.43995290893052896, -30.57366086125706417, 236.0819652489089151 ) ) ;
#7081 = CARTESIAN_POINT ( 'NONE',  ( 6.656989329846575210, 68.09833089205979206, 403.8126699580142827 ) ) ;
#7082 = CARTESIAN_POINT ( 'NONE',  ( -15.69263216924372450, 56.13290071344560772, 53.69760250008226166 ) ) ;
#7083 = CARTESIAN_POINT ( 'NONE',  ( 52.29861167526561161, -5.729493552835315029, 221.5228027656295353 ) ) ;
#7084 = CARTESIAN_POINT ( 'NONE',  ( -1.744389413586290738, -28.32767317316369571, 403.3960499528543551 ) ) ;
#7085 = CARTESIAN_POINT ( 'NONE',  ( -32.05530609906112005, 62.91886008547353981, 91.60708220318487349 ) ) ;
#7086 = CARTESIAN_POINT ( 'NONE',  ( -54.54256619498364245, 9.487386946559070111, 106.4731826001435024 ) ) ;
#7087 = CARTESIAN_POINT ( 'NONE',  ( 31.98689478268696718, 69.61323213246247121, 114.7313653223100545 ) ) ;
#7088 = CARTESIAN_POINT ( 'NONE',  ( 43.53051630407460948, 30.40652666235415325, 64.69812381846547567 ) ) ;
#7089 = CARTESIAN_POINT ( 'NONE',  ( -40.57963596126745642, -5.907837129994319980, 17.38827416203088205 ) ) ;
#7090 = CARTESIAN_POINT ( 'NONE',  ( 4.970002807748462814, -36.44990291196836552, 354.3382879149454538 ) ) ;
#7092 = CARTESIAN_POINT ( 'NONE',  ( -44.73795073683756129, 69.63358936272844346, 236.2817962083018699 ) ) ;
#7091 = CARTESIAN_POINT ( 'NONE',  ( 51.26822792134864670, 2.638863574291300029, 236.0047765466693477 ) ) ;
#7093 = CARTESIAN_POINT ( 'NONE',  ( -43.44533863253518291, 37.79705000921206448, 75.36414631885881477 ) ) ;
#7094 = CARTESIAN_POINT ( 'NONE',  ( 19.53317628069275003, 89.92290282611246255, 354.4104276830854019 ) ) ;
#7095 = EDGE_CURVE ( 'NONE', #809, #700, #367, .T. ) ;
#7096 = CARTESIAN_POINT ( 'NONE',  ( -36.20911716919846413, 58.51677058364163031, 91.49811265448028053 ) ) ;
#7097 = CARTESIAN_POINT ( 'NONE',  ( -32.70616665414924285, 59.13451602421752540, 321.6483228487686006 ) ) ;
#7098 = CARTESIAN_POINT ( 'NONE',  ( -41.06709907474674282, 31.56589495156666914, 59.07696883589773762 ) ) ;
#7099 = CARTESIAN_POINT ( 'NONE',  ( -30.11766121558373399, -31.76031274197908161, 9.999999999999978684 ) ) ;
#7100 = CARTESIAN_POINT ( 'NONE',  ( 29.50661630695898197, -41.69560161598889181, 266.8685979431496662 ) ) ;
#7102 = CARTESIAN_POINT ( 'NONE',  ( -26.15128584824514490, 95.36013762576389752, 309.2798532602187151 ) ) ;
#7101 = CARTESIAN_POINT ( 'NONE',  ( 24.86820296921806417, 28.30854627859632444, 358.6992870649792167 ) ) ;
#7103 = CARTESIAN_POINT ( 'NONE',  ( 35.38393969877515843, 64.64113324433172636, 108.6639659138102729 ) ) ;
#7104 = CARTESIAN_POINT ( 'NONE',  ( 16.10707433725307425, 52.16592338488624847, 33.96672556285927413 ) ) ;
#7105 = CARTESIAN_POINT ( 'NONE',  ( -17.51814160252020258, 58.70516635059931332, 53.40410013167545600 ) ) ;
#7106 = CARTESIAN_POINT ( 'NONE',  ( -1.820207173042355908, 60.26618955333712790, 56.67129530983793018 ) ) ;
#7107 = CARTESIAN_POINT ( 'NONE',  ( 39.13006094368998333, 37.39256874137266351, 56.33539040419987742 ) ) ;
#7108 = CARTESIAN_POINT ( 'NONE',  ( -11.96938820457813968, 111.2393963890179975, 402.7407002363203787 ) ) ;
#7109 = CARTESIAN_POINT ( 'NONE',  ( -24.44036881724092680, 96.79165610574744960, 211.2201583485591527 ) ) ;
#7110 = CARTESIAN_POINT ( 'NONE',  ( -47.99531759648204599, 27.62432139786706742, 91.09908774821128929 ) ) ;
#7111 = CARTESIAN_POINT ( 'NONE',  ( 40.69263145525302861, -39.81381927642592444, 61.09799580955821341 ) ) ;
#7112 = CARTESIAN_POINT ( 'NONE',  ( -48.72271022652954997, 50.50279905477508180, 120.0000000000000426 ) ) ;
#7113 = ORIENTED_EDGE ( 'NONE', *, *, #2152, .F. ) ;
#7114 = CARTESIAN_POINT ( 'NONE',  ( 0.000000000000000000, 96.80942756360546753, 174.9460906908306015 ) ) ;
#7115 = CARTESIAN_POINT ( 'NONE',  ( 25.75848279198868696, 61.94735944038377795, 75.83092054357683764 ) ) ;
#7116 = CARTESIAN_POINT ( 'NONE',  ( -25.09919968481915475, 71.16699733791014637, 103.0992787079825916 ) ) ;
#7117 = CARTESIAN_POINT ( 'NONE',  ( -29.47858853500205001, -18.31203977833023799, 358.9452627792994122 ) ) ;
#7118 = CARTESIAN_POINT ( 'NONE',  ( 41.51408734125853073, 44.96807397517160609, 61.00267832873343821 ) ) ;
#7119 = CARTESIAN_POINT ( 'NONE',  ( -17.98579161048642305, 55.48031970492137077, 53.86080298793807231 ) ) ;
#7120 = CARTESIAN_POINT ( 'NONE',  ( 16.51082527735587746, -6.579994903228536529, 397.6363265681047210 ) ) ;
#7121 = CARTESIAN_POINT ( 'NONE',  ( -2.734427874153456894, -53.62467348290692826, 82.49038859486083197 ) ) ;
#7122 = CARTESIAN_POINT ( 'NONE',  ( -28.34426390541345953, 54.23474364494806110, 61.13945131775803077 ) ) ;
#7123 = CIRCLE ( 'NONE', #6875, 0.4999999999999978906 ) ;
#7124 = CARTESIAN_POINT ( 'NONE',  ( -52.16533417193573285, 12.18183908007447158, 221.5276813607478630 ) ) ;
#7125 = CARTESIAN_POINT ( 'NONE',  ( 29.34074566652729743, 57.54728086585647873, 70.82097470695015318 ) ) ;
#7126 = CARTESIAN_POINT ( 'NONE',  ( 19.39999999929917962, 59.68531878769576338, 64.71590654454143987 ) ) ;
#7127 = CARTESIAN_POINT ( 'NONE',  ( -51.22892169277248087, -5.540383518386055250, 61.09955690949418994 ) ) ;
#7128 = CARTESIAN_POINT ( 'NONE',  ( 0.2666871004288343672, -27.31785047043236858, 409.0779284778315628 ) ) ;
#7130 = CARTESIAN_POINT ( 'NONE',  ( -16.27518068233529291, 63.27371450682036169, 375.3663428981856782 ) ) ;
#7129 = CARTESIAN_POINT ( 'NONE',  ( 37.11582768008015165, 4.126411538484521024, 322.2479496672474966 ) ) ;
#7131 = CARTESIAN_POINT ( 'NONE',  ( -42.54974143380820806, 37.47973351812809284, 70.44996382096965704 ) ) ;
#7132 = CARTESIAN_POINT ( 'NONE',  ( 35.65259688930191118, 69.05856685866888256, 106.4416489173293598 ) ) ;
#7133 = CARTESIAN_POINT ( 'NONE',  ( -34.80784708147415785, 54.31631033617698279, 75.64731558894366970 ) ) ;
#7134 = CARTESIAN_POINT ( 'NONE',  ( -47.27436567390391531, 47.53978440919127024, 95.91675385857286074 ) ) ;
#7135 = CARTESIAN_POINT ( 'NONE',  ( -19.40000000029201388, 58.76781035985131041, 56.02623198150052275 ) ) ;
#7136 = CARTESIAN_POINT ( 'NONE',  ( -18.86661086191058345, -40.24747038855384318, 309.2793463595356229 ) ) ;
#7137 = CARTESIAN_POINT ( 'NONE',  ( 11.57478406612963440, -40.42895401719788850, 321.1027311457725091 ) ) ;
#7139 = CARTESIAN_POINT ( 'NONE',  ( -31.52744243911445565, 65.15498642165036358, 82.48096350796008380 ) ) ;
#7138 = CARTESIAN_POINT ( 'NONE',  ( 48.66317009526044046, 31.20510909691258661, 251.0066005432430245 ) ) ;
#7140 = CARTESIAN_POINT ( 'NONE',  ( 36.44293527984731185, 58.22060804930880096, 91.49150548826555962 ) ) ;
#7141 = CARTESIAN_POINT ( 'NONE',  ( 20.51713347036356083, 63.06588284998504434, 60.93448296930866093 ) ) ;
#7142 =( BOUNDED_SURFACE ( )  B_SPLINE_SURFACE ( 3, 2, ( 
 ( #3895, #2040, #5076 ),
 ( #3821, #297, #2190 ),
 ( #7357, #4355, #6148 ),
 ( #447, #3255, #3932 ),
 ( #6186, #4968, #983 ),
 ( #2685, #6783, #6673 ) ),
 .UNSPECIFIED., .F., .F., .F. ) 
 B_SPLINE_SURFACE_WITH_KNOTS ( ( 4, 2, 4 ),
 ( 3, 3 ),
 ( 0.000000000000000000, 0.001077967608816151994, 0.002155935217632303988 ),
 ( 0.000000000000000000, 1.000000000000000000 ),
 .UNSPECIFIED. ) 
 GEOMETRIC_REPRESENTATION_ITEM ( )  RATIONAL_B_SPLINE_SURFACE ( (
 ( 1.000000000000000000, 0.5881755814004585581, 1.000000000000000000),
 ( 1.000000000000000000, 0.5903819386706961048, 1.000000000000000000),
 ( 1.000000000000000000, 0.5947403721239968855, 1.000000000000000000),
 ( 1.000000000000000000, 0.6071980181094559503, 1.000000000000000000),
 ( 1.000000000000000000, 0.6149975193776984206, 1.000000000000000000),
 ( 1.000000000000000000, 0.6239814738343276712, 1.000000000000000000) ) ) 
 REPRESENTATION_ITEM ( '' )  SURFACE ( )  );
#7143 = CARTESIAN_POINT ( 'NONE',  ( 30.56871613923570052, 50.94872432401223961, 54.72978557012627476 ) ) ;
#7144 = DIRECTION ( 'NONE',  ( 0.9465059118422803897, -0.3130440479828311973, 0.07829420713013507394 ) ) ;
#7145 = CARTESIAN_POINT ( 'NONE',  ( 46.01707901543310442, 43.83610723048031588, 108.3648811529309626 ) ) ;
#7146 = CARTESIAN_POINT ( 'NONE',  ( 18.77778731480609409, 60.69705135392869266, 65.48153442206638886 ) ) ;
#7147 = CARTESIAN_POINT ( 'NONE',  ( -12.66348884083828708, 37.17648967538949023, 9.999999999999996447 ) ) ;
#7148 = CARTESIAN_POINT ( 'NONE',  ( -32.54139961042641005, 54.12880156637812235, 57.75835855024326548 ) ) ;
#7149 = CARTESIAN_POINT ( 'NONE',  ( 41.24398309075925795, -33.85412210976778624, 251.0978219708369181 ) ) ;
#7150 = FACE_OUTER_BOUND ( 'NONE', #844, .T. ) ;
#7151 = VERTEX_POINT ( 'NONE', #5051 ) ;
#7152 = CARTESIAN_POINT ( 'NONE',  ( 0.000000000000000000, 73.89364767014448887, 82.48426016609995770 ) ) ;
#7153 = CARTESIAN_POINT ( 'NONE',  ( 30.43051709447196274, 70.93139636156897154, 114.7661099368537805 ) ) ;
#7154 = CARTESIAN_POINT ( 'NONE',  ( -23.11846246227907642, 77.08348264773260894, 121.0809585207591255 ) ) ;
#7155 = CARTESIAN_POINT ( 'NONE',  ( -38.15203119596569792, -26.73131409732442165, 296.9272686957727387 ) ) ;
#7156 = CARTESIAN_POINT ( 'NONE',  ( 47.35693498923539124, 62.68961510592969688, 174.9408108824709416 ) ) ;
#7157 = AXIS2_PLACEMENT_3D ( 'NONE', #2070, #3734, #5067 ) ;
#7158 = DIRECTION ( 'NONE',  ( -0.000000000000000000, 0.3923337777895691825, 0.9198229214394286757 ) ) ;
#7159 = CARTESIAN_POINT ( 'NONE',  ( 16.59756203532739605, -6.728433920410279434, 397.6365478720514375 ) ) ;
#7160 = B_SPLINE_CURVE_WITH_KNOTS ( 'NONE', 3,
 ( #6322, #4602, #585, #6962, #1982, #3042, #1948, #7112, #4220, #1909, #4871, #771, #1339, #2477, #4258, #6580, #3080, #3720, #843, #5940, #4142, #3685, #6470, #1260, #3648, #6545, #3152, #6050, #4794, #1376, #5406, #808, #6015, #5369, #3118, #5978, #5900, #4295, #5444, #201 ),
 .UNSPECIFIED., .F., .F.,
 ( 4, 2, 2, 2, 2, 2, 2, 2, 2, 2, 2, 2, 2, 2, 2, 2, 2, 2, 2, 4 ),
 ( 0.006060971483537999638, 0.01159707745040402041, 0.01713318341727005159, 0.02820539535100211395, 0.03374150131786812779, 0.03927760728473414509, 0.04204566026816716068, 0.04481371325160016933, 0.05034981921846620051, 0.05311787220189918834, 0.05588592518533218312, 0.06142203115219811715, 0.06695813711906406507, 0.06972619010249703209, 0.07249424308592998523, 0.07803034905279593314, 0.08356645501966185330, 0.08633450800309483419, 0.08910256098652780121, 0.09463866695339374913 ),
 .UNSPECIFIED. ) ;
#7161 = CARTESIAN_POINT ( 'NONE',  ( -0.4225128644914850073, -55.25367027560801603, 149.1163318187778373 ) ) ;
#7162 = CIRCLE ( 'NONE', #978, 0.4999999999999999445 ) ;
#7163 = CARTESIAN_POINT ( 'NONE',  ( -30.33186165641822285, 58.76510997842984096, 75.75425541122491779 ) ) ;
#7164 = CARTESIAN_POINT ( 'NONE',  ( -39.91874722076038040, 6.262376983311979117, 309.1881451167366208 ) ) ;
#7165 = CARTESIAN_POINT ( 'NONE',  ( 32.89395475033112604, 68.77792806125644631, 114.7099953979286227 ) ) ;
#7166 = FACE_OUTER_BOUND ( 'NONE', #3612, .T. ) ;
#7167 = CARTESIAN_POINT ( 'NONE',  ( -8.662126782780298129, -5.798196466636451163, 409.0779284778321880 ) ) ;
#7168 = CARTESIAN_POINT ( 'NONE',  ( 1.252215391793557009, -55.30197672377875762, 125.3284468335832997 ) ) ;
#7169 = CARTESIAN_POINT ( 'NONE',  ( 53.16201752586142959, 0.02373478577073876924, 211.2173182657485881 ) ) ;
#7170 = CARTESIAN_POINT ( 'NONE',  ( -9.500633375252663271, -42.40294334421789557, 309.2995656440034509 ) ) ;
#7171 = CARTESIAN_POINT ( 'NONE',  ( -41.94729861517965475, 44.53096944654725320, 80.57349429582680500 ) ) ;
#7172 = CARTESIAN_POINT ( 'NONE',  ( 37.40036769032823827, 76.96173453576361112, 149.0270762108757481 ) ) ;
#7173 = CARTESIAN_POINT ( 'NONE',  ( -32.73710077365507942, 50.16990967203092566, 61.05505345974768261 ) ) ;
#7174 = CARTESIAN_POINT ( 'NONE',  ( -52.02581055733056559, 28.05024121427146611, 95.91770132125202508 ) ) ;
#7175 = CARTESIAN_POINT ( 'NONE',  ( 6.523352758772193560, 63.46408540468456749, 65.07176107210787563 ) ) ;
#7176 = CARTESIAN_POINT ( 'NONE',  ( -29.59061247604364908, -48.56709143404245310, 201.7479667655092328 ) ) ;
#7177 = CARTESIAN_POINT ( 'NONE',  ( 19.46835611935138388, -50.80687543801126083, 211.1958396456478511 ) ) ;
#7179 = CARTESIAN_POINT ( 'NONE',  ( -29.28745456234588929, 93.28317127214548066, 297.6592065546701065 ) ) ;
#7178 = CARTESIAN_POINT ( 'NONE',  ( 7.099515518358069599, 28.63440171882571761, 405.2642741591731124 ) ) ;
#7180 = CARTESIAN_POINT ( 'NONE',  ( 34.09683130629451142, 53.00186776751881013, 70.71615811234197224 ) ) ;
#7181 = CARTESIAN_POINT ( 'NONE',  ( 22.66618655282875139, 96.53617894195254223, 201.7343883737954400 ) ) ;
#7182 = CARTESIAN_POINT ( 'NONE',  ( -31.25156683142706626, 51.80858255919403632, 54.78909185581152030 ) ) ;
#7183 = CARTESIAN_POINT ( 'NONE',  ( 47.50723870149164441, 37.96711185598229576, 108.3206563449067232 ) ) ;
#7184 = CARTESIAN_POINT ( 'NONE',  ( 0.000000000000000000, 112.1035485132183425, 309.3073450306594623 ) ) ;
#7185 = CARTESIAN_POINT ( 'NONE',  ( -17.17766706406745314, 106.2214506424371052, 335.2801007324607099 ) ) ;
#7186 = DIRECTION ( 'NONE',  ( 1.166146528779424593E-10, 1.000000000000000000, 0.000000000000000000 ) ) ;
#7187 = CARTESIAN_POINT ( 'NONE',  ( 17.04426550751732705, -20.25389168816818852, 395.1694972106601540 ) ) ;
#7188 = CARTESIAN_POINT ( 'NONE',  ( -18.74215097689953069, 56.48995992626949203, 56.87763259191299170 ) ) ;
#7189 = EDGE_LOOP ( 'NONE', ( #1798, #2707, #18 ) ) ;
#7190 = CARTESIAN_POINT ( 'NONE',  ( 1.684546701495202470, 66.30446689546245409, 60.91610143333624450 ) ) ;
#7191 = CARTESIAN_POINT ( 'NONE',  ( 25.43833582039258090, 72.66314431298080478, 108.8762162312277297 ) ) ;
#7192 = CARTESIAN_POINT ( 'NONE',  ( -16.93245145185834488, 69.22228540247097328, 86.44467318915741316 ) ) ;
#7193 = CARTESIAN_POINT ( 'NONE',  ( 16.75142871126407229, 56.52716496110573985, 376.0054437532482439 ) ) ;
#7194 = CARTESIAN_POINT ( 'NONE',  ( 52.56195399889801223, 34.42243702693929208, 119.9999999999999574 ) ) ;
#7195 = CARTESIAN_POINT ( 'NONE',  ( 54.60785415885319338, -8.536140296040141351, 95.91851009984731036 ) ) ;
#7196 = CARTESIAN_POINT ( 'NONE',  ( 0.000000000000000000, -50.62112415900386253, 236.3618297300487541 ) ) ;
#7197 = CARTESIAN_POINT ( 'NONE',  ( -28.89964985591936752, 57.88696048258238847, 70.82868922145314627 ) ) ;
#7198 = CARTESIAN_POINT ( 'NONE',  ( -53.33435824399683156, 2.298823961024538676, 82.46873585070045465 ) ) ;
#7199 = CARTESIAN_POINT ( 'NONE',  ( 28.93786127248841566, 55.86016079507353282, 65.87668807989135189 ) ) ;
#7200 = CARTESIAN_POINT ( 'NONE',  ( 18.78935169805712491, 61.06033972086835604, 65.70413563398095391 ) ) ;
#7201 = CARTESIAN_POINT ( 'NONE',  ( -42.80010746909901798, -6.318932426268874636, 296.6508305861504482 ) ) ;
#7202 = CARTESIAN_POINT ( 'NONE',  ( 2.149444958817648299, -41.48690857944581722, 320.9761116345891878 ) ) ;
#7203 = CARTESIAN_POINT ( 'NONE',  ( 49.64632811970438553, -2.112328273136557577, 250.8450886823452208 ) ) ;
#7204 = CARTESIAN_POINT ( 'NONE',  ( -15.82790689171483045, -52.56755319284742711, 192.4373569982886920 ) ) ;
#7205 = CARTESIAN_POINT ( 'NONE',  ( -38.74410272150589662, 41.09761513964948421, 60.89020241642008102 ) ) ;
#7206 = CARTESIAN_POINT ( 'NONE',  ( 11.83710019376025002, 79.56131591875279696, 403.3806173657045520 ) ) ;
#7207 = CARTESIAN_POINT ( 'NONE',  ( -34.77168910838601334, 56.40393289904016427, 80.80361957443525966 ) ) ;
#7208 = CARTESIAN_POINT ( 'NONE',  ( -51.39762233582115414, 46.69834726673910552, 174.9387597499864171 ) ) ;
#7209 = CARTESIAN_POINT ( 'NONE',  ( -19.40000000029201388, 58.54781877883979746, 55.50927180106364034 ) ) ;
#7210 = CARTESIAN_POINT ( 'NONE',  ( -15.16366285203000608, -41.34844231122769287, 309.2886508090259667 ) ) ;
#7211 = CARTESIAN_POINT ( 'NONE',  ( 24.30290522034458789, -50.95142717878612615, 82.48539298879832415 ) ) ;
#7213 = CARTESIAN_POINT ( 'NONE',  ( -38.28759819107455797, 79.81448031202029370, 174.9432100267429178 ) ) ;
#7212 = CARTESIAN_POINT ( 'NONE',  ( 44.61397983970723402, 18.55010459094474129, 282.2886037042842418 ) ) ;
#7214 = CARTESIAN_POINT ( 'NONE',  ( 37.66957392760229340, 64.77037030325136868, 120.7768317837319358 ) ) ;
#7215 = CARTESIAN_POINT ( 'NONE',  ( 19.78815078269127170, 96.37773382686131640, 390.7956900492628165 ) ) ;
#7216 = CARTESIAN_POINT ( 'NONE',  ( -19.05296518916314241, 58.22071724677491034, 53.52525228497820109 ) ) ;
#7217 = ADVANCED_FACE ( 'NONE', ( #6163 ), #7339, .F. ) ;
#7218 = COLOUR_RGB ( '',0.7921568627450980005, 0.8196078431372548767, 0.9333333333333333481 ) ;
#7219 = CARTESIAN_POINT ( 'NONE',  ( 46.47905704434122498, 42.18016989389330007, 108.3511597209666490 ) ) ;
#7220 = CARTESIAN_POINT ( 'NONE',  ( 49.90056375662916821, 27.10604614702789306, 75.84462762349461684 ) ) ;
#7221 = CARTESIAN_POINT ( 'NONE',  ( -21.82851796965566393, 101.8971717089509212, 309.2902640188073633 ) ) ;
#7222 = CARTESIAN_POINT ( 'NONE',  ( 19.39999999930045149, 58.14612598489383544, 54.56544031509348258 ) ) ;
#7223 = CARTESIAN_POINT ( 'NONE',  ( 30.45323396565800067, -30.69059096660388164, 321.7449694699137126 ) ) ;
#7224 = CARTESIAN_POINT ( 'NONE',  ( 3.216179620685524654, 58.44598121036971605, 52.54223714086543850 ) ) ;
#7225 = ORIENTED_EDGE ( 'NONE', *, *, #4580, .T. ) ;
#7226 = CARTESIAN_POINT ( 'NONE',  ( 0.000000000000000000, 114.1269897751958524, 352.8396104960729076 ) ) ;
#7227 = CARTESIAN_POINT ( 'NONE',  ( 5.460107959099792296, 67.56229690303695179, 75.92080757154188575 ) ) ;
#7228 = CARTESIAN_POINT ( 'NONE',  ( -13.98286203047975640, 60.65948370850638582, 61.22639248532916412 ) ) ;
#7229 = CARTESIAN_POINT ( 'NONE',  ( 49.46721580709265709, 54.13372346069718333, 149.0368333872496862 ) ) ;
#7230 = EDGE_CURVE ( 'NONE', #2969, #435, #730, .T. ) ;
#7231 = CARTESIAN_POINT ( 'NONE',  ( 14.91999509419782832, 56.32675072903384006, 53.64912751876781982 ) ) ;
#7232 = CARTESIAN_POINT ( 'NONE',  ( 53.78523870204506352, -6.607670124925906663, 201.7386375963002081 ) ) ;
#7233 = CARTESIAN_POINT ( 'NONE',  ( -0.2740244662608425363, -30.63364143246819182, 391.5638077824757488 ) ) ;
#7234 = ORIENTED_EDGE ( 'NONE', *, *, #7507, .F. ) ;
#7235 = CARTESIAN_POINT ( 'NONE',  ( -28.20154964719396773, 54.34305814318584282, 61.14157574156469366 ) ) ;
#7236 = CARTESIAN_POINT ( 'NONE',  ( -7.368061849129143859, 1.598613362170090646, 405.9095772560551154 ) ) ;
#7237 = CARTESIAN_POINT ( 'NONE',  ( 28.48652794596323901, 54.12481096460676611, 61.13728443013889802 ) ) ;
#7238 = CARTESIAN_POINT ( 'NONE',  ( -9.599351329457411097, 60.37219809309282681, 52.64746086203088282 ) ) ;
#7239 = CARTESIAN_POINT ( 'NONE',  ( -38.10176256552726670, -6.366064249395209096, 322.2739777377120731 ) ) ;
#7240 = CARTESIAN_POINT ( 'NONE',  ( 0.2691328890395047191, -28.42617189643529585, 403.3873918172317872 ) ) ;
#7241 = CARTESIAN_POINT ( 'NONE',  ( 27.58509852925660155, -0.6464984716662657283, 359.7630994336495291 ) ) ;
#7242 = CARTESIAN_POINT ( 'NONE',  ( -14.63259340316777823, -49.70587240792393402, 236.3252484590367430 ) ) ;
#7243 = CARTESIAN_POINT ( 'NONE',  ( -43.03538141705066522, 41.69847173928197037, 80.53310775060236892 ) ) ;
#7244 = CARTESIAN_POINT ( 'NONE',  ( 23.93701776677540138, 37.14786789015811053, 17.22061336247276486 ) ) ;
#7245 = ORIENTED_EDGE ( 'NONE', *, *, #818, .T. ) ;
#7246 = CARTESIAN_POINT ( 'NONE',  ( -33.31042542400830087, 58.00448886795155801, 80.84302559912848096 ) ) ;
#7247 = CARTESIAN_POINT ( 'NONE',  ( -40.89551631388290076, 27.26155058590790503, 34.23760628688901875 ) ) ;
#7248 = CARTESIAN_POINT ( 'NONE',  ( 19.18177602951125849, 60.92347781404899365, 65.72744471611090944 ) ) ;
#7249 = CARTESIAN_POINT ( 'NONE',  ( -18.50202022154245896, -49.05156655386844733, 236.3057147706324770 ) ) ;
#7250 = CARTESIAN_POINT ( 'NONE',  ( 21.38535298608146817, -45.16833922428637749, 267.0977388997728781 ) ) ;
#7252 = CARTESIAN_POINT ( 'NONE',  ( -28.42817128026775819, 90.59853457111134389, 309.2729718572772413 ) ) ;
#7251 = CARTESIAN_POINT ( 'NONE',  ( 53.20275919456386760, 16.74653759958743748, 201.7382932607719965 ) ) ;
#7253 = CARTESIAN_POINT ( 'NONE',  ( 32.95737142466587244, 49.91953597212163629, 61.04973883784595756 ) ) ;
#7254 = CARTESIAN_POINT ( 'NONE',  ( 22.27693521369799612, 97.91570670208825788, 211.2202151646027346 ) ) ;
#7255 = CARTESIAN_POINT ( 'NONE',  ( -36.65659817750891847, 49.67591112279850307, 70.64659307195668703 ) ) ;
#7256 = CARTESIAN_POINT ( 'NONE',  ( 43.44533863252743799, 37.79705000919968683, 75.36414631879412696 ) ) ;
#7257 = CARTESIAN_POINT ( 'NONE',  ( 0.000000000000000000, 110.3652471003203743, 283.8320178816200610 ) ) ;
#7258 = CARTESIAN_POINT ( 'NONE',  ( -29.79463543142523463, 88.41354506645497224, 174.9445236895687117 ) ) ;
#7259 = CARTESIAN_POINT ( 'NONE',  ( -47.79082251850068275, 38.60832335766058065, 114.3051390295332226 ) ) ;
#7260 = CARTESIAN_POINT ( 'NONE',  ( 46.10434698628334615, -37.06866126592985466, 82.47540446176114415 ) ) ;
#7261 = CARTESIAN_POINT ( 'NONE',  ( 31.25156683142706626, 51.80858255919403632, 54.78909185581152030 ) ) ;
#7262 = ORIENTED_EDGE ( 'NONE', *, *, #2954, .F. ) ;
#7263 = CARTESIAN_POINT ( 'NONE',  ( 1.493670337498563816, 111.3910238415857918, 298.0087188451853422 ) ) ;
#7264 = CARTESIAN_POINT ( 'NONE',  ( 8.794554085449327374, 67.24940395276493632, 75.91943282614020916 ) ) ;
#7265 = CARTESIAN_POINT ( 'NONE',  ( -13.66901890289368460, 68.24560458956139541, 81.08236505630397062 ) ) ;
#7266 = CARTESIAN_POINT ( 'NONE',  ( 43.35910743106603604, 71.03135462591906446, 251.3870017941989374 ) ) ;
#7267 = CARTESIAN_POINT ( 'NONE',  ( 19.39999999930045149, 55.88570334140709406, 53.73454359990421381 ) ) ;
#7268 = CARTESIAN_POINT ( 'NONE',  ( 55.24125157666991015, -8.553994493770428420, 106.4752925735672449 ) ) ;
#7269 = CARTESIAN_POINT ( 'NONE',  ( -18.74851554797579567, 59.62971422790328546, 64.25252233619427500 ) ) ;
#7270 = CARTESIAN_POINT ( 'NONE',  ( 19.48453219453851659, 60.89669401684190575, 56.06581079668085010 ) ) ;
#7271 = CARTESIAN_POINT ( 'NONE',  ( 17.97753840911579815, 55.24022093113644871, 53.15637722673626087 ) ) ;
#7272 = CARTESIAN_POINT ( 'NONE',  ( -29.14248409519957406, 59.69871625854485586, 75.77681910186701941 ) ) ;
#7273 = CARTESIAN_POINT ( 'NONE',  ( -40.23318569873402595, 1.053690713738919538, 17.38153833288447103 ) ) ;
#7274 = CARTESIAN_POINT ( 'NONE',  ( 32.22912956840588805, 66.16799385326223160, 102.9609951053707988 ) ) ;
#7275 = CARTESIAN_POINT ( 'NONE',  ( 19.39999999930045149, 57.11483626010598869, 53.71954199198574997 ) ) ;
#7276 = CARTESIAN_POINT ( 'NONE',  ( -34.79484428750806302, -7.907744462510787997, 338.9094986770033984 ) ) ;
#7277 = CARTESIAN_POINT ( 'NONE',  ( 0.2816841536668359680, -33.82651559785280426, 373.0243241031068351 ) ) ;
#7278 = CARTESIAN_POINT ( 'NONE',  ( 49.74550139539176286, 0.3173249125596362963, 250.8492170868408380 ) ) ;
#7279 = CARTESIAN_POINT ( 'NONE',  ( -10.09171726141619096, -47.43112126551242369, 34.32335593399706397 ) ) ;
#7280 = CARTESIAN_POINT ( 'NONE',  ( -41.27375501660947066, 40.93096214673975197, 70.49566355623171887 ) ) ;
#7281 = VERTEX_POINT ( 'NONE', #2319 ) ;
#7282 = CARTESIAN_POINT ( 'NONE',  ( -34.85110368849097284, 65.22416108587430017, 108.6775319302242480 ) ) ;
#7283 = CARTESIAN_POINT ( 'NONE',  ( -46.13695813032685322, 33.70437392891498973, 61.03631225452868136 ) ) ;
#7284 = CARTESIAN_POINT ( 'NONE',  ( -19.40000000029203520, 57.78272231590360519, 53.71169823297598356 ) ) ;
#7285 = DIRECTION ( 'NONE',  ( 0.000000000000000000, 0.000000000000000000, 1.000000000000000000 ) ) ;
#7286 = CARTESIAN_POINT ( 'NONE',  ( -18.09272910485420738, -38.63110028919934535, 321.2718751004470619 ) ) ;
#7287 = CARTESIAN_POINT ( 'NONE',  ( 17.05485596061238596, -36.44741500845820781, 336.3464810236683320 ) ) ;
#7289 = CARTESIAN_POINT ( 'NONE',  ( -36.65004664434665926, 68.08414441250710070, 106.4423500660956279 ) ) ;
#7288 = CARTESIAN_POINT ( 'NONE',  ( 49.84438019342842097, 15.27997492398673174, 61.07875177287905899 ) ) ;
#7290 = CARTESIAN_POINT ( 'NONE',  ( 37.12660697238269591, 62.50590799315260426, 108.6198214973096015 ) ) ;
#7291 = CARTESIAN_POINT ( 'NONE',  ( 26.89853194538487458, 80.50223968645782691, 125.2821776279656802 ) ) ;
#7292 = CARTESIAN_POINT ( 'NONE',  ( -38.38858717727597991, 59.08015870495829347, 102.8022051918807875 ) ) ;
#7293 = CARTESIAN_POINT ( 'NONE',  ( -52.61454457209055846, -27.72284007574966225, 174.9518399777679747 ) ) ;
#7294 = CARTESIAN_POINT ( 'NONE',  ( 43.24614594288816960, 35.33549397790717705, 70.42491826604100424 ) ) ;
#7295 = CARTESIAN_POINT ( 'NONE',  ( -29.90333722920761517, 51.63986673240647463, 58.38080358654300994 ) ) ;
#7296 = CARTESIAN_POINT ( 'NONE',  ( -26.98401477211433885, 94.10283604523122847, 201.7345603209578542 ) ) ;
#7297 = CARTESIAN_POINT ( 'NONE',  ( -47.42379102601966423, 30.95019139005021813, 91.12034938548812590 ) ) ;
#7298 = CARTESIAN_POINT ( 'NONE',  ( 30.30118861509693318, -36.11238771068142484, 297.2506059616509333 ) ) ;
#7299 = CARTESIAN_POINT ( 'NONE',  ( 42.28837228013819072, 37.13139274904705900, 58.45963550302403888 ) ) ;
#7300 = CARTESIAN_POINT ( 'NONE',  ( 9.602291562906549061, 106.6010458179829499, 251.8567759627173928 ) ) ;
#7301 = CARTESIAN_POINT ( 'NONE',  ( 7.633937003508951769, 74.48879538702199454, 97.42340765335760011 ) ) ;
#7302 = CARTESIAN_POINT ( 'NONE',  ( -18.00618411475113234, 75.83634143058256427, 108.9584569155152138 ) ) ;
#7303 = CARTESIAN_POINT ( 'NONE',  ( 48.30980686918767475, 56.90479038402592238, 221.5649520357075630 ) ) ;
#7304 = CARTESIAN_POINT ( 'NONE',  ( -47.69461168393620198, 27.10604614702779713, 87.84426675857817202 ) ) ;
#7305 = CARTESIAN_POINT ( 'NONE',  ( 56.00095982825008889, -8.572013787218459413, 125.3254267621806690 ) ) ;
#7306 = CARTESIAN_POINT ( 'NONE',  ( -3.185740784679583104, 57.98445078872242675, 53.23456412824047135 ) ) ;
#7307 = CARTESIAN_POINT ( 'NONE',  ( -0.7999048500538491480, -40.43807339941766088, 9.999999999999998224 ) ) ;
#7308 = FACE_OUTER_BOUND ( 'NONE', #5292, .T. ) ;
#7309 = CARTESIAN_POINT ( 'NONE',  ( -31.98689478268741126, 69.61323213246463126, 114.7313653223205421 ) ) ;
#7310 = CARTESIAN_POINT ( 'NONE',  ( -55.48186347027866105, 6.898228795229248256, 149.0506369592136195 ) ) ;
#7311 = CARTESIAN_POINT ( 'NONE',  ( 28.13471257134821002, 52.24167404615177901, 56.59973977672789403 ) ) ;
#7312 = CARTESIAN_POINT ( 'NONE',  ( -25.40662364329570266, 55.60306290881374025, 53.84014959074981732 ) ) ;
#7313 = CARTESIAN_POINT ( 'NONE',  ( -37.25453325313229413, -6.661685226313403874, 9.999999999999998224 ) ) ;
#7314 = CARTESIAN_POINT ( 'NONE',  ( -18.93914544849986115, 55.66029242548092526, 53.23888800552609268 ) ) ;
#7315 = CARTESIAN_POINT ( 'NONE',  ( 42.92219345457534985, -2.128929811702501507, 296.6545445183719494 ) ) ;
#7316 = CARTESIAN_POINT ( 'NONE',  ( -13.56343537099108332, -46.90500798910228042, 267.2670486066114108 ) ) ;
#7317 = CARTESIAN_POINT ( 'NONE',  ( -42.86462359277206247, 55.81208363873222567, 120.6362509292479501 ) ) ;
#7318 = CARTESIAN_POINT ( 'NONE',  ( -34.29310739684309084, 56.94498118746084003, 80.81672322227842642 ) ) ;
#7319 = CARTESIAN_POINT ( 'NONE',  ( -52.67335366501364291, 28.99455723453675660, 106.4659600007578604 ) ) ;
#7320 = CARTESIAN_POINT ( 'NONE',  ( 49.59581187824662862, 27.10604614702779358, 111.9541597462291662 ) ) ;
#7321 = FACE_OUTER_BOUND ( 'NONE', #1505, .T. ) ;
#7322 = CARTESIAN_POINT ( 'NONE',  ( 15.85408331491016476, -53.87172359710689307, 106.4509317065839298 ) ) ;
#7324 = CARTESIAN_POINT ( 'NONE',  ( -38.03828455329521319, 66.58646925340212874, 106.4434309700083645 ) ) ;
#7323 = CARTESIAN_POINT ( 'NONE',  ( 25.28125781294334828, 22.20427770572650417, 359.0174740022101787 ) ) ;
#7325 = EDGE_CURVE ( 'NONE', #1949, #1082, #2085, .T. ) ;
#7326 = CARTESIAN_POINT ( 'NONE',  ( 38.31111233895864387, 60.89781347131658151, 108.5892186544555784 ) ) ;
#7327 = CARTESIAN_POINT ( 'NONE',  ( 25.11450795170625483, 100.4900482982513950, 283.5622040760890172 ) ) ;
#7328 = CARTESIAN_POINT ( 'NONE',  ( -40.81526308856780361, 53.29594954586146116, 96.94278750355739760 ) ) ;
#7329 = CARTESIAN_POINT ( 'NONE',  ( -39.89996979667748178, -33.20772315460196467, 34.37465671385912458 ) ) ;
#7330 = CARTESIAN_POINT ( 'NONE',  ( 42.13767753096248470, 35.75144458249933876, 65.51834646814457130 ) ) ;
#7331 = CARTESIAN_POINT ( 'NONE',  ( 0.000000000000000000, 91.88541255089855042, 149.0192602527410770 ) ) ;
#7332 = CARTESIAN_POINT ( 'NONE',  ( -24.95555945333274650, 99.06241515001809717, 236.4709776834441755 ) ) ;
#7333 = CARTESIAN_POINT ( 'NONE',  ( -44.48452352502663132, 37.25890384366046959, 80.47841263798008526 ) ) ;
#7334 = CARTESIAN_POINT ( 'NONE',  ( 4.988104312776554750, 66.82417435054196631, 67.01547107695157024 ) ) ;
#7335 = CARTESIAN_POINT ( 'NONE',  ( 35.41809412362416509, 51.36957247223499934, 70.68126348449307272 ) ) ;
#7336 = CARTESIAN_POINT ( 'NONE',  ( 4.217717990304033826, 54.31187965992819500, 33.92926017718782816 ) ) ;
#7337 = CARTESIAN_POINT ( 'NONE',  ( 8.629353126638120486, 65.41298103056954005, 70.95375861664024342 ) ) ;
#7338 = CARTESIAN_POINT ( 'NONE',  ( -14.56602554494471136, 75.05813309435819747, 103.1922951123182202 ) ) ;
#7339 = B_SPLINE_SURFACE_WITH_KNOTS ( 'NONE', 1, 3, ( 
 ( #5015, #7334, #3797, #3836, #2621, #6797, #2129, #4332, #6761, #3871, #3341, #5556, #6648, #6126 ),
 ( #3758, #6201, #5629, #2165, #1595, #4943, #960, #3908, #7261, #4982, #6086, #880, #7299, #2095 ) ),
 .UNSPECIFIED., .F., .F., .F.,
 ( 2, 2 ),
 ( 4, 2, 2, 2, 2, 2, 4 ),
 ( 0.000000000000000000, 1.000000000000000000 ),
 ( 0.000000000000000000, 0.2500000000000000000, 0.3750000000000000000, 0.5000000000000000000, 0.6250000000000000000, 0.7500000000000000000, 1.000000000000000000 ),
 .UNSPECIFIED. ) ;
#7340 = CARTESIAN_POINT ( 'NONE',  ( 31.34379192869148056, 21.10718208963553622, 10.00000000000000000 ) ) ;
#7341 = CARTESIAN_POINT ( 'NONE',  ( -9.190678218810484523, 57.29176003363393477, 52.64331826122558056 ) ) ;
#7342 = CARTESIAN_POINT ( 'NONE',  ( 53.83654869146771205, -17.13195426765633300, 192.3515855445265288 ) ) ;
#7343 = SPHERICAL_SURFACE ( 'NONE', #6156, 0.5000000000000000000 ) ;
#7344 = CARTESIAN_POINT ( 'NONE',  ( 24.12294835194534670, 59.20282495291581171, 56.48942188387842123 ) ) ;
#7345 = VERTEX_POINT ( 'NONE', #5166 ) ;
#7346 = CARTESIAN_POINT ( 'NONE',  ( -31.67694863249571213, 68.31635230471485443, 108.7551626569329954 ) ) ;
#7347 = CARTESIAN_POINT ( 'NONE',  ( -51.25931822203267529, 0.2236097075457754435, 236.0017814304401327 ) ) ;
#7348 = CARTESIAN_POINT ( 'NONE',  ( 30.91278906875343324, 58.27954877147957546, 75.74287640420824630 ) ) ;
#7349 = CARTESIAN_POINT ( 'NONE',  ( -3.193572848007684151, 60.41391131948211068, 52.55366684329744231 ) ) ;
#7350 = CARTESIAN_POINT ( 'NONE',  ( -47.34790448748402980, -6.627606575959478441, 266.0946107118872987 ) ) ;
#7351 = CARTESIAN_POINT ( 'NONE',  ( 0.2851223280673234051, -43.22824026788681806, 17.33791332656384654 ) ) ;
#7352 = CARTESIAN_POINT ( 'NONE',  ( 42.86730672379518126, -4.794744038746967973, 296.6515585544222517 ) ) ;
#7353 = CARTESIAN_POINT ( 'NONE',  ( -8.176185754417430118, -45.75182540041285506, 283.5296188496884042 ) ) ;
#7354 = CARTESIAN_POINT ( 'NONE',  ( -36.03188100336795685, 62.20157880100055081, 102.8650257526645220 ) ) ;
#7355 = CARTESIAN_POINT ( 'NONE',  ( -53.32206331123330756, 23.93850581397895638, 106.4682224529067724 ) ) ;
#7356 = DIRECTION ( 'NONE',  ( 0.000000000000000000, -0.3846539746834140017, -0.9230608429352051836 ) ) ;
#7357 = CARTESIAN_POINT ( 'NONE',  ( -18.75367731129482252, 59.84985414613334598, 64.60375562825258555 ) ) ;
#7358 = CARTESIAN_POINT ( 'NONE',  ( 6.553433381993212237, -36.18977351236559770, 354.4409388700333920 ) ) ;
#7360 = CARTESIAN_POINT ( 'NONE',  ( -5.000000000000000888, 69.81523483854793710, 409.0779284778315628 ) ) ;
#7359 = CARTESIAN_POINT ( 'NONE',  ( 38.61008745920732110, 11.69598173585932166, 17.35235604267437282 ) ) ;
#7361 = CARTESIAN_POINT ( 'NONE',  ( 36.64271487294715968, 56.01465244757405770, 86.11837853814519406 ) ) ;
#7362 = CARTESIAN_POINT ( 'NONE',  ( 26.94206524966221750, 97.79212057632568644, 236.4599258179368917 ) ) ;
#7363 = CARTESIAN_POINT ( 'NONE',  ( -38.85752020087827674, 54.82410247006279747, 91.42035036695925498 ) ) ;
#7364 = CARTESIAN_POINT ( 'NONE',  ( -28.67371839224571772, -4.262896464442969879, 359.8020138128409826 ) ) ;
#7365 = CARTESIAN_POINT ( 'NONE',  ( -30.45323396565800067, -30.69059096660388164, 321.7449694699137126 ) ) ;
#7366 = CARTESIAN_POINT ( 'NONE',  ( 46.42008149367280367, 29.53130976132744934, 80.40404865939790113 ) ) ;
#7367 = CARTESIAN_POINT ( 'NONE',  ( 0.000000000000000000, 102.5138913959915783, 211.2204768672874309 ) ) ;
#7368 = CARTESIAN_POINT ( 'NONE',  ( -22.22565008608955850, 70.18895196051141738, 82.48267825261375208 ) ) ;
#7369 = CARTESIAN_POINT ( 'NONE',  ( -44.74553069714835374, 33.33937661181518308, 75.31570401181777186 ) ) ;
#7370 = CARTESIAN_POINT ( 'NONE',  ( 0.000000000000000000, 73.89364767014448887, 82.48426016609995770 ) ) ;
#7371 = CARTESIAN_POINT ( 'NONE',  ( 38.00542502494037223, 56.07666517117053218, 91.44605871155626176 ) ) ;
#7372 = CARTESIAN_POINT ( 'NONE',  ( 5.321258306415971973, 78.03212230797318227, 95.91467759725750852 ) ) ;
#7373 = CARTESIAN_POINT ( 'NONE',  ( 10.54426219918391716, 68.80080980810301128, 81.08807419198920741 ) ) ;
#7374 = CARTESIAN_POINT ( 'NONE',  ( -9.535853803544172891, 59.58038763929879167, 56.67427668146612518 ) ) ;
#7375 = CARTESIAN_POINT ( 'NONE',  ( 44.13874770745686504, 52.68398040642279767, 120.5999930780033509 ) ) ;
#7376 = CARTESIAN_POINT ( 'NONE',  ( 43.52966757256317720, 40.82110893248177774, 61.01578417630952345 ) ) ;
#7377 = CARTESIAN_POINT ( 'NONE',  ( 19.15334672847875197, 59.42400986927580675, 56.43410687465698317 ) ) ;
#7378 = CARTESIAN_POINT ( 'NONE',  ( 45.83774276201813791, -15.69917952931595906, 34.39745706046446116 ) ) ;
#7379 = FACE_OUTER_BOUND ( 'NONE', #2854, .T. ) ;
#7380 = CARTESIAN_POINT ( 'NONE',  ( 19.39999999930045149, 56.50037640184165610, 55.69236411313340085 ) ) ;
#7381 = CARTESIAN_POINT ( 'NONE',  ( 6.744774500906190795, 72.75196921823422258, 403.6522131176027983 ) ) ;
#7382 = CARTESIAN_POINT ( 'NONE',  ( 15.78824046105049561, 55.85769423110305354, 53.00195647401955767 ) ) ;
#7383 = CARTESIAN_POINT ( 'NONE',  ( -27.07554103363689890, 66.66349962619335656, 91.70865030520977257 ) ) ;
#7384 = CARTESIAN_POINT ( 'NONE',  ( -21.57454147650843979, -3.231631090555954877, 380.0691435206085202 ) ) ;
#7385 = CARTESIAN_POINT ( 'NONE',  ( 32.63268402060518980, 62.39417676640741206, 91.59327928532573537 ) ) ;
#7386 = CARTESIAN_POINT ( 'NONE',  ( 19.39999999930045504, 59.02476490798544972, 56.63012130679256018 ) ) ;
#7387 = CARTESIAN_POINT ( 'NONE',  ( -56.00095982825008889, -8.572013787218459413, 125.3254267621806690 ) ) ;
#7388 = DIRECTION ( 'NONE',  ( 8.358294784959090292E-14, -0.9999327789099108355, 0.01159472558983178948 ) ) ;
#7389 = CARTESIAN_POINT ( 'NONE',  ( 28.67371839224571772, -4.262896464442969879, 359.8020138128409826 ) ) ;
#7390 = CARTESIAN_POINT ( 'NONE',  ( -7.581342300910199228, -55.10433277045158462, 125.3283760160812079 ) ) ;
#7391 = CARTESIAN_POINT ( 'NONE',  ( -31.73898292055681836, 57.54595159587771036, 75.72509473728487706 ) ) ;
#7392 = CARTESIAN_POINT ( 'NONE',  ( -52.18923153971430651, 17.21879031458709264, 82.47026249114881580 ) ) ;
#7393 = CARTESIAN_POINT ( 'NONE',  ( -45.84334653097243972, 34.22548254520827982, 62.73587823517973305 ) ) ;
#7394 = CARTESIAN_POINT ( 'NONE',  ( 18.93811975678445236, 56.97529099679120179, 53.22263220469622524 ) ) ;
#7395 = CARTESIAN_POINT ( 'NONE',  ( 15.22188014730071259, -52.72311171003833152, 82.48824992233798525 ) ) ;
#7397 = CARTESIAN_POINT ( 'NONE',  ( -33.29483022562411776, 83.92563834338746176, 297.5269623833608534 ) ) ;
#7396 = CARTESIAN_POINT ( 'NONE',  ( 40.23318569873402595, 1.053690713738919538, 17.38153833288447103 ) ) ;
#7398 = CARTESIAN_POINT ( 'NONE',  ( 21.23951168041989490, 101.3752840621368563, 320.9607903728701785 ) ) ;
#7399 = CARTESIAN_POINT ( 'NONE',  ( -38.62210806726828594, 51.10649144279094713, 80.68913668014802454 ) ) ;
#7400 = CARTESIAN_POINT ( 'NONE',  ( -49.52426872189889195, -3.760226744287658462, 250.8434599818468769 ) ) ;
#7401 = CARTESIAN_POINT ( 'NONE',  ( -42.86752894240916589, -34.76204864421595175, 236.1128639923851438 ) ) ;
#7402 = CARTESIAN_POINT ( 'NONE',  ( 46.19889392435310072, 33.42450663724376625, 85.78949001962116938 ) ) ;
#7403 = CARTESIAN_POINT ( 'NONE',  ( -5.421227344103089152, 102.3717906167731542, 211.2204670723332640 ) ) ;
#7404 = CARTESIAN_POINT ( 'NONE',  ( -25.11450795170625483, 100.4900482982513950, 283.5622040760890172 ) ) ;
#7405 = CARTESIAN_POINT ( 'NONE',  ( -47.12222217269510338, 39.66657292508321575, 108.3320660539521469 ) ) ;
#7406 = CARTESIAN_POINT ( 'NONE',  ( 35.83092880824942483, 50.80501868908302043, 70.66970668029075853 ) ) ;
#7407 = CARTESIAN_POINT ( 'NONE',  ( 11.65735987292029918, 109.8619777451270068, 309.3032395257943108 ) ) ;
#7408 = CARTESIAN_POINT ( 'NONE',  ( 13.66411509880192376, 58.78250505150316485, 56.67486336842841155 ) ) ;
#7409 = CARTESIAN_POINT ( 'NONE',  ( -9.732625865407106502, 79.25977544420081244, 114.9724440072042171 ) ) ;
#7410 = CARTESIAN_POINT ( 'NONE',  ( 42.97307284646781511, 52.46903966383788287, 108.4559919491355942 ) ) ;
#7411 = CARTESIAN_POINT ( 'NONE',  ( 32.61100185019126485, 18.52587481360840371, 10.00000000000000000 ) ) ;
#7412 = CARTESIAN_POINT ( 'NONE',  ( 19.39999999930045149, 56.32392500091831522, 53.72911749078147636 ) ) ;
#7413 = CARTESIAN_POINT ( 'NONE',  ( 37.26951528980203676, -17.76020160227152900, 322.1570194046114466 ) ) ;
#7414 = CARTESIAN_POINT ( 'NONE',  ( -18.75358224478683766, 59.84588018797902009, 64.59761501569762743 ) ) ;
#7415 = CARTESIAN_POINT ( 'NONE',  ( 36.08259778339595414, 50.82571065250765940, 58.58441173400815671 ) ) ;
#7416 = CARTESIAN_POINT ( 'NONE',  ( 19.13206306754865338, 85.25606391147253760, 354.8036153839083795 ) ) ;
#7417 = ORIENTED_EDGE ( 'NONE', *, *, #6749, .F. ) ;
#7418 = CARTESIAN_POINT ( 'NONE',  ( 0.000000000000000000, 79.84861167313255237, 114.9783347029845970 ) ) ;
#7419 = CARTESIAN_POINT ( 'NONE',  ( -30.04757691512122975, 72.73062614541559867, 120.9592321118307581 ) ) ;
#7420 = CARTESIAN_POINT ( 'NONE',  ( -37.27056617082715206, 2.462225255952091629, 322.2551704974248423 ) ) ;
#7421 = CARTESIAN_POINT ( 'NONE',  ( 33.67873545876142316, 64.79044019731128401, 102.9255441805440796 ) ) ;
#7422 = CARTESIAN_POINT ( 'NONE',  ( 17.23688174606105861, 59.94912474650460155, 63.75308014964538472 ) ) ;
#7423 = CARTESIAN_POINT ( 'NONE',  ( -40.58067204740910938, -6.444519036269055867, 17.38835079535924777 ) ) ;
#7424 = CARTESIAN_POINT ( 'NONE',  ( -19.40000000029200677, 56.97571379152894622, 53.25794598654056955 ) ) ;
#7425 = CARTESIAN_POINT ( 'NONE',  ( 49.52426872189889195, -3.760226744287658462, 250.8434599818468769 ) ) ;
#7426 = CARTESIAN_POINT ( 'NONE',  ( -6.388269702700899444, -47.62124436672880279, 267.3669795238054121 ) ) ;
#7427 =( BOUNDED_SURFACE ( )  B_SPLINE_SURFACE ( 3, 2, ( 
 ( #2151, #4429, #6748 ),
 ( #5617, #4464, #6899 ),
 ( #6939, #6978, #3366 ),
 ( #6300, #2793, #1811 ) ),
 .UNSPECIFIED., .F., .F., .F. ) 
 B_SPLINE_SURFACE_WITH_KNOTS ( ( 4, 4 ),
 ( 3, 3 ),
 ( 0.000000000000000000, 0.01081533712907119943 ),
 ( 0.000000000000000000, 1.000000000000000000 ),
 .UNSPECIFIED. ) 
 GEOMETRIC_REPRESENTATION_ITEM ( )  RATIONAL_B_SPLINE_SURFACE ( (
 ( 1.000000000000000000, 0.5881755814092848311, 1.000000000000000000),
 ( 1.000000000000000000, 0.5866925316911871802, 1.000000000000000000),
 ( 1.000000000000000000, 0.5851374458098035358, 1.000000000000000000),
 ( 1.000000000000000000, 0.5834918412360978746, 1.000000000000000000) ) ) 
 REPRESENTATION_ITEM ( '' )  SURFACE ( )  );
#7428 = CARTESIAN_POINT ( 'NONE',  ( -32.25686797870242373, 59.02614466545825422, 80.86901872801877289 ) ) ;
#7429 = CARTESIAN_POINT ( 'NONE',  ( -46.60101987402995150, 31.64395257808095963, 266.3408455632581422 ) ) ;
#7430 = CARTESIAN_POINT ( 'NONE',  ( 31.25156683142706626, 51.80858255919403632, 54.78909185581152030 ) ) ;
#7431 = CARTESIAN_POINT ( 'NONE',  ( 8.025541532940662748, 60.51971710613610611, 52.95030223002139991 ) ) ;
#7432 = CARTESIAN_POINT ( 'NONE',  ( 9.679111956572487685, -52.11111171833208999, 211.1929964558786708 ) ) ;
#7434 = CARTESIAN_POINT ( 'NONE',  ( -32.19565720600628822, 86.95653885710478903, 297.5691759595453618 ) ) ;
#7433 = CARTESIAN_POINT ( 'NONE',  ( 36.75994203086202816, 8.185796779730333483, 322.2279236166048690 ) ) ;
#7435 = CARTESIAN_POINT ( 'NONE',  ( 20.22956923294334075, 95.67267823121838433, 353.9675728057883362 ) ) ;
#7436 = CARTESIAN_POINT ( 'NONE',  ( -34.54428409640537723, 52.46644675622745524, 70.70426385535935765 ) ) ;
#7437 = CARTESIAN_POINT ( 'NONE',  ( -54.37044122408212843, -3.972773824086305972, 192.3476413295970815 ) ) ;
#7438 = CARTESIAN_POINT ( 'NONE',  ( -35.27458073932961469, 46.24629440202048869, 55.90579231949514849 ) ) ;
#7439 = CARTESIAN_POINT ( 'NONE',  ( -46.06458377756364797, -36.36839824077023309, 201.7429362006575673 ) ) ;
#7440 = CARTESIAN_POINT ( 'NONE',  ( -1.842107943879067511, 78.14528303371176321, 95.91466575645878834 ) ) ;
#7441 = CARTESIAN_POINT ( 'NONE',  ( -17.38421708921468678, 87.62588582330330667, 373.0124606318696578 ) ) ;
#7442 = CARTESIAN_POINT ( 'NONE',  ( -44.82422509010886102, 41.36654493188964210, 91.21563946940172229 ) ) ;
#7443 = CARTESIAN_POINT ( 'NONE',  ( 19.39999999930041952, 57.19302574422281538, 56.99204233192523361 ) ) ;
#7444 = CARTESIAN_POINT ( 'NONE',  ( 37.84686122472548675, 52.34137363582415503, 80.71410923144999572 ) ) ;
#7445 = CARTESIAN_POINT ( 'NONE',  ( 8.097751355627073266, 113.2664821021386246, 371.2895744942143779 ) ) ;
#7446 = EDGE_CURVE ( 'NONE', #7281, #6966, #187, .T. ) ;
#7447 = CARTESIAN_POINT ( 'NONE',  ( 16.77295109835779030, 79.39580234650539126, 121.1354859777371615 ) ) ;
#7448 = CARTESIAN_POINT ( 'NONE',  ( -7.979989908432157719, 81.06327976093740517, 121.1620341597028272 ) ) ;
#7449 = CARTESIAN_POINT ( 'NONE',  ( 42.82406301245778479, 49.05598785143089202, 96.87788121281042208 ) ) ;
#7450 = CARTESIAN_POINT ( 'NONE',  ( 39.45309683565793080, 30.76688321736221710, 34.20697410820720563 ) ) ;
#7451 = CARTESIAN_POINT ( 'NONE',  ( -43.77344185438234803, 53.73837128797569562, 119.9999999999999858 ) ) ;
#7452 = CARTESIAN_POINT ( 'NONE',  ( 40.52096955739399675, -10.70442327610797939, 17.38796313704354191 ) ) ;
#7453 = CARTESIAN_POINT ( 'NONE',  ( -19.40000000029211336, 60.29842758625905930, 64.37052438116238307 ) ) ;
#7454 = CARTESIAN_POINT ( 'NONE',  ( 35.24171526210042771, 51.69895068731932497, 58.36602758117775380 ) ) ;
#7455 = CARTESIAN_POINT ( 'NONE',  ( 35.91099493746460070, 87.90839339951611464, 267.1657194938003954 ) ) ;
#7456 = ORIENTED_EDGE ( 'NONE', *, *, #5642, .F. ) ;
#7457 = DIRECTION ( 'NONE',  ( 0.9969300687731538213, 0.000000000000000000, 0.07829711345863632488 ) ) ;
#7458 = CARTESIAN_POINT ( 'NONE',  ( -27.47776102940353482, 62.74943576383525112, 80.96383314376878104 ) ) ;
#7459 = CARTESIAN_POINT ( 'NONE',  ( -33.13869964417605729, 2.156071364589657868, 338.8606772099996078 ) ) ;
#7460 = CARTESIAN_POINT ( 'NONE',  ( 29.51300840564029215, 55.40338727659804618, 65.86725374501163799 ) ) ;
#7461 = CARTESIAN_POINT ( 'NONE',  ( -40.22547570639038383, 41.32237471529474249, 57.41153416848182900 ) ) ;
#7462 = EDGE_CURVE ( 'NONE', #5445, #3500, #4260, .T. ) ;
#7463 = CARTESIAN_POINT ( 'NONE',  ( -24.72788819030826701, -11.56675635778803013, 379.8108169319099829 ) ) ;
#7464 = CIRCLE ( 'NONE', #2002, 0.5000000000000027756 ) ;
#7465 = CARTESIAN_POINT ( 'NONE',  ( 0.000000000000000000, -49.29133392571988281, 251.6525086451857476 ) ) ;
#7466 = CARTESIAN_POINT ( 'NONE',  ( 47.63676112757550385, -3.733940665973783712, 266.0964401832982276 ) ) ;
#7467 = CARTESIAN_POINT ( 'NONE',  ( -4.725889063929675338, -51.69817681154050604, 221.5349971465356020 ) ) ;
#7468 = CARTESIAN_POINT ( 'NONE',  ( -32.52489471045237224, 58.77251414905222049, 80.86256794201395337 ) ) ;
#7469 = CARTESIAN_POINT ( 'NONE',  ( -25.28125781294334828, 22.20427770572650417, 359.0174740022101787 ) ) ;
#7470 = CARTESIAN_POINT ( 'NONE',  ( -17.50945553534259957, 59.93734338383856652, 56.30572991047867504 ) ) ;
#7471 = CARTESIAN_POINT ( 'NONE',  ( 15.60930663450063527, -53.46318521846625060, 95.91218229387590100 ) ) ;
#7473 = CARTESIAN_POINT ( 'NONE',  ( -41.09924141873010939, 78.46900718050359558, 201.7355060884092381 ) ) ;
#7472 = CARTESIAN_POINT ( 'NONE',  ( 7.336759136128482517, 4.948364427552158773, 405.8657987737245776 ) ) ;
#7474 = CARTESIAN_POINT ( 'NONE',  ( 30.95182506745895878, 91.13756162900149604, 201.7347565835676733 ) ) ;
#7475 = CARTESIAN_POINT ( 'NONE',  ( -38.27230662719583165, 63.93197362974841980, 120.7622302101528646 ) ) ;
#7476 = CARTESIAN_POINT ( 'NONE',  ( -45.23928350534911402, -4.771368385267505730, 282.1655456823680197 ) ) ;
#7477 = CARTESIAN_POINT ( 'NONE',  ( -18.90000000029201743, 55.66659322451634040, 53.73731346014891841 ) ) ;
#7478 = CARTESIAN_POINT ( 'NONE',  ( -33.33262333261735932, -33.36766348656205139, 297.1381408256923464 ) ) ;
#7479 = CARTESIAN_POINT ( 'NONE',  ( -8.861555408228094066, 109.4269310454697859, 283.8049806235394499 ) ) ;
#7480 = CARTESIAN_POINT ( 'NONE',  ( -29.74478387860260398, 66.38652392182243034, 82.48134220015884921 ) ) ;
#7481 = CARTESIAN_POINT ( 'NONE',  ( -41.65443382783127646, 37.12652976242130620, 65.53527267261843292 ) ) ;
#7482 = APPLICATION_PROTOCOL_DEFINITION ( 'draft international standard', 'automotive_design', 1998, #3085 ) ;
#7483 = CARTESIAN_POINT ( 'NONE',  ( 39.19273924370672546, 59.56326611626024459, 108.5650807653242538 ) ) ;
#7484 = CARTESIAN_POINT ( 'NONE',  ( 10.74771385771732213, 53.48065585481527506, 33.94371992453390163 ) ) ;
#7485 = CARTESIAN_POINT ( 'NONE',  ( 17.75239922798889580, 74.21776830233791600, 103.1771611901500876 ) ) ;
#7486 = AXIS2_PLACEMENT_3D ( 'NONE', #5367, #4831, #7186 ) ;
#7487 = CARTESIAN_POINT ( 'NONE',  ( -4.100184363869552762, 79.77250948104482120, 114.9778180857119736 ) ) ;
#7488 = CARTESIAN_POINT ( 'NONE',  ( 40.06135702378389851, 41.09462603504179867, 65.59017556073578703 ) ) ;
#7489 = CARTESIAN_POINT ( 'NONE',  ( 52.31769243872171415, 41.00271869968549510, 174.9380804985118800 ) ) ;
#7490 = CARTESIAN_POINT ( 'NONE',  ( -18.90000000029200677, 55.66659322451634040, 53.73731346014890420 ) ) ;
#7491 = CARTESIAN_POINT ( 'NONE',  ( 55.28895679616665859, -12.03699016990225523, 174.9357565051627148 ) ) ;
#7492 = CARTESIAN_POINT ( 'NONE',  ( 30.71777095608450736, 71.97299594838392522, 120.0000000000000568 ) ) ;
#7493 = CARTESIAN_POINT ( 'NONE',  ( 12.57697752883897557, 56.56916311825704469, 52.82402884388704223 ) ) ;
#7494 = CARTESIAN_POINT ( 'NONE',  ( 37.36973114875343072, 87.02658382052146635, 236.3838163358866780 ) ) ;
#7495 = ORIENTED_EDGE ( 'NONE', *, *, #4622, .T. ) ;
#7496 = CARTESIAN_POINT ( 'NONE',  ( 0.000000000000000000, 60.16186064991082105, 58.45973249834178631 ) ) ;
#7497 = CARTESIAN_POINT ( 'NONE',  ( -25.98013840345431547, 57.89260714684570530, 65.91872112852364296 ) ) ;
#7498 = CARTESIAN_POINT ( 'NONE',  ( -51.18701134373822015, -2.181289994632192641, 235.9996318448313275 ) ) ;
#7499 = CARTESIAN_POINT ( 'NONE',  ( 34.58468568334760107, 65.51567500663948351, 108.6843149384019540 ) ) ;
#7500 = CARTESIAN_POINT ( 'NONE',  ( -34.59522980304962658, 48.69069481443838043, 55.56882852228371661 ) ) ;
#7501 = CARTESIAN_POINT ( 'NONE',  ( -53.62880333035646174, -11.90122167005775822, 201.7387440632810751 ) ) ;
#7502 = CARTESIAN_POINT ( 'NONE',  ( 37.93977932770592076, 83.32160117824808765, 267.0914584300483057 ) ) ;
#7503 = CARTESIAN_POINT ( 'NONE',  ( 4.789880424296416805, 59.69594724186622869, 52.54223714079380869 ) ) ;
#7504 = CARTESIAN_POINT ( 'NONE',  ( 54.58506947058235426, -4.264369815400727681, 95.91850554754397251 ) ) ;
#7505 = CARTESIAN_POINT ( 'NONE',  ( -3.170806626810142692, -33.61970539896461929, 373.0976775988401073 ) ) ;
#7506 = CARTESIAN_POINT ( 'NONE',  ( -30.91278906876016919, 58.27954877149878143, 75.74287640427311885 ) ) ;
#7507 = EDGE_CURVE ( 'NONE', #6963, #4352, #3526, .T. ) ;
#7508 = CARTESIAN_POINT ( 'NONE',  ( -11.60833953122613771, 24.48597110836148261, 396.3983814618156885 ) ) ;
#7509 = CARTESIAN_POINT ( 'NONE',  ( 28.06449431502937131, 56.51509491753658665, 65.89052741867891427 ) ) ;
#7510 = CARTESIAN_POINT ( 'NONE',  ( 11.21963457847941470, 60.08625307414499161, 53.05870668156972414 ) ) ;
#7511 = CARTESIAN_POINT ( 'NONE',  ( 4.023403191661011569, -27.84343551900678193, 403.4491007111210479 ) ) ;
#7513 = CARTESIAN_POINT ( 'NONE',  ( -38.70094938569437204, 84.80791996645861275, 236.3704173123007592 ) ) ;
#7512 = CARTESIAN_POINT ( 'NONE',  ( 39.71041599710241599, 5.647415474637229593, 17.37155912993511819 ) ) ;
#7514 = CARTESIAN_POINT ( 'NONE',  ( 35.25579467193229277, 83.45184056107137849, 174.9437546031742556 ) ) ;
#7515 = CARTESIAN_POINT ( 'NONE',  ( -32.36676176221013890, 48.24970656848365280, 56.52028324134565196 ) ) ;
#7516 = CARTESIAN_POINT ( 'NONE',  ( -51.23212749492333273, -5.279767752902567501, 61.09952078720553459 ) ) ;
#7517 = CARTESIAN_POINT ( 'NONE',  ( -19.40000000029201388, 56.98125940730532335, 53.72114124397322144 ) ) ;
ENDSEC;
END-ISO-10303-21;
