ISO-10303-21;
HEADER;
FILE_DESCRIPTION (( 'STEP AP214' ),
    '1' );
FILE_NAME ();
FILE_SCHEMA (( 'AUTOMOTIVE_DESIGN' ));
ENDSEC;

DATA;
#1 = CARTESIAN_POINT ( 'NONE',  ( 12.69174555215957767, -53.79370146483483239, 175.0375648867540690 ) ) ;
#2 = CARTESIAN_POINT ( 'NONE',  ( -51.60301706653392273, 35.46551916086733058, 211.2179657850930425 ) ) ;
#3 = CARTESIAN_POINT ( 'NONE',  ( 47.53207325076038359, 46.22838002287382864, 187.5703791143106400 ) ) ;
#4 = CARTESIAN_POINT ( 'NONE',  ( 2.000000000000011102, 92.82810966448350598, 173.6687776477104705 ) ) ;
#5 = CARTESIAN_POINT ( 'NONE',  ( 10.53706282782355252, 101.7116274352887331, 211.2204253013513267 ) ) ;
#6 = CARTESIAN_POINT ( 'NONE',  ( -4.023403191661011569, -27.84343551900678193, 403.4491007111210479 ) ) ;
#7 = CARTESIAN_POINT ( 'NONE',  ( -38.71417780484663496, 72.19899043430422125, 171.7814284309077379 ) ) ;
#8 = CARTESIAN_POINT ( 'NONE',  ( 4.880880583966709985, 1.472894287428911708, 409.0779284778315628 ) ) ;
#9 = ORIENTED_EDGE ( 'NONE', *, *, #3156, .F. ) ;
#10 = CARTESIAN_POINT ( 'NONE',  ( -49.90177573649053500, 27.10604614702781490, 120.0000000000000284 ) ) ;
#11 = CARTESIAN_POINT ( 'NONE',  ( 24.72372036682519081, -50.18381659854403409, 201.7491245939285136 ) ) ;
#12 = CARTESIAN_POINT ( 'NONE',  ( 23.18655609644494220, 37.68791946537711368, 17.21704309976818692 ) ) ;
#13 = CARTESIAN_POINT ( 'NONE',  ( 6.327563107192154312, 93.98977225566510185, 181.7539571895532333 ) ) ;
#14 = CARTESIAN_POINT ( 'NONE',  ( 20.00719402132296665, 94.66923183675297082, 403.0270400747649546 ) ) ;
#15 = CARTESIAN_POINT ( 'NONE',  ( -2.000000000000010214, 96.21494918568890853, 178.0992207842987796 ) ) ;
#16 = VERTEX_POINT ( 'NONE', #4380 ) ;
#17 = CARTESIAN_POINT ( 'NONE',  ( -45.69551759398611779, 55.52284618837502705, 177.9177170529992225 ) ) ;
#18 = CARTESIAN_POINT ( 'NONE',  ( 51.39762233582115414, 46.69834726673910552, 174.9387597499864171 ) ) ;
#19 = CARTESIAN_POINT ( 'NONE',  ( -19.53487955159972955, 83.56953638082651992, 141.7058115092956427 ) ) ;
#20 = CARTESIAN_POINT ( 'NONE',  ( 45.14000270230052081, -20.23411302326612216, 34.39333359352516339 ) ) ;
#21 = CARTESIAN_POINT ( 'NONE',  ( 44.83707739060817232, 57.30834624124481991, 159.1635765357999617 ) ) ;
#22 = CARTESIAN_POINT ( 'NONE',  ( 6.303430275480061518, 38.62335299514724340, 10.00000000000001243 ) ) ;
#23 = CARTESIAN_POINT ( 'NONE',  ( -16.10707433725307425, 52.16592338488624847, 33.96672556285927413 ) ) ;
#24 = CARTESIAN_POINT ( 'NONE',  ( -24.74192507929681284, -35.39205696195011797, 321.5007917308348055 ) ) ;
#25 = ORIENTED_EDGE ( 'NONE', *, *, #1773, .F. ) ;
#26 = CARTESIAN_POINT ( 'NONE',  ( 53.52984902553233582, 27.10604614702786463, 119.9999999999999432 ) ) ;
#27 = CARTESIAN_POINT ( 'NONE',  ( -49.51605284967521214, 27.30112705953599317, 190.8124780117417458 ) ) ;
#28 = CARTESIAN_POINT ( 'NONE',  ( -34.06132729603111642, 80.98101452791757993, 187.9430438207623695 ) ) ;
#29 = AXIS2_PLACEMENT_3D ( 'NONE', #4557, #5770, #4598 ) ;
#30 = CARTESIAN_POINT ( 'NONE',  ( -15.02441665445972063, 83.62317879616006167, 391.4894318083639746 ) ) ;
#31 = CARTESIAN_POINT ( 'NONE',  ( 0.4106634285905240156, -53.59492887231032654, 192.4473961570816130 ) ) ;
#32 = CARTESIAN_POINT ( 'NONE',  ( -12.66236878217881312, 0.4794081024846819639, 397.5406461881872247 ) ) ;
#33 = CARTESIAN_POINT ( 'NONE',  ( 44.67664931060330247, 70.70028146166870897, 192.3738773747296591 ) ) ;
#34 = CARTESIAN_POINT ( 'NONE',  ( 24.13758913406867634, 78.95494104582965633, 130.2761966367650075 ) ) ;
#35 = CARTESIAN_POINT ( 'NONE',  ( 37.91231310537069277, 72.66800519688604254, 165.4993484112821420 ) ) ;
#36 = CARTESIAN_POINT ( 'NONE',  ( 0.000000000000000000, 54.40705163971920655, 33.92780340673608919 ) ) ;
#37 = CARTESIAN_POINT ( 'NONE',  ( -40.58180624808183978, -8.088709443575298863, 17.38835723003943201 ) ) ;
#38 = FACE_OUTER_BOUND ( 'NONE', #6722, .T. ) ;
#39 = CARTESIAN_POINT ( 'NONE',  ( 10.98363994162249924, -38.30891179570084404, 335.9138904806569599 ) ) ;
#40 = CARTESIAN_POINT ( 'NONE',  ( -52.02581055733056559, 28.05024121427146611, 95.91770132125202508 ) ) ;
#41 = ADVANCED_FACE ( 'NONE', ( #7222 ), #807, .T. ) ;
#42 = CARTESIAN_POINT ( 'NONE',  ( 47.63820434303708140, 45.96206453491272015, 184.3067955466936780 ) ) ;
#43 = CARTESIAN_POINT ( 'NONE',  ( 554.2981223361939556, 27.10604614702786819, 120.0000000000000000 ) ) ;
#44 = CARTESIAN_POINT ( 'NONE',  ( -9.679111956572487685, -52.11111171833208999, 211.1929964558786708 ) ) ;
#45 = CARTESIAN_POINT ( 'NONE',  ( -37.05609339183809681, 67.80372031169592617, 130.0027829055212010 ) ) ;
#46 = CARTESIAN_POINT ( 'NONE',  ( 55.55556129862669934, 3.129651931030709378, 125.3245882065734662 ) ) ;
#47 = CARTESIAN_POINT ( 'NONE',  ( 11.65817291200361261, -26.58944595774277531, 392.9633845999943560 ) ) ;
#48 = CARTESIAN_POINT ( 'NONE',  ( -43.26262492286634398, 68.77347080810496038, 149.0307383742238301 ) ) ;
#49 = CARTESIAN_POINT ( 'NONE',  ( 39.62021245194257091, 77.96708945467315743, 174.9429373175687203 ) ) ;
#50 = CARTESIAN_POINT ( 'NONE',  ( -2.000000000000001332, 93.49317265539255573, 163.3472525273979272 ) ) ;
#51 = CARTESIAN_POINT ( 'NONE',  ( 25.58253388331219469, 86.58191999750603429, 149.0225007454729109 ) ) ;
#52 = CARTESIAN_POINT ( 'NONE',  ( -1.846182141354538286, 97.35262321481985737, 178.5572568596226972 ) ) ;
#53 = ORIENTED_EDGE ( 'NONE', *, *, #171, .T. ) ;
#54 = CARTESIAN_POINT ( 'NONE',  ( -42.02821496002110280, 65.22124407122419143, 165.3900534958271180 ) ) ;
#55 = CARTESIAN_POINT ( 'NONE',  ( 44.72671483971683415, 11.81860775319216117, 34.34697984316981945 ) ) ;
#56 = CARTESIAN_POINT ( 'NONE',  ( -14.23072175623658175, 87.54578726078477757, 153.7255296625410779 ) ) ;
#57 = CARTESIAN_POINT ( 'NONE',  ( 53.93841309625607749, -22.78503734964061778, 106.4728591319141628 ) ) ;
#58 = DIRECTION ( 'NONE',  ( 5.602867245962734761E-30, -0.9812926639922453509, 0.1925219665259060575 ) ) ;
#59 = CARTESIAN_POINT ( 'NONE',  ( 41.98514767133791281, 62.01919877497380185, 141.2560629101955385 ) ) ;
#60 = CARTESIAN_POINT ( 'NONE',  ( 554.2981223361939556, 36.50604614702785966, 173.8550355239896703 ) ) ;
#61 = CARTESIAN_POINT ( 'NONE',  ( -15.55552204067014088, -33.40505585495833429, 355.4961906883386291 ) ) ;
#62 = ORIENTED_EDGE ( 'NONE', *, *, #3439, .F. ) ;
#63 = CARTESIAN_POINT ( 'NONE',  ( 0.6980901312045810769, 90.70511605521059550, 162.3656515271125613 ) ) ;
#64 = CARTESIAN_POINT ( 'NONE',  ( -49.90177573649053500, 27.10604614702781490, 120.0000000000000284 ) ) ;
#65 = CARTESIAN_POINT ( 'NONE',  ( -34.58298077762351852, 78.60019930293809409, 175.0262406538081166 ) ) ;
#66 = CARTESIAN_POINT ( 'NONE',  ( 45.15791532030914368, -5.753152317812995520, 282.1648644729027069 ) ) ;
#67 = CARTESIAN_POINT ( 'NONE',  ( -28.42817128026775819, 90.59853457111134389, 309.2729718572772413 ) ) ;
#68 = CARTESIAN_POINT ( 'NONE',  ( 0.4052993165811991649, -53.06138260155652375, 201.7522653698673594 ) ) ;
#69 = CARTESIAN_POINT ( 'NONE',  ( -46.19014890246730687, -2.249010260804599426, 34.39757154221828728 ) ) ;
#70 = CARTESIAN_POINT ( 'NONE',  ( 22.78076857759356599, 89.99546892060254777, 184.8662886467969599 ) ) ;
#71 = EDGE_CURVE ( 'NONE', #1585, #6103, #305, .T. ) ;
#72 = CARTESIAN_POINT ( 'NONE',  ( 38.34001317622844596, 73.97916281953395412, 181.3542807614292656 ) ) ;
#73 = CARTESIAN_POINT ( 'NONE',  ( -1.613907873035533846, 108.9964298403724428, 267.6395684617824600 ) ) ;
#74 = CARTESIAN_POINT ( 'NONE',  ( -50.43121760430506839, -21.71728375742847916, 221.5238952426716992 ) ) ;
#75 = CARTESIAN_POINT ( 'NONE',  ( -2.446430303705608544, 85.78293093709331174, 133.9726321057809173 ) ) ;
#76 = CARTESIAN_POINT ( 'NONE',  ( -19.39631430559116154, 90.46828174837776260, 403.0957483373699688 ) ) ;
#77 = CARTESIAN_POINT ( 'NONE',  ( 12.02708444234887075, -42.00942576822519214, 309.2952116387940009 ) ) ;
#78 = CARTESIAN_POINT ( 'NONE',  ( -53.70394251867735136, 27.55346083522045575, 174.9366824925457422 ) ) ;
#79 = CARTESIAN_POINT ( 'NONE',  ( 49.90005385992395048, 26.79278616654577050, 181.0173688382529349 ) ) ;
#80 = CARTESIAN_POINT ( 'NONE',  ( 53.69098103248670384, 27.10604614702785398, 173.8550355239896703 ) ) ;
#81 = CARTESIAN_POINT ( 'NONE',  ( -6.051822722306520852, -33.07420827451994683, 373.3229159798571573 ) ) ;
#82 = CARTESIAN_POINT ( 'NONE',  ( -38.26371736453948813, 73.73242668597201543, 178.1306848999019508 ) ) ;
#83 = CARTESIAN_POINT ( 'NONE',  ( 40.38896419453714515, -0.8972540951129452935, 17.38450064581632404 ) ) ;
#84 = VERTEX_POINT ( 'NONE', #3337 ) ;
#85 = DIRECTION ( 'NONE',  ( 0.000000000000000000, -0.9812926639922453509, 0.1925219665259060575 ) ) ;
#86 = CARTESIAN_POINT ( 'NONE',  ( -39.62806247357968203, 82.08507953138263247, 251.5076345405276470 ) ) ;
#87 = CARTESIAN_POINT ( 'NONE',  ( 7.536500856464525278, 75.14935617256300304, 403.5689128249438795 ) ) ;
#88 = CARTESIAN_POINT ( 'NONE',  ( 4.344121849173014915, 91.32529469482199147, 165.8930734006074204 ) ) ;
#89 = AXIS2_PLACEMENT_3D ( 'NONE', #6942, #4498, #1502 ) ;
#90 = CARTESIAN_POINT ( 'NONE',  ( 19.37803388232741142, 89.40657730727727426, 409.0779284778312785 ) ) ;
#91 = CARTESIAN_POINT ( 'NONE',  ( -0.3374899293459716065, 97.51033298483882561, 179.3736725451892937 ) ) ;
#92 = ORIENTED_EDGE ( 'NONE', *, *, #992, .F. ) ;
#93 = CARTESIAN_POINT ( 'NONE',  ( -44.65117276834715909, 59.04694737717913000, 174.7617643278475157 ) ) ;
#94 = CARTESIAN_POINT ( 'NONE',  ( 44.08247639750531022, 15.45072464647527255, 34.32539042696856058 ) ) ;
#95 = EDGE_CURVE ( 'NONE', #7371, #7154, #4465, .T. ) ;
#96 = CARTESIAN_POINT ( 'NONE',  ( -7.362311308715032254, 93.34336290722363572, 178.5263406327397604 ) ) ;
#97 = CARTESIAN_POINT ( 'NONE',  ( 12.48533750611587223, -15.90385599061559496, 409.0779284778325291 ) ) ;
#98 = CARTESIAN_POINT ( 'NONE',  ( 0.3333356829608351002, 96.50675054405118658, 179.5705675920688407 ) ) ;
#99 = CARTESIAN_POINT ( 'NONE',  ( 43.47849177954478250, 54.02391737201122623, 119.0668988090287712 ) ) ;
#100 = CARTESIAN_POINT ( 'NONE',  ( -53.69098103248670384, 27.10604614702785398, 173.8550355239896703 ) ) ;
#101 = CARTESIAN_POINT ( 'NONE',  ( -20.20450427912824054, -35.01224358079071663, 336.6294537848867776 ) ) ;
#102 = ORIENTED_EDGE ( 'NONE', *, *, #3154, .F. ) ;
#103 = LINE ( 'NONE', #3555, #1144 ) ;
#104 = CARTESIAN_POINT ( 'NONE',  ( -47.86904188412697891, 44.17273714304526067, 187.5603606426900569 ) ) ;
#105 = CARTESIAN_POINT ( 'NONE',  ( -28.90813801499814062, 84.95151495752253368, 178.3271585150997964 ) ) ;
#106 = CARTESIAN_POINT ( 'NONE',  ( 50.87517152497040485, -6.616128921783814398, 235.9981479677553864 ) ) ;
#107 = CARTESIAN_POINT ( 'NONE',  ( -37.34796294113852611, 81.00468771001025914, 174.9433869247069708 ) ) ;
#108 = CARTESIAN_POINT ( 'NONE',  ( 1.222653847393870841, -54.83655215758767554, 106.4482205351770148 ) ) ;
#109 = CARTESIAN_POINT ( 'NONE',  ( -6.757294751367743935, -3.901562835890073799, 409.0779284778307670 ) ) ;
#110 = ADVANCED_FACE ( 'NONE', ( #5166 ), #7526, .F. ) ;
#111 = CARTESIAN_POINT ( 'NONE',  ( 26.17168206629289173, 84.94472403969592733, 165.7411682392578882 ) ) ;
#112 = CARTESIAN_POINT ( 'NONE',  ( 38.42958339533253564, 70.96567296833360672, 159.3382147671106281 ) ) ;
#113 = CARTESIAN_POINT ( 'NONE',  ( -1.842107943879067511, 78.14528303371176321, 95.91466575645878834 ) ) ;
#114 = CARTESIAN_POINT ( 'NONE',  ( -54.87540321484932093, -17.30862192864878679, 174.9392948691363472 ) ) ;
#115 = DIRECTION ( 'NONE',  ( 0.006009940535111430934, 0.9999819401443030831, 0.000000000000000000 ) ) ;
#116 = CARTESIAN_POINT ( 'NONE',  ( -22.22565008608955850, 70.18895196051141738, 82.48267825261375208 ) ) ;
#117 = CARTESIAN_POINT ( 'NONE',  ( 9.832425046728971552, -43.86082796538939022, 297.7725144832018032 ) ) ;
#118 = CARTESIAN_POINT ( 'NONE',  ( -39.71041599710241599, 5.647415474637229593, 17.37155912993511819 ) ) ;
#119 = EDGE_CURVE ( 'NONE', #2428, #1280, #821, .T. ) ;
#120 = CARTESIAN_POINT ( 'NONE',  ( 49.47773509401993408, 31.22713541527451397, 184.2516660584238366 ) ) ;
#121 = CARTESIAN_POINT ( 'NONE',  ( -8.015105489996960486, -47.62456642588654887, 34.32147611818649580 ) ) ;
#122 = CARTESIAN_POINT ( 'NONE',  ( -38.20660966368593137, 74.20025480901885828, 181.3579837311626761 ) ) ;
#123 = CARTESIAN_POINT ( 'NONE',  ( 7.517000270665689321, 0.1717917704291420100, 405.9253625445247735 ) ) ;
#124 = CARTESIAN_POINT ( 'NONE',  ( 50.24251533667974456, 27.10604614702779713, 128.9603275595738126 ) ) ;
#125 = CARTESIAN_POINT ( 'NONE',  ( -46.60057834953546774, 65.70037083974305858, 201.7361916587062467 ) ) ;
#126 = CARTESIAN_POINT ( 'NONE',  ( 30.43947514313713043, 91.08137488661785142, 297.6261186258632279 ) ) ;
#127 = CARTESIAN_POINT ( 'NONE',  ( 12.10533857454240980, 94.74204753747774532, 191.5231819146158045 ) ) ;
#128 = CARTESIAN_POINT ( 'NONE',  ( 26.53569185140803555, 95.53849288200086676, 211.2200970691899613 ) ) ;
#129 = CARTESIAN_POINT ( 'NONE',  ( -0.9913316526129769546, 97.49205165617964042, 179.2964203492969091 ) ) ;
#130 = ORIENTED_EDGE ( 'NONE', *, *, #4548, .F. ) ;
#131 = CARTESIAN_POINT ( 'NONE',  ( -44.16983904959355556, 59.85378203779395534, 165.3297308218718911 ) ) ;
#132 = CARTESIAN_POINT ( 'NONE',  ( 11.60833953122613771, 24.48597110836148261, 396.3983814618156885 ) ) ;
#133 = CARTESIAN_POINT ( 'NONE',  ( -10.24942651624709633, 83.15691617865844876, 130.3712081212230771 ) ) ;
#134 = CARTESIAN_POINT ( 'NONE',  ( 45.43995290893052896, -30.57366086125706417, 236.0819652489089151 ) ) ;
#135 = LINE ( 'NONE', #3772, #3602 ) ;
#136 = CARTESIAN_POINT ( 'NONE',  ( -35.03964630793507951, 85.67794369239653918, 189.7577071043028241 ) ) ;
#137 = CARTESIAN_POINT ( 'NONE',  ( -32.39948757236342658, -45.74576672700735003, 61.09724415260151886 ) ) ;
#138 = ORIENTED_EDGE ( 'NONE', *, *, #448, .F. ) ;
#139 = CARTESIAN_POINT ( 'NONE',  ( 0.4999999999999863443, 90.70627013778778291, 162.3654251051129052 ) ) ;
#140 = CARTESIAN_POINT ( 'NONE',  ( -50.18950917205411599, 28.21153805112871282, 129.6558251358729592 ) ) ;
#141 = CARTESIAN_POINT ( 'NONE',  ( -32.20716148593725592, 81.32940503608951133, 175.0781411691786218 ) ) ;
#142 = CARTESIAN_POINT ( 'NONE',  ( 53.10166856565780336, -6.250748451671031880, 211.2172968372455557 ) ) ;
#143 = CARTESIAN_POINT ( 'NONE',  ( -11.44771267541676529, 80.02816373479271306, 391.8674375302708768 ) ) ;
#144 = CARTESIAN_POINT ( 'NONE',  ( -41.57439146545885933, 65.42742019561895006, 119.9999999999999574 ) ) ;
#145 = CARTESIAN_POINT ( 'NONE',  ( -46.25752027967083535, -4.875053299022880537, 34.40021193574256841 ) ) ;
#146 = CARTESIAN_POINT ( 'NONE',  ( 25.98266690834333659, 87.63671619864940965, 181.5988046463228898 ) ) ;
#147 = CARTESIAN_POINT ( 'NONE',  ( 37.84870134720353008, 73.60175338051327287, 171.8017266834901591 ) ) ;
#148 = CARTESIAN_POINT ( 'NONE',  ( -1.868087870743549539, 101.1357000780110127, 201.7340073341511584 ) ) ;
#149 = CARTESIAN_POINT ( 'NONE',  ( -47.42311299082387421, -26.06454106322092557, 236.0542629271719477 ) ) ;
#150 = CARTESIAN_POINT ( 'NONE',  ( -35.79010002600522711, 67.01548387435059340, 120.0000000000000568 ) ) ;
#151 = CARTESIAN_POINT ( 'NONE',  ( -18.72963673883764457, 104.8244500739065757, 320.8999352614530949 ) ) ;
#152 = CARTESIAN_POINT ( 'NONE',  ( 15.62248562907905658, -52.05205849479897040, 201.7508946074868561 ) ) ;
#153 = CARTESIAN_POINT ( 'NONE',  ( -52.94864972735139474, 8.498436472392656427, 82.46921742719030135 ) ) ;
#154 = CARTESIAN_POINT ( 'NONE',  ( 48.43646278744787992, 39.92190124410973340, 187.5430694858714276 ) ) ;
#155 = CARTESIAN_POINT ( 'NONE',  ( 0.5057420188709467190, 94.04616428497632796, 160.6903502493981364 ) ) ;
#156 = CARTESIAN_POINT ( 'NONE',  ( -2.861230606058367876, -54.81586391009892623, 106.4482982333820331 ) ) ;
#157 = CARTESIAN_POINT ( 'NONE',  ( -37.88328112489510602, 64.11426495285201099, 119.2228443218802454 ) ) ;
#158 = CARTESIAN_POINT ( 'NONE',  ( 47.85534582234424050, 0.3731277230375850684, 266.1050650612654636 ) ) ;
#159 = CARTESIAN_POINT ( 'NONE',  ( -1.999999999999990452, 96.21494918568889432, 178.0992207842987796 ) ) ;
#160 = CARTESIAN_POINT ( 'NONE',  ( -44.94908311760745789, 64.10775105654568051, 251.3133569257551301 ) ) ;
#161 = CARTESIAN_POINT ( 'NONE',  ( 9.901959807141684777, 75.40111923004197081, 392.2505884593533096 ) ) ;
#162 = CARTESIAN_POINT ( 'NONE',  ( 11.24696043422775027, 93.87390361872208189, 184.9637092443173287 ) ) ;
#163 = CARTESIAN_POINT ( 'NONE',  ( 26.89853194538487458, 80.50223968645782691, 125.2821776279656802 ) ) ;
#164 = CARTESIAN_POINT ( 'NONE',  ( -1.495838944515183622, 97.43599804595521618, 179.0070290458851332 ) ) ;
#165 = CARTESIAN_POINT ( 'NONE',  ( -29.91959532915168651, 85.64386966507456123, 189.7532563629490596 ) ) ;
#166 = CARTESIAN_POINT ( 'NONE',  ( -42.76053569006843702, 55.61238805334369317, 119.0897686884549103 ) ) ;
#167 = CARTESIAN_POINT ( 'NONE',  ( 53.02998276052028359, 28.38348271631965503, 192.3545821869253416 ) ) ;
#168 = ORIENTED_EDGE ( 'NONE', *, *, #1459, .T. ) ;
#169 = CARTESIAN_POINT ( 'NONE',  ( -8.394771244894371875, 92.08842853654495286, 172.1860701087344125 ) ) ;
#170 = CARTESIAN_POINT ( 'NONE',  ( 47.67163976374737189, -37.82417811379341543, 106.4667490773286573 ) ) ;
#171 = EDGE_CURVE ( 'NONE', #780, #358, #2055, .T. ) ;
#172 = CARTESIAN_POINT ( 'NONE',  ( -2.043127438273895535, 97.57349514110414646, 179.8863497859464360 ) ) ;
#173 = CARTESIAN_POINT ( 'NONE',  ( -52.70529934788626036, 35.28856251571792768, 183.1758581061168911 ) ) ;
#174 = CARTESIAN_POINT ( 'NONE',  ( -29.22220034755079254, -49.38569192654368578, 82.48352416761068184 ) ) ;
#175 = ORIENTED_EDGE ( 'NONE', *, *, #4156, .F. ) ;
#176 = CARTESIAN_POINT ( 'NONE',  ( -48.76573604310878096, 40.43085545815031168, 165.2031606145950491 ) ) ;
#177 = CARTESIAN_POINT ( 'NONE',  ( -31.60958465042112309, 78.31723058209718147, 153.5009353477946661 ) ) ;
#178 = CARTESIAN_POINT ( 'NONE',  ( 46.25700785462451847, -6.634331453438261583, 34.40077200447447581 ) ) ;
#179 = CARTESIAN_POINT ( 'NONE',  ( -37.28582960928007140, 85.35479600680550050, 211.2196583466347874 ) ) ;
#180 = CARTESIAN_POINT ( 'NONE',  ( 0.5057462462599052744, 94.23955032089101280, 161.6722230930131161 ) ) ;
#181 = CARTESIAN_POINT ( 'NONE',  ( -53.17236517019791364, -2.328851787389715433, 211.2173055348805804 ) ) ;
#182 = CARTESIAN_POINT ( 'NONE',  ( 29.97247975168165723, 85.86010960803847070, 191.3253388601538347 ) ) ;
#183 = CARTESIAN_POINT ( 'NONE',  ( 39.41844319437973354, 69.37824636149379387, 159.3136435740446757 ) ) ;
#184 = CARTESIAN_POINT ( 'NONE',  ( -1.803464641817566383, 103.9406128168738519, 221.6256922400351073 ) ) ;
#185 = CARTESIAN_POINT ( 'NONE',  ( -54.78102531090722493, -17.44094450407095209, 106.4742081050046920 ) ) ;
#186 = CARTESIAN_POINT ( 'NONE',  ( -18.77341586291970543, 78.50464315251581127, 120.0000000000000426 ) ) ;
#187 = CARTESIAN_POINT ( 'NONE',  ( -20.45836504139062129, 103.4618147093813576, 309.2927750153143052 ) ) ;
#188 = CARTESIAN_POINT ( 'NONE',  ( 8.254893848620238117, -40.08985269111219196, 10.00000000000000000 ) ) ;
#189 = CARTESIAN_POINT ( 'NONE',  ( -54.72072573946477547, 20.80978013619919764, 149.0479339851179645 ) ) ;
#190 = CARTESIAN_POINT ( 'NONE',  ( 48.83114586388883538, 35.89790935896972712, 190.8339546036033880 ) ) ;
#191 = CARTESIAN_POINT ( 'NONE',  ( -6.946430303705576570, 84.82032110446378681, 129.0661687858196842 ) ) ;
#192 = CARTESIAN_POINT ( 'NONE',  ( -3.170806626810142692, -33.61970539896461929, 373.0976775988401073 ) ) ;
#193 = CARTESIAN_POINT ( 'NONE',  ( 46.10908392636976316, -0.6964172412991556094, 34.39493335455203038 ) ) ;
#194 = CARTESIAN_POINT ( 'NONE',  ( -1.491905017662016331, 93.30392632353472493, 162.2333856025176999 ) ) ;
#195 = B_SPLINE_CURVE_WITH_KNOTS ( 'NONE', 3,
 ( #2040, #1576, #2751, #2123 ),
 .UNSPECIFIED., .F., .F.,
 ( 4, 4 ),
 ( 2.656295322589485863E-17, 0.0005000021869527118169 ),
 .UNSPECIFIED. ) ;
#196 = CARTESIAN_POINT ( 'NONE',  ( -36.40676667673066191, 36.67823783312199026, 34.15092617790310214 ) ) ;
#197 = CARTESIAN_POINT ( 'NONE',  ( 6.744774500906190795, 72.75196921823422258, 403.6522131176027983 ) ) ;
#198 = CARTESIAN_POINT ( 'NONE',  ( 8.317359702870326998, 83.40391433625158868, 130.3725906774933492 ) ) ;
#199 = CARTESIAN_POINT ( 'NONE',  ( 17.94346009757379079, 86.62081098828844006, 403.1685365647983872 ) ) ;
#200 = CARTESIAN_POINT ( 'NONE',  ( -0.5061229637644117929, 97.68362273171798904, 180.3816332480687095 ) ) ;
#201 = CARTESIAN_POINT ( 'NONE',  ( 0.000000000000000000, 97.51083311033097800, 179.3735744244768568 ) ) ;
#202 = CARTESIAN_POINT ( 'NONE',  ( -44.18891158152371901, 58.43657835060311356, 153.1875945137696249 ) ) ;
#203 = CARTESIAN_POINT ( 'NONE',  ( 52.39511392246443222, 23.18441664239677635, 211.2176584314739216 ) ) ;
#204 = CARTESIAN_POINT ( 'NONE',  ( -7.391239320260041268, 92.20390004800358952, 172.1885286733792100 ) ) ;
#205 = CARTESIAN_POINT ( 'NONE',  ( 32.79003073356015108, -27.82065042559732149, 321.8632430622822653 ) ) ;
#206 = CARTESIAN_POINT ( 'NONE',  ( -2.407874784840281723, 97.50618805654595178, 179.5580752545956216 ) ) ;
#207 = CARTESIAN_POINT ( 'NONE',  ( 18.43617632886868662, 89.91191004688755584, 372.7978803979723352 ) ) ;
#208 = ADVANCED_FACE ( 'NONE', ( #3838 ), #1341, .T. ) ;
#209 = CARTESIAN_POINT ( 'NONE',  ( -53.58610026913826374, 27.51296719638521537, 176.6486341707636996 ) ) ;
#210 = CARTESIAN_POINT ( 'NONE',  ( -29.59061247604364908, -48.56709143404245310, 201.7479667655092328 ) ) ;
#211 = ORIENTED_EDGE ( 'NONE', *, *, #7200, .F. ) ;
#212 = CARTESIAN_POINT ( 'NONE',  ( -49.60942151917959109, 34.33631963023143641, 165.1803988808405563 ) ) ;
#213 = CARTESIAN_POINT ( 'NONE',  ( -32.14988919293939773, 75.62945829142789478, 141.5010004634754353 ) ) ;
#214 = CARTESIAN_POINT ( 'NONE',  ( 16.51082527735587746, -6.579994903228536529, 397.6363265681047210 ) ) ;
#215 = CARTESIAN_POINT ( 'NONE',  ( -30.43947514313713043, 91.08137488661785142, 297.6261186258632279 ) ) ;
#216 = CARTESIAN_POINT ( 'NONE',  ( -29.94954392206604510, 77.15217048196130634, 119.9999999999999432 ) ) ;
#217 = CARTESIAN_POINT ( 'NONE',  ( -53.47994356829577356, -0.9901617947834970845, 82.46857306851686076 ) ) ;
#218 = CARTESIAN_POINT ( 'NONE',  ( 38.82434090734933108, 73.84701200033839541, 187.8306384624565624 ) ) ;
#219 = CARTESIAN_POINT ( 'NONE',  ( -12.42689127801166826, 65.23839587822830310, 60.92227741747846181 ) ) ;
#220 = CARTESIAN_POINT ( 'NONE',  ( -52.54658155916712303, -28.04985814028160718, 106.4711134020327563 ) ) ;
#221 = CARTESIAN_POINT ( 'NONE',  ( 0.4999999999999796274, 112.5561834101171144, 176.4217940504122168 ) ) ;
#222 = CARTESIAN_POINT ( 'NONE',  ( -24.15675854404307898, 69.39091564946019730, 82.48237391050807332 ) ) ;
#223 = CARTESIAN_POINT ( 'NONE',  ( 8.888335071208341986, -42.80991350118557648, 17.34118922459229495 ) ) ;
#224 = CARTESIAN_POINT ( 'NONE',  ( -54.55795246661001840, 19.84954235937014744, 125.3198407787387509 ) ) ;
#225 = CARTESIAN_POINT ( 'NONE',  ( 33.48791172635478119, 81.68290881258575098, 187.9552479409478849 ) ) ;
#226 = CARTESIAN_POINT ( 'NONE',  ( 48.56142815746913044, 41.09047468916745061, 174.6501699758352686 ) ) ;
#227 = CARTESIAN_POINT ( 'NONE',  ( -8.946430303705538378, 85.27620183336654236, 138.8256071879462752 ) ) ;
#228 = CARTESIAN_POINT ( 'NONE',  ( -2.749483115915630993, -51.74880516849022172, 221.5350837507238850 ) ) ;
#229 = CARTESIAN_POINT ( 'NONE',  ( 51.09353478850454167, -3.806104729358157357, 235.9987838099168300 ) ) ;
#230 = CARTESIAN_POINT ( 'NONE',  ( -2.000000000000001332, 93.49317265539255573, 163.3472525273979272 ) ) ;
#231 = CARTESIAN_POINT ( 'NONE',  ( -50.49376245883300385, 50.22012597164248149, 149.0383569034248978 ) ) ;
#232 = CARTESIAN_POINT ( 'NONE',  ( 34.70107150325974033, 79.42247755762765848, 297.4643994933830413 ) ) ;
#233 = CARTESIAN_POINT ( 'NONE',  ( 7.419058845084560261, 88.62125391559357013, 153.7443865595287775 ) ) ;
#234 = CARTESIAN_POINT ( 'NONE',  ( 16.18208375570045732, 35.82618134432504320, 9.999999999999998224 ) ) ;
#235 = CARTESIAN_POINT ( 'NONE',  ( 42.06100755241966027, 64.40876479434166413, 159.2407197872784366 ) ) ;
#236 = CARTESIAN_POINT ( 'NONE',  ( 0.000000000000000000, 73.89364767014448887, 82.48426016609995770 ) ) ;
#237 = VERTEX_POINT ( 'NONE', #6638 ) ;
#238 = CARTESIAN_POINT ( 'NONE',  ( -39.59130246192234637, 72.10867353532809432, 184.5450938187229610 ) ) ;
#239 = CARTESIAN_POINT ( 'NONE',  ( 54.41550006706624032, 15.96211480042130226, 174.9357310255751088 ) ) ;
#240 = CARTESIAN_POINT ( 'NONE',  ( -9.406756479161543893, 88.37803882160652336, 153.7413827527023500 ) ) ;
#241 = CARTESIAN_POINT ( 'NONE',  ( 43.74193211693196304, -29.81337162402000018, 251.0289806860028818 ) ) ;
#242 = CARTESIAN_POINT ( 'NONE',  ( 554.2981223361939556, 35.28856251571792768, 183.1758581061168911 ) ) ;
#243 = CARTESIAN_POINT ( 'NONE',  ( 13.72033568570337181, 82.33925683184499178, 391.6185326915131100 ) ) ;
#244 = CARTESIAN_POINT ( 'NONE',  ( 38.79130584289239891, 63.01525835835182221, 120.0000000000000000 ) ) ;
#245 = CARTESIAN_POINT ( 'NONE',  ( -20.69398827850518430, -53.50911710002418431, 149.1063460050854701 ) ) ;
#246 = VERTEX_POINT ( 'NONE', #809 ) ;
#247 = CARTESIAN_POINT ( 'NONE',  ( -48.16716659099789410, 43.41982876167168826, 177.8468063280879221 ) ) ;
#248 = CARTESIAN_POINT ( 'NONE',  ( -32.58458079968274745, 82.73368358788158616, 187.9740088848429878 ) ) ;
#249 = CARTESIAN_POINT ( 'NONE',  ( 38.10176256552726670, -6.366064249395209096, 322.2739777377120731 ) ) ;
#250 = CARTESIAN_POINT ( 'NONE',  ( -14.67942190797045932, 79.27549649708511481, 373.8893052669305916 ) ) ;
#251 = AXIS2_PLACEMENT_3D ( 'NONE', #395, #4464, #2765 ) ;
#252 = CARTESIAN_POINT ( 'NONE',  ( 0.000000000000000000, 94.24097403976989540, 161.6719437704743143 ) ) ;
#253 = CARTESIAN_POINT ( 'NONE',  ( -11.39957235240181710, -6.181176402389949587, 405.9660508407442876 ) ) ;
#254 = CARTESIAN_POINT ( 'NONE',  ( 39.03725260677648379, 70.86744314410489665, 165.4726388300063604 ) ) ;
#255 = CARTESIAN_POINT ( 'NONE',  ( -13.92866094768820240, 108.9788397689274149, 320.8250726920634293 ) ) ;
#256 = CARTESIAN_POINT ( 'NONE',  ( -47.67163976374737189, -37.82417811379341543, 106.4667490773286573 ) ) ;
#257 = CARTESIAN_POINT ( 'NONE',  ( -43.77344185438234803, 53.73837128797569562, 119.9999999999999858 ) ) ;
#258 = CARTESIAN_POINT ( 'NONE',  ( -25.11450795170625483, 100.4900482982513950, 283.5622040760890172 ) ) ;
#259 = CARTESIAN_POINT ( 'NONE',  ( 8.176185754417430118, -45.75182540041285506, 283.5296188496884042 ) ) ;
#260 = CARTESIAN_POINT ( 'NONE',  ( -53.38629803832819931, 11.71335295193264692, 201.7384173601263342 ) ) ;
#261 = CARTESIAN_POINT ( 'NONE',  ( 34.86794838173329225, 72.76230795355600378, 141.4333390482224218 ) ) ;
#262 = CARTESIAN_POINT ( 'NONE',  ( 50.11165575380918824, 26.48877359724620106, 174.6059662278076985 ) ) ;
#263 = CARTESIAN_POINT ( 'NONE',  ( 2.047200540226115528, 94.12262320969026064, 161.1966919598423829 ) ) ;
#264 = CARTESIAN_POINT ( 'NONE',  ( -1.896662633255307373, -33.75486520490240849, 373.0480561164325195 ) ) ;
#265 = CARTESIAN_POINT ( 'NONE',  ( 55.16715119996527505, -2.509351106467649473, 174.9349296488375387 ) ) ;
#266 = CARTESIAN_POINT ( 'NONE',  ( 0.4999999999999796274, 96.50574888332657508, 179.5707641100899821 ) ) ;
#267 = EDGE_CURVE ( 'NONE', #7665, #1512, #7247, .T. ) ;
#268 = CARTESIAN_POINT ( 'NONE',  ( -43.35910743106603604, 71.03135462591906446, 251.3870017941989374 ) ) ;
#269 = CARTESIAN_POINT ( 'NONE',  ( 28.47188528504399940, 82.51927553042331454, 321.2887393541407164 ) ) ;
#270 = CARTESIAN_POINT ( 'NONE',  ( 31.71773244107405887, 82.50805170409937261, 149.0244955398865443 ) ) ;
#271 = CARTESIAN_POINT ( 'NONE',  ( 46.46917708731911745, 52.12290990517915645, 184.3412713165023149 ) ) ;
#272 = CARTESIAN_POINT ( 'NONE',  ( 1.298331277339349388, 114.6144342979059587, 371.1444589219916566 ) ) ;
#273 = CARTESIAN_POINT ( 'NONE',  ( -22.93852090048314096, 90.78122565549459466, 190.4242965819252902 ) ) ;
#274 = CARTESIAN_POINT ( 'NONE',  ( -40.11032006320756693, 70.79964179624366238, 181.3048720887348964 ) ) ;
#275 = CARTESIAN_POINT ( 'NONE',  ( 52.65924462498530545, 17.04193423804872864, 211.2175332405030019 ) ) ;
#276 = CARTESIAN_POINT ( 'NONE',  ( -7.216821974710998511, 80.71946952443329337, 119.6136434460574662 ) ) ;
#277 = CARTESIAN_POINT ( 'NONE',  ( 32.55658113277404908, -33.57066378714582555, 17.36786439425246087 ) ) ;
#278 = CARTESIAN_POINT ( 'NONE',  ( -2.970241752598179019, 97.31623566542771187, 178.5787102839954059 ) ) ;
#279 = CARTESIAN_POINT ( 'NONE',  ( 22.17261174236030286, 94.11832557995353454, 335.7801352291295416 ) ) ;
#280 = CARTESIAN_POINT ( 'NONE',  ( 34.53091466444097080, 68.44177994181201541, 119.9999999999999289 ) ) ;
#281 = CARTESIAN_POINT ( 'NONE',  ( -12.89144863210889724, -47.09728962526845919, 34.32630704268894561 ) ) ;
#282 = VERTEX_POINT ( 'NONE', #6562 ) ;
#283 = CARTESIAN_POINT ( 'NONE',  ( -46.85288243789972285, 50.54891633369029336, 177.8845091912046428 ) ) ;
#284 = CARTESIAN_POINT ( 'NONE',  ( 31.34379192869148056, 21.10718208963553622, 10.00000000000000000 ) ) ;
#285 = CARTESIAN_POINT ( 'NONE',  ( -27.59529886736183357, 82.80090199829139408, 159.5722855328052106 ) ) ;
#286 = CARTESIAN_POINT ( 'NONE',  ( 53.03790405546583031, -8.475813905242965518, 211.2172967466541991 ) ) ;
#287 = CARTESIAN_POINT ( 'NONE',  ( -33.80908817741305938, 88.65905968219104238, 283.3206108845270705 ) ) ;
#288 = CARTESIAN_POINT ( 'NONE',  ( 0.1685636624765869673, 94.24097403979651233, 161.6719437704812492 ) ) ;
#289 = CARTESIAN_POINT ( 'NONE',  ( -34.41814059358325295, -5.326773503925789299, 338.9080442879914585 ) ) ;
#290 = ADVANCED_FACE ( 'NONE', ( #5443 ), #2526, .F. ) ;
#291 = CARTESIAN_POINT ( 'NONE',  ( 38.97898580171414551, 73.88310797067910585, 191.1293198392169188 ) ) ;
#292 = CARTESIAN_POINT ( 'NONE',  ( -8.430569389796726654, 111.0783526193773696, 309.3053668309597697 ) ) ;
#293 = CARTESIAN_POINT ( 'NONE',  ( -27.07502766204991929, -23.68689272032882798, 358.0419343745247147 ) ) ;
#294 = DIRECTION ( 'NONE',  ( -9.814406978379166114E-05, 0.000000000000000000, -0.9999999951838707268 ) ) ;
#295 = CARTESIAN_POINT ( 'NONE',  ( -38.43331161403076379, 73.06599685727104543, 174.9384455787136403 ) ) ;
#296 = CARTESIAN_POINT ( 'NONE',  ( -20.09807841339267043, 93.33394144996130137, 354.1274526100551157 ) ) ;
#297 = CARTESIAN_POINT ( 'NONE',  ( 6.706693541892412291, -51.70884410230646466, 61.09571147708778227 ) ) ;
#298 = CARTESIAN_POINT ( 'NONE',  ( -32.95277759665839312, 3.789860648466381043, 338.8419760071320184 ) ) ;
#299 = CARTESIAN_POINT ( 'NONE',  ( 34.33508439775043541, 78.43855666037994467, 171.8811047921827253 ) ) ;
#300 = CARTESIAN_POINT ( 'NONE',  ( 43.54051548506014768, 72.66501607496135762, 188.0579615904222237 ) ) ;
#301 = CARTESIAN_POINT ( 'NONE',  ( -23.78612841093408292, -7.572770304397582919, 380.0938751272109926 ) ) ;
#302 = CARTESIAN_POINT ( 'NONE',  ( 2.177425837087230587, 94.13975790215116035, 161.3009585975290747 ) ) ;
#303 = CARTESIAN_POINT ( 'NONE',  ( -1.252215391793557009, -55.30197672377875762, 125.3284468335832997 ) ) ;
#304 = CARTESIAN_POINT ( 'NONE',  ( 40.49243157231375534, -2.212373920540819938, 309.1856847007001647 ) ) ;
#305 = B_SPLINE_CURVE_WITH_KNOTS ( 'NONE', 3,
 ( #6644, #1968, #4344, #3801, #1386, #4862, #6176, #852, #3223, #5599, #1315, #273, #5005, #6067, #4900, #745, #3113, #5486, #165, #470, #3261, #6291, #5126, #2171, #4540, #2801, #7570, #968, #4420, #6821, #4581, #1621, #7484, #929, #6251, #3958, #3297, #349 ),
 .UNSPECIFIED., .F., .F.,
 ( 4, 2, 2, 2, 2, 2, 2, 2, 2, 2, 2, 2, 2, 2, 2, 2, 2, 2, 4 ),
 ( 7.123196811810222878E-18, 0.01088095449916471995, 0.01632143174874707559, 0.01768155106114266753, 0.01904167037353825948, 0.02176190899832944683, 0.02720238624791184237, 0.02992262487270303320, 0.03128274418509863208, 0.03264286349749423444, 0.03808334074707660222, 0.04080357937186777223, 0.04352381799665894224, 0.04896429524624125451, 0.05440477249582355290, 0.05984524974540586517, 0.06528572699498816356, 0.07616668149415271871, 0.08704763599331728774 ),
 .UNSPECIFIED. ) ;
#306 = FACE_OUTER_BOUND ( 'NONE', #5373, .T. ) ;
#307 = CARTESIAN_POINT ( 'NONE',  ( -36.69812403264350564, 18.59762005358341597, 17.32414063278418581 ) ) ;
#308 = CARTESIAN_POINT ( 'NONE',  ( 35.87343088341614106, 52.96789976479028894, 60.97550537598812781 ) ) ;
#309 = CARTESIAN_POINT ( 'NONE',  ( 45.81798706792315556, 54.85941880541431459, 171.5795611302220891 ) ) ;
#310 = CARTESIAN_POINT ( 'NONE',  ( 0.000000000000000000, 114.9777999077163315, 402.6283615271067333 ) ) ;
#311 = CARTESIAN_POINT ( 'NONE',  ( -2.000000000000002665, 93.49317265539254151, 163.3472525273978988 ) ) ;
#312 = CARTESIAN_POINT ( 'NONE',  ( -39.64721104023281839, 68.99073854117635562, 159.3085326889332691 ) ) ;
#313 = CARTESIAN_POINT ( 'NONE',  ( 53.20275919456386760, 16.74653759958743748, 201.7382932607719965 ) ) ;
#314 = CARTESIAN_POINT ( 'NONE',  ( -6.391463223762039014, 91.14408275047829022, 165.8904720990800286 ) ) ;
#315 = CARTESIAN_POINT ( 'NONE',  ( 33.72833465485998516, -45.91809224404134682, 211.2022321768951656 ) ) ;
#316 = DIRECTION ( 'NONE',  ( -5.602867245962735462E-30, -0.9812926639922454619, 0.1925219665259060298 ) ) ;
#317 = CARTESIAN_POINT ( 'NONE',  ( 27.59661783500443377, 59.81117308466855320, 60.95000764652930059 ) ) ;
#318 = CARTESIAN_POINT ( 'NONE',  ( 0.000000000000000000, 87.59677993374130267, 130.6266228565572760 ) ) ;
#319 = CARTESIAN_POINT ( 'NONE',  ( -15.72810622412806936, -42.83883545364133028, 297.6653211504931846 ) ) ;
#320 = ORIENTED_EDGE ( 'NONE', *, *, #7200, .T. ) ;
#321 = CARTESIAN_POINT ( 'NONE',  ( -48.22553652848586125, 42.45698922772134409, 141.0899087814017321 ) ) ;
#322 = CARTESIAN_POINT ( 'NONE',  ( 23.51603362702280009, 48.74175374812277539, 357.4055157832979717 ) ) ;
#323 = CARTESIAN_POINT ( 'NONE',  ( -26.09677548386514800, 82.72172379324587155, 153.6067663592416750 ) ) ;
#324 = CARTESIAN_POINT ( 'NONE',  ( 38.17434164725789714, -8.019602869098644504, 322.2740212379210334 ) ) ;
#325 = CARTESIAN_POINT ( 'NONE',  ( -30.44927193713333224, 44.06279643169266080, 34.07286606747313584 ) ) ;
#326 = B_SPLINE_CURVE_WITH_KNOTS ( 'NONE', 3,
 ( #715, #3627, #3046, #5419 ),
 .UNSPECIFIED., .F., .F.,
 ( 4, 4 ),
 ( 7.474136269683657246E-20, 0.0005061253215267702251 ),
 .UNSPECIFIED. ) ;
#327 = LINE ( 'NONE', #6918, #389 ) ;
#328 = CARTESIAN_POINT ( 'NONE',  ( -56.07762903108212527, -5.301034053071639107, 149.0516017359574619 ) ) ;
#329 = CARTESIAN_POINT ( 'NONE',  ( 38.92930397706971490, 70.17723829754078224, 159.3264373479398728 ) ) ;
#330 = AXIS2_PLACEMENT_3D ( 'NONE', #4428, #6792, #2767 ) ;
#331 = CARTESIAN_POINT ( 'NONE',  ( -10.69917438941038412, 100.3471226704601094, 201.7340824142599445 ) ) ;
#332 = CARTESIAN_POINT ( 'NONE',  ( -47.07491761464021351, -37.56440568170774696, 95.91629090187896622 ) ) ;
#333 = CARTESIAN_POINT ( 'NONE',  ( -0.3371429451201070626, 94.04711379996352605, 160.6901613809226603 ) ) ;
#334 = CARTESIAN_POINT ( 'NONE',  ( -34.91452555684428205, 79.88392046388133849, 187.9246918982329646 ) ) ;
#335 = CARTESIAN_POINT ( 'NONE',  ( -29.74478387860260398, 66.38652392182243034, 82.48134220015884921 ) ) ;
#336 = CARTESIAN_POINT ( 'NONE',  ( 3.536944963726678992, -39.41601329634336537, 335.6134352068914382 ) ) ;
#337 = CARTESIAN_POINT ( 'NONE',  ( -36.94768383544862900, 6.048733712955052688, 322.2390044714872488 ) ) ;
#338 = CARTESIAN_POINT ( 'NONE',  ( 34.36751618412247922, 75.42775624970751380, 153.4366473573417409 ) ) ;
#339 = CARTESIAN_POINT ( 'NONE',  ( 44.34724958668221007, 70.90568308044684898, 187.8281579326472297 ) ) ;
#340 = CARTESIAN_POINT ( 'NONE',  ( -29.45394147912470473, -6.458819242947615891, 359.8100695893893999 ) ) ;
#341 = CARTESIAN_POINT ( 'NONE',  ( 38.97844848933502959, 73.65714726308399918, 188.1875535305121616 ) ) ;
#342 = CARTESIAN_POINT ( 'NONE',  ( 0.000000000000000000, -39.54025308811204553, 335.5788767518578197 ) ) ;
#343 = CARTESIAN_POINT ( 'NONE',  ( 42.86730672379518126, -4.794744038746967973, 296.6515585544222517 ) ) ;
#344 = CARTESIAN_POINT ( 'NONE',  ( 7.946428739083644999, 84.26483441512353068, 134.2704708021354918 ) ) ;
#345 = CARTESIAN_POINT ( 'NONE',  ( -50.82237872855476013, 43.61824847281352646, 211.2182008268868572 ) ) ;
#346 = CARTESIAN_POINT ( 'NONE',  ( 41.64901836950076586, 61.95225575744247948, 106.4466701685408623 ) ) ;
#347 = CARTESIAN_POINT ( 'NONE',  ( 45.82662984788994009, 54.79352845865921040, 190.9240384572825064 ) ) ;
#348 = CARTESIAN_POINT ( 'NONE',  ( 0.000000000000000000, 103.9406128168738519, 221.6256922400351073 ) ) ;
#349 = CARTESIAN_POINT ( 'NONE',  ( -49.08431831770043630, 35.28856251571792768, 183.1758581061168911 ) ) ;
#350 = CARTESIAN_POINT ( 'NONE',  ( -39.97613504738745860, 71.68577535308901361, 187.7965579011889190 ) ) ;
#351 = CARTESIAN_POINT ( 'NONE',  ( 47.44922415866400200, 12.98201577443083643, 266.1680958781744835 ) ) ;
#352 = CARTESIAN_POINT ( 'NONE',  ( 0.000000000000000000, 94.82506333002908150, 184.9867299713336877 ) ) ;
#353 = CARTESIAN_POINT ( 'NONE',  ( 30.30118861509693318, -36.11238771068142484, 297.2506059616509333 ) ) ;
#354 = CARTESIAN_POINT ( 'NONE',  ( 48.15993461525501829, 52.33333534032897205, 120.0000000000000142 ) ) ;
#355 = CARTESIAN_POINT ( 'NONE',  ( 34.87451329825628221, 86.19984804863253203, 192.3823065410531683 ) ) ;
#356 = CARTESIAN_POINT ( 'NONE',  ( 48.01381719324776753, 39.01977877386402582, 119.9999999999999005 ) ) ;
#357 = CARTESIAN_POINT ( 'NONE',  ( -8.117874403921792492, -28.72274637977016098, 392.1746400375798771 ) ) ;
#358 = VERTEX_POINT ( 'NONE', #1816 ) ;
#359 = CARTESIAN_POINT ( 'NONE',  ( -47.27815960010127583, 48.05954054183840896, 184.3176787510941210 ) ) ;
#360 = CARTESIAN_POINT ( 'NONE',  ( 48.36630157201634006, 59.33220355971721460, 201.7365223176491895 ) ) ;
#361 = CARTESIAN_POINT ( 'NONE',  ( -22.53636581492902735, 79.69145316867771101, 130.2977718098832156 ) ) ;
#362 = CARTESIAN_POINT ( 'NONE',  ( 50.76087498454309355, -8.417531247165385366, 235.9981479677553864 ) ) ;
#363 = CARTESIAN_POINT ( 'NONE',  ( -26.03519514340369057, 35.41622599239010327, 17.23175393959791180 ) ) ;
#364 = CARTESIAN_POINT ( 'NONE',  ( -20.02433781802810131, 82.02655884217193716, 120.0000000000000568 ) ) ;
#365 = CARTESIAN_POINT ( 'NONE',  ( -40.56816203972449131, -4.830616344471450496, 309.1854164388136610 ) ) ;
#366 = CARTESIAN_POINT ( 'NONE',  ( 41.80566061571565228, 67.23327788244188241, 181.2547690427533098 ) ) ;
#367 = CARTESIAN_POINT ( 'NONE',  ( -15.27728817937552819, 90.35655249148204859, 149.0203490209352708 ) ) ;
#368 = CARTESIAN_POINT ( 'NONE',  ( -49.86293765837694281, -32.89247274916671415, 95.91688864250849633 ) ) ;
#369 = CARTESIAN_POINT ( 'NONE',  ( 0.000000000000000000, 94.04758353641027213, 160.6900679399676335 ) ) ;
#370 = APPLICATION_CONTEXT ( 'automotive_design' ) ;
#371 = CARTESIAN_POINT ( 'NONE',  ( -36.67060195819310309, 76.60503329644782866, 181.3946789151889902 ) ) ;
#372 = CARTESIAN_POINT ( 'NONE',  ( -30.80892717949071979, 94.76117411407105351, 236.4359019518063576 ) ) ;
#373 = CARTESIAN_POINT ( 'NONE',  ( 1.009519240138795571, -46.06074705912613609, 283.5891185915985488 ) ) ;
#374 = CARTESIAN_POINT ( 'NONE',  ( -54.02284082411591726, 7.542127257246161953, 192.3489138660755202 ) ) ;
#375 = CARTESIAN_POINT ( 'NONE',  ( 17.21413789037510611, 78.86971997026827808, 119.5818618083014115 ) ) ;
#376 = CARTESIAN_POINT ( 'NONE',  ( 34.65763797801960777, 75.09257594336679631, 153.4294818104123408 ) ) ;
#377 = CARTESIAN_POINT ( 'NONE',  ( 29.38092659868094358, 90.89272679167757474, 190.4388608338437905 ) ) ;
#378 = CARTESIAN_POINT ( 'NONE',  ( -55.23097426227796092, -6.262677443348818151, 106.4752913098876945 ) ) ;
#379 = CARTESIAN_POINT ( 'NONE',  ( 3.036466787284053392, 94.47427980624667043, 163.1572553380290458 ) ) ;
#380 = CARTESIAN_POINT ( 'NONE',  ( 0.000000000000000000, -30.63364143246819182, 391.5638077824757488 ) ) ;
#381 = CARTESIAN_POINT ( 'NONE',  ( 49.52426872189889195, -3.760226744287658462, 250.8434599818468769 ) ) ;
#382 = CARTESIAN_POINT ( 'NONE',  ( 1.164860519079614187, 93.27371172033502944, 162.0164174146878793 ) ) ;
#383 = CARTESIAN_POINT ( 'NONE',  ( 33.52385515992878595, 77.44050558030943421, 159.4518543614952364 ) ) ;
#384 = CARTESIAN_POINT ( 'NONE',  ( -7.099515518358069599, 28.63440171882571761, 405.2642741591731124 ) ) ;
#385 = CARTESIAN_POINT ( 'NONE',  ( 39.72796301736433122, 56.91168432937396204, 82.47865688392327854 ) ) ;
#386 = CARTESIAN_POINT ( 'NONE',  ( 45.96907410743158096, 53.60036977032499550, 159.1325175867301596 ) ) ;
#387 = CARTESIAN_POINT ( 'NONE',  ( 53.61204164886302692, 27.37190713931104824, 176.0927579686941442 ) ) ;
#388 = CARTESIAN_POINT ( 'NONE',  ( -3.036466787284048063, 94.47427980624667043, 163.1572553380290174 ) ) ;
#389 = VECTOR ( 'NONE', #6266, 1000.000000000000114 ) ;
#390 = CARTESIAN_POINT ( 'NONE',  ( -39.28994179536628906, 72.99893092849552545, 187.8169663954656698 ) ) ;
#391 = CARTESIAN_POINT ( 'NONE',  ( 11.97558004735068593, 13.55171652863063336, 397.0588212794785363 ) ) ;
#392 = ORIENTED_EDGE ( 'NONE', *, *, #3043, .F. ) ;
#393 = CARTESIAN_POINT ( 'NONE',  ( -6.393918385517281422, 88.70980171354257493, 153.7472228284509868 ) ) ;
#394 = CARTESIAN_POINT ( 'NONE',  ( 39.38456918017836017, -45.16207994966118378, 95.91499236189125099 ) ) ;
#395 = CARTESIAN_POINT ( 'NONE',  ( 0.000000000000000000, 0.000000000000000000, 120.0000000000000000 ) ) ;
#396 = CARTESIAN_POINT ( 'NONE',  ( 21.76678825150214180, 99.36461859968835597, 221.6172238022536476 ) ) ;
#397 = CARTESIAN_POINT ( 'NONE',  ( 43.70278669052026288, 53.91369651857075240, 120.0000000000000142 ) ) ;
#398 = CARTESIAN_POINT ( 'NONE',  ( -15.82790689171483045, -52.56755319284742711, 192.4373569982886920 ) ) ;
#399 = ORIENTED_EDGE ( 'NONE', *, *, #2002, .T. ) ;
#400 = CARTESIAN_POINT ( 'NONE',  ( -47.02659035498040652, 43.03336793701152629, 118.9684187095075885 ) ) ;
#401 = CARTESIAN_POINT ( 'NONE',  ( 45.77346268631110604, 59.40616330443984339, 251.2647950789811944 ) ) ;
#402 = CARTESIAN_POINT ( 'NONE',  ( -27.54470379163542049, 84.96115917680897667, 172.0147859985702041 ) ) ;
#403 = CARTESIAN_POINT ( 'NONE',  ( 54.29805612819932747, -11.95279443607484460, 192.3483691150099162 ) ) ;
#404 = CARTESIAN_POINT ( 'NONE',  ( -34.52485758390006509, 86.98888543379642613, 283.2922982889651848 ) ) ;
#405 = VECTOR ( 'NONE', #5895, 1000.000000000000114 ) ;
#406 = CARTESIAN_POINT ( 'NONE',  ( -6.484213820569129538, 84.61394385879189883, 120.0000000000000142 ) ) ;
#407 = CARTESIAN_POINT ( 'NONE',  ( -42.85326599511384416, -5.183104317670615302, 296.6512912776334474 ) ) ;
#408 = ADVANCED_FACE ( 'NONE', ( #1235 ), #661, .F. ) ;
#409 = CARTESIAN_POINT ( 'NONE',  ( 39.09709356644779632, 62.34774136633445352, 119.1891008999932495 ) ) ;
#410 = CARTESIAN_POINT ( 'NONE',  ( -17.75223142608869509, 106.0140820383212485, 297.8969705289287617 ) ) ;
#411 = CARTESIAN_POINT ( 'NONE',  ( -14.25133133970866162, -16.70220385457432855, 405.1530218015644778 ) ) ;
#412 = ORIENTED_EDGE ( 'NONE', *, *, #2628, .T. ) ;
#413 = DIRECTION ( 'NONE',  ( 0.000000000000000000, 0.9812926639922453509, -0.1925219665259060575 ) ) ;
#414 = CARTESIAN_POINT ( 'NONE',  ( -34.59189473084003907, 70.76040545616956479, 130.0632936914431355 ) ) ;
#415 = CARTESIAN_POINT ( 'NONE',  ( -32.79573330312808110, 89.46446962824461480, 201.7348627837917832 ) ) ;
#416 = CARTESIAN_POINT ( 'NONE',  ( 3.474057595117261421, -43.17343577179384795, 17.33843673132402330 ) ) ;
#417 = CARTESIAN_POINT ( 'NONE',  ( -54.25858017205716521, 4.122359982015428415, 95.91842194424297929 ) ) ;
#418 = CARTESIAN_POINT ( 'NONE',  ( 15.93680819961633333, 92.79660147227494349, 184.9366078517313952 ) ) ;
#419 = CARTESIAN_POINT ( 'NONE',  ( 36.99791517598610113, 77.26914643607253197, 191.1823458374505265 ) ) ;
#420 = DIRECTION ( 'NONE',  ( 1.000000000000000000, -6.286854017118685007E-16, -3.348604628904795982E-15 ) ) ;
#421 = CARTESIAN_POINT ( 'NONE',  ( -37.25453325313229413, -6.661685226313403874, 9.999999999999998224 ) ) ;
#422 = CARTESIAN_POINT ( 'NONE',  ( 1.854964432722528755, 94.38879795210628743, 162.5083244346396327 ) ) ;
#423 = CARTESIAN_POINT ( 'NONE',  ( -0.4180247772275810791, -54.42922362320734919, 175.0446952262756781 ) ) ;
#424 = CARTESIAN_POINT ( 'NONE',  ( 49.39373680530179911, -5.161532930411835807, 250.8426180530016723 ) ) ;
#425 = CARTESIAN_POINT ( 'NONE',  ( 0.4999999999999863443, 93.25755166443106248, 161.8648835697545394 ) ) ;
#426 = CARTESIAN_POINT ( 'NONE',  ( 32.21551032812756432, 81.32057884372521528, 175.0773888656277393 ) ) ;
#427 = CARTESIAN_POINT ( 'NONE',  ( -47.54541800350610714, 46.36932620354161116, 251.1354166744839631 ) ) ;
#428 = CARTESIAN_POINT ( 'NONE',  ( 16.27518068233529291, 63.27371450682036169, 375.3663428981856782 ) ) ;
#429 = EDGE_CURVE ( 'NONE', #1823, #3967, #6025, .T. ) ;
#430 = CARTESIAN_POINT ( 'NONE',  ( 45.40307574901988374, 55.45435800578490415, 159.1480470612650606 ) ) ;
#431 = CARTESIAN_POINT ( 'NONE',  ( 1.744918392365842008, 105.7791907876932385, 236.5351059486960139 ) ) ;
#432 = CARTESIAN_POINT ( 'NONE',  ( 1.999999999999997335, 93.69327400850461629, 178.5939537848248051 ) ) ;
#433 = CARTESIAN_POINT ( 'NONE',  ( -38.00708347262312969, 63.94149533351982484, 119.2198047780863561 ) ) ;
#434 = CARTESIAN_POINT ( 'NONE',  ( 54.90987642033468319, 3.609679028548031798, 174.9350898044664859 ) ) ;
#435 = CARTESIAN_POINT ( 'NONE',  ( -2.192454324315491920, 94.26990623710241834, 181.7605796095760979 ) ) ;
#436 = CARTESIAN_POINT ( 'NONE',  ( 36.85384720744252718, -36.83557582513209638, 34.36713745061690872 ) ) ;
#437 = CARTESIAN_POINT ( 'NONE',  ( -1.255643413065528735, 93.27847556023506570, 162.0540001463267004 ) ) ;
#438 = CARTESIAN_POINT ( 'NONE',  ( 18.70266981715646537, 63.66747741060702026, 60.93120414751311387 ) ) ;
#439 = CARTESIAN_POINT ( 'NONE',  ( 49.55888855730788123, 30.88922555920814261, 181.3975996781585138 ) ) ;
#440 = VERTEX_POINT ( 'NONE', #701 ) ;
#441 = CARTESIAN_POINT ( 'NONE',  ( -45.20574027729782074, 57.12420526779213503, 174.7459229984742706 ) ) ;
#442 = CARTESIAN_POINT ( 'NONE',  ( 50.49376245883300385, 50.22012597164248149, 149.0383569034248978 ) ) ;
#443 = CARTESIAN_POINT ( 'NONE',  ( -24.13036240628458984, 78.95915894041542060, 130.2784061869800212 ) ) ;
#444 = CARTESIAN_POINT ( 'NONE',  ( 51.97371130511168502, -11.77933393273072049, 221.5228831032883932 ) ) ;
#445 = CARTESIAN_POINT ( 'NONE',  ( -45.19632424720922614, 65.29408024470251348, 149.0322289706319907 ) ) ;
#446 = DIRECTION ( 'NONE',  ( -3.406996906818447161E-15, 0.1925219665259060853, 0.9812926639922453509 ) ) ;
#447 = CARTESIAN_POINT ( 'NONE',  ( -53.79417827598516055, -5.736872006809078606, 201.7386368738305862 ) ) ;
#448 = EDGE_CURVE ( 'NONE', #2535, #5995, #5225, .T. ) ;
#449 = CARTESIAN_POINT ( 'NONE',  ( 41.12110256391007823, 67.74943701023492793, 171.7134917366613251 ) ) ;
#450 = CARTESIAN_POINT ( 'NONE',  ( -19.10210754970741220, 104.3053285406548270, 267.5124287594156840 ) ) ;
#451 = CARTESIAN_POINT ( 'NONE',  ( -11.23459225180336318, -20.37521825269859477, 409.0779284778303690 ) ) ;
#452 = CARTESIAN_POINT ( 'NONE',  ( 0.000000000000000000, 94.24097403976992382, 161.6719437704743711 ) ) ;
#453 = CARTESIAN_POINT ( 'NONE',  ( -36.24484466404488359, 76.40439597066894351, 174.9893092767627536 ) ) ;
#454 = CARTESIAN_POINT ( 'NONE',  ( -19.27254319071283462, 88.74135770772925014, 354.5235880784441633 ) ) ;
#455 = CARTESIAN_POINT ( 'NONE',  ( 5.037627612667280097, -54.34073328482042342, 175.0435559802996011 ) ) ;
#456 = CARTESIAN_POINT ( 'NONE',  ( -7.368061849129143859, 1.598613362170090646, 405.9095772560551154 ) ) ;
#457 = CARTESIAN_POINT ( 'NONE',  ( 17.64412686718391043, 92.71764685355323365, 188.1833593368782260 ) ) ;
#458 = VECTOR ( 'NONE', #1656, 1000.000000000000114 ) ;
#459 = CARTESIAN_POINT ( 'NONE',  ( 36.88799551754138406, 73.23717349306946289, 159.3734455174621019 ) ) ;
#460 = FACE_OUTER_BOUND ( 'NONE', #1861, .T. ) ;
#461 = CARTESIAN_POINT ( 'NONE',  ( -50.87517152497040485, -6.616128921783814398, 235.9981479677553864 ) ) ;
#462 = CARTESIAN_POINT ( 'NONE',  ( -0.4225128644914850073, -55.25367027560801603, 149.1163318187778373 ) ) ;
#463 = CARTESIAN_POINT ( 'NONE',  ( 53.79603975428314300, -5.234958266707274710, 201.7386358935324040 ) ) ;
#464 = CARTESIAN_POINT ( 'NONE',  ( -52.76574287418602438, 34.72543471735713183, 183.1023024868784717 ) ) ;
#465 = CARTESIAN_POINT ( 'NONE',  ( 32.86074883320193862, 80.14878902584105447, 171.9141828332789999 ) ) ;
#466 = CARTESIAN_POINT ( 'NONE',  ( -45.49148822631065059, 47.02160344056898822, 266.5338285665748117 ) ) ;
#467 = CARTESIAN_POINT ( 'NONE',  ( 45.19632424720922614, 65.29408024470251348, 149.0322289706319907 ) ) ;
#468 = CARTESIAN_POINT ( 'NONE',  ( 47.74975075501270538, 44.40191767291694447, 190.8666139504202874 ) ) ;
#469 = CARTESIAN_POINT ( 'NONE',  ( 4.419861650541639264, 111.2187841533519475, 298.0045363521949184 ) ) ;
#470 = CARTESIAN_POINT ( 'NONE',  ( -31.57410235153381706, 84.06214073237333650, 189.5466513055343114 ) ) ;
#471 = CARTESIAN_POINT ( 'NONE',  ( -39.39234276545943914, 70.27402381103379980, 165.4637741220109888 ) ) ;
#472 = CARTESIAN_POINT ( 'NONE',  ( 47.72957038536790719, 6.461706748972217085, 266.1300385262940722 ) ) ;
#473 = CARTESIAN_POINT ( 'NONE',  ( 0.000000000000000000, 98.32173315114941659, 184.0618598293445984 ) ) ;
#474 = CARTESIAN_POINT ( 'NONE',  ( 9.425226401539550380, -23.08678139245468941, 409.0779284778305964 ) ) ;
#475 = CARTESIAN_POINT ( 'NONE',  ( 35.91599933761853691, 65.76410829577663719, 95.91565523919271641 ) ) ;
#476 = LINE ( 'NONE', #2176, #1855 ) ;
#477 = CARTESIAN_POINT ( 'NONE',  ( 19.00566609175972843, 75.60320656173627185, 95.91491918126088478 ) ) ;
#478 = CARTESIAN_POINT ( 'NONE',  ( 49.20562041155680788, 34.16872128874442893, 182.9771363757209599 ) ) ;
#479 = VERTEX_POINT ( 'NONE', #846 ) ;
#480 = CARTESIAN_POINT ( 'NONE',  ( -45.82071510842146012, 54.81934936504498523, 190.9241972158622218 ) ) ;
#481 = CARTESIAN_POINT ( 'NONE',  ( 46.18675434505338728, 38.24548367965716977, 266.4196411871761256 ) ) ;
#482 = CARTESIAN_POINT ( 'NONE',  ( -17.89206823116423450, 87.71421129401919359, 159.6956212459411120 ) ) ;
#483 = CARTESIAN_POINT ( 'NONE',  ( 41.15884187181374898, -19.05223280300137745, 296.7585709918368480 ) ) ;
#484 = CARTESIAN_POINT ( 'NONE',  ( -44.02017754197238730, 73.09702262574656118, 211.2192021291936612 ) ) ;
#485 = CARTESIAN_POINT ( 'NONE',  ( -23.48345862260337569, 80.67029859774412159, 120.0000000000000711 ) ) ;
#486 = CARTESIAN_POINT ( 'NONE',  ( 40.76588336522735290, 66.09007280174508026, 153.2807552240112159 ) ) ;
#487 = CARTESIAN_POINT ( 'NONE',  ( 10.14926726573863114, 77.55389713258183804, 95.91472809282537071 ) ) ;
#488 = CARTESIAN_POINT ( 'NONE',  ( -17.36501309354383693, 101.1921716075065945, 221.6204302219562123 ) ) ;
#489 = CARTESIAN_POINT ( 'NONE',  ( -33.23044505140508420, -39.22986829579414092, 266.7463894329503091 ) ) ;
#490 = CARTESIAN_POINT ( 'NONE',  ( 6.946430303705541931, 82.71893810704847283, 127.4403157947021583 ) ) ;
#491 = CARTESIAN_POINT ( 'NONE',  ( -34.82179140805649808, 78.74255601872360444, 178.2092286823917391 ) ) ;
#492 = CARTESIAN_POINT ( 'NONE',  ( -25.44681982927693653, 96.64453114867734485, 309.2818806344806717 ) ) ;
#493 = CARTESIAN_POINT ( 'NONE',  ( 4.244359048069945572, -47.71655536383978813, 267.3846424725452948 ) ) ;
#494 = CARTESIAN_POINT ( 'NONE',  ( -53.40058998659738876, 1.002261707329937357, 82.46866116624902077 ) ) ;
#495 = CARTESIAN_POINT ( 'NONE',  ( 14.17419760391601002, 92.19836007644730103, 178.4991557382658698 ) ) ;
#496 = CARTESIAN_POINT ( 'NONE',  ( 35.45507858897380515, 69.78819012175112846, 130.0393939278081348 ) ) ;
#497 = CARTESIAN_POINT ( 'NONE',  ( 0.000000000000000000, 114.1269897751958524, 352.8396104960729076 ) ) ;
#498 = CARTESIAN_POINT ( 'NONE',  ( -48.15710821802984043, -16.24473466856665382, 250.8746812544798104 ) ) ;
#499 = CARTESIAN_POINT ( 'NONE',  ( 0.000000000000000000, -47.92900152199584340, 34.31797925651743242 ) ) ;
#500 = CARTESIAN_POINT ( 'NONE',  ( 51.23212749492333273, -5.279767752902567501, 61.09952078720553459 ) ) ;
#501 = FACE_OUTER_BOUND ( 'NONE', #1545, .T. ) ;
#502 = CARTESIAN_POINT ( 'NONE',  ( 32.72672936974295510, 81.69061678974239271, 181.4808246758162511 ) ) ;
#503 = CARTESIAN_POINT ( 'NONE',  ( -18.35383639128107447, 26.40889773872673274, 378.6675201545299956 ) ) ;
#504 = AXIS2_PLACEMENT_3D ( 'NONE', #7557, #2198, #2829 ) ;
#505 = CARTESIAN_POINT ( 'NONE',  ( 47.59974729875641941, 46.94667398178492590, 171.5296478795355597 ) ) ;
#506 = CARTESIAN_POINT ( 'NONE',  ( -1.698673458370118627, 96.37893997416071556, 179.0073772149262936 ) ) ;
#507 = CARTESIAN_POINT ( 'NONE',  ( 8.108821138904701797, 112.8856529317305757, 352.9526403242312540 ) ) ;
#508 = CARTESIAN_POINT ( 'NONE',  ( -38.80514100766212238, 72.44742319920129603, 174.9292153172337123 ) ) ;
#509 = CARTESIAN_POINT ( 'NONE',  ( 40.31902259092927920, 0.02794902781589224394, 17.38317744587284608 ) ) ;
#510 = CARTESIAN_POINT ( 'NONE',  ( -50.30383207801484957, 27.10604614702787529, 164.8787366132472698 ) ) ;
#511 = CARTESIAN_POINT ( 'NONE',  ( 29.90062835927473728, -50.06542585903937237, 95.91369382190376314 ) ) ;
#512 = CARTESIAN_POINT ( 'NONE',  ( 9.151614894151858692, 77.16747646279294770, 409.0779284778315628 ) ) ;
#513 = CARTESIAN_POINT ( 'NONE',  ( 2.193250237785408618, 94.26984641742579640, 181.7602319835624769 ) ) ;
#514 = CARTESIAN_POINT ( 'NONE',  ( 18.17817208881700353, 103.5299418106218070, 390.5071968784588989 ) ) ;
#515 = DIRECTION ( 'NONE',  ( 1.000000000000000000, -6.559217444483719511E-16, -3.343261070905212782E-15 ) ) ;
#516 = EDGE_LOOP ( 'NONE', ( #1466, #1168, #6391, #1141 ) ) ;
#517 = CARTESIAN_POINT ( 'NONE',  ( -45.25462120905688579, 56.79210259677547157, 171.5962020973724123 ) ) ;
#518 = CARTESIAN_POINT ( 'NONE',  ( 49.09264226191538683, 45.46413718415138305, 236.1508003833065175 ) ) ;
#519 = CARTESIAN_POINT ( 'NONE',  ( -19.67268367367169901, 87.13237769755048134, 159.6819990583172171 ) ) ;
#520 = CARTESIAN_POINT ( 'NONE',  ( 34.40879171024704419, -16.81073289365518875, 338.6102631134156695 ) ) ;
#521 = CARTESIAN_POINT ( 'NONE',  ( -29.63789800356834547, 77.99082012998276525, 321.3590933360292183 ) ) ;
#522 = CARTESIAN_POINT ( 'NONE',  ( -5.424449430738714995, 57.29314487345126850, -11.24102100324514630 ) ) ;
#523 = CARTESIAN_POINT ( 'NONE',  ( 41.74121286964163602, 67.64516466522864846, 184.4812312805101442 ) ) ;
#524 = CARTESIAN_POINT ( 'NONE',  ( 12.06204375497441283, 111.1451024805289762, 409.0779284778312217 ) ) ;
#525 = CARTESIAN_POINT ( 'NONE',  ( -20.04771394923378836, 98.91251713846918392, 211.2202672290316627 ) ) ;
#526 = CARTESIAN_POINT ( 'NONE',  ( -11.84108653143643863, -18.92433324033565967, 409.0779284778324154 ) ) ;
#527 = ORIENTED_EDGE ( 'NONE', *, *, #2479, .T. ) ;
#528 = AXIS2_PLACEMENT_3D ( 'NONE', #6478, #4691, #5197 ) ;
#529 = CARTESIAN_POINT ( 'NONE',  ( -49.78709418350626237, 30.73530124700151589, 174.6159254485139627 ) ) ;
#530 = VECTOR ( 'NONE', #7055, 999.9999999999998863 ) ;
#531 = CARTESIAN_POINT ( 'NONE',  ( -34.68743733423273312, 76.10351375083786252, 159.4252726707894681 ) ) ;
#532 = CARTESIAN_POINT ( 'NONE',  ( -34.87451329825628221, 86.19984804863253203, 192.3823065410531683 ) ) ;
#533 = CARTESIAN_POINT ( 'NONE',  ( 0.9474859591064023201, -43.00755576645893541, 309.3074386397254898 ) ) ;
#534 = CARTESIAN_POINT ( 'NONE',  ( -5.666352794274829741, -2.011948373036816395, 409.0779284778328133 ) ) ;
#535 = CARTESIAN_POINT ( 'NONE',  ( 12.13769991230163647, 82.84406332688732277, 130.3643170095953110 ) ) ;
#536 = CARTESIAN_POINT ( 'NONE',  ( 34.83767280827892421, 80.38223150850687659, 191.2308173299718987 ) ) ;
#537 = LINE ( 'NONE', #6973, #5111 ) ;
#538 = CARTESIAN_POINT ( 'NONE',  ( -48.82683063509787758, -11.52539797595174420, 250.8485690429905333 ) ) ;
#539 = DIRECTION ( 'NONE',  ( 5.602867245962734761E-30, -0.9812926639922453509, 0.1925219665259060575 ) ) ;
#540 = CARTESIAN_POINT ( 'NONE',  ( 30.39487197242022276, 80.59470491605480902, 159.5192309063103266 ) ) ;
#541 = CARTESIAN_POINT ( 'NONE',  ( -54.27721004450526721, 26.36209160554729891, 149.0464571627384487 ) ) ;
#542 = CARTESIAN_POINT ( 'NONE',  ( 47.26498624957194750, 48.49738159436886775, 177.8722467350813190 ) ) ;
#543 = CARTESIAN_POINT ( 'NONE',  ( 1.629168394522655383, 97.62605975985758278, 180.1342995722665989 ) ) ;
#544 = CARTESIAN_POINT ( 'NONE',  ( 5.572846004278805054, 99.57364106496748946, 192.3913294216725944 ) ) ;
#545 = CARTESIAN_POINT ( 'NONE',  ( -5.275726781593491843, -39.25647364483652524, 335.6585644834651703 ) ) ;
#546 = CARTESIAN_POINT ( 'NONE',  ( -39.24515530891225268, 72.06389903215699633, 178.1048195219628099 ) ) ;
#547 = CARTESIAN_POINT ( 'NONE',  ( 54.16650250918628728, 5.780759032656556329, 95.91839404790768242 ) ) ;
#548 = PLANE ( 'NONE',  #5494 ) ;
#549 = CARTESIAN_POINT ( 'NONE',  ( 23.35187323032068107, -40.28483932155247516, 297.4720216980654186 ) ) ;
#550 = CARTESIAN_POINT ( 'NONE',  ( 31.29179757343381851, 93.24381146108152052, 283.4028478569703111 ) ) ;
#551 = CARTESIAN_POINT ( 'NONE',  ( 4.348258663284735093, 86.40373776918077908, 141.7574244799051257 ) ) ;
#552 = CARTESIAN_POINT ( 'NONE',  ( 15.64684210313854074, 107.7570054325564541, 320.8476529610748571 ) ) ;
#553 = FACE_OUTER_BOUND ( 'NONE', #7344, .T. ) ;
#554 = ORIENTED_EDGE ( 'NONE', *, *, #1471, .T. ) ;
#555 = CARTESIAN_POINT ( 'NONE',  ( -46.10706189520754350, 53.86465502630488089, 181.1290663505198779 ) ) ;
#556 = CARTESIAN_POINT ( 'NONE',  ( 40.58958712492802334, 38.33041464672570697, 296.9364745630688844 ) ) ;
#557 = CARTESIAN_POINT ( 'NONE',  ( -19.39914133146124797, 92.10838717061994885, 188.1677373316744308 ) ) ;
#558 = CARTESIAN_POINT ( 'NONE',  ( 37.26951528980203676, -17.76020160227152900, 322.1570194046114466 ) ) ;
#559 = PLANE ( 'NONE',  #5730 ) ;
#560 = CARTESIAN_POINT ( 'NONE',  ( 42.75664729496281069, 60.37448092451288773, 141.2349175638358645 ) ) ;
#561 = CARTESIAN_POINT ( 'NONE',  ( 17.32396092534494514, 79.19717261653121909, 106.4332006678653784 ) ) ;
#562 = CARTESIAN_POINT ( 'NONE',  ( -16.86449848019995557, 76.20660751207844896, 95.91486233485673552 ) ) ;
#563 = CARTESIAN_POINT ( 'NONE',  ( -39.90890487282776178, -45.48172969370041585, 106.4617499417587396 ) ) ;
#564 = VERTEX_POINT ( 'NONE', #5120 ) ;
#565 = CARTESIAN_POINT ( 'NONE',  ( 34.52204169687135504, 80.55030989658629892, 189.0879367960769741 ) ) ;
#566 = CARTESIAN_POINT ( 'NONE',  ( -7.946428739083171600, 57.29324932177321017, -11.24048862569913787 ) ) ;
#567 = B_SPLINE_CURVE_WITH_KNOTS ( 'NONE', 3,
 ( #7363, #5592, #4374, #2712 ),
 .UNSPECIFIED., .F., .F.,
 ( 4, 4 ),
 ( 0.000000000000000000, 0.01501864904044652831 ),
 .UNSPECIFIED. ) ;
#568 = CARTESIAN_POINT ( 'NONE',  ( -33.68464831516653391, 81.85673089730398999, 191.2551602290335779 ) ) ;
#569 = CARTESIAN_POINT ( 'NONE',  ( -32.62699455477484634, 93.57277667424875744, 251.6411067150267513 ) ) ;
#570 = CARTESIAN_POINT ( 'NONE',  ( 0.000000000000000000, -55.25367027560801603, 149.1163318187778373 ) ) ;
#571 = CARTESIAN_POINT ( 'NONE',  ( -40.19755007024765803, 2.637998037828876097, 309.1868535828529616 ) ) ;
#572 = CARTESIAN_POINT ( 'NONE',  ( 26.11558818628547485, 86.02710668454048459, 172.0383968942616377 ) ) ;
#573 = CARTESIAN_POINT ( 'NONE',  ( 36.77963980877671446, 75.62416125074241791, 174.9766772168950411 ) ) ;
#574 = PLANE ( 'NONE',  #504 ) ;
#575 = CARTESIAN_POINT ( 'NONE',  ( -38.20396427593795607, -10.47095840775856956, 322.2638471654591399 ) ) ;
#576 = CARTESIAN_POINT ( 'NONE',  ( 0.000000000000000000, 93.06643350482198684, 160.8833154897949953 ) ) ;
#577 = CARTESIAN_POINT ( 'NONE',  ( 6.112347877062834556, -27.03407736614546764, 403.5548873863585868 ) ) ;
#578 = CARTESIAN_POINT ( 'NONE',  ( -50.55851548923006789, 24.19801524341339771, 236.0592178367966198 ) ) ;
#579 = CARTESIAN_POINT ( 'NONE',  ( 47.98601821808588852, 44.91003594521242093, 159.0781183513736039 ) ) ;
#580 = CARTESIAN_POINT ( 'NONE',  ( 1.416472748432380468, 96.43409201237138006, 179.2704934429850141 ) ) ;
#581 = CARTESIAN_POINT ( 'NONE',  ( 8.132384995964381247, 113.4590439221666571, 389.9938575753274677 ) ) ;
#582 = CARTESIAN_POINT ( 'NONE',  ( -6.889900263545648329, -50.45315609857289729, 236.3531283597595802 ) ) ;
#583 = CARTESIAN_POINT ( 'NONE',  ( -39.01407458465305922, 69.09671236994994103, 153.3296370569872806 ) ) ;
#584 = CARTESIAN_POINT ( 'NONE',  ( 54.77857594407559105, 7.273112108655828578, 174.9352365799757365 ) ) ;
#585 = CARTESIAN_POINT ( 'NONE',  ( -1.954986685287039672, 94.43967848640930640, 162.7771779171200137 ) ) ;
#586 = CARTESIAN_POINT ( 'NONE',  ( -49.92824019194693363, 27.81280277946130042, 177.4421575446109216 ) ) ;
#587 = CARTESIAN_POINT ( 'NONE',  ( 21.38535298608146817, -45.16833922428637749, 267.0977388997728781 ) ) ;
#588 = CARTESIAN_POINT ( 'NONE',  ( 27.19960249455521151, 46.78363760469443378, 34.04206357472319411 ) ) ;
#589 = CARTESIAN_POINT ( 'NONE',  ( 0.000000000000000000, 83.83786981601647881, 130.3778194979480531 ) ) ;
#590 = CARTESIAN_POINT ( 'NONE',  ( 23.86552304318952622, 100.8123753572583468, 251.7503358475797199 ) ) ;
#591 = CARTESIAN_POINT ( 'NONE',  ( 554.2981223361939556, 27.10604614702785398, 173.8550355239896703 ) ) ;
#592 = ORIENTED_EDGE ( 'NONE', *, *, #5852, .F. ) ;
#593 = CARTESIAN_POINT ( 'NONE',  ( -45.33871263605485069, 56.84509224539324634, 190.9385346349629060 ) ) ;
#594 = CARTESIAN_POINT ( 'NONE',  ( 51.60301706653392273, 35.46551916086733058, 211.2179657850930425 ) ) ;
#595 = CARTESIAN_POINT ( 'NONE',  ( -14.19769344768551811, 91.64285254785291102, 175.3126377977554000 ) ) ;
#596 = CARTESIAN_POINT ( 'NONE',  ( 36.94988337622576324, -14.18024447757694340, 10.00000000000000178 ) ) ;
#597 = SURFACE_SIDE_STYLE ('',( #5851 ) ) ;
#598 = CARTESIAN_POINT ( 'NONE',  ( 42.76816270389291219, 55.59494179387937862, 119.0871304503071002 ) ) ;
#599 = CARTESIAN_POINT ( 'NONE',  ( 13.94163277398604706, 76.89675565417566361, 95.91479512775394767 ) ) ;
#600 = CARTESIAN_POINT ( 'NONE',  ( -20.25923050507005740, 70.89911223525646733, 82.48296042774995840 ) ) ;
#601 = CARTESIAN_POINT ( 'NONE',  ( -36.03044067800464489, -41.69021531762807342, 236.1799888489021271 ) ) ;
#602 = VERTEX_POINT ( 'NONE', #3292 ) ;
#603 = CARTESIAN_POINT ( 'NONE',  ( 1.630160738282873112, 90.78962596008852870, 162.8676617961710633 ) ) ;
#604 = LINE ( 'NONE', #6545, #774 ) ;
#605 = CARTESIAN_POINT ( 'NONE',  ( -34.39858655685235078, 76.44363727419663235, 159.4322876701527036 ) ) ;
#606 = CARTESIAN_POINT ( 'NONE',  ( -22.17261174236030286, 94.11832557995353454, 335.7801352291295416 ) ) ;
#607 = CARTESIAN_POINT ( 'NONE',  ( 0.000000000000000000, -43.22824026788681806, 17.33791332656385009 ) ) ;
#608 = CARTESIAN_POINT ( 'NONE',  ( -42.78846816255977359, 2.760672116481881933, 296.6675550880671608 ) ) ;
#609 = CARTESIAN_POINT ( 'NONE',  ( 6.823779600902719622, 57.28102256568218564, 404.2031610170262184 ) ) ;
#610 = CARTESIAN_POINT ( 'NONE',  ( 24.51432275471800537, 88.07671245951890171, 178.3968337353588822 ) ) ;
#611 = CARTESIAN_POINT ( 'NONE',  ( 38.77338292342441406, 69.47505039232987656, 153.3338777068233014 ) ) ;
#612 = CARTESIAN_POINT ( 'NONE',  ( 0.000000000000000000, 73.89364767014448887, 82.48426016609995770 ) ) ;
#613 = CARTESIAN_POINT ( 'NONE',  ( -42.56251616080142242, -10.91310051774627432, 296.6601639978746334 ) ) ;
#614 = CARTESIAN_POINT ( 'NONE',  ( 0.000000000000000000, -54.42922362320734919, 175.0446952262756781 ) ) ;
#615 = CARTESIAN_POINT ( 'NONE',  ( 15.85408331491016476, -53.87172359710689307, 106.4509317065839298 ) ) ;
#616 = CARTESIAN_POINT ( 'NONE',  ( -34.69018520095133340, 37.35038264156623455, 321.9527618989623079 ) ) ;
#617 = CARTESIAN_POINT ( 'NONE',  ( 47.24145244775125718, 47.55011900341506959, 190.8818562457128962 ) ) ;
#618 = CARTESIAN_POINT ( 'NONE',  ( 1.801422607089582240, 97.36765525376385710, 178.6394337847291922 ) ) ;
#619 = CARTESIAN_POINT ( 'NONE',  ( -8.254893848620238117, -40.08985269111219196, 10.00000000000000000 ) ) ;
#620 = CARTESIAN_POINT ( 'NONE',  ( -37.32887264655200710, 74.39565440623495363, 171.8144373877551629 ) ) ;
#621 = CARTESIAN_POINT ( 'NONE',  ( 54.19564027605725443, 2.213149447906789469, 192.3481310000080100 ) ) ;
#622 = CARTESIAN_POINT ( 'NONE',  ( 10.16588812702364564, -24.24071126164689360, 403.9818121828546964 ) ) ;
#623 = EDGE_CURVE ( 'NONE', #7493, #6075, #1463, .T. ) ;
#624 = CARTESIAN_POINT ( 'NONE',  ( 34.91271617072757749, 90.38816783849087244, 236.4053871694839017 ) ) ;
#625 = CARTESIAN_POINT ( 'NONE',  ( 7.322523826717669770, 94.44865704220413249, 184.9777121252101608 ) ) ;
#626 = CARTESIAN_POINT ( 'NONE',  ( 22.22565008608955850, 70.18895196051141738, 82.48267825261375208 ) ) ;
#627 = B_SPLINE_CURVE_WITH_KNOTS ( 'NONE', 3,
 ( #3228, #4349, #5493, #3119, #822, #6072, #6106, #172, #6037, #206, #4940, #6682, #7374, #278, #6755, #7301 ),
 .UNSPECIFIED., .F., .F.,
 ( 4, 2, 2, 2, 2, 2, 2, 4 ),
 ( 0.000000000000000000, 0.0004916541821807390335, 0.0009833083643614780670, 0.001474962546542216884, 0.001966616728722956134, 0.002458270910903695167, 0.002949925093084433767, 0.003933233457445836807 ),
 .UNSPECIFIED. ) ;
#628 = CARTESIAN_POINT ( 'NONE',  ( 7.946428739083883031, 93.88924445841371380, 185.6792823656271878 ) ) ;
#629 = ORIENTED_EDGE ( 'NONE', *, *, #3646, .F. ) ;
#630 = CARTESIAN_POINT ( 'NONE',  ( -42.74877850904830723, 60.39213816546629943, 141.2368802343165441 ) ) ;
#631 = CARTESIAN_POINT ( 'NONE',  ( 49.78629420090688740, 32.84190813034922485, 82.47295628131756473 ) ) ;
#632 = CARTESIAN_POINT ( 'NONE',  ( -17.20866910636860680, 78.87193637039652572, 119.5843135962358588 ) ) ;
#633 = CARTESIAN_POINT ( 'NONE',  ( 12.01969762520701757, -11.25862305181183132, 409.0779284778317333 ) ) ;
#634 = EDGE_CURVE ( 'NONE', #4634, #16, #1073, .T. ) ;
#635 = CARTESIAN_POINT ( 'NONE',  ( 45.26129477402539436, 56.76918363487943964, 171.5953178269219279 ) ) ;
#636 = CARTESIAN_POINT ( 'NONE',  ( 16.20850349175512051, 72.07967831419762206, 82.48345254999986764 ) ) ;
#637 = CARTESIAN_POINT ( 'NONE',  ( -24.30290522034458789, -50.95142717878612615, 82.48539298879832415 ) ) ;
#638 = ORIENTED_EDGE ( 'NONE', *, *, #1421, .T. ) ;
#639 = CARTESIAN_POINT ( 'NONE',  ( -1.999999999999990452, 93.69327400850416154, 178.5939537848248904 ) ) ;
#640 = CARTESIAN_POINT ( 'NONE',  ( -49.47464716274647145, 31.26271188186136030, 184.2519891213405003 ) ) ;
#641 = CARTESIAN_POINT ( 'NONE',  ( -34.03886366497123106, 78.79828805112548196, 171.8886496278989853 ) ) ;
#642 = CARTESIAN_POINT ( 'NONE',  ( 50.99211171418993871, -5.178879092419948371, 235.9983454327831964 ) ) ;
#643 = CARTESIAN_POINT ( 'NONE',  ( -33.77850091417769107, 63.34026778735402274, 82.48044464463374936 ) ) ;
#644 = EDGE_CURVE ( 'NONE', #6580, #2049, #195, .T. ) ;
#645 = CARTESIAN_POINT ( 'NONE',  ( 0.3357357398032463913, -46.06296908967431136, 283.5898144950127744 ) ) ;
#646 = CARTESIAN_POINT ( 'NONE',  ( -49.76483704125869423, 2.755868857559590435, 250.8549693821909727 ) ) ;
#647 = CARTESIAN_POINT ( 'NONE',  ( 27.27925285493502372, 87.61274917006353746, 188.0649313527912909 ) ) ;
#648 = CARTESIAN_POINT ( 'NONE',  ( 38.53942935978908935, 71.67607747297404330, 165.4845200155758675 ) ) ;
#649 = CARTESIAN_POINT ( 'NONE',  ( 0.000000000000000000, 66.30446689546245409, 60.91610143333624450 ) ) ;
#650 = CARTESIAN_POINT ( 'NONE',  ( -17.63476072579970833, -8.649244527318817433, 397.5891045901014422 ) ) ;
#651 = CARTESIAN_POINT ( 'NONE',  ( 5.444550662983410838, 94.81671802589580977, 186.2106640665421367 ) ) ;
#652 = CARTESIAN_POINT ( 'NONE',  ( -20.93184071208348840, 103.3070606577482806, 267.4848265402182506 ) ) ;
#653 = CARTESIAN_POINT ( 'NONE',  ( 19.81912389102735261, -52.80446069933125841, 95.91256017588285943 ) ) ;
#654 = CARTESIAN_POINT ( 'NONE',  ( -24.47287998797352770, 34.42806049344429908, 358.3437709870446497 ) ) ;
#655 = CARTESIAN_POINT ( 'NONE',  ( 48.53337701180563357, 41.94680371270720798, 159.0634852873987768 ) ) ;
#656 = EDGE_CURVE ( 'NONE', #1591, #5775, #5480, .T. ) ;
#657 = CARTESIAN_POINT ( 'NONE',  ( 1.693471789428647067, 96.37751318740194506, 178.9986553952486190 ) ) ;
#658 = CARTESIAN_POINT ( 'NONE',  ( -12.46094042359123932, -54.25894763497413464, 106.4499662650586203 ) ) ;
#659 = CARTESIAN_POINT ( 'NONE',  ( -37.56998919851984908, 67.11927605828645937, 129.9906462804876526 ) ) ;
#660 = CARTESIAN_POINT ( 'NONE',  ( 54.96857882126191441, 2.070199655047520348, 174.9350368813493048 ) ) ;
#661 = PLANE ( 'NONE',  #3302 ) ;
#662 = CARTESIAN_POINT ( 'NONE',  ( 15.16366285203000608, -41.34844231122769287, 309.2886508090259667 ) ) ;
#663 = CARTESIAN_POINT ( 'NONE',  ( -42.65542015519199026, 65.27481856950309691, 125.2937365483975043 ) ) ;
#664 = CARTESIAN_POINT ( 'NONE',  ( 29.29572658636281801, 45.11904026734269024, 34.06106380803893074 ) ) ;
#665 = CARTESIAN_POINT ( 'NONE',  ( 4.350309231620217432, 88.88549232040868731, 153.7488648569998588 ) ) ;
#666 = CARTESIAN_POINT ( 'NONE',  ( 21.82851796965566393, 101.8971717089509212, 309.2902640188073633 ) ) ;
#667 = CARTESIAN_POINT ( 'NONE',  ( -0.1666682190722590939, 96.50724633049615875, 179.5704703226354582 ) ) ;
#668 = ORIENTED_EDGE ( 'NONE', *, *, #2589, .F. ) ;
#669 = CARTESIAN_POINT ( 'NONE',  ( -44.83003659230447369, 57.32967976060589876, 159.1649078879177068 ) ) ;
#670 = CARTESIAN_POINT ( 'NONE',  ( 37.87168520576146591, 14.67672638910219085, 17.34083559378404971 ) ) ;
#671 = EDGE_CURVE ( 'NONE', #6881, #84, #2328, .T. ) ;
#672 = CARTESIAN_POINT ( 'NONE',  ( -8.339218371135645569, 93.77831719960630608, 181.7493828988198459 ) ) ;
#673 = CARTESIAN_POINT ( 'NONE',  ( 31.95118424098948040, -32.08710275713241344, 309.2349712927384076 ) ) ;
#674 = CARTESIAN_POINT ( 'NONE',  ( 1.624105067096412336, 97.62657120359834551, 180.1366620940329994 ) ) ;
#675 = CARTESIAN_POINT ( 'NONE',  ( 43.84451508446924350, 62.01443602354957108, 184.4187086268992175 ) ) ;
#676 = CARTESIAN_POINT ( 'NONE',  ( -47.71826773401190280, 61.92758626110622089, 186.6554410590503892 ) ) ;
#677 = B_SPLINE_CURVE_WITH_KNOTS ( 'NONE', 3,
 ( #4322, #1363, #7349, #908, #6153, #794, #6765, #6115, #3240, #832, #6230, #6193, #3276, #7237, #1328, #144, #1982, #4359, #3164, #3709, #6728, #6080, #759, #216, #7312, #3128, #5502, #485, #1062, #364, #5182, #5141, #7587, #4012, #2815, #7499, #406, #6386, #2228, #3313 ),
 .UNSPECIFIED., .F., .F.,
 ( 4, 2, 2, 2, 2, 2, 2, 2, 2, 2, 2, 2, 2, 2, 2, 2, 2, 2, 2, 4 ),
 ( 0.006060971483537999638, 0.01159707745040402041, 0.01713318341727005159, 0.02820539535100211395, 0.03374150131786812779, 0.03927760728473414509, 0.04204566026816716068, 0.04481371325160016933, 0.05034981921846620051, 0.05311787220189918834, 0.05588592518533218312, 0.06142203115219811715, 0.06695813711906406507, 0.06972619010249703209, 0.07249424308592998523, 0.07803034905279593314, 0.08356645501966185330, 0.08633450800309483419, 0.08910256098652780121, 0.09463866695339374913 ),
 .UNSPECIFIED. ) ;
#678 = CARTESIAN_POINT ( 'NONE',  ( -25.04499221433097844, -44.13947109209942710, 34.34409454713278365 ) ) ;
#679 = ORIENTED_EDGE ( 'NONE', *, *, #267, .T. ) ;
#680 = CARTESIAN_POINT ( 'NONE',  ( 1.848208465118831745, 90.84744373684729624, 163.1888263660203222 ) ) ;
#681 = CARTESIAN_POINT ( 'NONE',  ( -47.89565850967989746, 45.21021475812548118, 174.6696137805588194 ) ) ;
#682 = CARTESIAN_POINT ( 'NONE',  ( -28.84673246407405145, 85.47993608748845418, 181.5530159814092315 ) ) ;
#683 = CARTESIAN_POINT ( 'NONE',  ( 38.01842374727112173, -5.256462810864277024, 322.2734596753230676 ) ) ;
#684 = CARTESIAN_POINT ( 'NONE',  ( -37.64094996380931946, 83.89228966627402428, 201.7351991018959723 ) ) ;
#685 = EDGE_CURVE ( 'NONE', #6534, #564, #567, .T. ) ;
#686 = CARTESIAN_POINT ( 'NONE',  ( 0.000000000000000000, -36.81024945201490794, 354.2041573336304623 ) ) ;
#687 = CARTESIAN_POINT ( 'NONE',  ( -55.18783504039880938, -4.213813279667935952, 106.4752400441078777 ) ) ;
#688 = CARTESIAN_POINT ( 'NONE',  ( 24.22260507690057452, 90.19267260819530918, 191.4099622357780390 ) ) ;
#689 = CARTESIAN_POINT ( 'NONE',  ( 38.08182783071590194, 66.39900421914573769, 129.9763883545554677 ) ) ;
#690 = CARTESIAN_POINT ( 'NONE',  ( -4.217717990304033826, 54.31187965992819500, 33.92926017718782816 ) ) ;
#691 = CARTESIAN_POINT ( 'NONE',  ( -43.99127747113517017, -24.74142687066074231, 34.38799734219207238 ) ) ;
#692 = CARTESIAN_POINT ( 'NONE',  ( -49.46639684075988441, 30.52161885111791761, 120.0000000000000853 ) ) ;
#693 = CARTESIAN_POINT ( 'NONE',  ( -15.15485729899162237, 41.80643299578758132, 17.18509834838635442 ) ) ;
#694 = CARTESIAN_POINT ( 'NONE',  ( 20.12078840340810970, -53.20297600768003576, 106.4523864814851635 ) ) ;
#695 = CARTESIAN_POINT ( 'NONE',  ( -54.94641901291687702, 14.51867888629100456, 125.3217742706964941 ) ) ;
#696 = CARTESIAN_POINT ( 'NONE',  ( 48.47809963233179076, 41.32319928338480963, 177.8373827685379638 ) ) ;
#697 = CARTESIAN_POINT ( 'NONE',  ( 0.6066804997432206914, 94.23905245889906723, 161.6727075031178913 ) ) ;
#698 = CARTESIAN_POINT ( 'NONE',  ( -8.538675943727946915, -47.47347953681994426, 267.3431106741571739 ) ) ;
#699 = CARTESIAN_POINT ( 'NONE',  ( -38.12096058757236250, 75.40816247589496868, 191.1534898423300035 ) ) ;
#700 = CARTESIAN_POINT ( 'NONE',  ( 20.77186446429383793, -1.147659261142891518, 380.0333166273094321 ) ) ;
#701 = CARTESIAN_POINT ( 'NONE',  ( -0.4999999999999904521, 93.25755166443106248, 161.8648835697545394 ) ) ;
#702 = CARTESIAN_POINT ( 'NONE',  ( -6.823779600902719622, 57.28102256568218564, 404.2031610170262184 ) ) ;
#703 = CARTESIAN_POINT ( 'NONE',  ( 19.65509707699620634, 81.07117256864026444, 355.0959196464956449 ) ) ;
#704 = CARTESIAN_POINT ( 'NONE',  ( 11.01285689048058636, 80.24259486346771553, 119.6052152436068639 ) ) ;
#705 = VECTOR ( 'NONE', #4907, 1000.000000000000114 ) ;
#706 = CARTESIAN_POINT ( 'NONE',  ( 20.45836504139062129, 103.4618147093813576, 309.2927750153143052 ) ) ;
#707 = CARTESIAN_POINT ( 'NONE',  ( -0.5990365965219417443, 96.50475685863186470, 179.5709587375972376 ) ) ;
#708 = ORIENTED_EDGE ( 'NONE', *, *, #5043, .F. ) ;
#709 = CARTESIAN_POINT ( 'NONE',  ( -41.65559908690998725, 68.08079247899634368, 187.7462712408443224 ) ) ;
#710 = CARTESIAN_POINT ( 'NONE',  ( 24.86820296921806417, 28.30854627859632444, 358.6992870649792167 ) ) ;
#711 = VERTEX_POINT ( 'NONE', #4453 ) ;
#712 = CARTESIAN_POINT ( 'NONE',  ( -9.225472167661520118, 95.25482887606987958, 191.5364355196904285 ) ) ;
#713 = CARTESIAN_POINT ( 'NONE',  ( 27.07502766204991929, -23.68689272032882798, 358.0419343745247147 ) ) ;
#714 = CARTESIAN_POINT ( 'NONE',  ( 1.767358711649179570, 94.09325455806381910, 161.0147568084411205 ) ) ;
#715 = CARTESIAN_POINT ( 'NONE',  ( 0.000000000000000000, 97.68513765604484433, 180.3813305183697935 ) ) ;
#716 = CARTESIAN_POINT ( 'NONE',  ( -34.77886401590802024, -47.93237245653781997, 95.91433278602505652 ) ) ;
#717 = ORIENTED_EDGE ( 'NONE', *, *, #623, .F. ) ;
#718 = CARTESIAN_POINT ( 'NONE',  ( 18.01836997103754356, 93.00858522890328572, 190.7152337602453542 ) ) ;
#719 = CARTESIAN_POINT ( 'NONE',  ( -48.07246591331249874, 43.66931880581935133, 181.0718852220148847 ) ) ;
#720 = CARTESIAN_POINT ( 'NONE',  ( -28.97510121548369355, 80.66423796718839867, 153.5548285638716663 ) ) ;
#721 = CARTESIAN_POINT ( 'NONE',  ( 52.25396733722869413, -6.612042309701993581, 221.5227867090615348 ) ) ;
#722 = CARTESIAN_POINT ( 'NONE',  ( -36.30958233302040838, 86.61133679822637532, 211.2197086109602253 ) ) ;
#723 = CARTESIAN_POINT ( 'NONE',  ( 1.268451529683962242, -55.24968361771420433, 149.1163002181015713 ) ) ;
#724 = CARTESIAN_POINT ( 'NONE',  ( -55.23218365057083190, -4.025117287507732122, 174.9349119729997142 ) ) ;
#725 = CARTESIAN_POINT ( 'NONE',  ( 21.27693061529586060, 89.77476583337912075, 178.4384675809645273 ) ) ;
#726 = CARTESIAN_POINT ( 'NONE',  ( 38.66423503556578112, 71.47603268058657022, 165.4815428696349500 ) ) ;
#727 = CARTESIAN_POINT ( 'NONE',  ( -1.314184126046650691, 44.21636641687423008, 17.16247404122409037 ) ) ;
#728 = CARTESIAN_POINT ( 'NONE',  ( -52.21339501626390245, -22.36155449639255721, 82.47044241929755515 ) ) ;
#729 = CARTESIAN_POINT ( 'NONE',  ( -46.91360081587386333, 44.01923265525345386, 120.0000000000000000 ) ) ;
#730 = CARTESIAN_POINT ( 'NONE',  ( -23.86552304318952622, 100.8123753572583468, 251.7503358475797199 ) ) ;
#731 = CARTESIAN_POINT ( 'NONE',  ( 15.60930663450063527, -53.46318521846625060, 95.91218229387590100 ) ) ;
#732 = CARTESIAN_POINT ( 'NONE',  ( -19.37840039667223024, 10.02821343584255054, 379.6682004846153404 ) ) ;
#733 = B_SPLINE_CURVE_WITH_KNOTS ( 'NONE', 3,
 ( #7568, #4, #6525, #3571 ),
 .UNSPECIFIED., .F., .F.,
 ( 4, 4 ),
 ( 0.0004405653058464071951, 0.01544147973765220075 ),
 .UNSPECIFIED. ) ;
#734 = CARTESIAN_POINT ( 'NONE',  ( 48.61080766240333162, 40.52704730972608616, 141.0781488714245882 ) ) ;
#735 = CARTESIAN_POINT ( 'NONE',  ( -1.999999999999990452, 112.2674004603282469, 174.9498550544238356 ) ) ;
#736 = CARTESIAN_POINT ( 'NONE',  ( -0.8326586840841655457, -33.81514786224870051, 373.0277760323177176 ) ) ;
#737 = CARTESIAN_POINT ( 'NONE',  ( -38.34062101291067393, 72.80896815352699036, 171.7905362400344416 ) ) ;
#738 = CARTESIAN_POINT ( 'NONE',  ( 51.26822792134864670, 2.638863574291300029, 236.0047765466693477 ) ) ;
#739 = CARTESIAN_POINT ( 'NONE',  ( -1.999999999999997780, 94.44388850438491545, 168.2565573490905138 ) ) ;
#740 = CARTESIAN_POINT ( 'NONE',  ( -37.68235891402726168, 65.29599854072799303, 297.2711442240562860 ) ) ;
#741 = CARTESIAN_POINT ( 'NONE',  ( 39.96711300769615605, 81.27102254581778595, 211.2195015028282228 ) ) ;
#742 = CARTESIAN_POINT ( 'NONE',  ( 12.15581915213923914, 94.21634224249091005, 188.2220346681950218 ) ) ;
#743 = CARTESIAN_POINT ( 'NONE',  ( 22.31145852974918142, 62.39155113895252924, 60.93801936710398337 ) ) ;
#744 = CARTESIAN_POINT ( 'NONE',  ( -1.491107742650160883, 96.42122689192962071, 179.2104602826474320 ) ) ;
#745 = CARTESIAN_POINT ( 'NONE',  ( -28.54423744727017009, 86.86624080109899637, 189.9129221903352800 ) ) ;
#746 = CARTESIAN_POINT ( 'NONE',  ( -43.65343662191342133, 62.79033846062734625, 190.9889078489650274 ) ) ;
#747 = CARTESIAN_POINT ( 'NONE',  ( 43.91844645182846563, 31.83014033685442001, 282.4303561234048630 ) ) ;
#748 = CARTESIAN_POINT ( 'NONE',  ( -11.27408873133115819, 93.32542505854789283, 181.7386386352391412 ) ) ;
#749 = CARTESIAN_POINT ( 'NONE',  ( 41.24398309075925795, -33.85412210976778624, 251.0978219708369181 ) ) ;
#750 = UNCERTAINTY_MEASURE_WITH_UNIT (LENGTH_MEASURE( 1.000000000000000082E-05 ), #1289, 'distance_accuracy_value', 'NONE');
#751 = CARTESIAN_POINT ( 'NONE',  ( -1.250928745386798990, 90.73654049621787010, 162.5610657672580146 ) ) ;
#752 = CARTESIAN_POINT ( 'NONE',  ( -41.72146995396631297, 76.12430668835042979, 188.5098133085120367 ) ) ;
#753 = CARTESIAN_POINT ( 'NONE',  ( -35.25650449685575438, -48.27731340483628486, 106.4592106982952657 ) ) ;
#754 = ORIENTED_EDGE ( 'NONE', *, *, #2395, .F. ) ;
#755 = CARTESIAN_POINT ( 'NONE',  ( -49.70802616237994442, 33.95743849477145204, 159.0336072900331033 ) ) ;
#756 = CARTESIAN_POINT ( 'NONE',  ( -31.23904447533463014, 84.57405260894795163, 191.3026142511120895 ) ) ;
#757 = CARTESIAN_POINT ( 'NONE',  ( 56.12967712767942885, -6.245635149993630897, 149.0516127121937870 ) ) ;
#758 = CARTESIAN_POINT ( 'NONE',  ( -8.915904919500972525, 77.31904124755081398, 403.4875723216958363 ) ) ;
#759 = CARTESIAN_POINT ( 'NONE',  ( -32.89424376109283088, 74.96555810916997586, 120.0000000000000142 ) ) ;
#760 = CARTESIAN_POINT ( 'NONE',  ( -14.25025020782451612, -3.604554975479502765, 397.6150792719110427 ) ) ;
#761 = CARTESIAN_POINT ( 'NONE',  ( 28.05728890583753099, 73.85329174498936311, 119.4495400932210174 ) ) ;
#762 = CARTESIAN_POINT ( 'NONE',  ( 38.45917177591616820, 74.49116621537056915, 187.8407378751952024 ) ) ;
#763 = CARTESIAN_POINT ( 'NONE',  ( -1.493670337498563816, 111.3910238415857918, 298.0087188451853422 ) ) ;
#764 = CARTESIAN_POINT ( 'NONE',  ( -14.18143333923613980, -11.65757035206549830, 405.7348485153734146 ) ) ;
#765 =( GEOMETRIC_REPRESENTATION_CONTEXT ( 3 ) GLOBAL_UNCERTAINTY_ASSIGNED_CONTEXT ( ( #2611 ) ) GLOBAL_UNIT_ASSIGNED_CONTEXT ( ( #3585, #2968, #6615 ) ) REPRESENTATION_CONTEXT ( 'NONE', 'WORKASPACE' ) );
#766 = CARTESIAN_POINT ( 'NONE',  ( -38.91355778532297904, 62.87796320270014405, 119.9999999999999574 ) ) ;
#767 = CARTESIAN_POINT ( 'NONE',  ( -23.88259262670533545, 98.27794754333719141, 221.6153852917683196 ) ) ;
#768 = CARTESIAN_POINT ( 'NONE',  ( 7.059159430015749415, -42.97250253241079321, 17.34004389182294048 ) ) ;
#769 = CARTESIAN_POINT ( 'NONE',  ( -7.254113047771062028, 12.84221763753075329, 405.7183213228124714 ) ) ;
#770 = CARTESIAN_POINT ( 'NONE',  ( 49.58655911037764952, 31.05037007585287867, 181.0268951182403043 ) ) ;
#771 = CARTESIAN_POINT ( 'NONE',  ( -2.000000000000001332, 90.97061950296259170, 163.8421577798189048 ) ) ;
#772 = CARTESIAN_POINT ( 'NONE',  ( -4.887913158160070992, -52.97964914891399246, 201.7521239684083412 ) ) ;
#773 = CARTESIAN_POINT ( 'NONE',  ( 27.58509852925660155, -0.6464984716662657283, 359.7630994336495291 ) ) ;
#774 = VECTOR ( 'NONE', #4720, 1000.000000000000114 ) ;
#775 = CARTESIAN_POINT ( 'NONE',  ( -47.55693021831975642, 59.81683989507677524, 149.0345229489985002 ) ) ;
#776 = CARTESIAN_POINT ( 'NONE',  ( 6.122450740094030230, 73.83640334771257585, 409.0779284778320743 ) ) ;
#777 = CARTESIAN_POINT ( 'NONE',  ( 9.228649397738680094, 95.25435760398411844, 191.5364410517881311 ) ) ;
#778 = CARTESIAN_POINT ( 'NONE',  ( 15.42253993354557728, 82.04858018933752817, 409.0779284778321880 ) ) ;
#779 = CARTESIAN_POINT ( 'NONE',  ( -2.702695203804415414, 97.42752512924482744, 179.1612919352311053 ) ) ;
#780 = VERTEX_POINT ( 'NONE', #6742 ) ;
#781 = CARTESIAN_POINT ( 'NONE',  ( -42.02765345378652739, 63.62953072212229699, 153.2473973461868297 ) ) ;
#782 = CARTESIAN_POINT ( 'NONE',  ( 35.46291016281881525, 9.800172617254936824, 9.999999999999991118 ) ) ;
#783 = EDGE_LOOP ( 'NONE', ( #6752, #2577, #2821, #4944 ) ) ;
#784 = CARTESIAN_POINT ( 'NONE',  ( -7.294231873271799671, 94.99038473661373416, 188.2416561761573632 ) ) ;
#785 = CARTESIAN_POINT ( 'NONE',  ( 35.96621285384652111, -30.22190988211137963, 297.0291902252352543 ) ) ;
#786 = CARTESIAN_POINT ( 'NONE',  ( -2.000000000000001332, 90.97061950296259170, 163.8421577798189048 ) ) ;
#787 = CARTESIAN_POINT ( 'NONE',  ( -46.52987154260238611, 65.60562900560856292, 187.1358661285368044 ) ) ;
#788 = CARTESIAN_POINT ( 'NONE',  ( -25.72734408978171317, -52.43181408899979346, 125.3277519368417643 ) ) ;
#789 = ORIENTED_EDGE ( 'NONE', *, *, #2617, .T. ) ;
#790 = CARTESIAN_POINT ( 'NONE',  ( -48.44918769215709631, 42.44838809547077574, 165.2117589999371887 ) ) ;
#791 = CARTESIAN_POINT ( 'NONE',  ( -32.47854079497771096, 72.92727755428644798, 130.1157980776139595 ) ) ;
#792 = CARTESIAN_POINT ( 'NONE',  ( 23.43233451584169202, -6.709742368002325819, 380.0938751272109926 ) ) ;
#793 = CARTESIAN_POINT ( 'NONE',  ( -34.91271617072757749, 90.38816783849087244, 236.4053871694839017 ) ) ;
#794 = CARTESIAN_POINT ( 'NONE',  ( -51.17614639157989842, 41.67443373266289086, 120.0000000000000284 ) ) ;
#795 = CARTESIAN_POINT ( 'NONE',  ( -42.92219345457534985, -2.128929811702501507, 296.6545445183719494 ) ) ;
#796 = CARTESIAN_POINT ( 'NONE',  ( 39.08245118578144428, 67.10689411121589387, 141.3339071936784990 ) ) ;
#797 = CARTESIAN_POINT ( 'NONE',  ( -9.980351540137981203, 104.9402995163244725, 236.5263991277287232 ) ) ;
#798 = CARTESIAN_POINT ( 'NONE',  ( -53.28737940699698328, -22.63934619320052732, 95.91787800630835648 ) ) ;
#799 = CARTESIAN_POINT ( 'NONE',  ( 2.446430303705699139, 84.61590949274477680, 134.2015926103156573 ) ) ;
#800 = CARTESIAN_POINT ( 'NONE',  ( -24.44036881724092680, 96.79165610574744960, 211.2201583485591527 ) ) ;
#801 = CARTESIAN_POINT ( 'NONE',  ( 9.517231979967126776, -53.31027429329341061, 82.48953339436053511 ) ) ;
#802 = CARTESIAN_POINT ( 'NONE',  ( -54.10305109530477097, 21.76058106459345609, 174.9361716169431418 ) ) ;
#803 = CARTESIAN_POINT ( 'NONE',  ( 33.67887103517573166, 80.14749938347431168, 178.2343541014448931 ) ) ;
#804 = CARTESIAN_POINT ( 'NONE',  ( 48.85462303660233374, 39.95210620549695335, 159.0549459027630235 ) ) ;
#805 = CYLINDRICAL_SURFACE ( 'NONE', #892, 1.999999999999999778 ) ;
#806 = CARTESIAN_POINT ( 'NONE',  ( -2.972658668383121761, -30.38279797645749269, 391.6268183913150551 ) ) ;
#807 =( BOUNDED_SURFACE ( )  B_SPLINE_SURFACE ( 3, 2, ( 
 ( #816, #6677, #3075 ),
 ( #1423, #2642, #5449 ),
 ( #1349, #6100, #7368 ),
 ( #3188, #201, #5560 ) ),
 .UNSPECIFIED., .F., .F., .T. ) 
 B_SPLINE_SURFACE_WITH_KNOTS ( ( 4, 4 ),
 ( 3, 3 ),
 ( -5.854691731421723944E-18, 0.0005000023286535500546 ),
 ( 0.000000000000000000, 1.000000000000000000 ),
 .UNSPECIFIED. ) 
 GEOMETRIC_REPRESENTATION_ITEM ( )  RATIONAL_B_SPLINE_SURFACE ( (
 ( 1.000000000000000000, 0.6991185428208900321, 1.000000000000000000),
 ( 1.000000000000000000, 0.6991198344593319014, 1.000000000000000000),
 ( 1.000000000000000000, 0.6991204774659480758, 1.000000000000000000),
 ( 1.000000000000000000, 0.6991204774765799046, 1.000000000000000000) ) ) 
 REPRESENTATION_ITEM ( '' )  SURFACE ( )  );
#808 = CARTESIAN_POINT ( 'NONE',  ( 37.22755696550850502, -4.585192041848473288, 10.00000000000000178 ) ) ;
#809 = CARTESIAN_POINT ( 'NONE',  ( 0.000000000000000000, 94.04758353641027213, 160.6900679399675766 ) ) ;
#810 = CARTESIAN_POINT ( 'NONE',  ( -6.935991689802571969, 46.78435925973961673, 404.5987470506366321 ) ) ;
#811 = CARTESIAN_POINT ( 'NONE',  ( 40.34114989046099709, 68.57934614558381270, 125.2913757575331317 ) ) ;
#812 = CARTESIAN_POINT ( 'NONE',  ( 11.38753333258575395, 89.31480757466746923, 159.7293164961199921 ) ) ;
#813 = CARTESIAN_POINT ( 'NONE',  ( 21.31489111843148621, 98.15655312074666483, 335.5946005707174891 ) ) ;
#814 = CARTESIAN_POINT ( 'NONE',  ( 43.91562719619605559, 61.64587521229345413, 181.1926732286716231 ) ) ;
#815 = CARTESIAN_POINT ( 'NONE',  ( 0.000000000000000000, 86.35072990353059197, 125.2763118969026976 ) ) ;
#816 = CARTESIAN_POINT ( 'NONE',  ( 0.4999999999999740763, 96.50574888332657508, 179.5707641100899821 ) ) ;
#817 = CARTESIAN_POINT ( 'NONE',  ( -40.31408828413687218, 66.91825981299903958, 153.2944815474869529 ) ) ;
#818 = CARTESIAN_POINT ( 'NONE',  ( 52.18923153971430651, 17.21879031458709264, 82.47026249114881580 ) ) ;
#819 = CARTESIAN_POINT ( 'NONE',  ( -11.20467032724947565, 94.41267650596913086, 188.2271626973555385 ) ) ;
#820 = CARTESIAN_POINT ( 'NONE',  ( 38.15203119596569792, -26.73131409732442165, 296.9272686957727387 ) ) ;
#821 = CIRCLE ( 'NONE', #89, 1.999999999999999778 ) ;
#822 = CARTESIAN_POINT ( 'NONE',  ( -1.317513513804585257, 97.65335042053887094, 180.2587603713981821 ) ) ;
#823 = B_SPLINE_CURVE_WITH_KNOTS ( 'NONE', 3,
 ( #2950, #1083, #7098, #7059 ),
 .UNSPECIFIED., .F., .F.,
 ( 4, 4 ),
 ( 0.0001641729623335225479, 0.0008644611398315943992 ),
 .UNSPECIFIED. ) ;
#824 = CARTESIAN_POINT ( 'NONE',  ( 31.45588548181833133, 94.87172885796802291, 251.6582443507715539 ) ) ;
#825 = CARTESIAN_POINT ( 'NONE',  ( 1.999999999777797965, 96.37198952153782727, 172.9905288432684074 ) ) ;
#826 = CARTESIAN_POINT ( 'NONE',  ( -15.38754713704739530, -51.48652428397339520, 211.1944768967387347 ) ) ;
#827 = ORIENTED_EDGE ( 'NONE', *, *, #1471, .F. ) ;
#828 = CARTESIAN_POINT ( 'NONE',  ( -48.52848118240169129, 41.97571810805527548, 159.0647522438494263 ) ) ;
#829 = CARTESIAN_POINT ( 'NONE',  ( -32.91282396255846976, 79.13268623833081961, 165.6142675088275951 ) ) ;
#830 = CARTESIAN_POINT ( 'NONE',  ( 37.25453325313229413, -6.661685226313403874, 9.999999999999998224 ) ) ;
#831 = CARTESIAN_POINT ( 'NONE',  ( -29.99340044827038554, 86.44450768770299476, 309.2678560731158086 ) ) ;
#832 = CARTESIAN_POINT ( 'NONE',  ( -46.80621073384471487, 55.66116722335124223, 119.9999999999999574 ) ) ;
#833 = CARTESIAN_POINT ( 'NONE',  ( -49.52426872189889195, -3.760226744287658462, 250.8434599818468769 ) ) ;
#834 = CARTESIAN_POINT ( 'NONE',  ( 39.40100873246257152, 70.25909659054715917, 165.4626123266121454 ) ) ;
#835 = CARTESIAN_POINT ( 'NONE',  ( -14.22866369320909108, 109.2116835768671166, 371.6020824279627277 ) ) ;
#836 = CARTESIAN_POINT ( 'NONE',  ( -43.14974593371722023, -19.72270325434978488, 282.2926505310324501 ) ) ;
#837 = CARTESIAN_POINT ( 'NONE',  ( -28.08184068792596122, 73.97633999681393391, 120.0000000000000853 ) ) ;
#838 = CARTESIAN_POINT ( 'NONE',  ( -24.09047651053769101, 61.63273891392942261, 60.94179670390320069 ) ) ;
#839 = CARTESIAN_POINT ( 'NONE',  ( 7.336799794340819858, -41.09403741802664456, 321.0267435420739730 ) ) ;
#840 = CARTESIAN_POINT ( 'NONE',  ( -36.48609991179280598, 4.381582552084140936, 10.00000000000001066 ) ) ;
#841 = CARTESIAN_POINT ( 'NONE',  ( 34.27190696228944944, 81.12418871877132176, 191.2428153220957938 ) ) ;
#842 = CARTESIAN_POINT ( 'NONE',  ( 554.2981223361939556, 36.50604614702785966, 173.8550355239896703 ) ) ;
#843 = CARTESIAN_POINT ( 'NONE',  ( 1.999999999999997335, 93.69327400850461629, 178.5939537848248051 ) ) ;
#844 = CARTESIAN_POINT ( 'NONE',  ( -2.802385247906290733, -52.44926537521283905, 211.1920100114977288 ) ) ;
#845 = CARTESIAN_POINT ( 'NONE',  ( 53.53398174288324896, -3.006056001966841418, 82.46850984104828797 ) ) ;
#846 = CARTESIAN_POINT ( 'NONE',  ( 0.000000000000000000, 93.25895547134788899, 161.8646081537872305 ) ) ;
#847 = CARTESIAN_POINT ( 'NONE',  ( -38.37428581564700636, 60.47234543810309049, 297.2071996349247343 ) ) ;
#848 = CARTESIAN_POINT ( 'NONE',  ( 41.36917072882103952, 77.15713967936633821, 192.3772627460037938 ) ) ;
#849 = CARTESIAN_POINT ( 'NONE',  ( 30.50505002562583101, 92.62804473045471809, 211.2199622736310687 ) ) ;
#850 = CARTESIAN_POINT ( 'NONE',  ( 45.45220230829828978, 56.48234535970119907, 187.6324423053218595 ) ) ;
#851 = CARTESIAN_POINT ( 'NONE',  ( -3.038240967837853468, 97.19915715014391822, 177.9263847027587815 ) ) ;
#852 = CARTESIAN_POINT ( 'NONE',  ( -17.91085280983666195, 93.00597930001565317, 190.7148933744332169 ) ) ;
#853 = CARTESIAN_POINT ( 'NONE',  ( -40.41149915109014756, 70.79475650460867087, 187.7835323363493671 ) ) ;
#854 = CARTESIAN_POINT ( 'NONE',  ( 54.62482180828595801, 11.13239928715955251, 174.9354310606254899 ) ) ;
#855 = ADVANCED_FACE ( 'NONE', ( #306 ), #5078, .F. ) ;
#856 = CARTESIAN_POINT ( 'NONE',  ( -6.369474073955653459, 92.29590255859251613, 172.1904477434099761 ) ) ;
#857 = CARTESIAN_POINT ( 'NONE',  ( 26.94732368786461052, -38.41318922006642822, 297.3630710976078717 ) ) ;
#858 = CARTESIAN_POINT ( 'NONE',  ( 0.000000000000000000, 99.54972265623483452, 191.5696355819259509 ) ) ;
#859 = CARTESIAN_POINT ( 'NONE',  ( 30.80892717949071979, 94.76117411407105351, 236.4359019518063576 ) ) ;
#860 = CARTESIAN_POINT ( 'NONE',  ( 37.79489169914477742, 64.43177085930770431, 119.9999999999999432 ) ) ;
#861 = CARTESIAN_POINT ( 'NONE',  ( -12.97966572296515686, -45.17680288858266380, 283.4464583916976039 ) ) ;
#862 = ORIENTED_EDGE ( 'NONE', *, *, #2289, .F. ) ;
#863 = CARTESIAN_POINT ( 'NONE',  ( -46.76757282559907480, 50.84216774448761100, 181.1098665135344845 ) ) ;
#864 = CARTESIAN_POINT ( 'NONE',  ( 48.01017448138868104, 49.11573327640557807, 106.4550271391700562 ) ) ;
#865 = EDGE_CURVE ( 'NONE', #5968, #2849, #7228, .T. ) ;
#866 = CARTESIAN_POINT ( 'NONE',  ( -26.15679501615854008, 83.84805480784534382, 159.5979549423853996 ) ) ;
#867 = CARTESIAN_POINT ( 'NONE',  ( 40.58052660407712864, -6.166741895169912446, 17.38832198500689330 ) ) ;
#868 = CARTESIAN_POINT ( 'NONE',  ( -39.50329872222882699, 83.26369860490956398, 236.3612997938031128 ) ) ;
#869 = AXIS2_PLACEMENT_3D ( 'NONE', #3701, #1354, #2573 ) ;
#870 = CARTESIAN_POINT ( 'NONE',  ( -2.446430303705090292, 55.33066399378872546, -10.85544469264730871 ) ) ;
#871 = CARTESIAN_POINT ( 'NONE',  ( -47.54092860712671609, -4.769143278758264159, 266.0954829559620975 ) ) ;
#872 = CARTESIAN_POINT ( 'NONE',  ( 39.02282340920391590, 69.08257986870806633, 153.3280622202838686 ) ) ;
#873 = CARTESIAN_POINT ( 'NONE',  ( -14.72007979938563160, 107.2851225326936486, 283.7467555996641408 ) ) ;
#874 = CARTESIAN_POINT ( 'NONE',  ( -45.43995290893052896, -30.57366086125706417, 236.0819652489089151 ) ) ;
#875 = DIRECTION ( 'NONE',  ( -5.602867245962735462E-30, -0.9812926639922454619, 0.1925219665259060575 ) ) ;
#876 = CARTESIAN_POINT ( 'NONE',  ( -37.19700858826130485, 75.82595486822513919, 181.3826867408136820 ) ) ;
#877 = CARTESIAN_POINT ( 'NONE',  ( -25.85435032018871837, 60.77672352682960621, 60.94579834271030450 ) ) ;
#878 = CARTESIAN_POINT ( 'NONE',  ( 6.553433381993212237, -36.18977351236559770, 354.4409388700333920 ) ) ;
#879 = CARTESIAN_POINT ( 'NONE',  ( -53.52273987987187809, 7.695712035218345015, 201.7384978192696678 ) ) ;
#880 = CARTESIAN_POINT ( 'NONE',  ( 33.85397114231273719, 80.81785482880022187, 184.6829475597338615 ) ) ;
#881 = CARTESIAN_POINT ( 'NONE',  ( 30.90273939650239754, 89.67452052800015849, 190.2797390210942012 ) ) ;
#882 = CARTESIAN_POINT ( 'NONE',  ( -23.35794236809167401, -6.519943132523385643, 380.0936201873398090 ) ) ;
#883 = PLANE ( 'NONE',  #4745 ) ;
#884 = CARTESIAN_POINT ( 'NONE',  ( -2.734427874153456894, -53.62467348290692826, 82.49038859486083197 ) ) ;
#885 = CARTESIAN_POINT ( 'NONE',  ( 33.88285192895106235, -2.527735841406076212, 338.8985694783581835 ) ) ;
#886 = CARTESIAN_POINT ( 'NONE',  ( 1.810371757093087286, 93.36056988006103552, 162.6031788721445537 ) ) ;
#887 = CARTESIAN_POINT ( 'NONE',  ( -11.44951166116591779, 29.98920633154339654, 396.0021658397528768 ) ) ;
#888 = CARTESIAN_POINT ( 'NONE',  ( 41.17013477344281824, 67.42913206751239841, 125.2922097253829605 ) ) ;
#889 = EDGE_CURVE ( 'NONE', #3967, #282, #3256, .T. ) ;
#890 = CARTESIAN_POINT ( 'NONE',  ( 45.76668092170697122, 55.17741156978017614, 174.7293184766031686 ) ) ;
#891 = CARTESIAN_POINT ( 'NONE',  ( 53.49208772142604573, 28.15819139468599630, 178.2127162374233365 ) ) ;
#892 = AXIS2_PLACEMENT_3D ( 'NONE', #191, #4960, #1922 ) ;
#893 = CARTESIAN_POINT ( 'NONE',  ( -39.75770235950095355, 70.77063930865791974, 174.9026252343528540 ) ) ;
#894 = CARTESIAN_POINT ( 'NONE',  ( 54.26091512747247947, 13.74916100976746236, 106.4719936658562176 ) ) ;
#895 = CARTESIAN_POINT ( 'NONE',  ( 0.000000000000000000, 90.21514403135660132, 159.7470995004379688 ) ) ;
#896 = CARTESIAN_POINT ( 'NONE',  ( 33.33262333261735932, -33.36766348656205139, 297.1381408256923464 ) ) ;
#897 = CARTESIAN_POINT ( 'NONE',  ( 49.51011034086864271, 47.93062678724455594, 120.0000000000000142 ) ) ;
#898 = CARTESIAN_POINT ( 'NONE',  ( 34.54607103907135723, 87.67022905357863749, 201.7349738036295150 ) ) ;
#899 = PLANE ( 'NONE',  #330 ) ;
#900 = CARTESIAN_POINT ( 'NONE',  ( -10.23587721914826432, -45.54235322534560737, 283.4972593409304409 ) ) ;
#901 = ORIENTED_EDGE ( 'NONE', *, *, #6481, .F. ) ;
#902 = EDGE_CURVE ( 'NONE', #1591, #7371, #7327, .T. ) ;
#903 = CARTESIAN_POINT ( 'NONE',  ( -47.19421204678456405, 48.97803829480675120, 171.5416791978051094 ) ) ;
#904 = CARTESIAN_POINT ( 'NONE',  ( 4.999999999999995559, 49.88476476253047309, 409.0779284778313922 ) ) ;
#905 = CARTESIAN_POINT ( 'NONE',  ( -27.53593834967442078, 81.69298088021713511, 153.5807974615566707 ) ) ;
#906 = CARTESIAN_POINT ( 'NONE',  ( 48.82683063509787758, -11.52539797595174420, 250.8485690429905333 ) ) ;
#907 = CARTESIAN_POINT ( 'NONE',  ( -38.70094938569437204, 84.80791996645861275, 236.3704173123007592 ) ) ;
#908 = CARTESIAN_POINT ( 'NONE',  ( -52.52169868566193145, 34.41870425759831420, 120.0000000000000284 ) ) ;
#909 = CARTESIAN_POINT ( 'NONE',  ( -55.26928330496431130, -4.949156968758419595, 174.9349050386609008 ) ) ;
#910 = CARTESIAN_POINT ( 'NONE',  ( 38.38454538173603225, 63.40618389434138180, 119.2079628994547278 ) ) ;
#911 = CARTESIAN_POINT ( 'NONE',  ( -11.51201010840716243, 110.3774302003401715, 320.7983769936552108 ) ) ;
#912 = CARTESIAN_POINT ( 'NONE',  ( -49.49437046996627743, -32.20575662124992533, 192.3705917189396928 ) ) ;
#913 = CARTESIAN_POINT ( 'NONE',  ( -0.3371455496965546361, 94.24050282168116155, 161.6720362197794714 ) ) ;
#914 = CARTESIAN_POINT ( 'NONE',  ( -35.54512017882663599, 78.63929028133446764, 184.6463711409564610 ) ) ;
#915 = CARTESIAN_POINT ( 'NONE',  ( -31.80549350305485845, 92.60319322376103912, 221.6066802496429489 ) ) ;
#916 = CARTESIAN_POINT ( 'NONE',  ( 9.679111956572487685, -52.11111171833208999, 211.1929964558786708 ) ) ;
#917 = CARTESIAN_POINT ( 'NONE',  ( -51.11422127162909135, 8.287280167330475678, 236.0143575018415731 ) ) ;
#918 = CARTESIAN_POINT ( 'NONE',  ( 33.69562442450452266, 74.06337684317776393, 141.4629039216592332 ) ) ;
#919 = CARTESIAN_POINT ( 'NONE',  ( -8.946430303705781739, 94.02400983498185383, 186.3661872304217866 ) ) ;
#920 = CARTESIAN_POINT ( 'NONE',  ( -55.32701486754594100, -6.602804974401107252, 174.9348987199571752 ) ) ;
#921 = CARTESIAN_POINT ( 'NONE',  ( 41.34874389086534308, 68.75375763041853361, 187.5470739416020081 ) ) ;
#922 = CARTESIAN_POINT ( 'NONE',  ( 0.000000000000000000, -33.82651559785280426, 373.0243241031068351 ) ) ;
#923 = CARTESIAN_POINT ( 'NONE',  ( 10.76439807395047765, -5.513293627326315338, 405.9646870397042449 ) ) ;
#924 = CARTESIAN_POINT ( 'NONE',  ( 1.848255615020312659, 96.32976949117716003, 178.7540946186561541 ) ) ;
#925 = CARTESIAN_POINT ( 'NONE',  ( -42.10988912902877246, 53.88904871606010971, 282.7398322025164816 ) ) ;
#926 = CARTESIAN_POINT ( 'NONE',  ( 5.000000000000000000, 66.84531496254926708, 409.0779284778316196 ) ) ;
#927 = CARTESIAN_POINT ( 'NONE',  ( 44.71488426439575647, 50.75264003507572852, 119.0315004972473645 ) ) ;
#928 = CARTESIAN_POINT ( 'NONE',  ( 52.76573601460589913, 34.72549862528024534, 183.1023108345161461 ) ) ;
#929 = CARTESIAN_POINT ( 'NONE',  ( -46.27496846599735392, 53.22683761689444992, 185.5189513381986046 ) ) ;
#930 = CARTESIAN_POINT ( 'NONE',  ( -39.05568620120696011, 73.43275591710049355, 187.8239138291979202 ) ) ;
#931 = CARTESIAN_POINT ( 'NONE',  ( 52.16533417193573285, 12.18183908007447158, 221.5276813607478630 ) ) ;
#932 = CARTESIAN_POINT ( 'NONE',  ( -2.199869790449579643, 93.71474914417575519, 178.5344292478184514 ) ) ;
#933 = CARTESIAN_POINT ( 'NONE',  ( 44.25292717907949225, -41.40433089504063702, 174.9795035506496106 ) ) ;
#934 = CARTESIAN_POINT ( 'NONE',  ( 44.39854161438309177, 60.70823927584507373, 119.9999999999999432 ) ) ;
#935 = CARTESIAN_POINT ( 'NONE',  ( 21.80617979207999113, 96.10370779785638717, 335.6853096062209829 ) ) ;
#936 = CARTESIAN_POINT ( 'NONE',  ( 32.04118169940863226, 70.84157669004845559, 120.0000000000000568 ) ) ;
#937 = CARTESIAN_POINT ( 'NONE',  ( -20.41455587234864311, -52.68106329960684064, 175.0277539684644523 ) ) ;
#938 = ORIENTED_EDGE ( 'NONE', *, *, #4530, .T. ) ;
#939 = CARTESIAN_POINT ( 'NONE',  ( -47.24842839691299190, 42.14426624107466068, 118.9621963340772339 ) ) ;
#940 = CARTESIAN_POINT ( 'NONE',  ( 43.52966757256317720, 40.82110893248177774, 61.01578417630952345 ) ) ;
#941 = CARTESIAN_POINT ( 'NONE',  ( -25.97503652950010178, 87.64187618413266989, 181.5992660748818253 ) ) ;
#942 = CARTESIAN_POINT ( 'NONE',  ( 51.19963392660109491, -8.423031461118204888, 61.09962439963114633 ) ) ;
#943 = CARTESIAN_POINT ( 'NONE',  ( -40.88846983969705917, 76.05783718119577941, 174.9426580378350593 ) ) ;
#944 = DIRECTION ( 'NONE',  ( 0.000000000000000000, 0.9915768704390639510, 0.1295195352457374494 ) ) ;
#945 = CARTESIAN_POINT ( 'NONE',  ( -16.18877599945571077, -6.135064327980093601, 397.6353357116028633 ) ) ;
#946 = CARTESIAN_POINT ( 'NONE',  ( 39.05839758795768546, 72.01490579253801627, 174.9219393921078733 ) ) ;
#947 = CARTESIAN_POINT ( 'NONE',  ( -11.79227378438647023, 111.3774366457178218, 390.1293219445124691 ) ) ;
#948 = CARTESIAN_POINT ( 'NONE',  ( -12.25719182303174826, -17.42971488072853603, 409.0779284778304259 ) ) ;
#949 = ORIENTED_EDGE ( 'NONE', *, *, #7655, .F. ) ;
#950 = CARTESIAN_POINT ( 'NONE',  ( -0.3333355417292701017, 90.70724113289168145, 162.3652346034473339 ) ) ;
#951 = CARTESIAN_POINT ( 'NONE',  ( -35.25118041758211973, 75.40741987863636098, 159.4119482292489351 ) ) ;
#952 = CARTESIAN_POINT ( 'NONE',  ( -33.53863066827350536, 85.20374325857851261, 174.9440229531619764 ) ) ;
#953 = CARTESIAN_POINT ( 'NONE',  ( 4.579321043888742615, -50.55581858949593510, 236.3580561766070502 ) ) ;
#954 = CARTESIAN_POINT ( 'NONE',  ( -40.02886599213815799, 3.100034814751546186, 17.37761320568493772 ) ) ;
#955 = CARTESIAN_POINT ( 'NONE',  ( 12.23069226862318892, 93.13119056139733232, 181.7335666840631632 ) ) ;
#956 = CARTESIAN_POINT ( 'NONE',  ( 34.25918263092169269, 79.44558223775186434, 178.2213462127166679 ) ) ;
#957 = CARTESIAN_POINT ( 'NONE',  ( 7.810659739425186210, 99.25069657239768617, 191.5305768609810855 ) ) ;
#958 = CARTESIAN_POINT ( 'NONE',  ( -49.24600904007698432, -6.621245555623374912, 250.8422388099025966 ) ) ;
#959 = DIRECTION ( 'NONE',  ( -2.775557561562891351E-17, 0.9812926639922454619, -0.1925219665259061130 ) ) ;
#960 = CARTESIAN_POINT ( 'NONE',  ( -0.3501515911744078613, -47.77431481950398506, 267.3981681540126374 ) ) ;
#961 = CARTESIAN_POINT ( 'NONE',  ( 55.83017447310247405, -2.689799252833754206, 125.3252910338272841 ) ) ;
#962 = CARTESIAN_POINT ( 'NONE',  ( 2.446430303705699139, 84.61590949274477680, 134.2015926103156573 ) ) ;
#963 = CARTESIAN_POINT ( 'NONE',  ( -6.989103928958764200, 41.10620806404239858, 404.8149488265061109 ) ) ;
#964 = CARTESIAN_POINT ( 'NONE',  ( 20.24503059268333871, 78.00341912710229053, 355.3126149482030769 ) ) ;
#965 = EDGE_CURVE ( 'NONE', #7493, #7416, #6169, .T. ) ;
#966 = CARTESIAN_POINT ( 'NONE',  ( 45.84176832797757584, 47.39761227474640748, 118.9993601535621508 ) ) ;
#967 = CARTESIAN_POINT ( 'NONE',  ( -1.999999999999996225, 97.23829072087822567, 177.9195124834041053 ) ) ;
#968 = CARTESIAN_POINT ( 'NONE',  ( -40.59672882285485684, 70.44010960220474260, 187.7673448355264725 ) ) ;
#969 = CARTESIAN_POINT ( 'NONE',  ( -40.87344587518332872, 61.96949958867308794, 129.9061066800217361 ) ) ;
#970 = CARTESIAN_POINT ( 'NONE',  ( 4.917767949233901703, 4.784205258476426970, 409.0779284778315628 ) ) ;
#971 = EDGE_CURVE ( 'NONE', #4543, #1940, #5160, .T. ) ;
#972 = CARTESIAN_POINT ( 'NONE',  ( -2.226938699783018283, 90.21514403135660132, 159.7470995004379688 ) ) ;
#973 = CARTESIAN_POINT ( 'NONE',  ( 42.63088955041609296, -41.14416827938739374, 82.47740216716883310 ) ) ;
#974 = CARTESIAN_POINT ( 'NONE',  ( 38.15043777554206628, 69.86082218532207833, 120.0000000000000284 ) ) ;
#975 = CARTESIAN_POINT ( 'NONE',  ( 31.52744243911445565, 65.15498642165036358, 82.48096350796008380 ) ) ;
#976 = CARTESIAN_POINT ( 'NONE',  ( 21.91081614974024205, 77.35225847628286999, 120.0000000000000142 ) ) ;
#977 = CARTESIAN_POINT ( 'NONE',  ( -19.77073316227539124, -51.36442278339917067, 201.7501626469924361 ) ) ;
#978 = VERTEX_POINT ( 'NONE', #4657 ) ;
#979 = CARTESIAN_POINT ( 'NONE',  ( -47.59494999915081337, 46.36279083934307010, 153.0952931171537443 ) ) ;
#980 = CARTESIAN_POINT ( 'NONE',  ( 41.51408734125853073, 44.96807397517160609, 61.00267832873343821 ) ) ;
#981 = CARTESIAN_POINT ( 'NONE',  ( -21.09025432186011173, 91.37898238293742281, 188.1490106939941995 ) ) ;
#982 = CARTESIAN_POINT ( 'NONE',  ( 53.46384264310270140, -11.94097630751083727, 82.46863804021994326 ) ) ;
#983 = CARTESIAN_POINT ( 'NONE',  ( -41.70226867826577433, 74.72893549098699850, 174.9424679987538696 ) ) ;
#984 = CARTESIAN_POINT ( 'NONE',  ( -0.1666674888659542553, 93.97680616000370435, 180.0669229464810996 ) ) ;
#985 = CARTESIAN_POINT ( 'NONE',  ( -53.79620627592527882, -4.896329778206069072, 201.7386349821712770 ) ) ;
#986 = CARTESIAN_POINT ( 'NONE',  ( 42.03624010768113095, 65.20342330962846233, 165.3889055653390017 ) ) ;
#987 = CARTESIAN_POINT ( 'NONE',  ( -17.25280475017869364, 106.3681602064898328, 320.8726532944767769 ) ) ;
#988 = CARTESIAN_POINT ( 'NONE',  ( -22.83288421869230334, -21.06669408704793156, 377.8639288569135601 ) ) ;
#989 = ORIENTED_EDGE ( 'NONE', *, *, #5595, .T. ) ;
#990 = CARTESIAN_POINT ( 'NONE',  ( -54.01771192077198691, 27.10604614702788950, 142.4387904376332301 ) ) ;
#991 = CARTESIAN_POINT ( 'NONE',  ( -35.14536188646106751, 77.87918837929655069, 175.0136433341612303 ) ) ;
#992 = EDGE_CURVE ( 'NONE', #479, #440, #6120, .T. ) ;
#993 = CARTESIAN_POINT ( 'NONE',  ( -22.27590989190955995, 99.54393664954999110, 320.9940866556803485 ) ) ;
#994 = CARTESIAN_POINT ( 'NONE',  ( 1.137836804402037272, -50.61864019638241530, 236.3616521510632822 ) ) ;
#995 = CARTESIAN_POINT ( 'NONE',  ( -45.11522785549176007, 8.668141480189721193, 282.2149397074610988 ) ) ;
#996 = CARTESIAN_POINT ( 'NONE',  ( 12.26400922639942515, 92.58307747086577422, 178.5082782197205802 ) ) ;
#997 = CARTESIAN_POINT ( 'NONE',  ( 35.74369257828928426, 76.64999744453756136, 171.8491673547040932 ) ) ;
#998 = CARTESIAN_POINT ( 'NONE',  ( 33.75654888798695907, 87.05315445437086908, 189.9373368073202357 ) ) ;
#999 = CARTESIAN_POINT ( 'NONE',  ( -54.60667265882443644, -6.271531609451224121, 95.91850999033444225 ) ) ;
#1000 = CARTESIAN_POINT ( 'NONE',  ( 48.21371176224583621, 42.49600198902377457, 184.1172921378336866 ) ) ;
#1001 = CARTESIAN_POINT ( 'NONE',  ( -0.9474859591064023201, -43.00755576645893541, 309.3074386397254898 ) ) ;
#1002 = CARTESIAN_POINT ( 'NONE',  ( 40.57490537411622711, -5.214291584286022463, 309.1853924264085549 ) ) ;
#1003 = CARTESIAN_POINT ( 'NONE',  ( 1.999999999999991784, 93.45581790793502819, 163.1526624826907437 ) ) ;
#1004 = CARTESIAN_POINT ( 'NONE',  ( 31.47610165672087135, 82.99759227937066441, 181.5052688551158724 ) ) ;
#1005 = CARTESIAN_POINT ( 'NONE',  ( -31.34379192869148056, 21.10718208963553622, 10.00000000000000000 ) ) ;
#1006 = CARTESIAN_POINT ( 'NONE',  ( 21.88960252113921001, 66.62056241058175488, 356.1280158203504698 ) ) ;
#1007 = CARTESIAN_POINT ( 'NONE',  ( 46.67776709535566937, 50.67522162013883502, 190.8986847785213286 ) ) ;
#1008 = CARTESIAN_POINT ( 'NONE',  ( 1.454959031366928723, 112.1035485132183425, 309.3073450306594623 ) ) ;
#1009 = CARTESIAN_POINT ( 'NONE',  ( 1.250939226034013751, 93.93315968461084253, 179.8739008946574529 ) ) ;
#1010 = CIRCLE ( 'NONE', #1368, 1.999999999999999778 ) ;
#1011 = CARTESIAN_POINT ( 'NONE',  ( -38.44859121526073409, 65.87623819417079574, 129.9697831642899644 ) ) ;
#1012 = CARTESIAN_POINT ( 'NONE',  ( 52.40766499870453998, 4.119750746189259516, 221.5245436518836470 ) ) ;
#1013 = CARTESIAN_POINT ( 'NONE',  ( -2.185038858181404198, 94.82506333002908150, 184.9867299713336877 ) ) ;
#1014 = CARTESIAN_POINT ( 'NONE',  ( 25.93599062394584820, -31.18213085003002050, 337.2441877144313480 ) ) ;
#1015 = ADVANCED_FACE ( 'NONE', ( #501 ), #5201, .F. ) ;
#1016 = CARTESIAN_POINT ( 'NONE',  ( -0.8949880837933527067, 93.25960762148018546, 161.9050643892540506 ) ) ;
#1017 = CARTESIAN_POINT ( 'NONE',  ( 17.45199481949984843, 106.2700724878012437, 309.2973054539528448 ) ) ;
#1018 = CARTESIAN_POINT ( 'NONE',  ( -7.946428739083905235, 93.03248005718580771, 176.9637940996658756 ) ) ;
#1019 = ORIENTED_EDGE ( 'NONE', *, *, #2579, .F. ) ;
#1020 = CARTESIAN_POINT ( 'NONE',  ( -47.31259847541560504, 48.41993905840578805, 165.2427633582156830 ) ) ;
#1021 = CARTESIAN_POINT ( 'NONE',  ( 6.935991689802571969, 46.78435925973961673, 404.5987470506366321 ) ) ;
#1022 = CARTESIAN_POINT ( 'NONE',  ( -25.91404150445666232, 88.17394707187759195, 184.8241268282775707 ) ) ;
#1023 = CARTESIAN_POINT ( 'NONE',  ( 54.39253933577555244, -8.510541513731373797, 192.3475893745212488 ) ) ;
#1024 = CARTESIAN_POINT ( 'NONE',  ( -21.88960252113921001, 66.62056241058175488, 356.1280158203504698 ) ) ;
#1025 = VECTOR ( 'NONE', #539, 1000.000000000000114 ) ;
#1026 = CARTESIAN_POINT ( 'NONE',  ( -2.000000000000001332, 90.97061950296259170, 163.8421577798189048 ) ) ;
#1027 = CARTESIAN_POINT ( 'NONE',  ( -54.40056800729996667, -5.740453619285426967, 192.3475962204593941 ) ) ;
#1028 = CARTESIAN_POINT ( 'NONE',  ( 41.57164394346111180, 68.48568484194207429, 191.0515683708795791 ) ) ;
#1029 = CARTESIAN_POINT ( 'NONE',  ( -20.98555666414223353, 93.33908440664571060, 174.9453528995571503 ) ) ;
#1030 = CARTESIAN_POINT ( 'NONE',  ( -48.41567492737544143, -38.06849500026216049, 125.3263798477330937 ) ) ;
#1031 = CARTESIAN_POINT ( 'NONE',  ( -35.00957184596787641, 67.70299792070692035, 119.2937425199221195 ) ) ;
#1032 = CARTESIAN_POINT ( 'NONE',  ( -11.83710019376025002, 79.56131591875279696, 403.3806173657045520 ) ) ;
#1033 = CARTESIAN_POINT ( 'NONE',  ( 4.887913158160070992, -52.97964914891399246, 201.7521239684083412 ) ) ;
#1034 = CARTESIAN_POINT ( 'NONE',  ( -19.84224537533825838, 4.289255417269489001, 379.8886538152437993 ) ) ;
#1035 = CARTESIAN_POINT ( 'NONE',  ( 21.01014554531445810, 91.89587806928241775, 191.4493816700703235 ) ) ;
#1036 = CARTESIAN_POINT ( 'NONE',  ( 35.25970158902453022, 75.39655577642319884, 159.4106120382239737 ) ) ;
#1037 = LINE ( 'NONE', #6931, #2489 ) ;
#1038 = CARTESIAN_POINT ( 'NONE',  ( -37.25268416098201385, -6.225597080473308509, 9.999999999999976907 ) ) ;
#1039 = CARTESIAN_POINT ( 'NONE',  ( -0.2740244662608425363, -30.63364143246819182, 391.5638077824757488 ) ) ;
#1040 = CARTESIAN_POINT ( 'NONE',  ( 52.32597050922916537, -5.202008083146234974, 221.5228245523272790 ) ) ;
#1041 = CARTESIAN_POINT ( 'NONE',  ( -52.93664735717684522, 33.11376186702614177, 182.6261067847801201 ) ) ;
#1042 = CARTESIAN_POINT ( 'NONE',  ( 31.51448798256216577, 76.20931954935633712, 141.5132258711473412 ) ) ;
#1043 = CARTESIAN_POINT ( 'NONE',  ( -46.13695813032685322, 33.70437392891498973, 61.03631225452868136 ) ) ;
#1044 = CARTESIAN_POINT ( 'NONE',  ( 47.35693498923539124, 62.68961510592969688, 174.9408108824709416 ) ) ;
#1045 = CARTESIAN_POINT ( 'NONE',  ( 48.04094775453828703, 43.38138231007180678, 141.0929590961186193 ) ) ;
#1046 = CARTESIAN_POINT ( 'NONE',  ( 5.421227344103089152, 102.3717906167731542, 211.2204670723332640 ) ) ;
#1047 = CARTESIAN_POINT ( 'NONE',  ( -2.407691534637634412, 94.17732440886153711, 161.5250330116491000 ) ) ;
#1048 = CARTESIAN_POINT ( 'NONE',  ( -39.06350028142612274, 64.96877814786847694, 129.9544217433779920 ) ) ;
#1049 = CARTESIAN_POINT ( 'NONE',  ( 40.06962449023554740, 4.318062204795655390, 309.1874304684075128 ) ) ;
#1050 = DIRECTION ( 'NONE',  ( 0.000000000000000000, -0.9812926639922453509, 0.1925219665259060575 ) ) ;
#1051 = CARTESIAN_POINT ( 'NONE',  ( 20.44222408258015022, -43.44851752364550634, 283.2613480835329369 ) ) ;
#1052 = CARTESIAN_POINT ( 'NONE',  ( 36.98445890151187143, 83.68998281861220789, 192.3808651540942094 ) ) ;
#1053 = CARTESIAN_POINT ( 'NONE',  ( 0.5057420188709403908, 94.04616428497629954, 160.6903502493981080 ) ) ;
#1054 = CARTESIAN_POINT ( 'NONE',  ( 22.27693521369799612, 97.91570670208825788, 211.2202151646027346 ) ) ;
#1055 = CARTESIAN_POINT ( 'NONE',  ( 49.53390118470611725, 31.11780970669862612, 181.5626477195954180 ) ) ;
#1056 = VERTEX_POINT ( 'NONE', #2873 ) ;
#1057 = CARTESIAN_POINT ( 'NONE',  ( -47.18293063798064679, 47.16938542934114054, 141.1171724520202133 ) ) ;
#1058 = CARTESIAN_POINT ( 'NONE',  ( 51.39937706775467063, 42.62950966839922984, 125.3084830109981738 ) ) ;
#1059 = CARTESIAN_POINT ( 'NONE',  ( -12.28492828348070987, 92.02482555602259140, 175.3214697095943677 ) ) ;
#1060 = CARTESIAN_POINT ( 'NONE',  ( 49.87391172820665730, -16.53361837407254242, 236.0127094445664397 ) ) ;
#1061 = CARTESIAN_POINT ( 'NONE',  ( -10.29036174037368134, 66.27597474889782347, 392.9819229557825224 ) ) ;
#1062 = CARTESIAN_POINT ( 'NONE',  ( -22.62139247230063432, 81.03303527626971459, 120.0000000000000142 ) ) ;
#1063 = CARTESIAN_POINT ( 'NONE',  ( 39.98448982470875990, 71.66905769227803091, 187.7962014653543292 ) ) ;
#1064 = CARTESIAN_POINT ( 'NONE',  ( 15.05292075244565275, 108.2812548561988706, 409.0779284778320743 ) ) ;
#1065 = CARTESIAN_POINT ( 'NONE',  ( -16.02017309516052279, 104.6407334901527975, 251.8207650491244749 ) ) ;
#1066 = CARTESIAN_POINT ( 'NONE',  ( -44.10774406898696753, -41.98864981668091900, 106.4642891852233930 ) ) ;
#1067 = PLANE ( 'NONE',  #4487 ) ;
#1068 = CARTESIAN_POINT ( 'NONE',  ( -34.87675166200038035, 70.43984364964194356, 130.0561000936721996 ) ) ;
#1069 = CARTESIAN_POINT ( 'NONE',  ( -22.36439798309753257, 92.83584150910557753, 335.8458576883494402 ) ) ;
#1070 = CARTESIAN_POINT ( 'NONE',  ( 1.896662633255307373, -33.75486520490240849, 373.0480561164325195 ) ) ;
#1071 = CARTESIAN_POINT ( 'NONE',  ( -53.68664550436785277, 2.298154064835253418, 201.7385804371572817 ) ) ;
#1072 = CARTESIAN_POINT ( 'NONE',  ( 15.80772108859300396, 82.08850184454348664, 130.3516772688502670 ) ) ;
#1073 = CIRCLE ( 'NONE', #3436, 1.000000000000000888 ) ;
#1074 = CARTESIAN_POINT ( 'NONE',  ( 36.32697857487749360, 73.00935399934169823, 153.3900673262572809 ) ) ;
#1075 = CARTESIAN_POINT ( 'NONE',  ( 53.69098103248670384, 27.10604614702785398, 173.8550355239896703 ) ) ;
#1076 = CARTESIAN_POINT ( 'NONE',  ( -30.13641692555666651, -9.665806236974255228, 359.7664704200033157 ) ) ;
#1077 = CARTESIAN_POINT ( 'NONE',  ( -1.217039077580357898, -53.05785347359048387, 201.7522587156810232 ) ) ;
#1078 = CARTESIAN_POINT ( 'NONE',  ( 54.60000444101896022, -5.396855884512887336, 95.91850868609911629 ) ) ;
#1079 = CARTESIAN_POINT ( 'NONE',  ( -53.09875708742284672, 31.58757720043873363, 181.8855936999478047 ) ) ;
#1080 = CARTESIAN_POINT ( 'NONE',  ( 33.10354832936148028, 72.30981694976149754, 130.0986446931274827 ) ) ;
#1081 = CARTESIAN_POINT ( 'NONE',  ( -53.19221855796364906, 33.33229518221101983, 174.9372533031896069 ) ) ;
#1082 = CARTESIAN_POINT ( 'NONE',  ( 47.08876359419831203, 49.05841215793560650, 184.3230331647721130 ) ) ;
#1083 = CARTESIAN_POINT ( 'NONE',  ( -5.444527326388620914, 94.77845530019402531, 185.9803919565432579 ) ) ;
#1084 = CARTESIAN_POINT ( 'NONE',  ( 4.955358133536659437, 107.3111613649983411, 251.8703215827410418 ) ) ;
#1085 = CARTESIAN_POINT ( 'NONE',  ( -39.04522993153892685, 69.99041085706920740, 159.3249131777986918 ) ) ;
#1086 = CARTESIAN_POINT ( 'NONE',  ( 42.68672414130514881, 4.450321536097706421, 296.6739762740718334 ) ) ;
#1087 = VERTEX_POINT ( 'NONE', #6935 ) ;
#1088 = CARTESIAN_POINT ( 'NONE',  ( -49.76433391636983572, 29.07539009489566695, 179.6399897483419466 ) ) ;
#1089 = CARTESIAN_POINT ( 'NONE',  ( 18.09272910485420738, -38.63110028919934535, 321.2718751004470619 ) ) ;
#1090 = CARTESIAN_POINT ( 'NONE',  ( 36.33794657232013492, 82.21963849492452425, 174.9435686131372165 ) ) ;
#1091 = CARTESIAN_POINT ( 'NONE',  ( 4.282102226962193114, 94.73228998923752897, 184.9844715261782824 ) ) ;
#1092 = CARTESIAN_POINT ( 'NONE',  ( 23.32371366580521510, 87.68154007732346145, 149.0219227198818714 ) ) ;
#1093 = CARTESIAN_POINT ( 'NONE',  ( 49.76394713943403048, 29.08212146018628275, 179.6278563430133204 ) ) ;
#1094 = ORIENTED_EDGE ( 'NONE', *, *, #2844, .F. ) ;
#1095 = CARTESIAN_POINT ( 'NONE',  ( -46.70143608547415681, 51.25505449978948747, 174.7033974541681971 ) ) ;
#1096 = CARTESIAN_POINT ( 'NONE',  ( 51.78575188488184011, 44.66523062861985238, 149.0404522952868547 ) ) ;
#1097 = CARTESIAN_POINT ( 'NONE',  ( -17.77194427118347875, 84.11885445191362010, 141.7178379847509859 ) ) ;
#1098 = CARTESIAN_POINT ( 'NONE',  ( 52.94783809755705306, -22.28476125151153653, 192.3565563901416624 ) ) ;
#1099 = CARTESIAN_POINT ( 'NONE',  ( -32.44772017948280052, 41.98559849556441037, 34.09560012035702670 ) ) ;
#1100 = B_SPLINE_CURVE_WITH_KNOTS ( 'NONE', 3,
 ( #3538, #510, #2956, #3999, #2881, #6453, #5913, #10 ),
 .UNSPECIFIED., .F., .F.,
 ( 4, 2, 2, 4 ),
 ( 0.000000000000000000, 0.02692789997235238778, 0.04039184995852861809, 0.05385579994470485882 ),
 .UNSPECIFIED. ) ;
#1101 = PLANE ( 'NONE',  #4350 ) ;
#1102 = CARTESIAN_POINT ( 'NONE',  ( 40.33129984347155528, 71.22253541267609478, 191.0888549118542983 ) ) ;
#1103 = CARTESIAN_POINT ( 'NONE',  ( 14.30785050944680847, 102.1798343643551448, 221.6222292242597973 ) ) ;
#1104 = CARTESIAN_POINT ( 'NONE',  ( -15.33517589864281305, 106.0762164066182862, 267.5605678917036698 ) ) ;
#1105 = CARTESIAN_POINT ( 'NONE',  ( -40.69263145525302861, -39.81381927642592444, 61.09799580955821341 ) ) ;
#1106 = CARTESIAN_POINT ( 'NONE',  ( -49.58343275940010386, 31.08575611015342588, 181.0273359222490228 ) ) ;
#1107 = CARTESIAN_POINT ( 'NONE',  ( -33.47132067003708045, 76.42954144235049796, 153.4595020655809208 ) ) ;
#1108 = CARTESIAN_POINT ( 'NONE',  ( -10.23890644972376407, 78.51451209542918264, 403.4348092658253790 ) ) ;
#1109 = CARTESIAN_POINT ( 'NONE',  ( 2.284314026142951981, -47.90907299919210516, 34.31825718627436572 ) ) ;
#1110 = CARTESIAN_POINT ( 'NONE',  ( -45.45204770596637900, 0.3727522723604285715, 282.1758872807046714 ) ) ;
#1111 = CARTESIAN_POINT ( 'NONE',  ( 19.68227186661892247, 88.28066910519547150, 165.8256192989444173 ) ) ;
#1112 = CARTESIAN_POINT ( 'NONE',  ( 34.15831034798207355, 68.61654263893582595, 119.3128485269280077 ) ) ;
#1113 = CARTESIAN_POINT ( 'NONE',  ( 0.000000000000000000, 103.9406128168738519, 221.6256922400351073 ) ) ;
#1114 = CARTESIAN_POINT ( 'NONE',  ( -49.11064495348283288, -8.371359114841421700, 250.8422388099025966 ) ) ;
#1115 = CARTESIAN_POINT ( 'NONE',  ( -5.424449430738714995, 55.33055954546677668, -10.85597707019333313 ) ) ;
#1116 = CARTESIAN_POINT ( 'NONE',  ( 29.10239404485728087, -5.440496092148991991, 359.8077047179686474 ) ) ;
#1117 = CARTESIAN_POINT ( 'NONE',  ( 31.66963719556711254, 79.35893317624977783, 159.4925137502593770 ) ) ;
#1118 = CARTESIAN_POINT ( 'NONE',  ( -38.61008745920732110, 11.69598173585932166, 17.35235604267437282 ) ) ;
#1119 = CARTESIAN_POINT ( 'NONE',  ( 48.00432806357002136, 44.40048473349888525, 153.0830652662886280 ) ) ;
#1120 = LINE ( 'NONE', #43, #6837 ) ;
#1121 = CARTESIAN_POINT ( 'NONE',  ( 4.032201004869074623, 113.9274010577589706, 352.8610805221231885 ) ) ;
#1122 = CARTESIAN_POINT ( 'NONE',  ( -4.274337377161197438, -30.10237481005392723, 391.7091028334472753 ) ) ;
#1123 = CARTESIAN_POINT ( 'NONE',  ( -38.88696952889737446, 73.39945807844921433, 184.5657538969844325 ) ) ;
#1124 = CARTESIAN_POINT ( 'NONE',  ( 51.23557240075587060, 4.287019323785258074, 236.0073156428206858 ) ) ;
#1125 = CARTESIAN_POINT ( 'NONE',  ( 1.999999999999975353, 97.23829072087823988, 177.9195124834040485 ) ) ;
#1126 = CARTESIAN_POINT ( 'NONE',  ( 34.01249396129521330, -47.28677615877319340, 82.48152646220360396 ) ) ;
#1127 = CARTESIAN_POINT ( 'NONE',  ( 26.80646624554935897, 94.10080140844749508, 309.2778727753870385 ) ) ;
#1128 = CARTESIAN_POINT ( 'NONE',  ( 2.194364854479703641, 81.03928759315725472, 119.6144433750027645 ) ) ;
#1129 = CARTESIAN_POINT ( 'NONE',  ( 18.03683247244964605, 103.8112482342608018, 251.8055157942218898 ) ) ;
#1130 = CARTESIAN_POINT ( 'NONE',  ( 50.04593548510470669, 27.15763429723270050, 174.9880557861864645 ) ) ;
#1131 = ORIENTED_EDGE ( 'NONE', *, *, #644, .F. ) ;
#1132 = CARTESIAN_POINT ( 'NONE',  ( -44.51781125923140792, 59.75063093265232794, 181.1753939486814033 ) ) ;
#1133 = CARTESIAN_POINT ( 'NONE',  ( 11.24844704471455259, 37.37264923499296998, 395.4279864461491343 ) ) ;
#1134 = CARTESIAN_POINT ( 'NONE',  ( -19.62674896631437349, 85.94476392530917508, 153.6899365419766923 ) ) ;
#1135 = CARTESIAN_POINT ( 'NONE',  ( 47.13594627187299579, -20.91038671876926358, 250.9150364904157868 ) ) ;
#1136 = DIRECTION ( 'NONE',  ( 0.9999812450151033261, 0.006009936357333686523, -0.001179102635397406579 ) ) ;
#1137 = CARTESIAN_POINT ( 'NONE',  ( 39.76623314112755025, 70.75488538696973251, 174.9017991153305616 ) ) ;
#1138 = CARTESIAN_POINT ( 'NONE',  ( 10.74771385771732213, 53.48065585481527506, 33.94371992453390163 ) ) ;
#1139 = CARTESIAN_POINT ( 'NONE',  ( -18.80488104658226334, 102.1605994490002729, 409.0779284778327565 ) ) ;
#1140 = CARTESIAN_POINT ( 'NONE',  ( -38.05646016402686627, -43.21728254639256761, 211.2046107931723213 ) ) ;
#1141 = ORIENTED_EDGE ( 'NONE', *, *, #7544, .F. ) ;
#1142 = CARTESIAN_POINT ( 'NONE',  ( 26.43265160328243013, 88.51797364283549996, 190.1286711417172626 ) ) ;
#1143 = CARTESIAN_POINT ( 'NONE',  ( 0.5061229637643370749, 97.68362273171801746, 180.3816332480687663 ) ) ;
#1144 = VECTOR ( 'NONE', #4874, 1000.000000000000000 ) ;
#1145 = CARTESIAN_POINT ( 'NONE',  ( -33.50938532834793193, 78.46327908586364686, 165.6008010776495212 ) ) ;
#1146 = CARTESIAN_POINT ( 'NONE',  ( -27.68947570072270992, 95.85509879905478670, 297.7027140057940073 ) ) ;
#1147 = CARTESIAN_POINT ( 'NONE',  ( 0.3990577282667757131, -52.47315856824186397, 211.1919248396908415 ) ) ;
#1148 = CARTESIAN_POINT ( 'NONE',  ( -37.27056617082715206, 2.462225255952091629, 322.2551704974248423 ) ) ;
#1149 = CARTESIAN_POINT ( 'NONE',  ( 17.89932379420471875, 88.87227794037654860, 165.8397852061655442 ) ) ;
#1150 = CARTESIAN_POINT ( 'NONE',  ( 35.94310260110385968, 78.86103348717259109, 191.2069175362702822 ) ) ;
#1151 = CARTESIAN_POINT ( 'NONE',  ( 2.999999999999972466, 96.21494918568888011, 178.0992207842987511 ) ) ;
#1152 = CARTESIAN_POINT ( 'NONE',  ( -52.17342083232846051, -8.454408537922516231, 221.5227867090615348 ) ) ;
#1153 = LINE ( 'NONE', #75, #1025 ) ;
#1154 = CARTESIAN_POINT ( 'NONE',  ( 10.69256524363130900, -47.26727844945381918, 267.3135133005933426 ) ) ;
#1155 = CARTESIAN_POINT ( 'NONE',  ( -41.42727627547333924, 25.06557862688916671, 296.8052330763715645 ) ) ;
#1156 = CARTESIAN_POINT ( 'NONE',  ( 47.53783777360315099, 47.21314934364713878, 174.6791627160685891 ) ) ;
#1157 = CARTESIAN_POINT ( 'NONE',  ( 2.052995844813482407, 97.57199417970291222, 179.8791586832223572 ) ) ;
#1158 = CARTESIAN_POINT ( 'NONE',  ( 1.418941784856243782, 112.7580379459900257, 320.7469887188660209 ) ) ;
#1159 = CARTESIAN_POINT ( 'NONE',  ( -9.208333800143218895, -50.29698218119050779, 236.3464691478035604 ) ) ;
#1160 = CARTESIAN_POINT ( 'NONE',  ( -38.36672663419079043, 74.98051649581179845, 191.1468591928199601 ) ) ;
#1161 = CARTESIAN_POINT ( 'NONE',  ( 54.02284082411591726, 7.542127257246161953, 192.3489138660755202 ) ) ;
#1162 = CARTESIAN_POINT ( 'NONE',  ( 7.946428739083792436, 88.09529719408892845, 151.2834731052537904 ) ) ;
#1163 = CARTESIAN_POINT ( 'NONE',  ( 26.60363149801769822, -45.11586077863044864, 251.3969254842509145 ) ) ;
#1164 = CARTESIAN_POINT ( 'NONE',  ( 37.34796294113852611, 81.00468771001025914, 174.9433869247069708 ) ) ;
#1165 = CARTESIAN_POINT ( 'NONE',  ( 0.000000000000000000, 88.97305538386845569, 153.7501109354146536 ) ) ;
#1166 = CARTESIAN_POINT ( 'NONE',  ( 29.78609513167720380, 83.98009716290319204, 149.0237900884220039 ) ) ;
#1167 = CARTESIAN_POINT ( 'NONE',  ( 49.82376724016733505, 28.59249992962385178, 178.9358628792903403 ) ) ;
#1168 = ORIENTED_EDGE ( 'NONE', *, *, #865, .T. ) ;
#1169 = CARTESIAN_POINT ( 'NONE',  ( -46.87089629061500773, 50.37995659749221744, 165.2548455753674261 ) ) ;
#1170 = CARTESIAN_POINT ( 'NONE',  ( 36.69812403264350564, 18.59762005358341597, 17.32414063278418581 ) ) ;
#1171 = CARTESIAN_POINT ( 'NONE',  ( -19.31873346795807933, 92.62842697544796522, 191.4680508342202643 ) ) ;
#1172 = CARTESIAN_POINT ( 'NONE',  ( 41.78547143484892956, -23.87017391594320870, 282.3845097817015812 ) ) ;
#1173 = CARTESIAN_POINT ( 'NONE',  ( 44.59820034803625788, 59.37400844274520750, 177.9489276335630450 ) ) ;
#1174 = CARTESIAN_POINT ( 'NONE',  ( 17.10914371339296380, 105.5397445469658209, 409.0779284778308238 ) ) ;
#1175 = CARTESIAN_POINT ( 'NONE',  ( -18.62150499329587916, 103.3229898742605144, 353.5377868453520591 ) ) ;
#1176 = CARTESIAN_POINT ( 'NONE',  ( -42.67714376231266726, -40.33760965381006258, 201.7441738793122852 ) ) ;
#1177 = EDGE_LOOP ( 'NONE', ( #6749, #2046, #7145, #1786 ) ) ;
#1178 = CARTESIAN_POINT ( 'NONE',  ( 28.95217396613012184, 86.52775568509007087, 189.8687093448969847 ) ) ;
#1179 = CARTESIAN_POINT ( 'NONE',  ( 8.946430303705575682, 82.99156353808132280, 129.4249567559108129 ) ) ;
#1180 = CARTESIAN_POINT ( 'NONE',  ( -34.29532537357700761, 78.95174253088326566, 175.0328031799509745 ) ) ;
#1181 = CARTESIAN_POINT ( 'NONE',  ( -36.33794657232013492, 82.21963849492452425, 174.9435686131372165 ) ) ;
#1182 = CARTESIAN_POINT ( 'NONE',  ( 0.000000000000000000, -51.87957328486703545, 61.09561556252820935 ) ) ;
#1183 = CARTESIAN_POINT ( 'NONE',  ( -40.44578627573636709, -1.735580052617290647, 17.38556877247762955 ) ) ;
#1184 = CARTESIAN_POINT ( 'NONE',  ( 44.05818599539022529, 49.82229466261533446, 82.47680936554563402 ) ) ;
#1185 = CARTESIAN_POINT ( 'NONE',  ( 22.95664523842560456, 84.44948096981612196, 153.6507384784460157 ) ) ;
#1186 = CARTESIAN_POINT ( 'NONE',  ( 38.72294820850657970, 72.18437895160758444, 171.7805169744555371 ) ) ;
#1187 = CARTESIAN_POINT ( 'NONE',  ( 54.01771172497240769, 27.10604614702785398, 142.4387674634065206 ) ) ;
#1188 = CARTESIAN_POINT ( 'NONE',  ( -10.67309322115097281, -8.230310579629893653, 409.0779284778313922 ) ) ;
#1189 = DIRECTION ( 'NONE',  ( -5.602867245962734761E-30, -0.9812926639922453509, 0.1925219665259060575 ) ) ;
#1190 = CLOSED_SHELL ( 'NONE', ( #3744, #4522, #110, #4572, #6402, #1392, #2856, #2248, #2043, #2147, #2032, #208, #5839, #3961, #408, #7167, #855, #5366, #3195, #6427, #6172, #4788, #7504, #4764, #1015, #6184, #1637, #3720, #5208, #4197, #2273, #7276, #1660, #6707, #41, #3426, #4225, #3397, #1992, #5143, #4409, #290, #5959, #5624, #3079, #5917, #7281 ) ) ;
#1191 = CARTESIAN_POINT ( 'NONE',  ( 16.11961494458689970, -53.38223204408816969, 175.0336512417531765 ) ) ;
#1192 = CARTESIAN_POINT ( 'NONE',  ( -46.93859619787694726, 25.04034203608746267, 266.2703234693272520 ) ) ;
#1193 = CARTESIAN_POINT ( 'NONE',  ( 47.19980725888342477, 48.95118444279678016, 171.5408275708279575 ) ) ;
#1194 = CARTESIAN_POINT ( 'NONE',  ( -1.413936446063679853, 96.43449361320060120, 179.2723477246302934 ) ) ;
#1195 = CARTESIAN_POINT ( 'NONE',  ( -12.12332452584074538, -51.88172862166235433, 211.1935725270082855 ) ) ;
#1196 = EDGE_CURVE ( 'NONE', #4006, #2428, #5244, .T. ) ;
#1197 = CARTESIAN_POINT ( 'NONE',  ( -38.14950196283236750, 74.66808293206570113, 184.5852825624234299 ) ) ;
#1198 = CARTESIAN_POINT ( 'NONE',  ( 54.90784638661551043, 2.834903466128307681, 106.4745351953308585 ) ) ;
#1199 = CARTESIAN_POINT ( 'NONE',  ( 24.38374426688051244, -41.96915947846640194, 283.1402608894696300 ) ) ;
#1200 = CARTESIAN_POINT ( 'NONE',  ( 36.65004664434665926, 68.08414441250710070, 106.4423500660956279 ) ) ;
#1201 = CARTESIAN_POINT ( 'NONE',  ( 4.313268221761305199, 83.75415023958007055, 130.3770423977517510 ) ) ;
#1202 = CARTESIAN_POINT ( 'NONE',  ( 15.15485729899162237, 41.80643299578758132, 17.18509834838635442 ) ) ;
#1203 = CARTESIAN_POINT ( 'NONE',  ( -0.3373962979723562627, 97.68463617151060419, 180.3814307381528863 ) ) ;
#1204 = ORIENTED_EDGE ( 'NONE', *, *, #6145, .T. ) ;
#1205 = EDGE_CURVE ( 'NONE', #2645, #1977, #5616, .T. ) ;
#1206 = CARTESIAN_POINT ( 'NONE',  ( -44.70791271167719572, 50.77278011954710024, 119.0341212771946289 ) ) ;
#1207 = CARTESIAN_POINT ( 'NONE',  ( 50.92072697313178509, 34.53565582397966693, 95.91741718694669316 ) ) ;
#1208 = CARTESIAN_POINT ( 'NONE',  ( -14.25815769090214502, 88.76363495540732629, 159.7192168319470227 ) ) ;
#1209 = CARTESIAN_POINT ( 'NONE',  ( 51.41146413729850906, -21.93314472317522146, 211.2150172393875778 ) ) ;
#1210 = CARTESIAN_POINT ( 'NONE',  ( 2.907594519939225464, 97.34385864304597646, 178.7239471722812425 ) ) ;
#1211 = CARTESIAN_POINT ( 'NONE',  ( 45.15002931501948069, 57.43632274582067510, 177.9329982181410230 ) ) ;
#1212 = CARTESIAN_POINT ( 'NONE',  ( 13.41626447492274465, 72.71622590736956226, 82.48372866140874748 ) ) ;
#1213 = CARTESIAN_POINT ( 'NONE',  ( -25.25060925077670149, -52.04206284254716053, 106.4544496167999625 ) ) ;
#1214 = ORIENTED_EDGE ( 'NONE', *, *, #4994, .F. ) ;
#1215 = CARTESIAN_POINT ( 'NONE',  ( 22.97912808802308149, 90.75824935025447360, 190.4212954223932286 ) ) ;
#1216 = CARTESIAN_POINT ( 'NONE',  ( -50.10883991145521321, 26.52544355918707453, 174.6066294091536122 ) ) ;
#1217 = CARTESIAN_POINT ( 'NONE',  ( -34.38922619194493535, 77.44331066049214485, 165.5803819600360498 ) ) ;
#1218 = CARTESIAN_POINT ( 'NONE',  ( -32.46490322674036122, 56.32352007971361019, 60.96333779806906250 ) ) ;
#1219 = CARTESIAN_POINT ( 'NONE',  ( 0.9732328113256151214, -47.92628355087512659, 34.31801968266389480 ) ) ;
#1220 = CARTESIAN_POINT ( 'NONE',  ( -55.62344055708990709, 1.689405328710131604, 125.3248204544771482 ) ) ;
#1221 = EDGE_CURVE ( 'NONE', #3423, #2645, #6994, .T. ) ;
#1222 = CARTESIAN_POINT ( 'NONE',  ( 27.47990351799495912, 86.02471132782376628, 178.3501869949879506 ) ) ;
#1223 = CARTESIAN_POINT ( 'NONE',  ( 37.50872023120281540, 76.45023043874165580, 191.1696812317162539 ) ) ;
#1224 = CARTESIAN_POINT ( 'NONE',  ( -5.503578211093233641, 100.9962840698680395, 201.7340215956247107 ) ) ;
#1225 = CARTESIAN_POINT ( 'NONE',  ( -54.60785415885319338, -8.536140296040141351, 95.91851009984731036 ) ) ;
#1226 = CARTESIAN_POINT ( 'NONE',  ( -5.444550662983409062, 94.02400983498185383, 186.3661872304217866 ) ) ;
#1227 = CARTESIAN_POINT ( 'NONE',  ( 8.112766541931305753, -35.86961359037464803, 354.5682260543427446 ) ) ;
#1228 = CARTESIAN_POINT ( 'NONE',  ( -4.994904605211376136, 22.87568480367074741, 409.0779284778316196 ) ) ;
#1229 = CARTESIAN_POINT ( 'NONE',  ( 50.03388874252932084, 30.18706175496634714, 165.1679918626513199 ) ) ;
#1230 = EDGE_CURVE ( 'NONE', #3347, #1280, #4871, .T. ) ;
#1231 = CARTESIAN_POINT ( 'NONE',  ( 1.172542285413936680, 97.66619307235666270, 180.3173953869455772 ) ) ;
#1232 = CARTESIAN_POINT ( 'NONE',  ( -4.916895178511564879, -26.32632099639734236, 409.0779284778314491 ) ) ;
#1233 = CARTESIAN_POINT ( 'NONE',  ( -38.38913879716386646, 70.06788599590119304, 153.3442242473987847 ) ) ;
#1234 = CARTESIAN_POINT ( 'NONE',  ( 8.164027988926571666, -1.906259288085365267, 405.9439828609084202 ) ) ;
#1235 = FACE_OUTER_BOUND ( 'NONE', #2973, .T. ) ;
#1236 = VECTOR ( 'NONE', #1694, 1000.000000000000114 ) ;
#1237 = CARTESIAN_POINT ( 'NONE',  ( 8.734003575675011177, -25.47488139449234978, 403.7853512145564991 ) ) ;
#1238 = CARTESIAN_POINT ( 'NONE',  ( -28.47188528504399940, 82.51927553042331454, 321.2887393541407164 ) ) ;
#1239 = CARTESIAN_POINT ( 'NONE',  ( 39.54434608194740264, 82.78856962875335057, 221.5941304192313623 ) ) ;
#1240 = CARTESIAN_POINT ( 'NONE',  ( 2.227747216107625494, 90.21491949167025837, 159.7459624592286218 ) ) ;
#1241 = CARTESIAN_POINT ( 'NONE',  ( 22.75947916154166606, 102.2193232325647756, 267.4550559600510837 ) ) ;
#1242 = CARTESIAN_POINT ( 'NONE',  ( -0.6732256937804483865, 97.68261904516209881, 180.3818338044412428 ) ) ;
#1243 = ORIENTED_EDGE ( 'NONE', *, *, #5388, .F. ) ;
#1244 = EDGE_CURVE ( 'NONE', #1603, #6075, #3481, .T. ) ;
#1245 = CARTESIAN_POINT ( 'NONE',  ( -42.40206831889726402, 66.21819515784879684, 187.7238152389409152 ) ) ;
#1246 = CARTESIAN_POINT ( 'NONE',  ( 35.57233886879851070, 24.34538275247316008, 322.1003471716609283 ) ) ;
#1247 = CARTESIAN_POINT ( 'NONE',  ( -10.19898736393605887, 95.10960024722518824, 191.5327043311435204 ) ) ;
#1248 = CARTESIAN_POINT ( 'NONE',  ( 39.89996979667748178, -33.20772315460196467, 34.37465671385912458 ) ) ;
#1249 = DIRECTION ( 'NONE',  ( -5.602867245962734761E-30, -0.9812926639922453509, 0.1925219665259060575 ) ) ;
#1250 = CARTESIAN_POINT ( 'NONE',  ( 43.51844928218088882, 60.90084162983456650, 159.2001156915028730 ) ) ;
#1251 = CARTESIAN_POINT ( 'NONE',  ( -50.07882159268373101, 27.10604614702785398, 173.8550355239896703 ) ) ;
#1252 = CARTESIAN_POINT ( 'NONE',  ( -30.61456938278566398, -49.83811410053662883, 175.0100621485987062 ) ) ;
#1253 = EDGE_LOOP ( 'NONE', ( #25, #4093, #6031, #2505 ) ) ;
#1254 = DIRECTION ( 'NONE',  ( -5.602867245962734761E-30, -0.9812926639922453509, 0.1925219665259060575 ) ) ;
#1255 = CARTESIAN_POINT ( 'NONE',  ( -47.72540856745445126, 45.72947814557637969, 181.0820117501072559 ) ) ;
#1256 = CARTESIAN_POINT ( 'NONE',  ( -33.37285568840265171, 80.49971940292300587, 178.2414138564593316 ) ) ;
#1257 = CARTESIAN_POINT ( 'NONE',  ( 40.57847179566130080, -5.728293719096599901, 17.38822970210344465 ) ) ;
#1258 = CARTESIAN_POINT ( 'NONE',  ( -26.21969259907196204, 89.75325906465495507, 321.1772349704451699 ) ) ;
#1259 = CARTESIAN_POINT ( 'NONE',  ( 0.3240644954858517557, -44.41900128634053146, 297.8504200200889613 ) ) ;
#1260 = CARTESIAN_POINT ( 'NONE',  ( -54.37044122408212843, -3.972773824086305972, 192.3476413295970815 ) ) ;
#1261 = CARTESIAN_POINT ( 'NONE',  ( 24.58509028030391974, 86.99240505156770098, 172.0620815529863989 ) ) ;
#1262 = CARTESIAN_POINT ( 'NONE',  ( 37.71643668043401476, 75.01246124255060010, 181.3699653054240457 ) ) ;
#1263 = CARTESIAN_POINT ( 'NONE',  ( -5.321258306415971973, 78.03212230797318227, 95.91467759725750852 ) ) ;
#1264 = CARTESIAN_POINT ( 'NONE',  ( -50.80397607929121051, -27.11159803275184288, 201.7407403191748188 ) ) ;
#1265 = CARTESIAN_POINT ( 'NONE',  ( 7.946428739083883031, 95.85182978639821272, 185.2942384325753835 ) ) ;
#1266 = CARTESIAN_POINT ( 'NONE',  ( -27.74070868876810536, 85.34347040463742928, 149.0231241793019876 ) ) ;
#1267 = CARTESIAN_POINT ( 'NONE',  ( 6.653954257080989088, -29.34135037536032087, 391.9581800636833577 ) ) ;
#1268 = CARTESIAN_POINT ( 'NONE',  ( -52.16533417193573285, 12.18183908007447158, 221.5276813607478630 ) ) ;
#1269 = CARTESIAN_POINT ( 'NONE',  ( 48.55015167838643464, 39.69289253540200946, 184.2796735197923681 ) ) ;
#1270 = CARTESIAN_POINT ( 'NONE',  ( 1.160094707449399687, 94.05560121286359276, 160.7697576562270285 ) ) ;
#1271 = CARTESIAN_POINT ( 'NONE',  ( -11.53220349435341419, -50.08167125936304842, 236.3382117249779526 ) ) ;
#1272 = CARTESIAN_POINT ( 'NONE',  ( -38.30829701149275479, 73.26924995016808850, 174.9414971498821387 ) ) ;
#1273 = CARTESIAN_POINT ( 'NONE',  ( 42.88654231778227199, 0.3056576034332569303, 296.6599806610806809 ) ) ;
#1274 = CARTESIAN_POINT ( 'NONE',  ( -0.5057420188709657038, 94.04616428497629954, 160.6903502493981080 ) ) ;
#1275 = CARTESIAN_POINT ( 'NONE',  ( -26.76558908160833283, 27.96313976114281985, 9.999999999999998224 ) ) ;
#1276 = CARTESIAN_POINT ( 'NONE',  ( 40.88846983969705917, 76.05783718119577941, 174.9426580378350593 ) ) ;
#1277 = CARTESIAN_POINT ( 'NONE',  ( 10.20248529055076325, 95.10902147072280854, 191.5327070700086267 ) ) ;
#1278 = CARTESIAN_POINT ( 'NONE',  ( 23.79793457237814280, 76.95222832070673746, 106.4353754229456115 ) ) ;
#1279 = CARTESIAN_POINT ( 'NONE',  ( -0.3333348962795462667, 96.50675054875854642, 179.5705675911452772 ) ) ;
#1280 = VERTEX_POINT ( 'NONE', #3737 ) ;
#1281 = CARTESIAN_POINT ( 'NONE',  ( -44.79063207523977042, 58.00878185389277064, 165.3123740470980181 ) ) ;
#1282 = CARTESIAN_POINT ( 'NONE',  ( 52.05181209475855297, 29.32913481788226662, 211.2178035932212197 ) ) ;
#1283 = CARTESIAN_POINT ( 'NONE',  ( -10.40886220261087125, 89.47494118546737241, 159.7335691010966912 ) ) ;
#1284 = CARTESIAN_POINT ( 'NONE',  ( 49.49437046996627743, -32.20575662124992533, 192.3705917189396928 ) ) ;
#1285 = CARTESIAN_POINT ( 'NONE',  ( 3.036466787284052060, 94.47427980624667043, 163.1572553380290458 ) ) ;
#1286 = CYLINDRICAL_SURFACE ( 'NONE', #3179, 9.400000000000019895 ) ;
#1287 = CARTESIAN_POINT ( 'NONE',  ( -24.33660262697240739, -49.63661395556268729, 211.1977722713742764 ) ) ;
#1288 = VERTEX_POINT ( 'NONE', #5530 ) ;
#1289 =( LENGTH_UNIT ( ) NAMED_UNIT ( * ) SI_UNIT ( .MILLI., .METRE. ) );
#1290 = CARTESIAN_POINT ( 'NONE',  ( -48.82766765945549992, 35.93213196855824521, 190.8340422964614618 ) ) ;
#1291 = CARTESIAN_POINT ( 'NONE',  ( -30.33063695848794339, 79.53243665117339845, 153.5281751096506468 ) ) ;
#1292 = CARTESIAN_POINT ( 'NONE',  ( 42.78845502235699172, -6.643769814031863064, 296.6507919032117684 ) ) ;
#1293 = CARTESIAN_POINT ( 'NONE',  ( -31.49248036509828097, 57.10904052710888124, 60.96043707223196861 ) ) ;
#1294 = CARTESIAN_POINT ( 'NONE',  ( 0.000000000000000000, -30.63364143246819182, 391.5638077824757488 ) ) ;
#1295 = CARTESIAN_POINT ( 'NONE',  ( -21.57454147650843979, -3.231631090555954877, 380.0691435206085202 ) ) ;
#1296 = CARTESIAN_POINT ( 'NONE',  ( 23.68967976305997780, 76.41299820747323679, 119.5224962162938027 ) ) ;
#1297 = CARTESIAN_POINT ( 'NONE',  ( 38.47450094055311354, 72.59309615640906088, 171.7866055911501633 ) ) ;
#1298 = CARTESIAN_POINT ( 'NONE',  ( 0.000000000000000000, 81.23719565832706735, 106.4309323311144624 ) ) ;
#1299 = CARTESIAN_POINT ( 'NONE',  ( -36.20641239558317892, -21.28840862801819966, 322.0730833068037668 ) ) ;
#1300 = CARTESIAN_POINT ( 'NONE',  ( -34.65115833271007517, 68.31206683457695306, 120.0000000000000426 ) ) ;
#1301 = CARTESIAN_POINT ( 'NONE',  ( -19.73301904179301403, 102.3596360936916057, 335.4269663478683015 ) ) ;
#1302 = CARTESIAN_POINT ( 'NONE',  ( 20.03586529573157549, -51.87349189028677898, 192.4319962824284005 ) ) ;
#1303 = CARTESIAN_POINT ( 'NONE',  ( -36.03280546974131227, 7.104117442569688912, 10.00000000000000178 ) ) ;
#1304 = CARTESIAN_POINT ( 'NONE',  ( 48.94671306373029296, 38.60359844802260199, 141.0695129710636309 ) ) ;
#1305 = CARTESIAN_POINT ( 'NONE',  ( -1.164819441696024693, 96.46800589082292277, 179.4234857488070816 ) ) ;
#1306 = CARTESIAN_POINT ( 'NONE',  ( -2.837047195623215057, -28.14814678199874010, 403.4141533273362938 ) ) ;
#1307 = CARTESIAN_POINT ( 'NONE',  ( -38.67143131879639384, 70.58821675108431748, 159.3336753203583669 ) ) ;
#1308 = CARTESIAN_POINT ( 'NONE',  ( 55.69499038681207992, 1.882647266064893854, 149.0512142414311256 ) ) ;
#1309 = CARTESIAN_POINT ( 'NONE',  ( 6.807933017900215282E-13, 95.85182978639821272, 185.2942384325754119 ) ) ;
#1310 = CARTESIAN_POINT ( 'NONE',  ( -43.79357508851284564, 60.24723152880473975, 266.7276539269826685 ) ) ;
#1311 = CARTESIAN_POINT ( 'NONE',  ( 36.16527633163747879, 61.10850933475413171, 82.47981016457542580 ) ) ;
#1312 = CARTESIAN_POINT ( 'NONE',  ( 10.08199280879012960, 80.38145014489033713, 119.6070543819563028 ) ) ;
#1313 = CARTESIAN_POINT ( 'NONE',  ( 25.59277942048031562, 91.15990033322725594, 174.9449697106100245 ) ) ;
#1314 = CARTESIAN_POINT ( 'NONE',  ( -2.048691552709219543, 97.57264450230717046, 179.8822728237757360 ) ) ;
#1315 = CARTESIAN_POINT ( 'NONE',  ( -20.47247145241167487, 91.97314173452485875, 190.5799843770021766 ) ) ;
#1316 = CARTESIAN_POINT ( 'NONE',  ( -41.91337454379070238, 66.43272786814191022, 174.8406783408670151 ) ) ;
#1317 = CARTESIAN_POINT ( 'NONE',  ( 53.46141027002447998, 30.45402774185642158, 125.3150939048543222 ) ) ;
#1318 = CARTESIAN_POINT ( 'NONE',  ( -9.382335707862173635, 85.91277631352167532, 141.7518067547869975 ) ) ;
#1319 = CARTESIAN_POINT ( 'NONE',  ( 50.55688091963194353, -32.68780969347139376, 174.9602033835230657 ) ) ;
#1320 = CARTESIAN_POINT ( 'NONE',  ( 2.042122514251603072, 94.12200976586557033, 161.1929354009959354 ) ) ;
#1321 = CARTESIAN_POINT ( 'NONE',  ( -31.56321498278560256, 89.10030017338245045, 190.2047344947928025 ) ) ;
#1322 = CARTESIAN_POINT ( 'NONE',  ( -30.32507659474158501, -50.43154073004841109, 106.4567508061890067 ) ) ;
#1323 = EDGE_LOOP ( 'NONE', ( #4308, #2616, #5333, #3729 ) ) ;
#1324 = CARTESIAN_POINT ( 'NONE',  ( -48.74532126081776795, 39.27484292878738614, 177.8301596738944852 ) ) ;
#1325 = CARTESIAN_POINT ( 'NONE',  ( -32.29864314811187853, 78.74971217562466563, 159.4804729685623101 ) ) ;
#1326 = CARTESIAN_POINT ( 'NONE',  ( 55.97967300255644574, -6.599009708261006857, 125.3254267621806690 ) ) ;
#1327 = CARTESIAN_POINT ( 'NONE',  ( -37.67534074973654867, 71.83610583426705887, 125.2889534084088439 ) ) ;
#1328 = CARTESIAN_POINT ( 'NONE',  ( -43.04728843478643796, 63.08791283066228317, 119.9999999999999574 ) ) ;
#1329 = CARTESIAN_POINT ( 'NONE',  ( -46.24277206471678170, -3.824779866875784418, 34.39946496130803411 ) ) ;
#1330 = CARTESIAN_POINT ( 'NONE',  ( 27.54375308500489083, 81.68713597821360395, 153.5793167643542461 ) ) ;
#1331 = CARTESIAN_POINT ( 'NONE',  ( 38.40649808237664331, 74.23532200094950895, 184.5784428426919419 ) ) ;
#1332 = CARTESIAN_POINT ( 'NONE',  ( 0.000000000000000000, 96.80942756360546753, 174.9460906908306015 ) ) ;
#1333 = CARTESIAN_POINT ( 'NONE',  ( -12.01969762520701757, -11.25862305181183132, 409.0779284778317333 ) ) ;
#1334 = CARTESIAN_POINT ( 'NONE',  ( -48.66153087212858708, 35.62751069534203907, 120.0000000000000142 ) ) ;
#1335 = CARTESIAN_POINT ( 'NONE',  ( -25.14811141513939674, 73.23888892465775768, 95.91512488190487318 ) ) ;
#1336 = CARTESIAN_POINT ( 'NONE',  ( 9.769725132143777913, -54.06360092687814500, 95.91177177660478037 ) ) ;
#1337 = CARTESIAN_POINT ( 'NONE',  ( -53.20275919456386760, 16.74653759958743748, 201.7382932607719965 ) ) ;
#1338 = CARTESIAN_POINT ( 'NONE',  ( 49.72036482270873137, 32.02454719547321815, 129.6654268195329678 ) ) ;
#1339 = CARTESIAN_POINT ( 'NONE',  ( 0.000000000000000000, 81.13940464604829117, 119.9999999999999858 ) ) ;
#1340 = CARTESIAN_POINT ( 'NONE',  ( -2.212683981822393786, -42.98539916776316261, 309.3070882317718997 ) ) ;
#1341 =( BOUNDED_SURFACE ( )  B_SPLINE_SURFACE ( 3, 2, ( 
 ( #311, #2680, #5046 ),
 ( #7407, #6985, #1664 ),
 ( #2255, #4036, #6410 ),
 ( #4624, #585, #4777 ),
 ( #2994, #3998, #5211 ),
 ( #5798, #7064, #2955 ),
 ( #5327, #7573, #1780 ),
 ( #4150, #2258, #1667 ),
 ( #7177, #3759, #3069 ),
 ( #194, #3651, #4189 ),
 ( #2451, #5516, #2562 ),
 ( #4820, #2488, #4928 ),
 ( #3107, #4337, #6602 ),
 ( #3612, #7289, #1960 ),
 ( #5988, #6130, #3030 ),
 ( #6705, #1378, #1274 ) ),
 .UNSPECIFIED., .F., .F., .T. ) 
 B_SPLINE_SURFACE_WITH_KNOTS ( ( 4, 2, 2, 2, 2, 2, 2, 4 ),
 ( 3, 3 ),
 ( -2.764715539838036307E-17, 0.0004882263986309718436, 0.0009764527972619713343, 0.001464679195892970879, 0.001952905594523970424, 0.002441131993154969752, 0.002929358391785969514, 0.003905811189047968604 ),
 ( 0.000000000000000000, 1.000000000000000000 ),
 .UNSPECIFIED. ) 
 GEOMETRIC_REPRESENTATION_ITEM ( )  RATIONAL_B_SPLINE_SURFACE ( (
 ( 1.000000000000000000, 0.6940940904214454310, 1.000000000000000000),
 ( 1.000000000000000000, 0.6941581542930385096, 1.000000000000000000),
 ( 1.000000000000000000, 0.6943683434371040741, 1.000000000000000000),
 ( 1.000000000000000000, 0.6950507456540208073, 1.000000000000000000),
 ( 1.000000000000000000, 0.6955300200682829059, 1.000000000000000000),
 ( 1.000000000000000000, 0.6966831722221024092, 1.000000000000000000),
 ( 1.000000000000000000, 0.6973516701234611093, 1.000000000000000000),
 ( 1.000000000000000000, 0.6988034210251780065, 1.000000000000000000),
 ( 1.000000000000000000, 0.6995920459855203832, 1.000000000000000000),
 ( 1.000000000000000000, 0.7011438574563092496, 1.000000000000000000),
 ( 1.000000000000000000, 0.7019144585518817259, 1.000000000000000000),
 ( 1.000000000000000000, 0.7033736732003286196, 1.000000000000000000),
 ( 1.000000000000000000, 0.7040499673305530282, 1.000000000000000000),
 ( 1.000000000000000000, 0.7057906106514806321, 1.000000000000000000),
 ( 1.000000000000000000, 0.7065918201473800897, 1.000000000000000000),
 ( 1.000000000000000000, 0.7068466317576687086, 1.000000000000000000) ) ) 
 REPRESENTATION_ITEM ( '' )  SURFACE ( )  );
#1342 = CARTESIAN_POINT ( 'NONE',  ( -37.75886573931033041, 64.28538476228285958, 119.2259017149164606 ) ) ;
#1343 = CARTESIAN_POINT ( 'NONE',  ( 51.05548360758395887, 1.611758280311446745, 61.09649104659100516 ) ) ;
#1344 = CARTESIAN_POINT ( 'NONE',  ( -33.20261269776145241, 26.38560202891395079, 17.28516525697362738 ) ) ;
#1345 = CARTESIAN_POINT ( 'NONE',  ( 33.81677979233585063, 55.10907731192936154, 60.96780961069465832 ) ) ;
#1346 = CARTESIAN_POINT ( 'NONE',  ( 7.393809450629181157, 92.20350532445429792, 172.1878272969319426 ) ) ;
#1347 = CARTESIAN_POINT ( 'NONE',  ( 15.89033799229757093, 83.38418996675548556, 403.2451021366735517 ) ) ;
#1348 = CARTESIAN_POINT ( 'NONE',  ( 0.000000000000000000, 97.68513765604483012, 180.3813305183697366 ) ) ;
#1349 = CARTESIAN_POINT ( 'NONE',  ( 0.1666682190723809409, 96.50724633049222234, 179.5704703226362255 ) ) ;
#1350 = CARTESIAN_POINT ( 'NONE',  ( -43.90849042820538983, 61.66730779254381645, 181.1932295160417539 ) ) ;
#1351 = CARTESIAN_POINT ( 'NONE',  ( 4.986098137038260880, 17.71934921875136482, 409.0779284778315059 ) ) ;
#1352 = CARTESIAN_POINT ( 'NONE',  ( -7.263570872358098285, 95.52010417964092426, 191.5432365308521696 ) ) ;
#1353 = CARTESIAN_POINT ( 'NONE',  ( 44.03386269118508523, -35.87400027546803472, 61.09835989339656948 ) ) ;
#1354 = DIRECTION ( 'NONE',  ( -5.602867245962735462E-30, -0.9812926639922454619, 0.1925219665259060298 ) ) ;
#1355 = B_SPLINE_CURVE_WITH_KNOTS ( 'NONE', 3,
 ( #3964, #6336, #1016, #437, #7412, #2806, #4588, #6376, #4193, #7615, #5841, #6992, #4080, #50 ),
 .UNSPECIFIED., .F., .F.,
 ( 4, 2, 2, 2, 2, 2, 4 ),
 ( 3.252606517456512917E-18, 0.0005907764394294364113, 0.001181552878858869570, 0.001476941098573613526, 0.001772329318288357481, 0.002067717538003101003, 0.002363105757717844958 ),
 .UNSPECIFIED. ) ;
#1356 = CARTESIAN_POINT ( 'NONE',  ( 0.000000000000000000, 99.54972265623483452, 191.5696355819259509 ) ) ;
#1357 = CARTESIAN_POINT ( 'NONE',  ( -30.87395897151770896, -50.79625094942323216, 125.3274952233953172 ) ) ;
#1358 = VERTEX_POINT ( 'NONE', #4245 ) ;
#1359 = CARTESIAN_POINT ( 'NONE',  ( -48.84999906957251170, 39.98190456459926168, 159.0562050037327992 ) ) ;
#1360 = CARTESIAN_POINT ( 'NONE',  ( -32.23705730379106882, 80.81311686232864133, 171.9279152427847634 ) ) ;
#1361 = CARTESIAN_POINT ( 'NONE',  ( 11.76623058891217077, -6.615223873134758570, 405.9664766139601397 ) ) ;
#1362 = CARTESIAN_POINT ( 'NONE',  ( -14.81213203188166538, 81.73421774117304039, 373.6659852995044844 ) ) ;
#1363 = CARTESIAN_POINT ( 'NONE',  ( -53.31336231375551904, 28.93875950519724682, 120.0000000000000426 ) ) ;
#1364 = CARTESIAN_POINT ( 'NONE',  ( -51.18701134373822015, -2.181289994632192641, 235.9996318448313275 ) ) ;
#1365 = CARTESIAN_POINT ( 'NONE',  ( 38.70438517238447673, 74.06198957658666870, 187.8341811082089237 ) ) ;
#1366 = CARTESIAN_POINT ( 'NONE',  ( -5.316818507498569879, 103.7954597091291475, 221.6253752850881256 ) ) ;
#1367 = CARTESIAN_POINT ( 'NONE',  ( -33.52439508640450327, -20.05473325682716990, 338.3955941221474859 ) ) ;
#1368 = AXIS2_PLACEMENT_3D ( 'NONE', #7002, #3973, #3354 ) ;
#1369 = CARTESIAN_POINT ( 'NONE',  ( -8.658164252280903028, 80.68420143290384772, 120.0000000000000426 ) ) ;
#1370 = CARTESIAN_POINT ( 'NONE',  ( -21.82851796965566393, 101.8971717089509212, 309.2902640188073633 ) ) ;
#1371 = CARTESIAN_POINT ( 'NONE',  ( 9.499947460175068414, -51.42438544142874690, 221.5346040388286326 ) ) ;
#1372 = CARTESIAN_POINT ( 'NONE',  ( -4.969399662952201702, 12.56197045733627071, 409.0779284778313922 ) ) ;
#1373 = CARTESIAN_POINT ( 'NONE',  ( 34.35851708991355480, 80.61095524081630970, 187.9365463311170288 ) ) ;
#1374 = CARTESIAN_POINT ( 'NONE',  ( 48.88531971231165585, 39.50260361967217193, 153.0598015921965782 ) ) ;
#1375 = CARTESIAN_POINT ( 'NONE',  ( -5.444480652423141720, 94.70166484779477400, 185.5198918221648228 ) ) ;
#1376 = CARTESIAN_POINT ( 'NONE',  ( -5.253996178233595771, -43.09248100213665111, 17.33912023636378663 ) ) ;
#1377 = CARTESIAN_POINT ( 'NONE',  ( 22.23942341908861309, -4.517477641715570869, 380.0832776198726606 ) ) ;
#1378 = CARTESIAN_POINT ( 'NONE',  ( -0.5057462462599040531, 94.23955032089108386, 161.6722230930132014 ) ) ;
#1379 = VECTOR ( 'NONE', #1254, 1000.000000000000114 ) ;
#1380 = CARTESIAN_POINT ( 'NONE',  ( -16.75142871126407229, 56.52716496110573985, 376.0054437532482439 ) ) ;
#1381 = CARTESIAN_POINT ( 'NONE',  ( 5.200930069614648765, 71.46035792127189268, 409.0779284778313354 ) ) ;
#1382 = CARTESIAN_POINT ( 'NONE',  ( 11.20849560715683424, 94.41195539737151421, 188.2270379125355646 ) ) ;
#1383 = CARTESIAN_POINT ( 'NONE',  ( 25.11450795170625483, 100.4900482982513950, 283.5622040760890172 ) ) ;
#1384 = CARTESIAN_POINT ( 'NONE',  ( 43.23593174338709844, 63.52226615714194935, 181.2126498204322615 ) ) ;
#1385 = CARTESIAN_POINT ( 'NONE',  ( 53.62428691851612683, 27.30902523408738602, 175.8181790388942716 ) ) ;
#1386 = CARTESIAN_POINT ( 'NONE',  ( -14.42216245296511978, 94.13866013538321909, 190.8628438760554786 ) ) ;
#1387 = CARTESIAN_POINT ( 'NONE',  ( -42.61511160819118516, 65.02059400003730616, 178.0070094678154931 ) ) ;
#1388 = CARTESIAN_POINT ( 'NONE',  ( 50.23826425333585632, 30.58972356725297104, 236.0837281518339239 ) ) ;
#1389 = CARTESIAN_POINT ( 'NONE',  ( -12.27841654227386847, 85.45860510601974624, 141.7442474476121959 ) ) ;
#1390 = CARTESIAN_POINT ( 'NONE',  ( 28.46879259145727303, -21.06847728872406478, 358.5182348061317157 ) ) ;
#1391 = CARTESIAN_POINT ( 'NONE',  ( -1.960191666505189945, 90.89641995389116857, 163.4542541914794924 ) ) ;
#1392 = ADVANCED_FACE ( 'NONE', ( #4942 ), #1286, .T. ) ;
#1393 = CARTESIAN_POINT ( 'NONE',  ( 29.31018508552083190, 58.72787640479717908, 60.95440797836437241 ) ) ;
#1394 = CARTESIAN_POINT ( 'NONE',  ( -53.52457073401328813, 27.92568558003256030, 177.7044489615020382 ) ) ;
#1395 = CARTESIAN_POINT ( 'NONE',  ( -15.16366285203000608, -41.34844231122769287, 309.2886508090259667 ) ) ;
#1396 = ORIENTED_EDGE ( 'NONE', *, *, #685, .F. ) ;
#1397 = CARTESIAN_POINT ( 'NONE',  ( -50.29846513169724886, 28.88434943987521208, 141.0372879209976702 ) ) ;
#1398 = CARTESIAN_POINT ( 'NONE',  ( -30.25814915106539260, 83.76301113313205349, 178.3035948799450239 ) ) ;
#1399 = CARTESIAN_POINT ( 'NONE',  ( 53.54931451210967452, -6.606706142338157228, 82.46846619459346073 ) ) ;
#1400 = CARTESIAN_POINT ( 'NONE',  ( -40.55889195497087485, 78.54731742978322018, 192.3780077443595928 ) ) ;
#1401 = CARTESIAN_POINT ( 'NONE',  ( 0.000000000000000000, 93.25895547134788899, 161.8646081537872305 ) ) ;
#1402 = CARTESIAN_POINT ( 'NONE',  ( -28.67371839224571772, -4.262896464442969879, 359.8020138128409826 ) ) ;
#1403 = CARTESIAN_POINT ( 'NONE',  ( 38.26317771426087688, 63.58085221537479725, 119.2111398718175366 ) ) ;
#1404 = CARTESIAN_POINT ( 'NONE',  ( -14.60064225581740160, 108.8426889953673822, 390.2651342448174887 ) ) ;
#1405 = CARTESIAN_POINT ( 'NONE',  ( -37.26951528980203676, -17.76020160227152900, 322.1570194046114466 ) ) ;
#1406 = FACE_OUTER_BOUND ( 'NONE', #2690, .T. ) ;
#1407 = CARTESIAN_POINT ( 'NONE',  ( -24.60091180449933290, 101.0081931228562837, 267.4232570747146269 ) ) ;
#1408 = CARTESIAN_POINT ( 'NONE',  ( 10.14440413346183156, -54.93120785218061997, 125.3283206899074571 ) ) ;
#1409 = CARTESIAN_POINT ( 'NONE',  ( -47.44922415866400200, 12.98201577443083643, 266.1680958781744835 ) ) ;
#1410 = CARTESIAN_POINT ( 'NONE',  ( 34.62286299051134364, 78.08895683609151206, 171.8744526394714285 ) ) ;
#1411 = CARTESIAN_POINT ( 'NONE',  ( 19.20235600498366679, 96.51702504825149731, 191.1735053359411154 ) ) ;
#1412 = EDGE_CURVE ( 'NONE', #711, #2352, #2426, .T. ) ;
#1413 = CARTESIAN_POINT ( 'NONE',  ( 0.6964431490153547566, 93.25712401929656892, 161.8748672267622624 ) ) ;
#1414 = CARTESIAN_POINT ( 'NONE',  ( -5.965149425158230656, -47.76747919259910446, 34.31996013769409615 ) ) ;
#1415 = CARTESIAN_POINT ( 'NONE',  ( 7.735186092424449100, -4.970681968421662766, 409.0779284778315628 ) ) ;
#1416 = CARTESIAN_POINT ( 'NONE',  ( 1.698596553999752956, 93.33448484349621310, 162.4379659669895091 ) ) ;
#1417 = CARTESIAN_POINT ( 'NONE',  ( -35.04203759068250434, 64.75518535137709364, 309.2410806140330806 ) ) ;
#1418 = CARTESIAN_POINT ( 'NONE',  ( 43.55744019765623420, 74.43881131015170638, 221.5844429870857368 ) ) ;
#1419 = CARTESIAN_POINT ( 'NONE',  ( 22.27590989190955995, 99.54393664954999110, 320.9940866556803485 ) ) ;
#1420 = CARTESIAN_POINT ( 'NONE',  ( 45.70185828200270350, 55.49863704889614269, 177.9170688027189726 ) ) ;
#1421 = EDGE_CURVE ( 'NONE', #16, #6301, #326, .T. ) ;
#1422 = CARTESIAN_POINT ( 'NONE',  ( 0.000000000000000000, 96.80942756360546753, 174.9460906908306015 ) ) ;
#1423 = CARTESIAN_POINT ( 'NONE',  ( 0.3333348962793075132, 96.50675054874487557, 179.5705675911479773 ) ) ;
#1424 = CARTESIAN_POINT ( 'NONE',  ( -40.42344516376038399, 60.18521972854629354, 119.1554500004414052 ) ) ;
#1425 = CARTESIAN_POINT ( 'NONE',  ( 39.74912311636883544, 8.424256641871085804, 309.1890303868458432 ) ) ;
#1426 = CARTESIAN_POINT ( 'NONE',  ( -49.29059765761390821, 33.37708875093340311, 182.7234104953848828 ) ) ;
#1427 = CARTESIAN_POINT ( 'NONE',  ( 41.95716967376208117, -39.89380212489567867, 211.2069894094506708 ) ) ;
#1428 = VECTOR ( 'NONE', #6978, 1000.000000000000227 ) ;
#1429 = CARTESIAN_POINT ( 'NONE',  ( -7.831348893262675581, 82.68478720493874334, 127.6525144767836082 ) ) ;
#1430 = CARTESIAN_POINT ( 'NONE',  ( 29.74478387860260398, 66.38652392182243034, 82.48134220015884921 ) ) ;
#1431 = CARTESIAN_POINT ( 'NONE',  ( 1.999999999999955813, 93.49317265539254151, 163.3472525273979841 ) ) ;
#1432 = CARTESIAN_POINT ( 'NONE',  ( -18.50202022154245896, -49.05156655386844733, 236.3057147706324770 ) ) ;
#1433 = VERTEX_POINT ( 'NONE', #1251 ) ;
#1434 = CARTESIAN_POINT ( 'NONE',  ( -46.80475231304782113, 43.92246963294839190, 118.9746410849379430 ) ) ;
#1435 = CARTESIAN_POINT ( 'NONE',  ( 47.20411676423996283, 42.01807691171720194, 82.47493774147056911 ) ) ;
#1436 = CARTESIAN_POINT ( 'NONE',  ( -32.04329149591203674, 82.88325607763945868, 184.7206266221881776 ) ) ;
#1437 = CARTESIAN_POINT ( 'NONE',  ( 40.58286102974820864, -6.651496917966440492, 309.1853475621281291 ) ) ;
#1438 = CARTESIAN_POINT ( 'NONE',  ( -29.29572658636281801, 45.11904026734269024, 34.06106380803893074 ) ) ;
#1439 = CARTESIAN_POINT ( 'NONE',  ( 0.000000000000000000, 88.51668075141689940, 151.1688143041919261 ) ) ;
#1440 = CARTESIAN_POINT ( 'NONE',  ( -23.10790807300193350, -6.050989737802308532, 380.0924787308388204 ) ) ;
#1441 = CARTESIAN_POINT ( 'NONE',  ( 38.65262937444693847, 73.81167246420214667, 184.5719960124661156 ) ) ;
#1442 = CARTESIAN_POINT ( 'NONE',  ( -13.79761745775982362, 103.9846072189197486, 236.5170360360187374 ) ) ;
#1443 = CARTESIAN_POINT ( 'NONE',  ( -28.39427083609857405, -28.78341202211975158, 337.5564335199119341 ) ) ;
#1444 = CARTESIAN_POINT ( 'NONE',  ( -0.1685813630218967185, 94.04758353641027213, 160.6900679399676051 ) ) ;
#1445 = CARTESIAN_POINT ( 'NONE',  ( -17.94346009757379079, 86.62081098828844006, 403.1685365647983872 ) ) ;
#1446 = EDGE_CURVE ( 'NONE', #2568, #246, #4870, .T. ) ;
#1447 = CARTESIAN_POINT ( 'NONE',  ( 7.351056648157799245, -52.86114351108469833, 201.7519393147382800 ) ) ;
#1448 = CARTESIAN_POINT ( 'NONE',  ( -49.66283951151136478, 6.350799116603711880, 250.8658868717100177 ) ) ;
#1449 = CARTESIAN_POINT ( 'NONE',  ( 33.26591612294473066, 69.52441907912570684, 119.3354727254621110 ) ) ;
#1450 = CARTESIAN_POINT ( 'NONE',  ( 50.24922887716348896, 23.63589460874150916, 118.8783097189032816 ) ) ;
#1451 = CARTESIAN_POINT ( 'NONE',  ( -38.11479169818781543, -6.660225949632801346, 322.2740212379210334 ) ) ;
#1452 = CARTESIAN_POINT ( 'NONE',  ( 42.70219934320842725, 65.37054193311512051, 187.1051591109779508 ) ) ;
#1453 = CARTESIAN_POINT ( 'NONE',  ( -2.928582613051547767, -55.27970433259148564, 125.3284381658162090 ) ) ;
#1454 = CARTESIAN_POINT ( 'NONE',  ( 37.90258768761384545, -3.909017281622594098, 322.2722129927846595 ) ) ;
#1455 = DIRECTION ( 'NONE',  ( 1.000000000000000000, 6.789543220327658989E-16, 3.460659099941845052E-15 ) ) ;
#1456 = B_SPLINE_CURVE_WITH_KNOTS ( 'NONE', 3,
 ( #1339, #7211, #6091, #1957 ),
 .UNSPECIFIED., .F., .F.,
 ( 4, 4 ),
 ( 0.4092362996357032934, 0.4295975630672796974 ),
 .UNSPECIFIED. ) ;
#1457 = CARTESIAN_POINT ( 'NONE',  ( -48.72147261076205638, 58.38475533444464105, 192.3676332164626217 ) ) ;
#1458 = CARTESIAN_POINT ( 'NONE',  ( 44.37674555058315207, 71.88154214309506074, 201.7358633554244705 ) ) ;
#1459 = EDGE_CURVE ( 'NONE', #7665, #780, #2053, .T. ) ;
#1460 = CARTESIAN_POINT ( 'NONE',  ( 46.58853178239652237, 51.40634401120188102, 187.5985887993208792 ) ) ;
#1461 = CARTESIAN_POINT ( 'NONE',  ( 53.58553833796892008, 27.52286721756012966, 176.6375511974397057 ) ) ;
#1462 = CARTESIAN_POINT ( 'NONE',  ( 1.164817243361111032, 93.94237553393628559, 179.9189959314291798 ) ) ;
#1463 = B_SPLINE_CURVE_WITH_KNOTS ( 'NONE', 3,
 ( #4493, #3873, #5000, #5669 ),
 .UNSPECIFIED., .F., .F.,
 ( 4, 4 ),
 ( 4.380176776841437913E-17, 0.002446671191746466016 ),
 .UNSPECIFIED. ) ;
#1464 = CARTESIAN_POINT ( 'NONE',  ( -39.43239513813865216, 73.02039907288035181, 191.1157701588208795 ) ) ;
#1465 = CARTESIAN_POINT ( 'NONE',  ( 40.02886599213815799, 3.100034814751546186, 17.37761320568493772 ) ) ;
#1466 = ORIENTED_EDGE ( 'NONE', *, *, #5609, .F. ) ;
#1467 = CARTESIAN_POINT ( 'NONE',  ( -6.343857758396150182, 93.43662744796152708, 178.5284201559961161 ) ) ;
#1468 = CARTESIAN_POINT ( 'NONE',  ( 16.01946641174568597, -22.01760210342347079, 394.6001778272645311 ) ) ;
#1469 = CARTESIAN_POINT ( 'NONE',  ( 51.52297368392353150, 39.86010311113041382, 119.9999999999999574 ) ) ;
#1470 = CARTESIAN_POINT ( 'NONE',  ( 25.43048446762419701, 98.94266441963382874, 297.7578392886659913 ) ) ;
#1471 = EDGE_CURVE ( 'NONE', #2849, #479, #3840, .T. ) ;
#1472 = CARTESIAN_POINT ( 'NONE',  ( 46.84690375254124461, 44.06712964343319783, 120.0000000000000426 ) ) ;
#1473 = CARTESIAN_POINT ( 'NONE',  ( -9.500633375252663271, -42.40294334421789557, 309.2995656440034509 ) ) ;
#1474 = EDGE_LOOP ( 'NONE', ( #3544, #4627, #7262, #3927, #3233, #4423 ) ) ;
#1475 = CARTESIAN_POINT ( 'NONE',  ( -47.17153566391879593, 48.80568628355729999, 181.0981424061713767 ) ) ;
#1476 = CARTESIAN_POINT ( 'NONE',  ( 22.60891924985031309, 59.71032824636433389, 356.6258084329347184 ) ) ;
#1477 = CARTESIAN_POINT ( 'NONE',  ( -27.17473316145941808, 88.14422918377884741, 191.3680887251306899 ) ) ;
#1478 = CARTESIAN_POINT ( 'NONE',  ( 40.09261264076619824, -14.60005429256910858, 309.1902383625011339 ) ) ;
#1479 = CARTESIAN_POINT ( 'NONE',  ( -24.27491289546385289, 30.46908613001266275, 9.999999999999994671 ) ) ;
#1480 = VECTOR ( 'NONE', #4570, 1000.000000000000114 ) ;
#1481 = CARTESIAN_POINT ( 'NONE',  ( 5.444550662983410838, 94.81671802589580977, 186.2106640665421367 ) ) ;
#1482 = CARTESIAN_POINT ( 'NONE',  ( -42.82872051788243795, -5.776769520821631865, 296.6510037834297577 ) ) ;
#1483 = CARTESIAN_POINT ( 'NONE',  ( 39.38773567353455007, 68.49531443614409909, 153.3182638990040232 ) ) ;
#1484 = CARTESIAN_POINT ( 'NONE',  ( -11.42620105732674496, 110.8695868683948902, 335.0877328002619606 ) ) ;
#1485 = CARTESIAN_POINT ( 'NONE',  ( -38.15203119596569792, -26.73131409732442165, 296.9272686957727387 ) ) ;
#1486 = LINE ( 'NONE', #2701, #6603 ) ;
#1487 = CARTESIAN_POINT ( 'NONE',  ( -35.99409223947761660, 69.14364939121786335, 130.0282563822990483 ) ) ;
#1488 = CARTESIAN_POINT ( 'NONE',  ( -29.61924328543851104, 96.63707800337500942, 251.6829708598519630 ) ) ;
#1489 = CARTESIAN_POINT ( 'NONE',  ( 7.576879780771302642, -54.21583473164314881, 175.0420682590837771 ) ) ;
#1490 = CARTESIAN_POINT ( 'NONE',  ( -7.353900861210766138, 3.187494322710440642, 405.8900223721930729 ) ) ;
#1491 = CARTESIAN_POINT ( 'NONE',  ( 34.40707021802407439, 76.43345846423618184, 159.4309447022004349 ) ) ;
#1492 = CARTESIAN_POINT ( 'NONE',  ( 7.946428739083892800, 94.45973366132490412, 185.5673568338704911 ) ) ;
#1493 = CARTESIAN_POINT ( 'NONE',  ( -54.40656213163362764, -6.247799841832907042, 192.3475906243832014 ) ) ;
#1494 = CARTESIAN_POINT ( 'NONE',  ( 1.999999999999986677, 93.45596644014543131, 163.1534362222407992 ) ) ;
#1495 = CARTESIAN_POINT ( 'NONE',  ( -0.2666871004288343672, -27.31785047043236858, 409.0779284778315628 ) ) ;
#1496 = CARTESIAN_POINT ( 'NONE',  ( 28.19450435930625432, -2.853644847615362412, 359.7910048302314294 ) ) ;
#1497 = CARTESIAN_POINT ( 'NONE',  ( 0.5990667908643968476, 93.25662131244473585, 161.8650660975573885 ) ) ;
#1498 = CARTESIAN_POINT ( 'NONE',  ( -47.20411676423996283, 42.01807691171720194, 82.47493774147056911 ) ) ;
#1499 = CARTESIAN_POINT ( 'NONE',  ( 38.28031500894724815, 58.72841237810130366, 82.47914786764185635 ) ) ;
#1500 = CARTESIAN_POINT ( 'NONE',  ( 46.42332190851956852, 52.30588896211744299, 165.2661986694327823 ) ) ;
#1501 = CARTESIAN_POINT ( 'NONE',  ( 0.000000000000000000, 108.9964298403724428, 267.6395684617824600 ) ) ;
#1502 = DIRECTION ( 'NONE',  ( 0.000000000000000000, 0.1925219665259089996, 0.9812926639922449068 ) ) ;
#1503 = AXIS2_PLACEMENT_3D ( 'NONE', #5736, #2191, #294 ) ;
#1504 = CARTESIAN_POINT ( 'NONE',  ( -41.18087978371037394, 65.28048147469058904, 153.2706829695939632 ) ) ;
#1505 = CARTESIAN_POINT ( 'NONE',  ( 44.88534153908362612, 13.04764028497155159, 282.2439140212438815 ) ) ;
#1506 = CARTESIAN_POINT ( 'NONE',  ( -4.264883835408277868, 95.27557144611682816, 188.2486767359204123 ) ) ;
#1507 = CARTESIAN_POINT ( 'NONE',  ( 31.69427151984416469, -37.67075881567572537, 282.8772093989214795 ) ) ;
#1508 = FACE_OUTER_BOUND ( 'NONE', #4562, .T. ) ;
#1509 = CARTESIAN_POINT ( 'NONE',  ( 30.03862308970131423, 96.31016027820800218, 267.3170911456854810 ) ) ;
#1510 = CARTESIAN_POINT ( 'NONE',  ( 39.27082347916529415, 62.28730166903437038, 120.0000000000000426 ) ) ;
#1511 = CARTESIAN_POINT ( 'NONE',  ( -13.43485868081507917, -39.43262393932921839, 10.00000000000001066 ) ) ;
#1512 = VERTEX_POINT ( 'NONE', #7414 ) ;
#1513 = CARTESIAN_POINT ( 'NONE',  ( -47.65221005118762321, 43.30559773612589680, 129.7213044881855524 ) ) ;
#1514 = CARTESIAN_POINT ( 'NONE',  ( 41.19132808344209451, 60.64087943332545194, 282.8478235383603874 ) ) ;
#1515 = CARTESIAN_POINT ( 'NONE',  ( -22.88857706229325828, 88.92951023708850755, 178.4182074583457904 ) ) ;
#1516 = CARTESIAN_POINT ( 'NONE',  ( 11.45741348935695747, -9.728842535240199041, 409.0779284778313354 ) ) ;
#1517 = CARTESIAN_POINT ( 'NONE',  ( -6.595825139711466001, 71.09180666823270656, 403.7088957522989858 ) ) ;
#1518 = DIRECTION ( 'NONE',  ( 3.460659099941845052E-15, 0.000000000000000000, 1.000000000000000000 ) ) ;
#1519 = CARTESIAN_POINT ( 'NONE',  ( -38.01842374727112173, -5.256462810864277024, 322.2734596753230676 ) ) ;
#1520 = CARTESIAN_POINT ( 'NONE',  ( 39.15850464867184400, 70.66466095958564608, 165.4692966622082793 ) ) ;
#1521 = CARTESIAN_POINT ( 'NONE',  ( -10.39490551287486042, 80.62370166623460932, 106.4316516363538767 ) ) ;
#1522 = CARTESIAN_POINT ( 'NONE',  ( -35.96621285384652111, -30.22190988211137963, 297.0291902252352543 ) ) ;
#1523 = ORIENTED_EDGE ( 'NONE', *, *, #7174, .T. ) ;
#1524 = CYLINDRICAL_SURFACE ( 'NONE', #7340, 1.999999999999999778 ) ;
#1525 = CARTESIAN_POINT ( 'NONE',  ( -35.81067947146193120, 74.70628545230481166, 159.3988695610450463 ) ) ;
#1526 = CARTESIAN_POINT ( 'NONE',  ( -32.36776816792806244, 90.96628796341802570, 211.2198893340192853 ) ) ;
#1527 = EDGE_CURVE ( 'NONE', #7081, #2535, #4939, .T. ) ;
#1528 = CARTESIAN_POINT ( 'NONE',  ( 1.875480822910749801, -40.42613779987303246, 9.999999999999998224 ) ) ;
#1529 = CARTESIAN_POINT ( 'NONE',  ( -55.56021605709055677, 5.044286692470330458, 149.0508717303244453 ) ) ;
#1530 = CARTESIAN_POINT ( 'NONE',  ( 11.33352032729375480, 85.63185498734712553, 141.7455364090101000 ) ) ;
#1531 = CARTESIAN_POINT ( 'NONE',  ( 34.54691608921069701, 79.09172260455673609, 178.2148761316357195 ) ) ;
#1532 = CARTESIAN_POINT ( 'NONE',  ( 26.17731032016575554, 93.15604610645831940, 190.7344950650389990 ) ) ;
#1533 = CARTESIAN_POINT ( 'NONE',  ( -34.64478487570555387, -6.672621706111435458, 338.9094986770033984 ) ) ;
#1534 = CARTESIAN_POINT ( 'NONE',  ( 38.08517118109013211, 75.23960307377915058, 188.3942535325576841 ) ) ;
#1535 = CARTESIAN_POINT ( 'NONE',  ( -0.2659805302817203621, -40.43996528639332411, 9.999999999999998224 ) ) ;
#1536 = CARTESIAN_POINT ( 'NONE',  ( 40.56816203972449131, -4.830616344471450496, 309.1854164388136610 ) ) ;
#1537 = CARTESIAN_POINT ( 'NONE',  ( 1.952254864100554821, 96.27975518708446145, 178.4818361755227443 ) ) ;
#1538 = CARTESIAN_POINT ( 'NONE',  ( -5.000000000000000000, 40.25609219126560134, 409.0779284778315059 ) ) ;
#1539 = CARTESIAN_POINT ( 'NONE',  ( 29.99340044827038554, 86.44450768770299476, 309.2678560731158086 ) ) ;
#1540 = CARTESIAN_POINT ( 'NONE',  ( 46.93001953760011702, 50.23398435330528145, 174.6963393409734522 ) ) ;
#1541 = CARTESIAN_POINT ( 'NONE',  ( -3.038286164758353891, 97.25610644291266738, 178.2506901104470387 ) ) ;
#1542 = CARTESIAN_POINT ( 'NONE',  ( -1.770171655343097727, 94.09349168901916016, 161.0162572720505807 ) ) ;
#1543 = CARTESIAN_POINT ( 'NONE',  ( -40.48607742710448321, 70.35632431886732263, 184.5186765298411160 ) ) ;
#1544 = CARTESIAN_POINT ( 'NONE',  ( 36.77364450599122847, 2.094237915903564673, 10.00000000000000711 ) ) ;
#1545 = EDGE_LOOP ( 'NONE', ( #554, #3159, #5288, #5694, #1131, #4747 ) ) ;
#1546 = CARTESIAN_POINT ( 'NONE',  ( -2.211163108199742489, 92.57044902889525417, 172.1959701124144715 ) ) ;
#1547 = CARTESIAN_POINT ( 'NONE',  ( 18.07629115727031177, -27.03616238288233475, 375.8963292066485451 ) ) ;
#1548 = DIRECTION ( 'NONE',  ( 0.000000000000000000, -0.1925219665259050028, -0.9812926639922455729 ) ) ;
#1549 = CARTESIAN_POINT ( 'NONE',  ( 23.19260319229401190, 97.67586146124946822, 321.0291108488048621 ) ) ;
#1550 = CARTESIAN_POINT ( 'NONE',  ( 1.999999999824251251, 95.46407769807977672, 168.0667042758681475 ) ) ;
#1551 = CARTESIAN_POINT ( 'NONE',  ( -17.14027050436316912, -46.27119879558598114, 267.1970333143100333 ) ) ;
#1552 = ORIENTED_EDGE ( 'NONE', *, *, #5805, .F. ) ;
#1553 = CARTESIAN_POINT ( 'NONE',  ( -46.86434095931908672, 49.66345192079472781, 190.8931023666290230 ) ) ;
#1554 = CARTESIAN_POINT ( 'NONE',  ( 38.37428581564700636, 60.47234543810309049, 297.2071996349247343 ) ) ;
#1555 = CARTESIAN_POINT ( 'NONE',  ( -27.08654138016734692, 77.17854206606141076, 130.2281035142342489 ) ) ;
#1556 = CARTESIAN_POINT ( 'NONE',  ( 56.00095982825008889, -8.572013787218459413, 125.3254267621806690 ) ) ;
#1557 = CARTESIAN_POINT ( 'NONE',  ( -9.860494761149283249, 73.71719355965237241, 392.3824998973840366 ) ) ;
#1558 = B_SPLINE_CURVE_WITH_KNOTS ( 'NONE', 3,
 ( #4628, #5328, #2919, #1162, #5170, #4585 ),
 .UNSPECIFIED., .F., .F.,
 ( 4, 2, 4 ),
 ( 0.0004276963510482525120, 0.02657777484132586854, 0.05272785333160348586 ),
 .UNSPECIFIED. ) ;
#1559 = CARTESIAN_POINT ( 'NONE',  ( 1.999999999999997113, 90.97061950296259170, 163.8421577798189048 ) ) ;
#1560 = CARTESIAN_POINT ( 'NONE',  ( -42.86730672379518126, -4.794744038746967973, 296.6515585544222517 ) ) ;
#1561 = CARTESIAN_POINT ( 'NONE',  ( 41.92134682068597584, 66.41450968224896201, 174.8398658895562221 ) ) ;
#1562 = CARTESIAN_POINT ( 'NONE',  ( -17.45199481949984843, 106.2700724878012437, 309.2973054539528448 ) ) ;
#1563 = CARTESIAN_POINT ( 'NONE',  ( -48.84540299131885632, -32.46164915079560842, 82.47353564057377184 ) ) ;
#1564 = CARTESIAN_POINT ( 'NONE',  ( 0.000000000000000000, 95.22370317006141249, 187.3628767164460101 ) ) ;
#1565 = CARTESIAN_POINT ( 'NONE',  ( -34.76384352800837974, 79.24591267983585396, 181.4369172739639566 ) ) ;
#1566 = CARTESIAN_POINT ( 'NONE',  ( -29.78609513167720380, 83.98009716290319204, 149.0237900884220039 ) ) ;
#1567 = CARTESIAN_POINT ( 'NONE',  ( 1.053052637887983645, -47.77231239940648777, 267.3975316513553366 ) ) ;
#1568 = CARTESIAN_POINT ( 'NONE',  ( -54.16650250918628728, 5.780759032656556329, 95.91839404790768242 ) ) ;
#1569 = CARTESIAN_POINT ( 'NONE',  ( 17.70366326339256702, 92.18659102459868393, 184.9210174251293211 ) ) ;
#1570 = CARTESIAN_POINT ( 'NONE',  ( 36.85472744436989245, 72.28497422272917561, 153.3780677961622700 ) ) ;
#1571 = CARTESIAN_POINT ( 'NONE',  ( 50.57297020475815685, 24.29925293197221947, 129.6445194646525465 ) ) ;
#1572 = CARTESIAN_POINT ( 'NONE',  ( -54.40528427903138464, -6.605821850106935678, 192.3475893745212488 ) ) ;
#1573 = CARTESIAN_POINT ( 'NONE',  ( -6.615499055743740087, 94.72692958404188346, 186.2282798584779471 ) ) ;
#1574 = CARTESIAN_POINT ( 'NONE',  ( -1.222653847393870841, -54.83655215758767554, 106.4482205351770148 ) ) ;
#1575 = CARTESIAN_POINT ( 'NONE',  ( 51.22892169277248087, -5.540383518386055250, 61.09955690949418994 ) ) ;
#1576 = CARTESIAN_POINT ( 'NONE',  ( 0.3333355417292216960, 90.70724113289168145, 162.3652346034473624 ) ) ;
#1577 = CARTESIAN_POINT ( 'NONE',  ( 33.51782665161511687, 78.45365930922035602, 165.5996884459505907 ) ) ;
#1578 = CARTESIAN_POINT ( 'NONE',  ( -44.66859255884487823, 37.90241698108665247, 61.02442624703759577 ) ) ;
#1579 = CARTESIAN_POINT ( 'NONE',  ( 26.67976758179353070, 34.80898646091281279, 17.23558942435739993 ) ) ;
#1580 = CARTESIAN_POINT ( 'NONE',  ( 46.77319175225076719, 50.81532656398390912, 181.1093560884169449 ) ) ;
#1581 = CARTESIAN_POINT ( 'NONE',  ( 5.503578211093233641, 100.9962840698680395, 201.7340215956247107 ) ) ;
#1582 = CARTESIAN_POINT ( 'NONE',  ( 1.698666975303628091, 93.85970204505426295, 179.5016393704947859 ) ) ;
#1583 = CARTESIAN_POINT ( 'NONE',  ( -38.88920893608189999, 69.29428481924360028, 153.3324927690573816 ) ) ;
#1584 = CARTESIAN_POINT ( 'NONE',  ( 53.66992419596931541, 13.24048594562303371, 95.91822421020050626 ) ) ;
#1585 = VERTEX_POINT ( 'NONE', #6221 ) ;
#1586 = CARTESIAN_POINT ( 'NONE',  ( -4.293765599833687219, 94.17777577816677592, 181.7586404545567120 ) ) ;
#1587 = CARTESIAN_POINT ( 'NONE',  ( 11.84108653143643863, -18.92433324033565967, 409.0779284778324154 ) ) ;
#1588 = CARTESIAN_POINT ( 'NONE',  ( -8.893261641567887565, 82.87306944033977629, 128.9110514164181609 ) ) ;
#1589 = CARTESIAN_POINT ( 'NONE',  ( 18.57151974048692367, 104.3724981310350017, 335.3507582034912957 ) ) ;
#1590 = CARTESIAN_POINT ( 'NONE',  ( 0.000000000000000000, 81.13940464604829117, 119.9999999999999858 ) ) ;
#1591 = VERTEX_POINT ( 'NONE', #7453 ) ;
#1592 = CARTESIAN_POINT ( 'NONE',  ( -46.67240781529014981, 50.70303013260868141, 190.8988266035682102 ) ) ;
#1593 = CARTESIAN_POINT ( 'NONE',  ( 28.62573752494540358, 57.64919335446470683, 337.2890046032543410 ) ) ;
#1594 =( BOUNDED_SURFACE ( )  B_SPLINE_SURFACE ( 3, 2, ( 
 ( #1431, #2136, #6185 ),
 ( #4505, #1550, #5133 ),
 ( #4549, #825, #5294 ),
 ( #6458, #7107, #2221 ) ),
 .UNSPECIFIED., .F., .F., .T. ) 
 B_SPLINE_SURFACE_WITH_KNOTS ( ( 4, 4 ),
 ( 3, 3 ),
 ( -7.632783294297951215E-17, 0.01500095446741577486 ),
 ( 0.000000000000000000, 1.000000000000000000 ),
 .UNSPECIFIED. ) 
 GEOMETRIC_REPRESENTATION_ITEM ( )  RATIONAL_B_SPLINE_SURFACE ( (
 ( 1.000000000000000000, 0.6940940904214285556, 1.000000000000000000),
 ( 1.000000000000000000, 0.6939137464211594386, 1.000000000000000000),
 ( 1.000000000000000000, 0.6937024912691018841, 1.000000000000000000),
 ( 1.000000000000000000, 0.6934547685906333747, 1.000000000000000000) ) ) 
 REPRESENTATION_ITEM ( '' )  SURFACE ( )  );
#1595 = CARTESIAN_POINT ( 'NONE',  ( -25.83589022386947320, 88.70175764775370908, 188.0872126628674437 ) ) ;
#1596 = CARTESIAN_POINT ( 'NONE',  ( 34.88737886981567726, -13.49183996841204802, 338.7761436975787319 ) ) ;
#1597 = CARTESIAN_POINT ( 'NONE',  ( -10.57362586278651939, 59.66586423606855760, 393.5327506256454058 ) ) ;
#1598 = CARTESIAN_POINT ( 'NONE',  ( 0.000000000000000000, 93.97680616000370435, 180.0669229464810712 ) ) ;
#1599 = CARTESIAN_POINT ( 'NONE',  ( -55.28373483263883514, -5.271923369213519450, 174.9349028357782174 ) ) ;
#1600 = CARTESIAN_POINT ( 'NONE',  ( 39.71929946844455372, 71.19751507816769731, 178.0907012376456748 ) ) ;
#1601 = CARTESIAN_POINT ( 'NONE',  ( -15.74407498641786063, 107.6601837212099753, 353.2991265592645505 ) ) ;
#1602 = CARTESIAN_POINT ( 'NONE',  ( -46.75424226978233122, -36.72535689933914682, 192.3790713967543127 ) ) ;
#1603 = VERTEX_POINT ( 'NONE', #3925 ) ;
#1604 = CARTESIAN_POINT ( 'NONE',  ( -53.91677202781211520, 27.10604614702785398, 164.8788120202530934 ) ) ;
#1605 = CARTESIAN_POINT ( 'NONE',  ( -35.55845687801402732, 67.07523572105996834, 119.2799803977773365 ) ) ;
#1606 = CARTESIAN_POINT ( 'NONE',  ( -22.25583775167117651, 49.79309130603478195, 34.00433718268447336 ) ) ;
#1607 = CARTESIAN_POINT ( 'NONE',  ( 2.567412874371581832, -49.27414381656933529, 251.6497886231556720 ) ) ;
#1608 = CARTESIAN_POINT ( 'NONE',  ( -53.02920410160584908, 5.824756774615645227, 211.2173696707995987 ) ) ;
#1609 = CARTESIAN_POINT ( 'NONE',  ( 19.54109414154154223, 83.56694255100637747, 141.7040138521873018 ) ) ;
#1610 = CARTESIAN_POINT ( 'NONE',  ( 35.24826952754937537, 76.38065560236803719, 165.5594168327750992 ) ) ;
#1611 = DIRECTION ( 'NONE',  ( 2.733725450457388398E-14, 0.1729625956052416869, 0.9849283936010261309 ) ) ;
#1612 = CARTESIAN_POINT ( 'NONE',  ( -34.61311762310243978, -6.403511806444468490, 338.9093860159642873 ) ) ;
#1613 = CARTESIAN_POINT ( 'NONE',  ( 0.000000000000000000, -28.42617189643529230, 403.3873918172317872 ) ) ;
#1614 = CARTESIAN_POINT ( 'NONE',  ( 51.02145040802567877, -4.813224141547872037, 235.9984511206521915 ) ) ;
#1615 = CARTESIAN_POINT ( 'NONE',  ( -53.29064902689333394, 29.83434381246434697, 180.4828754336733994 ) ) ;
#1616 = CARTESIAN_POINT ( 'NONE',  ( 33.42578443178282299, 79.98005067215721908, 175.0517039131445927 ) ) ;
#1617 = CARTESIAN_POINT ( 'NONE',  ( -49.09264226191538683, 45.46413718415138305, 236.1508003833065175 ) ) ;
#1618 = CARTESIAN_POINT ( 'NONE',  ( 45.71721001854504607, 68.01444266062443944, 221.5771465916578222 ) ) ;
#1619 = CARTESIAN_POINT ( 'NONE',  ( 47.17687492188512977, 48.77789687615223357, 181.0976399499267302 ) ) ;
#1620 = CARTESIAN_POINT ( 'NONE',  ( 1.684546701495202470, 66.30446689546245409, 60.91610143333624450 ) ) ;
#1621 = CARTESIAN_POINT ( 'NONE',  ( -44.40046393463855168, 60.26922070181030477, 186.4388257436764604 ) ) ;
#1622 = CARTESIAN_POINT ( 'NONE',  ( -38.32770694452624838, 74.71948079862747250, 187.8443555254266641 ) ) ;
#1623 = CARTESIAN_POINT ( 'NONE',  ( 45.11522785549176007, 8.668141480189721193, 282.2149397074610988 ) ) ;
#1624 = DIRECTION ( 'NONE',  ( -3.406996906818449528E-15, 0.1925219665259060853, 0.9812926639922454619 ) ) ;
#1625 = CARTESIAN_POINT ( 'NONE',  ( 29.22220034755079254, -49.38569192654368578, 82.48352416761068184 ) ) ;
#1626 = CARTESIAN_POINT ( 'NONE',  ( 36.69556287623428403, 72.88101314840888278, 125.2881771090629854 ) ) ;
#1627 = FACE_OUTER_BOUND ( 'NONE', #3580, .T. ) ;
#1628 = CARTESIAN_POINT ( 'NONE',  ( 20.93184071208348840, 103.3070606577482806, 267.4848265402182506 ) ) ;
#1629 = PRODUCT_RELATED_PRODUCT_CATEGORY ( 'part', '', ( #2600 ) ) ;
#1630 = CARTESIAN_POINT ( 'NONE',  ( 49.91307197326156597, 27.91252411204888517, 177.7065522894245362 ) ) ;
#1631 = ORIENTED_EDGE ( 'NONE', *, *, #3843, .T. ) ;
#1632 = CARTESIAN_POINT ( 'NONE',  ( -46.63134528113014454, 51.54991725264650171, 177.8908647373096130 ) ) ;
#1633 = CARTESIAN_POINT ( 'NONE',  ( 49.80999863748776590, 39.31063616397153027, 95.91718387004972612 ) ) ;
#1634 = CARTESIAN_POINT ( 'NONE',  ( -24.56807614013158769, 83.64723983450687683, 153.6313696265219448 ) ) ;
#1635 = CARTESIAN_POINT ( 'NONE',  ( 55.34105535633817397, -8.537765581089276523, 174.9348987199571752 ) ) ;
#1636 = CARTESIAN_POINT ( 'NONE',  ( -41.49436004284849133, 72.06210997859881218, 266.9107351816435880 ) ) ;
#1637 = ADVANCED_FACE ( 'NONE', ( #2724 ), #899, .T. ) ;
#1638 = FACE_OUTER_BOUND ( 'NONE', #1474, .T. ) ;
#1639 = CARTESIAN_POINT ( 'NONE',  ( -50.94588393153053829, -5.726755922564066736, 235.9982317504468483 ) ) ;
#1640 = CARTESIAN_POINT ( 'NONE',  ( 39.56471640625965591, 66.34826053320321648, 141.3211957095548712 ) ) ;
#1641 = CARTESIAN_POINT ( 'NONE',  ( 15.04183034435971855, 98.01952586339622542, 192.3899880554668016 ) ) ;
#1642 = CARTESIAN_POINT ( 'NONE',  ( -16.86111406771200549, 64.20439202885953023, 60.92819953871347138 ) ) ;
#1643 = CARTESIAN_POINT ( 'NONE',  ( -35.51058463742986504, -47.66345437325118439, 175.0000903955842091 ) ) ;
#1644 = ORIENTED_EDGE ( 'NONE', *, *, #6282, .F. ) ;
#1645 = CARTESIAN_POINT ( 'NONE',  ( 7.078162144242454268, 82.70749795630824508, 127.4425602630434611 ) ) ;
#1646 = CARTESIAN_POINT ( 'NONE',  ( -36.86568420975827820, 74.19829529716393779, 165.5239081472639384 ) ) ;
#1647 = CARTESIAN_POINT ( 'NONE',  ( -12.77181149458487219, 79.45300623983831656, 409.0779284778311649 ) ) ;
#1648 = CARTESIAN_POINT ( 'NONE',  ( 4.709069789862740940, -53.57492455626363181, 82.49023420230582815 ) ) ;
#1649 = CARTESIAN_POINT ( 'NONE',  ( -7.517000270665689321, 0.1717917704291420100, 405.9253625445247735 ) ) ;
#1650 = CARTESIAN_POINT ( 'NONE',  ( 16.11677481628889197, 88.29438772015006975, 159.7080751654985136 ) ) ;
#1651 = CARTESIAN_POINT ( 'NONE',  ( 37.31735078149385743, 69.68235545182733404, 141.3750465778740875 ) ) ;
#1652 = CARTESIAN_POINT ( 'NONE',  ( 53.97754148297921972, 27.10604614702784687, 137.9508505583837064 ) ) ;
#1653 = CARTESIAN_POINT ( 'NONE',  ( -53.46384264310270140, -11.94097630751083727, 82.46863804021994326 ) ) ;
#1654 = CARTESIAN_POINT ( 'NONE',  ( -1.268451529683962242, -55.24968361771420433, 149.1163002181015713 ) ) ;
#1655 = CARTESIAN_POINT ( 'NONE',  ( 55.21426324191770618, -5.369002633712923078, 106.4752762601930272 ) ) ;
#1656 = DIRECTION ( 'NONE',  ( 5.602867245962734761E-30, -0.9812926639922453509, 0.1925219665259060575 ) ) ;
#1657 = CARTESIAN_POINT ( 'NONE',  ( 32.02386956616536651, 70.70151724211436317, 119.3650395665789716 ) ) ;
#1658 = CARTESIAN_POINT ( 'NONE',  ( -48.30856235531596354, 51.77575164062806579, 236.1833888795036955 ) ) ;
#1659 = CARTESIAN_POINT ( 'NONE',  ( 47.00718219043898216, 56.92988138965807821, 125.2994818174823735 ) ) ;
#1660 = ADVANCED_FACE ( 'NONE', ( #6757 ), #1594, .T. ) ;
#1661 = CARTESIAN_POINT ( 'NONE',  ( 47.58737472720344641, 46.87052432856939532, 159.0888111140480987 ) ) ;
#1662 = CARTESIAN_POINT ( 'NONE',  ( 2.704323339971284934, 97.42696936855371348, 179.1584303146841251 ) ) ;
#1663 = CARTESIAN_POINT ( 'NONE',  ( 8.430569389796726654, 111.0783526193773696, 309.3053668309597697 ) ) ;
#1664 = CARTESIAN_POINT ( 'NONE',  ( -3.036450257150593135, 94.44285757842770579, 162.9949941208382143 ) ) ;
#1665 = CARTESIAN_POINT ( 'NONE',  ( -38.37593108236997352, 63.41915033588947637, 119.2106086113347772 ) ) ;
#1666 = CARTESIAN_POINT ( 'NONE',  ( 32.76983522406306548, 5.670435660528351463, 338.8188088758602703 ) ) ;
#1667 = CARTESIAN_POINT ( 'NONE',  ( -2.518904146556254275, 94.19980023592809459, 161.6569030238213429 ) ) ;
#1668 = CARTESIAN_POINT ( 'NONE',  ( 20.46903711268268822, -37.63267645656183191, 10.00000000000002487 ) ) ;
#1669 = CARTESIAN_POINT ( 'NONE',  ( 26.25758226126028561, 47.45398614012162142, 34.03438548807967834 ) ) ;
#1670 = CARTESIAN_POINT ( 'NONE',  ( 6.309049960132511181, 94.54320135788192658, 184.9799652588662013 ) ) ;
#1671 = CARTESIAN_POINT ( 'NONE',  ( 15.59575044233932140, 107.8624269936204030, 335.2153524562597227 ) ) ;
#1672 = CARTESIAN_POINT ( 'NONE',  ( -7.946428739083644999, 84.26483441512353068, 134.2704708021354918 ) ) ;
#1673 = ORIENTED_EDGE ( 'NONE', *, *, #4530, .F. ) ;
#1674 = CARTESIAN_POINT ( 'NONE',  ( -46.26196705875485549, 48.74077318908420864, 129.7584463572707136 ) ) ;
#1675 = CARTESIAN_POINT ( 'NONE',  ( 50.82237872855476013, 43.61824847281352646, 211.2182008268868572 ) ) ;
#1676 = CARTESIAN_POINT ( 'NONE',  ( -19.46426337417975816, 91.57908295689628630, 184.9057184369049196 ) ) ;
#1677 = CARTESIAN_POINT ( 'NONE',  ( 24.47942708741916107, -16.41860524380745190, 379.0030654965391932 ) ) ;
#1678 = CARTESIAN_POINT ( 'NONE',  ( -35.71267804113315947, 83.98826830476654948, 283.2404637697699741 ) ) ;
#1679 = FACE_OUTER_BOUND ( 'NONE', #3037, .T. ) ;
#1680 = CARTESIAN_POINT ( 'NONE',  ( 41.18916255194903897, 65.26412946379197422, 153.2691148698688437 ) ) ;
#1681 = CARTESIAN_POINT ( 'NONE',  ( 12.70082764031642242, 107.0885464565526632, 267.5875769603583194 ) ) ;
#1682 = CARTESIAN_POINT ( 'NONE',  ( -14.98551904889730402, 64.68138256694996358, 60.92548577990547898 ) ) ;
#1683 = CARTESIAN_POINT ( 'NONE',  ( -33.33262333261735932, -33.36766348656205139, 297.1381408256923464 ) ) ;
#1684 = VERTEX_POINT ( 'NONE', #6951 ) ;
#1685 = CARTESIAN_POINT ( 'NONE',  ( -50.47942893637029727, 25.78981386507183515, 159.0134743493140945 ) ) ;
#1686 = CARTESIAN_POINT ( 'NONE',  ( -33.61156348036534780, 80.66840444005505617, 181.4623669722940065 ) ) ;
#1687 = CARTESIAN_POINT ( 'NONE',  ( -18.46168286918542378, 34.68130976356373196, 9.999999999999998224 ) ) ;
#1688 = CARTESIAN_POINT ( 'NONE',  ( 3.914601520363868659, -44.34843204132757677, 297.8379727068644343 ) ) ;
#1689 = CARTESIAN_POINT ( 'NONE',  ( -53.12325803186411122, 2.390169230206173445, 211.2173360042524166 ) ) ;
#1690 = B_SPLINE_CURVE_WITH_KNOTS ( 'NONE', 3,
 ( #1785, #1018, #6995, #3388, #5882, #1672 ),
 .UNSPECIFIED., .F., .F.,
 ( 4, 2, 4 ),
 ( 0.0004276963510482525120, 0.02657777484132586854, 0.05272785333160348586 ),
 .UNSPECIFIED. ) ;
#1691 = CARTESIAN_POINT ( 'NONE',  ( 17.57080547890475231, 93.23873078288754357, 191.4838918612842633 ) ) ;
#1692 = VECTOR ( 'NONE', #3989, 1000.000000000000114 ) ;
#1693 = CARTESIAN_POINT ( 'NONE',  ( 36.67919740338014378, 76.59226482341153996, 181.3941353859037235 ) ) ;
#1694 = DIRECTION ( 'NONE',  ( -5.602867245962734761E-30, -0.9812926639922453509, 0.1925219665259060575 ) ) ;
#1695 = CARTESIAN_POINT ( 'NONE',  ( -44.73042106892386016, -11.13762035954176355, 282.1757387574552922 ) ) ;
#1696 = CARTESIAN_POINT ( 'NONE',  ( 8.946430303705596998, 94.44726712020614912, 186.2831474524963937 ) ) ;
#1697 = CARTESIAN_POINT ( 'NONE',  ( 56.10435086253658454, -5.759558098680081173, 149.0516085856700954 ) ) ;
#1698 = CARTESIAN_POINT ( 'NONE',  ( 0.000000000000000000, 93.25895547134788899, 161.8646081537872305 ) ) ;
#1699 = CARTESIAN_POINT ( 'NONE',  ( 31.34017126766593719, 84.04073547128686528, 187.9974315518794299 ) ) ;
#1700 = CARTESIAN_POINT ( 'NONE',  ( -43.30685184140880750, 19.05040911973123841, 34.30126817782927162 ) ) ;
#1701 = CARTESIAN_POINT ( 'NONE',  ( 48.17184237586671713, 43.38991606618637320, 177.8462057614769094 ) ) ;
#1702 = CARTESIAN_POINT ( 'NONE',  ( 1.173127616124577610, 97.47712735160808961, 179.2212829338119775 ) ) ;
#1703 = CARTESIAN_POINT ( 'NONE',  ( 1.336608252918339845, 114.1269897751958524, 352.8396104960729076 ) ) ;
#1704 = CARTESIAN_POINT ( 'NONE',  ( -3.898419312928217195, -26.71225214695256511, 409.0779284778320175 ) ) ;
#1705 = CARTESIAN_POINT ( 'NONE',  ( -39.18626729848743651, 72.51856049428806728, 181.3317744413981814 ) ) ;
#1706 = CARTESIAN_POINT ( 'NONE',  ( 7.368061849129143859, 1.598613362170090646, 405.9095772560551154 ) ) ;
#1707 = CARTESIAN_POINT ( 'NONE',  ( 7.946428739083676085, 83.82034560910881282, 134.3576760388326647 ) ) ;
#1708 = CARTESIAN_POINT ( 'NONE',  ( 34.77886401590802024, -47.93237245653781997, 95.91433278602505652 ) ) ;
#1709 = CARTESIAN_POINT ( 'NONE',  ( 37.40036769032823827, 76.96173453576361112, 149.0270762108757481 ) ) ;
#1710 = CARTESIAN_POINT ( 'NONE',  ( 2.167318172530924514, 95.90076117330929151, 191.5527080464209178 ) ) ;
#1711 = CARTESIAN_POINT ( 'NONE',  ( 18.58940281578481191, 102.6263283900802747, 402.9030739255282469 ) ) ;
#1712 = CARTESIAN_POINT ( 'NONE',  ( 49.45595178626054889, 31.83686543779446509, 182.0182485364292688 ) ) ;
#1713 = ORIENTED_EDGE ( 'NONE', *, *, #5542, .T. ) ;
#1714 = CARTESIAN_POINT ( 'NONE',  ( -45.95036002762852689, 51.74937372797252522, 141.1498834336054813 ) ) ;
#1715 = CARTESIAN_POINT ( 'NONE',  ( 49.98526609374781771, 49.67984677571020313, 211.2183938314661020 ) ) ;
#1716 = CARTESIAN_POINT ( 'NONE',  ( -18.90692795537531978, 78.37879295086369780, 119.5744332992459107 ) ) ;
#1717 = CARTESIAN_POINT ( 'NONE',  ( 38.12949699467273490, -22.17783943128567969, 309.2041950367357686 ) ) ;
#1718 = CARTESIAN_POINT ( 'NONE',  ( 0.8353646665905161139, 94.04694443616331512, 160.7065606433762923 ) ) ;
#1719 = CARTESIAN_POINT ( 'NONE',  ( 39.88784587010739102, 68.56963337828105409, 159.3007971768832647 ) ) ;
#1720 = CARTESIAN_POINT ( 'NONE',  ( 7.902683517098368249, 53.94953849296003767, 33.93547263421742599 ) ) ;
#1721 = CARTESIAN_POINT ( 'NONE',  ( -18.84408894594456996, 102.1676237330502772, 236.4997088844062318 ) ) ;
#1722 = CARTESIAN_POINT ( 'NONE',  ( -36.85384720744252718, -36.83557582513209638, 34.36713745061690872 ) ) ;
#1723 = ORIENTED_EDGE ( 'NONE', *, *, #1459, .F. ) ;
#1724 = CARTESIAN_POINT ( 'NONE',  ( 0.4999999999999796274, 93.97526499812197187, 180.0672253104210938 ) ) ;
#1725 = CARTESIAN_POINT ( 'NONE',  ( -50.56968964754493356, 24.33312312217207563, 129.6467063730618179 ) ) ;
#1726 = CARTESIAN_POINT ( 'NONE',  ( -33.77220905201999557, 76.10411283124363990, 153.4524864260031620 ) ) ;
#1727 = CARTESIAN_POINT ( 'NONE',  ( -12.46911249434596236, 81.24912682878078840, 391.7446477091530141 ) ) ;
#1728 = CARTESIAN_POINT ( 'NONE',  ( 1.254894994252674589, -54.42525749996848816, 175.0446416147003106 ) ) ;
#1729 = CARTESIAN_POINT ( 'NONE',  ( -52.40766499870453998, 4.119750746189259516, 221.5245436518836470 ) ) ;
#1730 = CARTESIAN_POINT ( 'NONE',  ( 15.81667076000753802, 93.85150417702570280, 191.4997784287259890 ) ) ;
#1731 = CARTESIAN_POINT ( 'NONE',  ( 35.80671780666118309, 75.66822917723077069, 165.5466279341470965 ) ) ;
#1732 = CARTESIAN_POINT ( 'NONE',  ( 53.52984902553233582, 27.10604614702786463, 119.9999999999999432 ) ) ;
#1733 = CARTESIAN_POINT ( 'NONE',  ( -52.34642570645172555, -16.90674228334584939, 211.2162808792859892 ) ) ;
#1734 = CARTESIAN_POINT ( 'NONE',  ( 8.946430303705723119, 92.87690176152443655, 176.7384173059782313 ) ) ;
#1735 = CARTESIAN_POINT ( 'NONE',  ( 33.18960470559700582, 82.03004937327781931, 187.9614102300790250 ) ) ;
#1736 = CARTESIAN_POINT ( 'NONE',  ( -35.57233886879851070, 24.34538275247316008, 322.1003471716609283 ) ) ;
#1737 = CARTESIAN_POINT ( 'NONE',  ( 47.41414343678236065, 46.20878725648955765, 141.1093647211903033 ) ) ;
#1738 = CARTESIAN_POINT ( 'NONE',  ( 7.946428739083644999, 84.26483441512353068, 134.2704708021354918 ) ) ;
#1739 = CARTESIAN_POINT ( 'NONE',  ( 5.662385102398588721, 96.67716219721829418, 174.9460562189175903 ) ) ;
#1740 = CARTESIAN_POINT ( 'NONE',  ( -6.647144500404195355, -49.13431898220037652, 251.6331223063532718 ) ) ;
#1741 = CARTESIAN_POINT ( 'NONE',  ( -38.82504362671974718, 73.15270258665013614, 181.3422191990212013 ) ) ;
#1742 = CARTESIAN_POINT ( 'NONE',  ( 55.56021605709055677, 5.044286692470330458, 149.0508717303244453 ) ) ;
#1743 = CARTESIAN_POINT ( 'NONE',  ( -49.48275652835621941, 31.58780632026009982, 181.8857327247066848 ) ) ;
#1744 = CARTESIAN_POINT ( 'NONE',  ( 25.25060925077670149, -52.04206284254716053, 106.4544496167999625 ) ) ;
#1745 = CARTESIAN_POINT ( 'NONE',  ( 19.27254319071283462, 88.74135770772925014, 354.5235880784441633 ) ) ;
#1746 = CARTESIAN_POINT ( 'NONE',  ( 6.230983485393602805, 80.79820422588468887, 119.6120884971035565 ) ) ;
#1747 = CARTESIAN_POINT ( 'NONE',  ( 20.25923050507005740, 70.89911223525646733, 82.48296042774995840 ) ) ;
#1748 = AXIS2_PLACEMENT_3D ( 'NONE', #5812, #2855, #944 ) ;
#1749 = LINE ( 'NONE', #591, #3680 ) ;
#1750 = ORIENTED_EDGE ( 'NONE', *, *, #6976, .F. ) ;
#1751 = CARTESIAN_POINT ( 'NONE',  ( -44.25521696721860820, 60.83063181522690854, 190.9708998398872950 ) ) ;
#1752 = CARTESIAN_POINT ( 'NONE',  ( 42.07296872470030991, 23.79077414461788109, 34.26631120588811541 ) ) ;
#1753 = CARTESIAN_POINT ( 'NONE',  ( -19.62764188135505350, 89.39722304313011136, 172.1230755038617133 ) ) ;
#1754 = CARTESIAN_POINT ( 'NONE',  ( 52.22376623910641769, -22.11587362932721135, 201.7398619665812873 ) ) ;
#1755 = CARTESIAN_POINT ( 'NONE',  ( 44.99790115002021906, 58.11678088676277554, 184.3846201133659406 ) ) ;
#1756 = CARTESIAN_POINT ( 'NONE',  ( 14.22866369320909108, 109.2116835768671166, 371.6020824279627277 ) ) ;
#1757 = CARTESIAN_POINT ( 'NONE',  ( -19.69620272464766941, 98.83655039488226635, 402.9627143973561942 ) ) ;
#1758 = CARTESIAN_POINT ( 'NONE',  ( -38.19866742901649559, -37.46480691487042236, 251.1714109304862177 ) ) ;
#1759 = ORIENTED_EDGE ( 'NONE', *, *, #7143, .F. ) ;
#1760 = FACE_OUTER_BOUND ( 'NONE', #2007, .T. ) ;
#1761 = AXIS2_PLACEMENT_3D ( 'NONE', #5658, #3245, #413 ) ;
#1762 = CARTESIAN_POINT ( 'NONE',  ( -34.32662564636631686, 78.44893190741954925, 171.8819961066459996 ) ) ;
#1763 = CARTESIAN_POINT ( 'NONE',  ( -22.38662345868551284, 38.23771720285905928, 17.21337615294903145 ) ) ;
#1764 = CARTESIAN_POINT ( 'NONE',  ( 0.000000000000000000, -54.41040938837297603, 95.91147462393556111 ) ) ;
#1765 = CARTESIAN_POINT ( 'NONE',  ( -37.08372733671021848, -1.502511496409777880, 10.00000000000000000 ) ) ;
#1766 = CARTESIAN_POINT ( 'NONE',  ( 28.61834232826655366, 87.05588406561778925, 191.3466940961706086 ) ) ;
#1767 = CARTESIAN_POINT ( 'NONE',  ( 38.64502067200473334, 73.09767705419133677, 178.1206791369333189 ) ) ;
#1768 = CARTESIAN_POINT ( 'NONE',  ( 0.000000000000000000, 107.4661037658447498, 251.8734979200430928 ) ) ;
#1769 = CARTESIAN_POINT ( 'NONE',  ( -42.72730732956232202, -8.168101842121428646, 296.6507919032117684 ) ) ;
#1770 = PLANE ( 'NONE',  #5492 ) ;
#1771 = CARTESIAN_POINT ( 'NONE',  ( 12.26382615175871216, -53.84365027192447428, 95.91193151763495450 ) ) ;
#1772 = CARTESIAN_POINT ( 'NONE',  ( -53.02998276052028359, 28.38348271631965503, 192.3545821869253416 ) ) ;
#1773 = EDGE_CURVE ( 'NONE', #4973, #4383, #4633, .T. ) ;
#1774 = CARTESIAN_POINT ( 'NONE',  ( 47.39977727881992564, 47.94892921229084948, 171.5352377251817586 ) ) ;
#1775 = CARTESIAN_POINT ( 'NONE',  ( 1.848231452101916084, 96.32977852351183401, 178.7541421679345603 ) ) ;
#1776 = CARTESIAN_POINT ( 'NONE',  ( 10.83233969770155625, 98.93591998410435906, 192.3907531197693572 ) ) ;
#1777 = CARTESIAN_POINT ( 'NONE',  ( -7.581342300910199228, -55.10433277045158462, 125.3283760160812079 ) ) ;
#1778 = CARTESIAN_POINT ( 'NONE',  ( -38.40526901574649798, 71.88840456024476566, 165.4886144203390472 ) ) ;
#1779 = CARTESIAN_POINT ( 'NONE',  ( 32.95277759665839312, 3.789860648466381043, 338.8419760071320184 ) ) ;
#1780 = CARTESIAN_POINT ( 'NONE',  ( -2.702434597590301468, 94.24638861029464465, 161.9249377922376425 ) ) ;
#1781 = CARTESIAN_POINT ( 'NONE',  ( 16.95215991049720117, -38.68854900267898955, 9.999999999999976907 ) ) ;
#1782 = CARTESIAN_POINT ( 'NONE',  ( 35.96623380652258817, 84.93705961563605911, 192.3815774159133127 ) ) ;
#1783 = CARTESIAN_POINT ( 'NONE',  ( 0.000000000000000000, 90.21491949167025837, 159.7459624592286218 ) ) ;
#1784 = CARTESIAN_POINT ( 'NONE',  ( 26.05456792894363360, 68.49689260858141893, 82.48204883321136549 ) ) ;
#1785 = CARTESIAN_POINT ( 'NONE',  ( -7.946428739083892800, 94.45973366132490412, 185.5673568338704911 ) ) ;
#1786 = ORIENTED_EDGE ( 'NONE', *, *, #4179, .F. ) ;
#1787 = CARTESIAN_POINT ( 'NONE',  ( -45.06738274182098536, 57.79993558741969650, 181.1593486802667599 ) ) ;
#1788 = CARTESIAN_POINT ( 'NONE',  ( 33.44868810554351057, 52.47220031446799737, 321.7472222962165915 ) ) ;
#1789 = CARTESIAN_POINT ( 'NONE',  ( -16.11145278865677000, 88.29604489048790583, 159.7092434335650069 ) ) ;
#1790 = CARTESIAN_POINT ( 'NONE',  ( 40.22538913958040752, -14.69824522707552639, 17.38633750343542417 ) ) ;
#1791 = DIRECTION ( 'NONE',  ( -0.9999999949984913483, -1.925510095760577474E-05, -9.814406976559777291E-05 ) ) ;
#1792 = EDGE_CURVE ( 'NONE', #2388, #4543, #1690, .T. ) ;
#1793 = CARTESIAN_POINT ( 'NONE',  ( 42.50884628339182569, 58.83287740271437372, 129.8593194115487677 ) ) ;
#1794 = CARTESIAN_POINT ( 'NONE',  ( 11.65735987292029918, 109.8619777451270068, 309.3032395257943108 ) ) ;
#1795 = CARTESIAN_POINT ( 'NONE',  ( -28.16270177033828048, -40.05185572161654761, 283.0108228544385156 ) ) ;
#1796 = ORIENTED_EDGE ( 'NONE', *, *, #2589, .T. ) ;
#1797 = CARTESIAN_POINT ( 'NONE',  ( 3.680716745810397761, 95.82498339813874111, 191.0831110200133196 ) ) ;
#1798 = DIRECTION ( 'NONE',  ( -5.602867245962735462E-30, -0.9812926639922454619, 0.1925219665259060298 ) ) ;
#1799 = CARTESIAN_POINT ( 'NONE',  ( -33.81479761199583578, 77.11975223798378920, 159.4462999705831692 ) ) ;
#1800 = CARTESIAN_POINT ( 'NONE',  ( -37.36973114875343072, 87.02658382052146635, 236.3838163358866780 ) ) ;
#1801 = CARTESIAN_POINT ( 'NONE',  ( 1.252215391793557009, -55.30197672377875762, 125.3284468335832997 ) ) ;
#1802 = CARTESIAN_POINT ( 'NONE',  ( -53.64049804136175936, 3.885630021910046583, 201.7385585421835685 ) ) ;
#1803 = CARTESIAN_POINT ( 'NONE',  ( 27.18254128335086506, 88.13834673748911541, 191.3679906470566721 ) ) ;
#1804 = CARTESIAN_POINT ( 'NONE',  ( 37.92711802485553108, 71.74537687813008802, 159.3499678339407524 ) ) ;
#1805 = CARTESIAN_POINT ( 'NONE',  ( 0.000000000000000000, 39.00533594361594680, 10.00000000000000000 ) ) ;
#1806 = CARTESIAN_POINT ( 'NONE',  ( -34.97154498934823152, -10.13984152677282324, 338.8834781932129658 ) ) ;
#1807 = DIRECTION ( 'NONE',  ( -3.406996906818449528E-15, -0.1925219665259060853, -0.9812926639922454619 ) ) ;
#1808 = AXIS2_PLACEMENT_3D ( 'NONE', #3878, #5639, #2717 ) ;
#1809 = CARTESIAN_POINT ( 'NONE',  ( 19.09819653612084522, -50.14414477850793617, 221.5332213841347482 ) ) ;
#1810 = CARTESIAN_POINT ( 'NONE',  ( -24.86820296921806417, 28.30854627859632444, 358.6992870649792167 ) ) ;
#1811 = CARTESIAN_POINT ( 'NONE',  ( 49.14037635575573404, 37.94308143182749404, 159.0474209132045473 ) ) ;
#1812 = CARTESIAN_POINT ( 'NONE',  ( 1.846526831259159618, 97.35251377630265779, 178.5566598137827157 ) ) ;
#1813 = CARTESIAN_POINT ( 'NONE',  ( -7.001698426487832805, -39.03804204972453107, 335.7195499923483908 ) ) ;
#1814 = CARTESIAN_POINT ( 'NONE',  ( -38.59024882959637637, 72.40413858628336641, 171.7844758355937529 ) ) ;
#1815 = CARTESIAN_POINT ( 'NONE',  ( 45.41749524183881448, 2.834143744768256923, 282.1851880037540923 ) ) ;
#1816 = CARTESIAN_POINT ( 'NONE',  ( -0.5057420188709232933, 94.04616428497631375, 160.6903502493982501 ) ) ;
#1817 = CARTESIAN_POINT ( 'NONE',  ( 17.84339041031549300, -47.76728418293716771, 251.5274865416949979 ) ) ;
#1818 = CARTESIAN_POINT ( 'NONE',  ( -6.733884874399126197, 63.75276495332270343, 403.9664691572650099 ) ) ;
#1819 = CARTESIAN_POINT ( 'NONE',  ( 23.67820652331032960, 31.01273538854801615, 9.999999999999987566 ) ) ;
#1820 = CARTESIAN_POINT ( 'NONE',  ( 6.360702424298033009, 92.87150698992795128, 175.3398486576905668 ) ) ;
#1821 = CARTESIAN_POINT ( 'NONE',  ( 19.73301904179301403, 102.3596360936916057, 335.4269663478683015 ) ) ;
#1822 = CARTESIAN_POINT ( 'NONE',  ( -1.250929118707540422, 96.45782903784534312, 179.3785862099025508 ) ) ;
#1823 = VERTEX_POINT ( 'NONE', #4707 ) ;
#1824 = CARTESIAN_POINT ( 'NONE',  ( -40.82619912969676079, 69.89010182940455707, 187.7711119711810284 ) ) ;
#1825 = CARTESIAN_POINT ( 'NONE',  ( 53.40112241837380225, 22.42499292019195778, 192.3525794331701206 ) ) ;
#1826 = CARTESIAN_POINT ( 'NONE',  ( -7.319975550832500844, 94.44896985840756543, 184.9779474137391162 ) ) ;
#1827 = CARTESIAN_POINT ( 'NONE',  ( 48.87227707079701844, -21.35371030458015795, 236.0308225010860212 ) ) ;
#1828 = CARTESIAN_POINT ( 'NONE',  ( 1.770966239647031593, 97.61035790089890440, 180.0612596961918257 ) ) ;
#1829 = CARTESIAN_POINT ( 'NONE',  ( 43.36016482576516040, 62.76137088240121642, 174.7983033188343143 ) ) ;
#1830 = CARTESIAN_POINT ( 'NONE',  ( -37.50501337548081437, 82.67857167775851224, 189.3659298443180035 ) ) ;
#1831 = CARTESIAN_POINT ( 'NONE',  ( -16.95215991049720117, -38.68854900267898955, 9.999999999999976907 ) ) ;
#1832 = ORIENTED_EDGE ( 'NONE', *, *, #889, .T. ) ;
#1833 = CARTESIAN_POINT ( 'NONE',  ( 15.39446486793382718, 93.83679372761379511, 190.8234141575877061 ) ) ;
#1834 = CARTESIAN_POINT ( 'NONE',  ( -48.96125790572397563, 35.72256250982359660, 187.5272613088178844 ) ) ;
#1835 = B_SPLINE_CURVE_WITH_KNOTS ( 'NONE', 3,
 ( #7648, #473, #2842, #2299 ),
 .UNSPECIFIED., .F., .F.,
 ( 4, 4 ),
 ( 0.5644215889293068278, 0.5901249730077803290 ),
 .UNSPECIFIED. ) ;
#1836 = CARTESIAN_POINT ( 'NONE',  ( -34.64912147532637476, 75.10286115037278876, 153.4310304715681923 ) ) ;
#1837 = CARTESIAN_POINT ( 'NONE',  ( 55.95746367543729605, -5.778692366071116915, 125.3254190986842218 ) ) ;
#1838 = CARTESIAN_POINT ( 'NONE',  ( -34.61712116174368958, 90.25748652883984846, 267.2042717196071635 ) ) ;
#1839 = CARTESIAN_POINT ( 'NONE',  ( 0.4069521031848483683, -54.83989014612805590, 106.4482073099506465 ) ) ;
#1840 = CARTESIAN_POINT ( 'NONE',  ( -55.92973637764376349, -2.603946628213003933, 149.0515242256481372 ) ) ;
#1841 = CARTESIAN_POINT ( 'NONE',  ( 22.96368530527541196, 87.83460576632835171, 172.0830818856792632 ) ) ;
#1842 = CARTESIAN_POINT ( 'NONE',  ( 38.46398223512713344, 73.77081328139986738, 181.3511226389651085 ) ) ;
#1843 = CARTESIAN_POINT ( 'NONE',  ( -5.433941470908346005, 81.12146277195157040, 106.4310689632098246 ) ) ;
#1844 = CARTESIAN_POINT ( 'NONE',  ( -41.78547143484892956, -23.87017391594320870, 282.3845097817015812 ) ) ;
#1845 = LINE ( 'NONE', #5356, #5371 ) ;
#1846 = CARTESIAN_POINT ( 'NONE',  ( -20.00719402132296665, 94.66923183675297082, 403.0270400747649546 ) ) ;
#1847 = CARTESIAN_POINT ( 'NONE',  ( 15.82790689171483045, -52.56755319284742711, 192.4373569982886920 ) ) ;
#1848 = CARTESIAN_POINT ( 'NONE',  ( -44.08247639750531022, 15.45072464647527255, 34.32539042696856058 ) ) ;
#1849 = CARTESIAN_POINT ( 'NONE',  ( 48.41419671201481378, 36.69446466418441588, 118.9273213233345103 ) ) ;
#1850 = CARTESIAN_POINT ( 'NONE',  ( -8.946430303705596998, 94.44726712020614912, 186.2831474524963937 ) ) ;
#1851 = CARTESIAN_POINT ( 'NONE',  ( -10.25048139114994505, -54.86011393024009664, 149.1135983602832766 ) ) ;
#1852 = CARTESIAN_POINT ( 'NONE',  ( -38.45166020789716299, 68.06063488120641125, 141.3506392325630259 ) ) ;
#1853 = CARTESIAN_POINT ( 'NONE',  ( 52.44365113487421581, 2.496250032803407848, 221.5240570457676768 ) ) ;
#1854 = CARTESIAN_POINT ( 'NONE',  ( 5.444480652423162148, 95.85182978639822693, 185.2942384325754404 ) ) ;
#1855 = VECTOR ( 'NONE', #4546, 1000.000000000000000 ) ;
#1856 = CARTESIAN_POINT ( 'NONE',  ( -6.656989329846575210, 68.09833089205979206, 403.8126699580142827 ) ) ;
#1857 = CARTESIAN_POINT ( 'NONE',  ( 37.46326638331698433, 59.70487645792716336, 82.47941604845375707 ) ) ;
#1858 = CARTESIAN_POINT ( 'NONE',  ( 10.28038623864825496, 94.04253846688098406, 184.9678412315125229 ) ) ;
#1859 = CARTESIAN_POINT ( 'NONE',  ( 20.13088756293228343, 93.80943014742305763, 409.0779284778326428 ) ) ;
#1860 = CARTESIAN_POINT ( 'NONE',  ( -0.5062636870535065503, 97.50932227321872858, 179.3738708389336978 ) ) ;
#1861 = EDGE_LOOP ( 'NONE', ( #3938, #3048, #6652, #1796 ) ) ;
#1862 = CARTESIAN_POINT ( 'NONE',  ( -42.81667568960072856, 62.69458256656826478, 159.2207514221090605 ) ) ;
#1863 = CARTESIAN_POINT ( 'NONE',  ( 53.70394251867735136, 27.55346083522045575, 174.9366824925457422 ) ) ;
#1864 = CARTESIAN_POINT ( 'NONE',  ( -9.322322559061797520, 93.63560990939119222, 181.7460057995073726 ) ) ;
#1865 = CARTESIAN_POINT ( 'NONE',  ( 42.27570166456750655, -29.11680039840567957, 34.38169086334377766 ) ) ;
#1866 = DIRECTION ( 'NONE',  ( 0.000000000000000000, -0.1925219665259085000, -0.9812926639922450178 ) ) ;
#1867 = CARTESIAN_POINT ( 'NONE',  ( -51.78464205484035432, 42.98640154418324499, 184.1813480112229797 ) ) ;
#1868 = CARTESIAN_POINT ( 'NONE',  ( -22.27334005151897145, -46.64898668449016839, 251.4657667690855476 ) ) ;
#1869 = ORIENTED_EDGE ( 'NONE', *, *, #7318, .F. ) ;
#1870 = CARTESIAN_POINT ( 'NONE',  ( 26.80557307857466043, 88.24494711135844227, 190.0930084810391634 ) ) ;
#1871 = CARTESIAN_POINT ( 'NONE',  ( -48.83101563822936697, 39.05394052085807033, 174.6431310240458856 ) ) ;
#1872 = CARTESIAN_POINT ( 'NONE',  ( -30.38667209927602286, 80.60214429573761663, 159.5205284086968902 ) ) ;
#1873 = CARTESIAN_POINT ( 'NONE',  ( 50.89727975755803868, -6.257858417485031133, 235.9981632639484701 ) ) ;
#1874 = CARTESIAN_POINT ( 'NONE',  ( -36.65004664434665926, 68.08414441250710070, 106.4423500660956279 ) ) ;
#1875 = CARTESIAN_POINT ( 'NONE',  ( 0.000000000000000000, -44.41900128634053146, 297.8504200200889613 ) ) ;
#1876 = CARTESIAN_POINT ( 'NONE',  ( -53.78468062388315474, -2.382324169322974861, 201.7386248006254732 ) ) ;
#1877 = CARTESIAN_POINT ( 'NONE',  ( 27.35749855800177599, 87.08522385359302120, 184.8011483648321871 ) ) ;
#1878 = CARTESIAN_POINT ( 'NONE',  ( 38.55519973795178146, 70.77074699088447574, 159.3352765004030687 ) ) ;
#1879 = CARTESIAN_POINT ( 'NONE',  ( -1.418941784856243782, 112.7580379459900257, 320.7469887188660209 ) ) ;
#1880 = CARTESIAN_POINT ( 'NONE',  ( -47.13594627187299579, -20.91038671876926358, 250.9150364904157868 ) ) ;
#1881 = CIRCLE ( 'NONE', #2516, 1.000000000000003997 ) ;
#1882 = DIRECTION ( 'NONE',  ( -5.602867245962734761E-30, -0.9812926639922453509, 0.1925219665259060020 ) ) ;
#1883 = CARTESIAN_POINT ( 'NONE',  ( -16.45553067387521651, 41.32086091039134601, 17.18945100695028216 ) ) ;
#1884 = CARTESIAN_POINT ( 'NONE',  ( 12.30643220119286596, -52.45340058486254975, 201.7513803630878613 ) ) ;
#1885 = CARTESIAN_POINT ( 'NONE',  ( -49.84438019342842097, 15.27997492398673174, 61.07875177287905899 ) ) ;
#1886 = CARTESIAN_POINT ( 'NONE',  ( 48.90722228072350219, 38.80438677421904003, 171.4931324697776915 ) ) ;
#1887 = CARTESIAN_POINT ( 'NONE',  ( -0.4999999999999904521, 109.0907880126508047, 158.7585260985518119 ) ) ;
#1888 = CARTESIAN_POINT ( 'NONE',  ( -1.744389413586290738, -28.32767317316369571, 403.3960499528543551 ) ) ;
#1889 = CARTESIAN_POINT ( 'NONE',  ( -37.91844273063299653, 71.75852778250408903, 159.3513038924197929 ) ) ;
#1890 = CARTESIAN_POINT ( 'NONE',  ( 53.16201752586142959, 0.02373478577073876924, 211.2173182657485881 ) ) ;
#1891 = CARTESIAN_POINT ( 'NONE',  ( 50.42288755684970880, 27.10604614702776161, 155.8851945173053934 ) ) ;
#1892 = CARTESIAN_POINT ( 'NONE',  ( -49.46721580709265709, 54.13372346069718333, 149.0368333872496862 ) ) ;
#1893 = CARTESIAN_POINT ( 'NONE',  ( 23.80118386296665633, 85.65077816377507247, 336.1676235695212540 ) ) ;
#1894 = CARTESIAN_POINT ( 'NONE',  ( 8.342105677042875200, 93.77789772170797278, 181.7490268616734568 ) ) ;
#1895 = CARTESIAN_POINT ( 'NONE',  ( 29.01447304208877753, 92.68548284088269895, 201.7346556227065832 ) ) ;
#1896 = CARTESIAN_POINT ( 'NONE',  ( -0.4999999999999907851, 96.50574888332657508, 179.5707641100899821 ) ) ;
#1897 = ORIENTED_EDGE ( 'NONE', *, *, #3174, .F. ) ;
#1898 = CARTESIAN_POINT ( 'NONE',  ( -43.97957420636077330, 61.29859913625946888, 177.9673116138781950 ) ) ;
#1899 = CARTESIAN_POINT ( 'NONE',  ( 7.200169675539526359, 18.09406300332792839, 405.5869068823373595 ) ) ;
#1900 = CARTESIAN_POINT ( 'NONE',  ( -11.38366364989996704, 89.31569147215728321, 159.7304664035111159 ) ) ;
#1901 = CARTESIAN_POINT ( 'NONE',  ( 17.82736701374702903, -18.40153089739105496, 395.7210253633289199 ) ) ;
#1902 = CARTESIAN_POINT ( 'NONE',  ( 2.511728524438949339, 94.19821588492588660, 161.6476821803561847 ) ) ;
#1903 = CARTESIAN_POINT ( 'NONE',  ( -53.54074602286959816, 27.81272667914797125, 177.4419718535498305 ) ) ;
#1904 = CARTESIAN_POINT ( 'NONE',  ( -22.09716541651445354, -40.00145447593970260, 17.35382483127344244 ) ) ;
#1905 = ORIENTED_EDGE ( 'NONE', *, *, #2395, .T. ) ;
#1906 = CARTESIAN_POINT ( 'NONE',  ( 32.81941355011131378, 82.68898622275909815, 189.3672901897117811 ) ) ;
#1907 = CARTESIAN_POINT ( 'NONE',  ( -48.72678883121878357, 34.88066030296359088, 118.9212306354751689 ) ) ;
#1908 = CARTESIAN_POINT ( 'NONE',  ( -32.82211342269133780, 80.67069364471944937, 175.0654524710775206 ) ) ;
#1909 = CARTESIAN_POINT ( 'NONE',  ( 55.23097426227796092, -6.262677443348818151, 106.4752913098876945 ) ) ;
#1910 = CARTESIAN_POINT ( 'NONE',  ( -32.22518415999918062, 93.71432748158407833, 267.2663362157514939 ) ) ;
#1911 = FACE_OUTER_BOUND ( 'NONE', #4645, .T. ) ;
#1912 = CARTESIAN_POINT ( 'NONE',  ( -40.51215406054129176, -3.025382813277839755, 17.38682873401755913 ) ) ;
#1913 = CARTESIAN_POINT ( 'NONE',  ( 27.41870103799836755, 86.55496759070840085, 181.5756676799100546 ) ) ;
#1914 = CARTESIAN_POINT ( 'NONE',  ( 38.33638247401511023, 74.70454785963693212, 187.8440186699352239 ) ) ;
#1915 = CARTESIAN_POINT ( 'NONE',  ( 0.000000000000000000, 78.14528303371176321, 95.91466575645878834 ) ) ;
#1916 = CARTESIAN_POINT ( 'NONE',  ( -53.83654869146771205, -17.13195426765633300, 192.3515855445265288 ) ) ;
#1917 = CARTESIAN_POINT ( 'NONE',  ( 1.999999999999994893, 94.44388850438487282, 168.2565573490905138 ) ) ;
#1918 = CARTESIAN_POINT ( 'NONE',  ( -22.94962416424538176, 100.2016216651766030, 236.4813246010988905 ) ) ;
#1919 = CARTESIAN_POINT ( 'NONE',  ( 9.500633375252663271, -42.40294334421789557, 309.2995656440034509 ) ) ;
#1920 = CARTESIAN_POINT ( 'NONE',  ( -52.39511392246443222, 23.18441664239677635, 211.2176584314739216 ) ) ;
#1921 = CARTESIAN_POINT ( 'NONE',  ( 49.84641791599758420, 32.78683815710798655, 141.0467353121332224 ) ) ;
#1922 = DIRECTION ( 'NONE',  ( 0.000000000000000000, -0.1925219665259089996, -0.9812926639922449068 ) ) ;
#1923 = CARTESIAN_POINT ( 'NONE',  ( -5.037627612667280097, -54.34073328482042342, 175.0435559802996011 ) ) ;
#1924 = CARTESIAN_POINT ( 'NONE',  ( -37.82206418439482576, 68.98167792595651804, 141.3652424149240971 ) ) ;
#1925 = CARTESIAN_POINT ( 'NONE',  ( 5.666352794274829741, -2.011948373036816395, 409.0779284778328133 ) ) ;
#1926 = CARTESIAN_POINT ( 'NONE',  ( -31.41153860423614219, 29.27824290279409780, 17.26903435683385979 ) ) ;
#1927 = CARTESIAN_POINT ( 'NONE',  ( 34.61712116174368958, 90.25748652883984846, 267.2042717196071635 ) ) ;
#1928 = CARTESIAN_POINT ( 'NONE',  ( 11.38211356571274102, 90.50106627612771604, 165.8765617287367888 ) ) ;
#1929 = CARTESIAN_POINT ( 'NONE',  ( 27.75097476154912357, 89.85203182242669584, 174.9447540468056275 ) ) ;
#1930 = CARTESIAN_POINT ( 'NONE',  ( -1.801244311357937944, 96.34632958330742269, 178.8404412026910961 ) ) ;
#1931 = EDGE_LOOP ( 'NONE', ( #3469, #3739, #5764, #1832 ) ) ;
#1932 = CARTESIAN_POINT ( 'NONE',  ( -43.49147743880348571, 60.18183972506869139, 153.2068611033072614 ) ) ;
#1933 = CARTESIAN_POINT ( 'NONE',  ( 30.85849556943834315, 29.90836142689224886, 338.2791750152354666 ) ) ;
#1934 = ORIENTED_EDGE ( 'NONE', *, *, #2374, .T. ) ;
#1935 = CARTESIAN_POINT ( 'NONE',  ( -8.421741595096703392, 90.93952460864024090, 165.8864440640925579 ) ) ;
#1936 = CARTESIAN_POINT ( 'NONE',  ( 39.96601093788277126, -27.82646003949521685, 282.4930707143084874 ) ) ;
#1937 = CARTESIAN_POINT ( 'NONE',  ( -1.413917001208574220, 90.75480713763785445, 162.6682839426356395 ) ) ;
#1938 = CARTESIAN_POINT ( 'NONE',  ( 2.446430303705618758, 83.68617293130459700, 130.3077437831010457 ) ) ;
#1939 = CARTESIAN_POINT ( 'NONE',  ( -24.72372036682519081, -50.18381659854403409, 201.7491245939285136 ) ) ;
#1940 = VERTEX_POINT ( 'NONE', #2304 ) ;
#1941 =( NAMED_UNIT ( * ) SI_UNIT ( $, .STERADIAN. ) SOLID_ANGLE_UNIT ( ) );
#1942 = CARTESIAN_POINT ( 'NONE',  ( -48.54608229316432499, 39.72494909642021810, 184.2800233351908901 ) ) ;
#1943 = CARTESIAN_POINT ( 'NONE',  ( -31.50611502093018856, 76.21731264830025054, 141.5151564795030197 ) ) ;
#1944 = CARTESIAN_POINT ( 'NONE',  ( 9.544548255845839435, -6.743746045086243868, 409.0779284778315628 ) ) ;
#1945 = CARTESIAN_POINT ( 'NONE',  ( -27.44651296265493556, 92.80927087483509297, 309.2759445087715449 ) ) ;
#1946 = CARTESIAN_POINT ( 'NONE',  ( 52.70529934788626036, 35.28856251571792768, 183.1758581061168911 ) ) ;
#1947 = CARTESIAN_POINT ( 'NONE',  ( -28.19450435930625432, -2.853644847615362412, 359.7910048302314294 ) ) ;
#1948 = CARTESIAN_POINT ( 'NONE',  ( 29.04181176842645584, 81.74710249147626939, 159.5453257509883542 ) ) ;
#1949 = CARTESIAN_POINT ( 'NONE',  ( 38.84689610771238932, 71.97906704476996254, 171.7774680281110875 ) ) ;
#1950 = CARTESIAN_POINT ( 'NONE',  ( -4.955358133536659437, 107.3111613649983411, 251.8703215827410418 ) ) ;
#1951 = CARTESIAN_POINT ( 'NONE',  ( -18.60711686139725174, -14.52072254644064664, 396.6995430535432092 ) ) ;
#1952 = CARTESIAN_POINT ( 'NONE',  ( -16.27874964806483860, 79.24569716105244765, 120.0000000000000142 ) ) ;
#1953 = CARTESIAN_POINT ( 'NONE',  ( -19.46593024695983232, 92.58965949448901256, 390.9555874459440474 ) ) ;
#1954 = CARTESIAN_POINT ( 'NONE',  ( 7.600543596426097004, -42.63511865777557830, 309.3023390856781134 ) ) ;
#1955 = CARTESIAN_POINT ( 'NONE',  ( -26.14904460368032701, 11.06861141499597956, 359.4787122088030173 ) ) ;
#1956 = CARTESIAN_POINT ( 'NONE',  ( 48.77028990000726338, 40.40072227119674153, 165.2021157024234981 ) ) ;
#1957 = CARTESIAN_POINT ( 'NONE',  ( 0.000000000000000000, 83.00713624293385351, 127.3837735684064398 ) ) ;
#1958 = CARTESIAN_POINT ( 'NONE',  ( -2.567412874371581832, -49.27414381656933529, 251.6497886231556720 ) ) ;
#1959 = CARTESIAN_POINT ( 'NONE',  ( 53.40058998659738876, 1.002261707329937357, 82.46866116624902077 ) ) ;
#1960 = CARTESIAN_POINT ( 'NONE',  ( -1.171694487952331887, 94.05328070325057865, 160.7566690230724475 ) ) ;
#1961 = EDGE_CURVE ( 'NONE', #4718, #1823, #2052, .T. ) ;
#1962 = CARTESIAN_POINT ( 'NONE',  ( -48.01017448138868104, 49.11573327640557807, 106.4550271391700562 ) ) ;
#1963 = CARTESIAN_POINT ( 'NONE',  ( 37.36973114875343072, 87.02658382052146635, 236.3838163358866780 ) ) ;
#1964 = CARTESIAN_POINT ( 'NONE',  ( 9.285116800712369667, 83.27991899025342093, 130.3708423360477298 ) ) ;
#1965 = CARTESIAN_POINT ( 'NONE',  ( 28.89945635526742507, 96.36389117174091723, 236.4482176816873391 ) ) ;
#1966 = CARTESIAN_POINT ( 'NONE',  ( 44.52466968232240419, 59.72823028390844513, 181.1748455248666971 ) ) ;
#1967 = CARTESIAN_POINT ( 'NONE',  ( 0.000000000000000000, 113.4534268831262835, 334.9546424867822907 ) ) ;
#1968 = CARTESIAN_POINT ( 'NONE',  ( -3.674816137120620496, 95.82498339813874111, 191.0831110200132912 ) ) ;
#1969 = CARTESIAN_POINT ( 'NONE',  ( -41.97704718933805879, 62.03595426994385775, 141.2580306502946712 ) ) ;
#1970 = CARTESIAN_POINT ( 'NONE',  ( 52.67335366501364291, 28.99455723453675660, 106.4659600007578604 ) ) ;
#1971 = CARTESIAN_POINT ( 'NONE',  ( -10.39391333354031133, 88.24458387649345070, 153.7389659886476068 ) ) ;
#1972 = CARTESIAN_POINT ( 'NONE',  ( 32.54830665140104173, -28.74785142230646429, 9.999999999999998224 ) ) ;
#1973 = CARTESIAN_POINT ( 'NONE',  ( -0.5000000000000006661, 90.70627013778776870, 162.3654251051128767 ) ) ;
#1974 = CARTESIAN_POINT ( 'NONE',  ( 34.49379548251269512, 75.04247835864086369, 125.2865635882103277 ) ) ;
#1975 = DIRECTION ( 'NONE',  ( 0.000000000000000000, 0.000000000000000000, 1.000000000000000000 ) ) ;
#1976 = CARTESIAN_POINT ( 'NONE',  ( -20.44222408258015022, -43.44851752364550634, 283.2613480835329369 ) ) ;
#1977 = VERTEX_POINT ( 'NONE', #7070 ) ;
#1978 = CARTESIAN_POINT ( 'NONE',  ( -49.45585676901768579, 34.72516331188392513, 171.4785579655437289 ) ) ;
#1979 = CARTESIAN_POINT ( 'NONE',  ( -31.87642929205580700, 83.92725427221409973, 191.2911934353216736 ) ) ;
#1980 = CARTESIAN_POINT ( 'NONE',  ( 34.64478487570555387, -6.672621706111435458, 338.9094986770033984 ) ) ;
#1981 = CARTESIAN_POINT ( 'NONE',  ( -6.744774500906190795, 72.75196921823422258, 403.6522131176027983 ) ) ;
#1982 = CARTESIAN_POINT ( 'NONE',  ( -40.50591282962440687, 66.92409346541360549, 120.0000000000000284 ) ) ;
#1983 = CARTESIAN_POINT ( 'NONE',  ( -40.54755684007150762, -3.830092455102560578, 309.1854920261957886 ) ) ;
#1984 = CARTESIAN_POINT ( 'NONE',  ( 39.07215574402334113, 64.95518433032877681, 129.9520875680486824 ) ) ;
#1985 = CARTESIAN_POINT ( 'NONE',  ( -13.97509443968651333, 109.3711075514724484, 353.1960512656522724 ) ) ;
#1986 = CARTESIAN_POINT ( 'NONE',  ( -55.76881134171257770, -17.50213894851293617, 149.0542048892888829 ) ) ;
#1987 = MECHANICAL_DESIGN_GEOMETRIC_PRESENTATION_REPRESENTATION (  '', ( #5359 ), #765 ) ;
#1988 = CARTESIAN_POINT ( 'NONE',  ( 2.446430303705628084, 84.30979740387633115, 132.9027353257253310 ) ) ;
#1989 = CARTESIAN_POINT ( 'NONE',  ( -19.69179049297548545, 95.57604823813311157, 372.3974774158166952 ) ) ;
#1990 = CARTESIAN_POINT ( 'NONE',  ( 4.023403191661011569, -27.84343551900678193, 403.4491007111210479 ) ) ;
#1991 = CARTESIAN_POINT ( 'NONE',  ( -39.43408220409315845, 12.76399085229486552, 309.1911503125673448 ) ) ;
#1992 = ADVANCED_FACE ( 'NONE', ( #553 ), #4005, .F. ) ;
#1993 = CARTESIAN_POINT ( 'NONE',  ( 34.96904538799347506, 76.73686881493665624, 165.5658112820890722 ) ) ;
#1994 = CARTESIAN_POINT ( 'NONE',  ( 50.36707254177676418, 26.04324892276512315, 165.1590049067732480 ) ) ;
#1995 = CARTESIAN_POINT ( 'NONE',  ( -8.946430303705737330, 91.15249141788011400, 167.2247603757526235 ) ) ;
#1996 = CARTESIAN_POINT ( 'NONE',  ( -3.796422134339112908, -42.92832897857011432, 309.3062308506089835 ) ) ;
#1997 = CARTESIAN_POINT ( 'NONE',  ( 37.75264556185516795, -2.328940553478978437, 322.2698013014846197 ) ) ;
#1998 = CARTESIAN_POINT ( 'NONE',  ( 1.422798381159420700, 96.43517893399827301, 179.2774915947753414 ) ) ;
#1999 = AXIS2_PLACEMENT_3D ( 'NONE', #5544, #3208, #3715 ) ;
#2000 = B_SPLINE_CURVE_WITH_KNOTS ( 'NONE', 3,
 ( #3193, #5566, #2612, #4976, #7339, #1429, #2502, #4868, #7227, #3806, #4277, #1588, #3303, #5761 ),
 .UNSPECIFIED., .F., .F.,
 ( 4, 2, 2, 2, 2, 2, 4 ),
 ( 0.000000000000000000, 0.0003911262394613525977, 0.0007822524789227051955, 0.001173378718384057847, 0.001564504957845410391, 0.002346757436768170339, 0.003129009915690930503 ),
 .UNSPECIFIED. ) ;
#2001 = CARTESIAN_POINT ( 'NONE',  ( -6.895784028807172561, 50.91869651295078114, 404.4415512016532830 ) ) ;
#2002 = EDGE_CURVE ( 'NONE', #5995, #1684, #3913, .T. ) ;
#2003 = CARTESIAN_POINT ( 'NONE',  ( 31.17297337175079974, 43.33230512748012586, 34.08089704958322130 ) ) ;
#2004 = CARTESIAN_POINT ( 'NONE',  ( 22.25583775167117651, 49.79309130603478195, 34.00433718268447336 ) ) ;
#2005 = CARTESIAN_POINT ( 'NONE',  ( 43.08472605163863278, 64.29325721136576988, 187.7032335920659420 ) ) ;
#2006 = CARTESIAN_POINT ( 'NONE',  ( 0.000000000000000000, 66.30446689546245409, 60.91610143333624450 ) ) ;
#2007 = EDGE_LOOP ( 'NONE', ( #7536, #3887, #2726, #3148 ) ) ;
#2008 = CARTESIAN_POINT ( 'NONE',  ( -38.85619654700544601, 62.71737810761631238, 119.1979642380168656 ) ) ;
#2009 = CARTESIAN_POINT ( 'NONE',  ( 52.83545361035590560, 11.93388638024764248, 211.2174480075504164 ) ) ;
#2010 = ORIENTED_EDGE ( 'NONE', *, *, #4804, .F. ) ;
#2011 = B_SPLINE_CURVE_WITH_KNOTS ( 'NONE', 3,
 ( #3678, #7243, #3641, #4259 ),
 .UNSPECIFIED., .F., .F.,
 ( 4, 4 ),
 ( 2.775557561562891351E-17, 0.005511622329640820592 ),
 .UNSPECIFIED. ) ;
#2012 = CARTESIAN_POINT ( 'NONE',  ( -49.14565887018010670, 34.72549744200770050, 183.1023106799573554 ) ) ;
#2013 = CARTESIAN_POINT ( 'NONE',  ( 46.98621402359567156, -31.20695353092797930, 221.5256303387582477 ) ) ;
#2014 = CARTESIAN_POINT ( 'NONE',  ( 1.622340931277677312, 94.08137446444126795, 160.9393678731948683 ) ) ;
#2015 = CARTESIAN_POINT ( 'NONE',  ( 35.27702874469574112, 79.28286754016831139, 149.0260133380620289 ) ) ;
#2016 = CARTESIAN_POINT ( 'NONE',  ( 0.000000000000000000, 94.04758353641027213, 160.6900679399675766 ) ) ;
#2017 = CARTESIAN_POINT ( 'NONE',  ( -7.350758326725074454, -26.38904048177414552, 403.6468210446017792 ) ) ;
#2018 = EDGE_CURVE ( 'NONE', #1433, #1977, #1749, .T. ) ;
#2019 = ORIENTED_EDGE ( 'NONE', *, *, #5542, .F. ) ;
#2020 = CARTESIAN_POINT ( 'NONE',  ( -47.21653003831670503, 45.13617943615126649, 129.7328907523713042 ) ) ;
#2021 = CARTESIAN_POINT ( 'NONE',  ( 49.10965060371954394, 45.61518357334105644, 106.4571160567617625 ) ) ;
#2022 = CARTESIAN_POINT ( 'NONE',  ( -30.19734232057629697, 84.28867699482410103, 181.5299515477870784 ) ) ;
#2023 = CARTESIAN_POINT ( 'NONE',  ( 55.23342831807677555, -6.601006543191121345, 106.4752925735672449 ) ) ;
#2024 = CARTESIAN_POINT ( 'NONE',  ( -22.73322875105974461, 31.80644432252829290, 10.00000000000001066 ) ) ;
#2025 = CARTESIAN_POINT ( 'NONE',  ( 0.000000000000000000, 86.18221388465047994, 140.4792899775758315 ) ) ;
#2026 = CARTESIAN_POINT ( 'NONE',  ( -40.57963596126745642, -5.907837129994319980, 17.38827416203088205 ) ) ;
#2027 = CARTESIAN_POINT ( 'NONE',  ( 39.56984862800592850, 70.73571139547587450, 171.7576024999596029 ) ) ;
#2028 = CARTESIAN_POINT ( 'NONE',  ( -10.32786265453919938, 103.1238023322610928, 221.6240236177845020 ) ) ;
#2029 = CARTESIAN_POINT ( 'NONE',  ( -17.04426550751732705, -20.25389168816818852, 395.1694972106601540 ) ) ;
#2030 = CARTESIAN_POINT ( 'NONE',  ( -19.60199022590961704, 78.22161134047601649, 120.0000000000000426 ) ) ;
#2031 = CARTESIAN_POINT ( 'NONE',  ( -15.42253993354557728, 82.04858018933752817, 409.0779284778321880 ) ) ;
#2032 = ADVANCED_FACE ( 'NONE', ( #2961 ), #2448, .T. ) ;
#2033 = CARTESIAN_POINT ( 'NONE',  ( 6.647144500404195355, -49.13431898220037652, 251.6331223063532718 ) ) ;
#2034 = CARTESIAN_POINT ( 'NONE',  ( -45.60800951124804925, 5.100624764968640257, 34.37827548244614206 ) ) ;
#2035 = CARTESIAN_POINT ( 'NONE',  ( 33.78073108274679015, 76.09445733963025305, 153.4509444513380174 ) ) ;
#2036 = CARTESIAN_POINT ( 'NONE',  ( 35.07578848218204826, 85.63756434617192781, 189.7524327636918997 ) ) ;
#2037 = CARTESIAN_POINT ( 'NONE',  ( 48.69078522677854437, 38.90093198240546002, 183.6477049476573882 ) ) ;
#2038 = CARTESIAN_POINT ( 'NONE',  ( -2.964751227231217534, -55.22569062853099098, 149.1161145641287931 ) ) ;
#2039 = CARTESIAN_POINT ( 'NONE',  ( 55.23218365057083190, -4.025117287507732122, 174.9349119729997142 ) ) ;
#2040 = CARTESIAN_POINT ( 'NONE',  ( 0.4999999999999863443, 90.70627013778778291, 162.3654251051129052 ) ) ;
#2041 = CARTESIAN_POINT ( 'NONE',  ( -30.36761427861970120, 22.92123843859008048, 9.999999999999994671 ) ) ;
#2042 = CARTESIAN_POINT ( 'NONE',  ( 33.29483022562411776, 83.92563834338746176, 297.5269623833608534 ) ) ;
#2043 = ADVANCED_FACE ( 'NONE', ( #4784 ), #2092, .T. ) ;
#2044 = CARTESIAN_POINT ( 'NONE',  ( 47.17280942883870409, 48.26219567172948643, 153.1051911593878856 ) ) ;
#2045 = CARTESIAN_POINT ( 'NONE',  ( 1.240478388667810128, 114.9777999077163315, 402.6283615271067333 ) ) ;
#2046 = ORIENTED_EDGE ( 'NONE', *, *, #2357, .F. ) ;
#2047 = CARTESIAN_POINT ( 'NONE',  ( -40.60912814255792114, 69.48933408236926823, 178.0654242011848680 ) ) ;
#2048 = CARTESIAN_POINT ( 'NONE',  ( 53.68895350352120488, 16.46461640963774187, 192.3508522103153382 ) ) ;
#2049 = VERTEX_POINT ( 'NONE', #5957 ) ;
#2050 = CARTESIAN_POINT ( 'NONE',  ( -6.306843881191330325, 94.54344491457045763, 184.9801988446942858 ) ) ;
#2051 = CARTESIAN_POINT ( 'NONE',  ( 29.36778770313278386, -36.26594778884934556, 17.36313527830163750 ) ) ;
#2052 = B_SPLINE_CURVE_WITH_KNOTS ( 'NONE', 3,
 ( #2924, #6338, #7579, #3506 ),
 .UNSPECIFIED., .F., .F.,
 ( 4, 4 ),
 ( 0.0001641729623335225479, 0.0008644611398315943992 ),
 .UNSPECIFIED. ) ;
#2053 = CIRCLE ( 'NONE', #5038, 1.000000000000005995 ) ;
#2054 = CARTESIAN_POINT ( 'NONE',  ( -0.9832424665972515632, 90.71682216601473669, 162.4413919013849181 ) ) ;
#2055 = B_SPLINE_CURVE_WITH_KNOTS ( 'NONE', 3,
 ( #388, #2086, #3420, #5713, #5674, #6370, #2209, #3995, #1047, #5795, #2758, #1542, #2839, #5207, #6785, #3916 ),
 .UNSPECIFIED., .F., .F.,
 ( 4, 2, 2, 2, 2, 2, 2, 4 ),
 ( 0.000000000000000000, 0.0004914332369581333407, 0.0009828664739162666815, 0.001474299710874400022, 0.001965732947832533363, 0.002457166184790666487, 0.002948599421748800044, 0.003931465895665070195 ),
 .UNSPECIFIED. ) ;
#2056 = CARTESIAN_POINT ( 'NONE',  ( 33.81953719443994544, 91.68442117447531814, 236.4141040481969753 ) ) ;
#2057 = CARTESIAN_POINT ( 'NONE',  ( 49.90177573649046394, 27.10604614702789306, 119.9999999999985079 ) ) ;
#2058 = CARTESIAN_POINT ( 'NONE',  ( -10.53874472113350613, -39.85066355559018092, 10.00000000000000533 ) ) ;
#2059 = ORIENTED_EDGE ( 'NONE', *, *, #6901, .F. ) ;
#2060 = CARTESIAN_POINT ( 'NONE',  ( -47.51538976380637536, 47.43055352787300194, 165.2372250555571327 ) ) ;
#2061 = CARTESIAN_POINT ( 'NONE',  ( 35.04203759068250434, 64.75518535137709364, 309.2410806140330806 ) ) ;
#2062 = CARTESIAN_POINT ( 'NONE',  ( -25.18223494158461406, 75.62919146390937897, 119.5024857542518930 ) ) ;
#2063 = CARTESIAN_POINT ( 'NONE',  ( 49.11064495348283288, -8.371359114841421700, 250.8422388099025966 ) ) ;
#2064 = CARTESIAN_POINT ( 'NONE',  ( -14.80099473869887916, 77.57039500497351980, 374.0412658871131271 ) ) ;
#2065 = LINE ( 'NONE', #3781, #4294 ) ;
#2066 = CARTESIAN_POINT ( 'NONE',  ( -29.28177289259470228, -5.963536147518752273, 359.8091805143566262 ) ) ;
#2067 = CARTESIAN_POINT ( 'NONE',  ( 38.93762849479254129, 72.22292997564728978, 174.9253610698920909 ) ) ;
#2068 = CARTESIAN_POINT ( 'NONE',  ( -7.902683517098368249, 53.94953849296003767, 33.93547263421742599 ) ) ;
#2069 = CARTESIAN_POINT ( 'NONE',  ( -32.54830665140104173, -28.74785142230646429, 9.999999999999998224 ) ) ;
#2070 = CARTESIAN_POINT ( 'NONE',  ( -8.946430303705575682, 82.99156353808132280, 129.4249567559108129 ) ) ;
#2071 = CARTESIAN_POINT ( 'NONE',  ( -36.54472853174819846, 77.58172266488712410, 187.8884872144309099 ) ) ;
#2072 = CARTESIAN_POINT ( 'NONE',  ( -28.26870319210008375, 98.06994222814986983, 267.3541346117319790 ) ) ;
#2073 = CARTESIAN_POINT ( 'NONE',  ( 8.996301522700443698, -51.55643490643763727, 61.09578488108750349 ) ) ;
#2074 = CARTESIAN_POINT ( 'NONE',  ( -37.11582768008015165, 4.126411538484521024, 322.2479496672474966 ) ) ;
#2075 = CARTESIAN_POINT ( 'NONE',  ( 34.07739439022535777, 75.76293655604823130, 153.4438129042711410 ) ) ;
#2076 = CARTESIAN_POINT ( 'NONE',  ( 5.444480652423141720, 94.70166484779477400, 185.5198918221648228 ) ) ;
#2077 = CARTESIAN_POINT ( 'NONE',  ( -29.50910310893225130, -6.690414841457164918, 359.8102681608411331 ) ) ;
#2078 = PLANE ( 'NONE',  #5247 ) ;
#2079 = CARTESIAN_POINT ( 'NONE',  ( -0.3156656417261630709, -43.01113364881287282, 309.3074982836325262 ) ) ;
#2080 = CARTESIAN_POINT ( 'NONE',  ( 51.23718394812782151, -4.526482675674823319, 61.09940707975938068 ) ) ;
#2081 = CARTESIAN_POINT ( 'NONE',  ( 1.999999999999998224, 96.23078677844981144, 178.1969981376531678 ) ) ;
#2082 = CARTESIAN_POINT ( 'NONE',  ( -51.30170168173668799, 42.90986448928869379, 201.7373212536312224 ) ) ;
#2083 = CARTESIAN_POINT ( 'NONE',  ( 15.19115879784430945, 74.51265384113496282, 374.3194744203620985 ) ) ;
#2084 = CARTESIAN_POINT ( 'NONE',  ( 45.95702179266599785, 51.72705065360902665, 141.1479581945573614 ) ) ;
#2085 = CARTESIAN_POINT ( 'NONE',  ( 52.99287889029509557, 32.58219970539730781, 182.4154467920448326 ) ) ;
#2086 = CARTESIAN_POINT ( 'NONE',  ( -3.036450166794854244, 94.44267710672367855, 162.9940621840293034 ) ) ;
#2087 = CARTESIAN_POINT ( 'NONE',  ( -39.65104301735117787, 71.66102842975067233, 181.3182535217711404 ) ) ;
#2088 = CARTESIAN_POINT ( 'NONE',  ( 55.07226275192429199, 15.24633948222042790, 149.0492076321450838 ) ) ;
#2089 = ORIENTED_EDGE ( 'NONE', *, *, #7559, .F. ) ;
#2090 = CARTESIAN_POINT ( 'NONE',  ( -2.221321130259837684, 91.41503161577540482, 165.8955190576878636 ) ) ;
#2091 = CARTESIAN_POINT ( 'NONE',  ( 27.18462493407380620, -34.24492983052216033, 10.00000000000002842 ) ) ;
#2092 =( BOUNDED_SURFACE ( )  B_SPLINE_SURFACE ( 3, 2, ( 
 ( #6569, #4307, #1348 ),
 ( #667, #5994, #3694 ),
 ( #1279, #91, #1203 ),
 ( #3074, #1860, #200 ) ),
 .UNSPECIFIED., .F., .F., .T. ) 
 B_SPLINE_SURFACE_WITH_KNOTS ( ( 4, 4 ),
 ( 3, 3 ),
 ( 0.000000000000000000, 0.0005000023286536241056 ),
 ( 0.000000000000000000, 1.000000000000000000 ),
 .UNSPECIFIED. ) 
 GEOMETRIC_REPRESENTATION_ITEM ( )  RATIONAL_B_SPLINE_SURFACE ( (
 ( 1.000000000000000000, 0.6991204774765757968, 1.000000000000000000),
 ( 1.000000000000000000, 0.6991204774659626198, 1.000000000000000000),
 ( 1.000000000000000000, 0.6991198344593143599, 1.000000000000000000),
 ( 1.000000000000000000, 0.6991185428208900321, 1.000000000000000000) ) ) 
 REPRESENTATION_ITEM ( '' )  SURFACE ( )  );
#2093 = CARTESIAN_POINT ( 'NONE',  ( -3.037553700449419747, 96.33329462192914150, 172.9956140525052035 ) ) ;
#2094 = CARTESIAN_POINT ( 'NONE',  ( 26.81416357868813805, 97.14247477435185374, 297.7252802620051284 ) ) ;
#2095 = CARTESIAN_POINT ( 'NONE',  ( 11.97045853230204315, 80.20397012040749019, 120.0000000000001137 ) ) ;
#2096 = CARTESIAN_POINT ( 'NONE',  ( -15.60930663450063527, -53.46318521846625060, 95.91218229387590100 ) ) ;
#2097 = ORIENTED_EDGE ( 'NONE', *, *, #5030, .T. ) ;
#2098 = CARTESIAN_POINT ( 'NONE',  ( -47.37636015016017410, 47.87429655230323533, 159.0956128640040390 ) ) ;
#2099 = CARTESIAN_POINT ( 'NONE',  ( 29.27626651897852383, 51.09199784637081621, 337.5451439369414288 ) ) ;
#2100 = CARTESIAN_POINT ( 'NONE',  ( -24.62621588396415007, 84.79094148003311204, 159.6224955286877503 ) ) ;
#2101 = CARTESIAN_POINT ( 'NONE',  ( 55.18502094342525055, -12.09223361389160090, 106.4750809699452816 ) ) ;
#2102 = CARTESIAN_POINT ( 'NONE',  ( -39.43991858397227901, 61.80966359378727759, 95.91591011926962551 ) ) ;
#2103 = B_SPLINE_CURVE_WITH_KNOTS ( 'NONE', 3,
 ( #4677, #7039, #1718, #4713, #6464, #2014, #714, #1320, #4906, #4426, #1902, #6182, #5011, #5604, #5528, #1285 ),
 .UNSPECIFIED., .F., .F.,
 ( 4, 2, 2, 2, 2, 2, 2, 4 ),
 ( 0.000000000000000000, 0.0004915720416996552464, 0.0009831440833993100592, 0.001474716125098964872, 0.001966288166798620118, 0.002457860208498274281, 0.002949432250197929310, 0.003932576333597169981 ),
 .UNSPECIFIED. ) ;
#2104 = CARTESIAN_POINT ( 'NONE',  ( -1.999999999999990452, 93.69327400850416154, 178.5939537848248904 ) ) ;
#2105 = CARTESIAN_POINT ( 'NONE',  ( -28.97961770177319707, -5.104956508470305465, 359.8063327038062198 ) ) ;
#2106 = CARTESIAN_POINT ( 'NONE',  ( 38.97083653212052212, 71.77110103179983014, 171.7744536565968190 ) ) ;
#2107 = CARTESIAN_POINT ( 'NONE',  ( -12.20268880672776568, 108.3599278425992196, 283.7759054504146548 ) ) ;
#2108 = CARTESIAN_POINT ( 'NONE',  ( -12.52431241764143621, -14.35900201387489261, 409.0779284778307670 ) ) ;
#2109 = ORIENTED_EDGE ( 'NONE', *, *, #267, .F. ) ;
#2110 = DIRECTION ( 'NONE',  ( 1.000000000000000000, -6.286854017118685007E-16, -3.348604628904795588E-15 ) ) ;
#2111 = CARTESIAN_POINT ( 'NONE',  ( -36.77104618298634620, 75.63677835737826172, 174.9774535402015658 ) ) ;
#2112 = CARTESIAN_POINT ( 'NONE',  ( -31.31210757276888046, 89.66205485073353998, 192.3843648630540599 ) ) ;
#2113 = CARTESIAN_POINT ( 'NONE',  ( 8.884597155194651208, -48.98423088160341621, 251.6182858225529060 ) ) ;
#2114 = CARTESIAN_POINT ( 'NONE',  ( -40.23318569873402595, 1.053690713738919538, 17.38153833288447103 ) ) ;
#2115 = CARTESIAN_POINT ( 'NONE',  ( 9.386330349364151004, 91.94797252576152857, 172.1823364890457810 ) ) ;
#2116 = CARTESIAN_POINT ( 'NONE',  ( 33.78110141555814039, 81.32993171375484565, 187.9489625261807362 ) ) ;
#2117 = PRESENTATION_LAYER_ASSIGNMENT (  '', '', ( #5359 ) ) ;
#2118 = CARTESIAN_POINT ( 'NONE',  ( 50.49909508819504822, 50.57246213528477341, 185.1722374433962841 ) ) ;
#2119 = CARTESIAN_POINT ( 'NONE',  ( -45.10428449997808542, -6.297230283843178178, 282.1646518020393728 ) ) ;
#2120 = CARTESIAN_POINT ( 'NONE',  ( 2.000000000000003109, 94.51141171337856406, 163.1500645250940522 ) ) ;
#2121 = CARTESIAN_POINT ( 'NONE',  ( -1.254894994252674589, -54.42525749996848816, 175.0446416147003106 ) ) ;
#2122 = CARTESIAN_POINT ( 'NONE',  ( 28.97961770177319707, -5.104956508470305465, 359.8063327038062198 ) ) ;
#2123 = CARTESIAN_POINT ( 'NONE',  ( 0.000000000000000000, 90.70772130924328280, 162.3651403965925510 ) ) ;
#2124 = CARTESIAN_POINT ( 'NONE',  ( -49.80999863748776590, 39.31063616397153027, 95.91718387004972612 ) ) ;
#2125 = CARTESIAN_POINT ( 'NONE',  ( 27.81510459493499710, 33.69460569634906477, 17.24261140536765780 ) ) ;
#2126 = CARTESIAN_POINT ( 'NONE',  ( 46.03184458984294736, 54.15189025871958250, 184.3541516863403444 ) ) ;
#2127 = CARTESIAN_POINT ( 'NONE',  ( 53.57120306618840289, 27.61146807349544474, 176.9090779577620935 ) ) ;
#2128 = CARTESIAN_POINT ( 'NONE',  ( 1.413936580348747807, 93.91175246753913086, 179.7672897993328434 ) ) ;
#2129 = CARTESIAN_POINT ( 'NONE',  ( -39.55607182067725347, 66.36252178203552887, 141.3231719754950291 ) ) ;
#2130 = CARTESIAN_POINT ( 'NONE',  ( 36.48609991179280598, 4.381582552084140936, 10.00000000000001066 ) ) ;
#2131 = ORIENTED_EDGE ( 'NONE', *, *, #5043, .T. ) ;
#2132 = CARTESIAN_POINT ( 'NONE',  ( -6.398945079954863502, 89.94788101231658572, 159.7424829035273603 ) ) ;
#2133 = CARTESIAN_POINT ( 'NONE',  ( 39.70673007799790355, -38.49900023232999047, 236.1458936836871487 ) ) ;
#2134 = CARTESIAN_POINT ( 'NONE',  ( 49.76603673831682784, 47.04436051127267149, 120.0000000000000284 ) ) ;
#2135 = CARTESIAN_POINT ( 'NONE',  ( 12.77181149458487219, 79.45300623983831656, 409.0779284778311649 ) ) ;
#2136 = CARTESIAN_POINT ( 'NONE',  ( 1.999999999999955813, 94.51141171337857827, 163.1500645250940806 ) ) ;
#2137 = CARTESIAN_POINT ( 'NONE',  ( -17.84339041031549300, -47.76728418293716771, 251.5274865416949979 ) ) ;
#2138 = VERTEX_POINT ( 'NONE', #628 ) ;
#2139 = CARTESIAN_POINT ( 'NONE',  ( -47.58177995556656015, 46.89720121639214057, 159.0900979227838263 ) ) ;
#2140 = CARTESIAN_POINT ( 'NONE',  ( 10.80245739912939662, 53.12937317048966435, 394.0875306254684460 ) ) ;
#2141 =( BOUNDED_SURFACE ( )  B_SPLINE_SURFACE ( 3, 2, ( 
 ( #3103, #4371, #155 ),
 ( #7172, #697, #6739 ),
 ( #1413, #4298, #4226 ),
 ( #6634, #6598, #1270 ),
 ( #3721, #3647, #3065 ),
 ( #5439, #2484, #2522 ),
 ( #4890, #6852, #2672 ),
 ( #7475, #3870, #263 ),
 ( #6243, #5157, #302 ),
 ( #7517, #5704, #2162 ),
 ( #3328, #3289, #7399 ),
 ( #3214, #3253, #6813 ),
 ( #3830, #422, #7045 ),
 ( #7437, #4531, #6891 ),
 ( #1494, #6206, #5036 ),
 ( #2200, #2120, #379 ) ),
 .UNSPECIFIED., .F., .F., .T. ) 
 B_SPLINE_SURFACE_WITH_KNOTS ( ( 4, 2, 2, 2, 2, 2, 2, 4 ),
 ( 3, 3 ),
 ( 0.000000000000000000, 0.0004882264654977338083, 0.0009764529309954676165, 0.001464679396493201533, 0.001952905861990935233, 0.002441132327488669367, 0.002929358792986403066, 0.003905811723981870466 ),
 ( 0.000000000000000000, 1.000000000000000000 ),
 .UNSPECIFIED. ) 
 GEOMETRIC_REPRESENTATION_ITEM ( )  RATIONAL_B_SPLINE_SURFACE ( (
 ( 1.000000000000000000, 0.7068466317576532765, 1.000000000000000000),
 ( 1.000000000000000000, 0.7067133827021698789, 1.000000000000000000),
 ( 1.000000000000000000, 0.7064575229658832667, 1.000000000000000000),
 ( 1.000000000000000000, 0.7057150095659120437, 1.000000000000000000),
 ( 1.000000000000000000, 0.7052212495904432998, 1.000000000000000000),
 ( 1.000000000000000000, 0.7040549711382513287, 1.000000000000000000),
 ( 1.000000000000000000, 0.7033873990642118823, 1.000000000000000000),
 ( 1.000000000000000000, 0.7019388211116115439, 1.000000000000000000),
 ( 1.000000000000000000, 0.7011523257825386102, 1.000000000000000000),
 ( 1.000000000000000000, 0.6996005182681283019, 1.000000000000000000),
 ( 1.000000000000000000, 0.6988278443721632760, 1.000000000000000000),
 ( 1.000000000000000000, 0.6973654438997173299, 1.000000000000000000),
 ( 1.000000000000000000, 0.6966882012024577797, 1.000000000000000000),
 ( 1.000000000000000000, 0.6949669035465384503, 1.000000000000000000),
 ( 1.000000000000000000, 0.6942099272364197216, 1.000000000000000000),
 ( 1.000000000000000000, 0.6940940904214460971, 1.000000000000000000) ) ) 
 REPRESENTATION_ITEM ( '' )  SURFACE ( )  );
#2142 = CARTESIAN_POINT ( 'NONE',  ( -24.21527004591636612, 90.19702829865389049, 191.4100409502511582 ) ) ;
#2143 = CARTESIAN_POINT ( 'NONE',  ( 34.97154498934823152, -10.13984152677282324, 338.8834781932129658 ) ) ;
#2144 = CARTESIAN_POINT ( 'NONE',  ( -39.54434608194740264, 82.78856962875335057, 221.5941304192313623 ) ) ;
#2145 = CARTESIAN_POINT ( 'NONE',  ( -1.999999999999864775, 92.82810966448353440, 173.6687776477104990 ) ) ;
#2146 = CARTESIAN_POINT ( 'NONE',  ( -55.92632958073807714, -5.025357666496797826, 125.3253990331698020 ) ) ;
#2147 = ADVANCED_FACE ( 'NONE', ( #6609 ), #4525, .T. ) ;
#2148 = CARTESIAN_POINT ( 'NONE',  ( 41.87010836178966855, 66.82139109965511636, 178.0283068049964754 ) ) ;
#2149 = CARTESIAN_POINT ( 'NONE',  ( -11.02331427408897468, 91.18493998554916402, 149.0197848656658266 ) ) ;
#2150 = CARTESIAN_POINT ( 'NONE',  ( -37.66439525904381469, -31.50435355867594467, 282.6141579083720217 ) ) ;
#2151 = EDGE_LOOP ( 'NONE', ( #168, #4120, #211, #2109 ) ) ;
#2152 = CARTESIAN_POINT ( 'NONE',  ( -53.69098103248670384, 27.10604614702785398, 173.8550355239896703 ) ) ;
#2153 = CARTESIAN_POINT ( 'NONE',  ( -34.98563715824906240, 79.37927632107690101, 184.6585276240096221 ) ) ;
#2154 = CARTESIAN_POINT ( 'NONE',  ( -17.72162667113882861, 85.39357902044312709, 409.0779284778311080 ) ) ;
#2155 = CARTESIAN_POINT ( 'NONE',  ( 0.8626648274735992938, -36.80163856328391603, 354.2068946924327975 ) ) ;
#2156 = CARTESIAN_POINT ( 'NONE',  ( -42.40625024018881106, 8.585008312730220581, 296.6917846136911976 ) ) ;
#2157 = B_SPLINE_CURVE_WITH_KNOTS ( 'NONE', 3,
 ( #6838, #6346, #4475, #6426 ),
 .UNSPECIFIED., .F., .F.,
 ( 4, 4 ),
 ( 2.345130908174702961E-20, 0.0005057440890657073120 ),
 .UNSPECIFIED. ) ;
#2158 = CARTESIAN_POINT ( 'NONE',  ( 17.79739893148441610, 91.10474065187055714, 178.4721402046546643 ) ) ;
#2159 = CARTESIAN_POINT ( 'NONE',  ( 34.55693781652472296, 80.75636343371155590, 191.2368030317228715 ) ) ;
#2160 = CARTESIAN_POINT ( 'NONE',  ( 15.46190533544148771, 97.66928412885786770, 191.3240131433053364 ) ) ;
#2161 = CARTESIAN_POINT ( 'NONE',  ( -54.60752785499584405, -6.602985082792540261, 95.91851009984731036 ) ) ;
#2162 = CARTESIAN_POINT ( 'NONE',  ( 2.410899727967032558, 94.17792621240674578, 161.5285831479588126 ) ) ;
#2163 = CARTESIAN_POINT ( 'NONE',  ( 1.429007040487351821E-15, -27.31785047043236503, 409.0779284778315628 ) ) ;
#2164 = CARTESIAN_POINT ( 'NONE',  ( 37.25073617250676250, -5.996602668736216835, 10.00000000000000888 ) ) ;
#2165 = CARTESIAN_POINT ( 'NONE',  ( 1.802233352357573537, 96.34599125220952942, 178.8386838723455412 ) ) ;
#2166 = CARTESIAN_POINT ( 'NONE',  ( 30.06748785958039250, 85.33270811376672782, 188.0208276264569918 ) ) ;
#2167 = CARTESIAN_POINT ( 'NONE',  ( -34.23927805434021110, 24.35868407753685361, 17.29580206463547398 ) ) ;
#2168 = CARTESIAN_POINT ( 'NONE',  ( 25.99660293237877795, 76.33929015630870651, 336.5399300979128725 ) ) ;
#2169 = CARTESIAN_POINT ( 'NONE',  ( 45.96505666917638422, 52.97593006475300825, 153.1376644560058935 ) ) ;
#2170 = CARTESIAN_POINT ( 'NONE',  ( 3.843277070158975128, 114.7537356723240407, 409.0779284778313922 ) ) ;
#2171 = CARTESIAN_POINT ( 'NONE',  ( -36.10260926855690400, 78.34871062012815912, 188.8003644216244368 ) ) ;
#2172 = CARTESIAN_POINT ( 'NONE',  ( -39.42140449442297978, 72.09172174650417730, 181.3249442382892767 ) ) ;
#2173 = CARTESIAN_POINT ( 'NONE',  ( 50.33070789804374101, 10.93091134073469561, 61.08597647312799239 ) ) ;
#2174 = CARTESIAN_POINT ( 'NONE',  ( 0.000000000000000000, 95.36878611322653398, 188.2507970905881507 ) ) ;
#2175 = CARTESIAN_POINT ( 'NONE',  ( 34.88939280935169052, -34.80724427588212677, 282.7435959434031361 ) ) ;
#2176 = CARTESIAN_POINT ( 'NONE',  ( -5.026073635634163154E-13, 83.82034560910882703, 134.3576760388327216 ) ) ;
#2177 = CARTESIAN_POINT ( 'NONE',  ( 18.88371068411270315, 101.8672128300566300, 372.0408263861291971 ) ) ;
#2178 = CARTESIAN_POINT ( 'NONE',  ( -3.000000000000001332, 93.49317265539255573, 163.3472525273979272 ) ) ;
#2179 = CARTESIAN_POINT ( 'NONE',  ( -5.842918442561731318, -25.88345271190880581, 409.0779284778313354 ) ) ;
#2180 = EDGE_LOOP ( 'NONE', ( #6420, #3307, #4167, #6508 ) ) ;
#2181 = CARTESIAN_POINT ( 'NONE',  ( -48.16329715778690712, 43.95031356724499716, 159.0745155520788217 ) ) ;
#2182 = CARTESIAN_POINT ( 'NONE',  ( 47.27436567390391531, 47.53978440919127024, 95.91675385857286074 ) ) ;
#2183 = CARTESIAN_POINT ( 'NONE',  ( -26.16404126303383393, 84.94990415920383953, 165.7422133074051089 ) ) ;
#2184 = CARTESIAN_POINT ( 'NONE',  ( 34.79484428750806302, -7.907744462510787997, 338.9094986770033984 ) ) ;
#2185 = CARTESIAN_POINT ( 'NONE',  ( -42.18889565124386820, 77.12256936711389699, 211.2193486448351791 ) ) ;
#2186 = CARTESIAN_POINT ( 'NONE',  ( 0.1666674888659518683, 93.97680616000370435, 180.0669229464810712 ) ) ;
#2187 = CARTESIAN_POINT ( 'NONE',  ( -51.02145040802567877, -4.813224141547872037, 235.9984511206521915 ) ) ;
#2188 = CARTESIAN_POINT ( 'NONE',  ( 40.05808931613802315, 71.22365002041918558, 184.5311241200667496 ) ) ;
#2189 = CARTESIAN_POINT ( 'NONE',  ( -21.76678825150214180, 99.36461859968835597, 221.6172238022536476 ) ) ;
#2190 = CARTESIAN_POINT ( 'NONE',  ( -50.48554454882730624, -33.11777417766523257, 106.4690502667183694 ) ) ;
#2191 = DIRECTION ( 'NONE',  ( 0.9999999949984913483, -1.925510095760577474E-05, -9.814406976559777291E-05 ) ) ;
#2192 = CARTESIAN_POINT ( 'NONE',  ( -35.73514761345766289, 76.66158697178907744, 171.8500517972125579 ) ) ;
#2193 = CARTESIAN_POINT ( 'NONE',  ( -29.38068608746426946, 91.22333787487198720, 192.3853215424684890 ) ) ;
#2194 = CARTESIAN_POINT ( 'NONE',  ( 1.175491246658291189, -51.76783516981456756, 221.5351191454790865 ) ) ;
#2195 = CARTESIAN_POINT ( 'NONE',  ( -26.52010035887316874, 7.041817363494678794, 359.5998399392112788 ) ) ;
#2196 = CARTESIAN_POINT ( 'NONE',  ( 19.52161416366991631, 91.03802439064412511, 181.6812107047557276 ) ) ;
#2197 = CARTESIAN_POINT ( 'NONE',  ( 35.10954090215714274, 78.36569378553153342, 178.2024096316949056 ) ) ;
#2198 = DIRECTION ( 'NONE',  ( 1.000000000000000000, 8.349309374342210745E-17, 4.255678552577935538E-16 ) ) ;
#2199 = CARTESIAN_POINT ( 'NONE',  ( -53.10166856565780336, -6.250748451671031880, 211.2172968372455557 ) ) ;
#2200 = CARTESIAN_POINT ( 'NONE',  ( 1.999999999999983569, 93.49317265539255573, 163.3472525273979272 ) ) ;
#2201 = CARTESIAN_POINT ( 'NONE',  ( -0.2851223280673234051, -43.22824026788681806, 17.33791332656384654 ) ) ;
#2202 = CARTESIAN_POINT ( 'NONE',  ( 53.79620627592527882, -4.896329778206069072, 201.7386349821712770 ) ) ;
#2203 = CARTESIAN_POINT ( 'NONE',  ( -0.4999999999999904521, 109.0907880126508047, 158.7585260985518119 ) ) ;
#2204 = CARTESIAN_POINT ( 'NONE',  ( 33.10037311440951413, 82.54920465093758253, 191.2672081505907897 ) ) ;
#2205 = CARTESIAN_POINT ( 'NONE',  ( -50.51065888049588892, 40.60625388687078896, 106.4599890823276809 ) ) ;
#2206 = CARTESIAN_POINT ( 'NONE',  ( 43.59497064300177271, 58.93011517504086072, 106.4487139493086403 ) ) ;
#2207 = CARTESIAN_POINT ( 'NONE',  ( 45.15296271981589626, 52.18655769291488156, 129.7865494778039022 ) ) ;
#2208 = CARTESIAN_POINT ( 'NONE',  ( 1.947430561696071649, 91.88541255089855042, 149.0192602527410770 ) ) ;
#2209 = CARTESIAN_POINT ( 'NONE',  ( -2.699518948792090534, 94.24551754385180402, 161.9199847417681042 ) ) ;
#2210 = EDGE_CURVE ( 'NONE', #6103, #2645, #7444, .T. ) ;
#2211 = B_SPLINE_CURVE_WITH_KNOTS ( 'NONE', 3,
 ( #1375, #3756, #2595, #6166 ),
 .UNSPECIFIED., .F., .F.,
 ( 4, 4 ),
 ( 2.602085213965210642E-18, 0.002514066000459882263 ),
 .UNSPECIFIED. ) ;
#2212 = CARTESIAN_POINT ( 'NONE',  ( -38.57326789553427204, 74.29304537932893027, 187.8377981302616888 ) ) ;
#2213 = CARTESIAN_POINT ( 'NONE',  ( 37.11582768008015165, 4.126411538484521024, 322.2479496672474966 ) ) ;
#2214 = ORIENTED_EDGE ( 'NONE', *, *, #3024, .F. ) ;
#2215 = CARTESIAN_POINT ( 'NONE',  ( -49.97380357613663904, 27.51301076857651040, 176.6487809018274788 ) ) ;
#2216 = CARTESIAN_POINT ( 'NONE',  ( 14.76985720745441988, -23.67019973328903149, 394.0308584438650428 ) ) ;
#2218 = CARTESIAN_POINT ( 'NONE',  ( -53.47298933919712738, 28.30825851051992714, 178.4632230209346062 ) ) ;
#2217 = CARTESIAN_POINT ( 'NONE',  ( 30.42967363735508357, 57.92311380120568742, 60.95745779360114369 ) ) ;
#2219 = CARTESIAN_POINT ( 'NONE',  ( 53.09677712456791454, 30.77230654440299418, 120.0000000000000711 ) ) ;
#2220 = CARTESIAN_POINT ( 'NONE',  ( 19.37539373881425320, 104.8223186834098613, 297.8727098026344038 ) ) ;
#2221 = CARTESIAN_POINT ( 'NONE',  ( 3.038240967837825046, 97.19915715014394664, 177.9263847027587815 ) ) ;
#2222 = ORIENTED_EDGE ( 'NONE', *, *, #1244, .T. ) ;
#2223 = CARTESIAN_POINT ( 'NONE',  ( -45.95848952518318953, 52.99888119375120255, 153.1391823425507823 ) ) ;
#2224 = CARTESIAN_POINT ( 'NONE',  ( 37.79436788118788826, 37.94507223821516817, 309.2110135683235512 ) ) ;
#2225 = CARTESIAN_POINT ( 'NONE',  ( -23.68258170297960774, 76.41710002422493631, 119.5250118973147266 ) ) ;
#2226 = CARTESIAN_POINT ( 'NONE',  ( 44.11414584183997079, -15.46038235363510616, 282.2216683827899715 ) ) ;
#2227 = CARTESIAN_POINT ( 'NONE',  ( -34.16818497459771464, 39.95006829759443434, 34.11739089674451009 ) ) ;
#2228 = CARTESIAN_POINT ( 'NONE',  ( -1.855462962997764365, 84.85777298048778050, 120.0000000000000426 ) ) ;
#2229 = CARTESIAN_POINT ( 'NONE',  ( -47.43963092232718992, -5.736623016275592235, 266.0948517749184816 ) ) ;
#2230 = CARTESIAN_POINT ( 'NONE',  ( 39.79782410391713654, 65.96348143679006171, 141.3149913363450594 ) ) ;
#2231 = CARTESIAN_POINT ( 'NONE',  ( 14.61482154869493932, 100.7750645331863524, 211.2203698486674455 ) ) ;
#2232 = CARTESIAN_POINT ( 'NONE',  ( -23.32371366580521510, 87.68154007732346145, 149.0219227198818714 ) ) ;
#2233 = CARTESIAN_POINT ( 'NONE',  ( -40.11145221864956767, -44.86715700630711723, 174.9897969731160288 ) ) ;
#2234 = ORIENTED_EDGE ( 'NONE', *, *, #5944, .T. ) ;
#2235 = CARTESIAN_POINT ( 'NONE',  ( -0.1685622607409454632, 94.04758353640919211, 160.6900679399621765 ) ) ;
#2236 = CARTESIAN_POINT ( 'NONE',  ( -35.17682782004402497, 77.38334153952888528, 171.8626068626088568 ) ) ;
#2237 = EDGE_CURVE ( 'NONE', #7268, #2419, #3178, .T. ) ;
#2238 = CARTESIAN_POINT ( 'NONE',  ( -22.53352597700328985, 91.61916941003116222, 335.9100601082063804 ) ) ;
#2239 = CARTESIAN_POINT ( 'NONE',  ( 4.922740558766545149, -54.76240801901495558, 106.4484883460111888 ) ) ;
#2240 = CARTESIAN_POINT ( 'NONE',  ( -49.74550139539176286, 0.3173249125596362963, 250.8492170868408380 ) ) ;
#2241 = CARTESIAN_POINT ( 'NONE',  ( 15.88287845984775259, 93.32939379664900059, 188.1991515141865250 ) ) ;
#2242 = CARTESIAN_POINT ( 'NONE',  ( 35.61086452699509408, 78.13068306686294306, 181.4180189378605803 ) ) ;
#2243 = CARTESIAN_POINT ( 'NONE',  ( 53.81745266068637079, 27.10604614702784332, 128.9751282168284945 ) ) ;
#2244 = CARTESIAN_POINT ( 'NONE',  ( -56.14666852717171963, -12.12898496295602868, 149.0521192446565522 ) ) ;
#2245 = CARTESIAN_POINT ( 'NONE',  ( -0.3883685771087636573, -53.64666704428780974, 82.49046243477845053 ) ) ;
#2246 = CARTESIAN_POINT ( 'NONE',  ( 53.11693139175028477, -5.733250820808043713, 211.2172972428551532 ) ) ;
#2247 = CARTESIAN_POINT ( 'NONE',  ( -7.946428739083676085, 85.78293093709329753, 133.9726321057808605 ) ) ;
#2248 = ADVANCED_FACE ( 'NONE', ( #4343 ), #3036, .T. ) ;
#2249 = CARTESIAN_POINT ( 'NONE',  ( 31.61021798098551727, 81.43745652726548201, 171.9397110586534723 ) ) ;
#2250 = CARTESIAN_POINT ( 'NONE',  ( -29.80362724442815292, 44.74890497749085938, 337.7851679620802656 ) ) ;
#2251 = CARTESIAN_POINT ( 'NONE',  ( 36.36731059338014660, 72.43720910548549341, 297.3681172835086386 ) ) ;
#2252 = CARTESIAN_POINT ( 'NONE',  ( 47.41088521683840895, 46.50071855991569691, 190.8767754806153505 ) ) ;
#2253 = CARTESIAN_POINT ( 'NONE',  ( -1.999999999999991784, 96.24662459965327344, 178.2947769013549362 ) ) ;
#2254 = CARTESIAN_POINT ( 'NONE',  ( 8.178849805361936731, 112.3107840377418825, 335.0187708283351071 ) ) ;
#2255 = CARTESIAN_POINT ( 'NONE',  ( -1.990285169197674620, 93.45667343256641857, 163.1542219742519251 ) ) ;
#2256 = CARTESIAN_POINT ( 'NONE',  ( -38.73097763129067062, 74.33206976942288691, 191.1366650766889279 ) ) ;
#2257 = CARTESIAN_POINT ( 'NONE',  ( 49.66283951151136478, 6.350799116603711880, 250.8658868717100177 ) ) ;
#2258 = CARTESIAN_POINT ( 'NONE',  ( -1.705100131138573172, 94.34339161253500095, 162.2646995445493019 ) ) ;
#2259 = CARTESIAN_POINT ( 'NONE',  ( -49.80444954648560696, 28.74370356643755287, 179.1863121629990303 ) ) ;
#2260 = CARTESIAN_POINT ( 'NONE',  ( 16.00663297944399588, -28.66083063176040824, 375.2542703734056317 ) ) ;
#2261 = CARTESIAN_POINT ( 'NONE',  ( 35.65019865020066447, 86.39537904418227754, 201.7350507500975141 ) ) ;
#2262 = CARTESIAN_POINT ( 'NONE',  ( 0.5061229637643370749, 97.68362273171801746, 180.3816332480687663 ) ) ;
#2263 = CARTESIAN_POINT ( 'NONE',  ( 20.67086393471050343, 96.15052449382882571, 192.3885722426588245 ) ) ;
#2264 = VECTOR ( 'NONE', #3684, 1000.000000000000114 ) ;
#2265 = CARTESIAN_POINT ( 'NONE',  ( -2.000000000000009770, 97.23829072087823988, 177.9195124834040485 ) ) ;
#2266 = ORIENTED_EDGE ( 'NONE', *, *, #6415, .F. ) ;
#2267 = CARTESIAN_POINT ( 'NONE',  ( -46.98641805693777229, 46.04650476005407000, 129.7390099147137335 ) ) ;
#2268 = CARTESIAN_POINT ( 'NONE',  ( 40.89551631388290076, 27.26155058590790503, 34.23760628688901875 ) ) ;
#2269 = CARTESIAN_POINT ( 'NONE',  ( -14.00076914365280523, 82.51175022304512652, 130.3611308007852472 ) ) ;
#2270 = CARTESIAN_POINT ( 'NONE',  ( 36.20641239558317892, -21.28840862801819966, 322.0730833068037668 ) ) ;
#2271 = CARTESIAN_POINT ( 'NONE',  ( -41.64594192190568123, 54.17772022599797310, 82.47792921848625269 ) ) ;
#2272 = CARTESIAN_POINT ( 'NONE',  ( 0.4999999999999796274, 93.97526499812197187, 180.0672253104210938 ) ) ;
#2273 = ADVANCED_FACE ( 'NONE', ( #1911 ), #4782, .T. ) ;
#2274 = CARTESIAN_POINT ( 'NONE',  ( 40.74474787680140508, 70.31025188909809742, 191.0764260648627157 ) ) ;
#2275 = CARTESIAN_POINT ( 'NONE',  ( 18.29418708406168648, 97.02926449536130349, 192.3892210261480216 ) ) ;
#2276 = CARTESIAN_POINT ( 'NONE',  ( -20.98093319825395042, 88.63672423477601114, 149.0213930354750005 ) ) ;
#2277 = CARTESIAN_POINT ( 'NONE',  ( -30.76909686552671985, -43.10220792976829784, 251.3233365246024391 ) ) ;
#2278 = ORIENTED_EDGE ( 'NONE', *, *, #2018, .T. ) ;
#2279 = DIRECTION ( 'NONE',  ( 3.406996906818447161E-15, 0.1925219665259060853, 0.9812926639922453509 ) ) ;
#2280 = CARTESIAN_POINT ( 'NONE',  ( -34.10973577947196844, 76.78376079755540218, 159.4393026695159676 ) ) ;
#2281 = CARTESIAN_POINT ( 'NONE',  ( -25.27001978183731623, 48.11528484928059157, 34.02652561710538492 ) ) ;
#2282 = CARTESIAN_POINT ( 'NONE',  ( 4.725889063929675338, -51.69817681154050604, 221.5349971465356020 ) ) ;
#2283 = CARTESIAN_POINT ( 'NONE',  ( -54.33678458874157258, 2.628405762548345237, 95.91844446400190805 ) ) ;
#2284 = CARTESIAN_POINT ( 'NONE',  ( 15.51540753925033655, 79.36323801374270204, 119.5917528843650359 ) ) ;
#2285 = CARTESIAN_POINT ( 'NONE',  ( 36.87427982821868255, 74.18591840219120570, 165.5227933556115261 ) ) ;
#2286 = FACE_OUTER_BOUND ( 'NONE', #6271, .T. ) ;
#2287 = CARTESIAN_POINT ( 'NONE',  ( -51.19963392660109491, -8.423031461118204888, 61.09962439963114633 ) ) ;
#2288 = CARTESIAN_POINT ( 'NONE',  ( -5.026073635634163154E-13, 85.78293093709331174, 133.9726321057809173 ) ) ;
#2289 = EDGE_CURVE ( 'NONE', #7665, #7108, #5022, .T. ) ;
#2290 = CARTESIAN_POINT ( 'NONE',  ( 53.79417827598516055, -5.736872006809078606, 201.7386368738305862 ) ) ;
#2291 = CARTESIAN_POINT ( 'NONE',  ( -53.22131415674848398, 30.45729395540862328, 181.0558226069464354 ) ) ;
#2292 = CARTESIAN_POINT ( 'NONE',  ( 30.73290307407222954, 71.79851199973353459, 119.3936878132246875 ) ) ;
#2293 = CARTESIAN_POINT ( 'NONE',  ( -52.05181209475855297, 29.32913481788226662, 211.2178035932212197 ) ) ;
#2294 = CARTESIAN_POINT ( 'NONE',  ( 47.46403194283069382, 41.22361456802283897, 118.9537394682619151 ) ) ;
#2295 = CARTESIAN_POINT ( 'NONE',  ( 2.520710038820447974, 97.47952968721043021, 179.4252596296004469 ) ) ;
#2296 = CARTESIAN_POINT ( 'NONE',  ( 5.151470429779041460, 73.78389412568056116, 82.48421151976060628 ) ) ;
#2297 = CARTESIAN_POINT ( 'NONE',  ( -38.61870507474393577, 63.07002127727140106, 119.2042554932666008 ) ) ;
#2298 = CARTESIAN_POINT ( 'NONE',  ( 42.55527518931727826, 6.407974814295117838, 296.6819308671617250 ) ) ;
#2299 = CARTESIAN_POINT ( 'NONE',  ( 0.000000000000000000, 99.54972265623483452, 191.5696355819259509 ) ) ;
#2300 = CARTESIAN_POINT ( 'NONE',  ( 22.27334005151897145, -46.64898668449016839, 251.4657667690855476 ) ) ;
#2301 = CARTESIAN_POINT ( 'NONE',  ( 33.81653421781999214, 67.66300580328906733, 95.91553206792576702 ) ) ;
#2302 = CARTESIAN_POINT ( 'NONE',  ( 0.000000000000000000, 95.90076117330929151, 191.5527080464209178 ) ) ;
#2303 = CARTESIAN_POINT ( 'NONE',  ( 17.25280475017869364, 106.3681602064898328, 320.8726532944767769 ) ) ;
#2304 = CARTESIAN_POINT ( 'NONE',  ( -7.946428739083676085, 83.82034560910881282, 134.3576760388326647 ) ) ;
#2305 = VERTEX_POINT ( 'NONE', #7385 ) ;
#2306 = CARTESIAN_POINT ( 'NONE',  ( -45.35238307257502299, 56.12789725474215885, 165.2967602951687240 ) ) ;
#2307 = CARTESIAN_POINT ( 'NONE',  ( 50.51065888049588892, 40.60625388687078896, 106.4599890823276809 ) ) ;
#2308 = CARTESIAN_POINT ( 'NONE',  ( -12.33733279193439358, 90.31488431268621753, 165.8734928357679621 ) ) ;
#2309 = CARTESIAN_POINT ( 'NONE',  ( 39.31215376114300142, -18.44048239436708769, 309.1963220410127064 ) ) ;
#2310 = FACE_OUTER_BOUND ( 'NONE', #516, .T. ) ;
#2311 = CARTESIAN_POINT ( 'NONE',  ( 39.85783861471064426, 67.70091606445072330, 153.3055285633705012 ) ) ;
#2312 = CARTESIAN_POINT ( 'NONE',  ( 14.89803737164641007, 108.4824953752723360, 402.7990590801052804 ) ) ;
#2313 = CARTESIAN_POINT ( 'NONE',  ( -18.25451040978617101, 71.52776686840793730, 82.48321900413819208 ) ) ;
#2314 = CARTESIAN_POINT ( 'NONE',  ( -39.70673007799790355, -38.49900023232999047, 236.1458936836871487 ) ) ;
#2315 = ORIENTED_EDGE ( 'NONE', *, *, #4456, .T. ) ;
#2316 = CARTESIAN_POINT ( 'NONE',  ( 8.693038305915749220, 82.78159874521654160, 128.4382830451354494 ) ) ;
#2317 = CARTESIAN_POINT ( 'NONE',  ( -33.25716967440827432, 69.53360059804971627, 119.3381118668615528 ) ) ;
#2318 = CARTESIAN_POINT ( 'NONE',  ( -19.59041987682523356, 34.02306453757994831, 9.999999999999998224 ) ) ;
#2319 = CARTESIAN_POINT ( 'NONE',  ( 1.099151737956372665, -51.87674202349462860, 61.09561751996819368 ) ) ;
#2320 = CARTESIAN_POINT ( 'NONE',  ( -5.011671903651335747, 0.05558751713613985235, 409.0779284778308806 ) ) ;
#2321 = CARTESIAN_POINT ( 'NONE',  ( 14.05046624210404893, 93.82511593272971595, 188.2120281795138794 ) ) ;
#2322 = CARTESIAN_POINT ( 'NONE',  ( 37.20561925115506341, 75.81268560180879490, 181.3821357455331622 ) ) ;
#2323 = CARTESIAN_POINT ( 'NONE',  ( 0.000000000000000000, 112.7580379459900257, 320.7469887188660209 ) ) ;
#2324 = CARTESIAN_POINT ( 'NONE',  ( -49.87391172820665730, -16.53361837407254242, 236.0127094445664397 ) ) ;
#2325 = LINE ( 'NONE', #7602, #2756 ) ;
#2326 = CARTESIAN_POINT ( 'NONE',  ( 31.58058914624128377, 81.95707127531848357, 175.0898701363295800 ) ) ;
#2327 = CARTESIAN_POINT ( 'NONE',  ( -49.24209790291187971, 19.60489914474521100, 61.07037457041619177 ) ) ;
#2328 = B_SPLINE_CURVE_WITH_KNOTS ( 'NONE', 3,
 ( #344, #3951, #6209, #962 ),
 .UNSPECIFIED., .F., .F.,
 ( 4, 4 ),
 ( 2.775557561562891351E-17, 0.005511622329640820592 ),
 .UNSPECIFIED. ) ;
#2329 = CARTESIAN_POINT ( 'NONE',  ( 47.28331724192482000, 48.03112728258749087, 184.3172979837378307 ) ) ;
#2330 = CARTESIAN_POINT ( 'NONE',  ( 1.496635945392585487, 97.43586696492933186, 179.0063354916683238 ) ) ;
#2331 = CARTESIAN_POINT ( 'NONE',  ( 5.144429205310951048, 105.6293670115555017, 236.5334520872680741 ) ) ;
#2332 = CARTESIAN_POINT ( 'NONE',  ( -5.884888747807983655, -44.24089897522708981, 297.8217179801829957 ) ) ;
#2333 = CARTESIAN_POINT ( 'NONE',  ( -38.83810678009689354, 71.99384228232507610, 171.7783810262217230 ) ) ;
#2334 = CARTESIAN_POINT ( 'NONE',  ( 52.35555930434267680, 5.977372304225366584, 221.5251464616521844 ) ) ;
#2335 = CARTESIAN_POINT ( 'NONE',  ( -50.04562128772656848, 27.15864423889413004, 174.9971071608118223 ) ) ;
#2336 = CARTESIAN_POINT ( 'NONE',  ( 25.72734408978171317, -52.43181408899979346, 125.3277519368417643 ) ) ;
#2337 = CARTESIAN_POINT ( 'NONE',  ( 36.30958233302040838, 86.61133679822637532, 211.2197086109602253 ) ) ;
#2338 = CARTESIAN_POINT ( 'NONE',  ( 2.185831889013016838, 94.82502526449772517, 184.9865012665755444 ) ) ;
#2339 = CARTESIAN_POINT ( 'NONE',  ( 18.29335931135465643, 105.3985775637422790, 283.6948008825505099 ) ) ;
#2340 = CARTESIAN_POINT ( 'NONE',  ( 49.74275123102738405, 29.26100279980434493, 179.8508082881394614 ) ) ;
#2341 = ORIENTED_EDGE ( 'NONE', *, *, #3624, .T. ) ;
#2342 = CARTESIAN_POINT ( 'NONE',  ( -44.90152642463433352, 58.48573054079481892, 187.6489877901988734 ) ) ;
#2343 = CARTESIAN_POINT ( 'NONE',  ( 42.10988912902877246, 53.88904871606010971, 282.7398322025164816 ) ) ;
#2344 = CARTESIAN_POINT ( 'NONE',  ( -17.74474719050205351, 91.64770629003720614, 181.6969763752390747 ) ) ;
#2345 = CARTESIAN_POINT ( 'NONE',  ( 43.14974593371722023, -19.72270325434978488, 282.2926505310324501 ) ) ;
#2346 = CARTESIAN_POINT ( 'NONE',  ( 0.4999999999999970024, 109.3795709624396579, 160.2304650945401647 ) ) ;
#2347 = CARTESIAN_POINT ( 'NONE',  ( 44.12412754432448025, 52.40931564991172564, 119.0483879524501702 ) ) ;
#2348 = EDGE_CURVE ( 'NONE', #1603, #3085, #2065, .T. ) ;
#2349 = CARTESIAN_POINT ( 'NONE',  ( 14.98551904889730402, 64.68138256694996358, 60.92548577990547898 ) ) ;
#2350 = CARTESIAN_POINT ( 'NONE',  ( -18.03683247244964605, 103.8112482342608018, 251.8055157942218898 ) ) ;
#2351 = CARTESIAN_POINT ( 'NONE',  ( -38.53977333725261190, -44.55900025591001423, 82.47946431468582773 ) ) ;
#2352 = VERTEX_POINT ( 'NONE', #3856 ) ;
#2353 = CARTESIAN_POINT ( 'NONE',  ( 1.999999999999997113, 90.97061950296259170, 163.8421577798189048 ) ) ;
#2354 = CARTESIAN_POINT ( 'NONE',  ( 7.946129078065657936, 82.68785686703417070, 127.7142884717276701 ) ) ;
#2355 = CARTESIAN_POINT ( 'NONE',  ( -33.18116516339146926, 82.03988073070553355, 187.9616915134667749 ) ) ;
#2356 = CARTESIAN_POINT ( 'NONE',  ( -29.42402334394974872, 95.83469299545024001, 283.4562711395786323 ) ) ;
#2357 = EDGE_CURVE ( 'NONE', #7416, #978, #4949, .T. ) ;
#2358 = CARTESIAN_POINT ( 'NONE',  ( 0.000000000000000000, -55.30562586863180030, 125.3284483089479551 ) ) ;
#2359 = CARTESIAN_POINT ( 'NONE',  ( -55.62849506958383472, 3.374676323315691562, 149.0510612530253809 ) ) ;
#2360 = CARTESIAN_POINT ( 'NONE',  ( 25.74674023843517290, 89.22080940936044158, 191.3892871979427355 ) ) ;
#2361 = CARTESIAN_POINT ( 'NONE',  ( 37.65997199885517688, 75.48663744040486279, 184.5975649032687045 ) ) ;
#2362 = CARTESIAN_POINT ( 'NONE',  ( 0.000000000000000000, 114.9108385403007304, 389.8678880722445683 ) ) ;
#2363 = CARTESIAN_POINT ( 'NONE',  ( -37.25453325313229413, -8.006426954955317754, 9.999999999999998224 ) ) ;
#2364 = DIRECTION ( 'NONE',  ( -3.406996906818449922E-15, -0.1925219665259060853, -0.9812926639922454619 ) ) ;
#2365 = CARTESIAN_POINT ( 'NONE',  ( 12.84977190268531899, -54.61974385972305868, 149.1121289288379046 ) ) ;
#2366 = CARTESIAN_POINT ( 'NONE',  ( -50.92809235136057566, 26.64313019232611168, 82.47178895346226568 ) ) ;
#2367 = CARTESIAN_POINT ( 'NONE',  ( 47.52091656676869036, 47.40356159730641394, 165.2361525520301484 ) ) ;
#2368 = CARTESIAN_POINT ( 'NONE',  ( -1.999999999999990452, 96.21494918568889432, 178.0992207842987796 ) ) ;
#2369 = CARTESIAN_POINT ( 'NONE',  ( 10.99285880377884261, 96.06286899773590449, 174.9459092120368666 ) ) ;
#2370 = CARTESIAN_POINT ( 'NONE',  ( -7.445171975095936645, -53.38845627750440315, 192.4450082018350372 ) ) ;
#2371 = CARTESIAN_POINT ( 'NONE',  ( -39.40976416035310592, 69.39295024432604464, 159.3150171994559514 ) ) ;
#2372 = CARTESIAN_POINT ( 'NONE',  ( 19.98990858838654461, 2.568934615765285479, 379.9410785533530657 ) ) ;
#2373 = CARTESIAN_POINT ( 'NONE',  ( 23.08692476348595335, -49.28023016844881710, 61.09653947420420650 ) ) ;
#2374 = EDGE_CURVE ( 'NONE', #6075, #2049, #2441, .T. ) ;
#2375 = CARTESIAN_POINT ( 'NONE',  ( 29.28745456234588929, 93.28317127214548066, 297.6592065546701065 ) ) ;
#2376 = CARTESIAN_POINT ( 'NONE',  ( 6.371699790919834072, 92.29557512668532127, 172.1897478279543350 ) ) ;
#2377 = CARTESIAN_POINT ( 'NONE',  ( 27.82772401750143132, 74.92724985404815641, 106.4371432618511051 ) ) ;
#2378 = CARTESIAN_POINT ( 'NONE',  ( -2.000000000000013323, 95.35004920154882768, 173.1740833638501726 ) ) ;
#2379 = ORIENTED_EDGE ( 'NONE', *, *, #656, .T. ) ;
#2380 = CARTESIAN_POINT ( 'NONE',  ( -45.93073236810194260, 54.49507545114477836, 187.6183136611842883 ) ) ;
#2381 = CARTESIAN_POINT ( 'NONE',  ( 48.64907237358033143, 37.39901881174431253, 82.47391483263560019 ) ) ;
#2382 = CARTESIAN_POINT ( 'NONE',  ( -19.60348144735042908, 89.95421727170442239, 175.2713133372081984 ) ) ;
#2383 = CARTESIAN_POINT ( 'NONE',  ( 12.37148435815167247, -12.80642019085374805, 409.0779284778318470 ) ) ;
#2384 = CARTESIAN_POINT ( 'NONE',  ( 41.28265794388429555, 58.69285166540917942, 119.1293253915154082 ) ) ;
#2385 = CARTESIAN_POINT ( 'NONE',  ( 18.57086248286109154, 89.44977339474097278, 149.0209146251993957 ) ) ;
#2386 = CARTESIAN_POINT ( 'NONE',  ( -12.66348884083828708, 37.17648967538949023, 9.999999999999996447 ) ) ;
#2387 = CARTESIAN_POINT ( 'NONE',  ( -26.94732368786461052, -38.41318922006642822, 297.3630710976078717 ) ) ;
#2388 = VERTEX_POINT ( 'NONE', #6800 ) ;
#2389 = CARTESIAN_POINT ( 'NONE',  ( -0.5990423806838344190, 93.97465223105753296, 180.0673455305395692 ) ) ;
#2390 = CARTESIAN_POINT ( 'NONE',  ( -49.89731193173041390, 26.82984598675679067, 181.0177992354601884 ) ) ;
#2391 = AXIS2_PLACEMENT_3D ( 'NONE', #3811, #5610, #7307 ) ;
#2392 = B_SPLINE_CURVE_WITH_KNOTS ( 'NONE', 3,
 ( #4026, #3565, #3409, #5315 ),
 .UNSPECIFIED., .F., .F.,
 ( 4, 4 ),
 ( 0.000000000000000000, 0.0005000023286535665345 ),
 .UNSPECIFIED. ) ;
#2393 = CARTESIAN_POINT ( 'NONE',  ( -34.13375149089883820, 80.47068422646215424, 184.6770665174236399 ) ) ;
#2394 = CARTESIAN_POINT ( 'NONE',  ( -30.42967363735508357, 57.92311380120568742, 60.95745779360114369 ) ) ;
#2395 = EDGE_CURVE ( 'NONE', #2305, #4718, #6970, .T. ) ;
#2396 = CARTESIAN_POINT ( 'NONE',  ( 0.3654756032216667783, -51.87957328486705677, 61.09561556252820935 ) ) ;
#2397 = CARTESIAN_POINT ( 'NONE',  ( -27.58509852925660155, -0.6464984716662657283, 359.7630994336495291 ) ) ;
#2398 = CARTESIAN_POINT ( 'NONE',  ( 44.60511646198096969, 62.04095664234887408, 125.2959993858284946 ) ) ;
#2399 = CARTESIAN_POINT ( 'NONE',  ( 25.18964845638186389, 75.62448585234504606, 119.4999492095856652 ) ) ;
#2400 = CARTESIAN_POINT ( 'NONE',  ( 38.21529787706955972, 74.18582250413729184, 181.3574176702282159 ) ) ;
#2401 = CARTESIAN_POINT ( 'NONE',  ( -3.896032811496955794, 114.6920939428093646, 389.8918159907137237 ) ) ;
#2402 = CARTESIAN_POINT ( 'NONE',  ( -12.96073164243719233, -8.356327979453439525, 405.9464218658494019 ) ) ;
#2403 = PLANE ( 'NONE',  #3134 ) ;
#2404 = B_SPLINE_CURVE_WITH_KNOTS ( 'NONE', 3,
 ( #2152, #1604, #3939, #990, #3319, #3402, #2781, #7550 ),
 .UNSPECIFIED., .F., .F.,
 ( 4, 2, 2, 4 ),
 ( 0.000000000000000000, 0.02692786744692011666, 0.04039180117038017326, 0.05385573489384023332 ),
 .UNSPECIFIED. ) ;
#2405 =( BOUNDED_SURFACE ( )  B_SPLINE_SURFACE ( 3, 2, ( 
 ( #4480, #7506, #6805 ),
 ( #3978, #913, #333 ),
 ( #5148, #5776, #2235 ),
 ( #5622, #452, #369 ) ),
 .UNSPECIFIED., .F., .F., .T. ) 
 B_SPLINE_SURFACE_WITH_KNOTS ( ( 4, 4 ),
 ( 3, 3 ),
 ( 0.000000000000000000, 0.0005000020465236260309 ),
 ( 0.000000000000000000, 1.000000000000000000 ),
 .UNSPECIFIED. ) 
 GEOMETRIC_REPRESENTATION_ITEM ( )  RATIONAL_B_SPLINE_SURFACE ( (
 ( 1.000000000000000000, 0.7068466317576629354, 1.000000000000000000),
 ( 1.000000000000000000, 0.7068457359758029135, 1.000000000000000000),
 ( 1.000000000000000000, 0.7068452909194814504, 1.000000000000000000),
 ( 1.000000000000000000, 0.7068452909082055813, 1.000000000000000000) ) ) 
 REPRESENTATION_ITEM ( '' )  SURFACE ( )  );
#2406 = CARTESIAN_POINT ( 'NONE',  ( 12.89144863210889724, -47.09728962526845919, 34.32630704268894561 ) ) ;
#2407 = CARTESIAN_POINT ( 'NONE',  ( -48.50473078586230713, 23.89607912256062860, 61.06101456906107217 ) ) ;
#2408 = CARTESIAN_POINT ( 'NONE',  ( 48.09422728468861408, 44.41878139038352913, 165.2205104837541683 ) ) ;
#2409 = CARTESIAN_POINT ( 'NONE',  ( 3.038263649083855267, 97.22773810291869268, 178.0891427822917308 ) ) ;
#2410 = CARTESIAN_POINT ( 'NONE',  ( -9.769725132143777913, -54.06360092687814500, 95.91177177660478037 ) ) ;
#2411 = CARTESIAN_POINT ( 'NONE',  ( -37.76424970959561733, 74.55201363349969768, 178.1430394060041351 ) ) ;
#2412 = CARTESIAN_POINT ( 'NONE',  ( 51.12104519766923971, 0.4201243269255702795, 61.09735886581338349 ) ) ;
#2413 = CARTESIAN_POINT ( 'NONE',  ( 11.33694322187388615, -31.29984670399591806, 374.1151337337796576 ) ) ;
#2414 = CARTESIAN_POINT ( 'NONE',  ( -34.70107150325974033, 79.42247755762765848, 297.4643994933830413 ) ) ;
#2415 = CARTESIAN_POINT ( 'NONE',  ( 35.08104861779400352, 53.84555609758953665, 60.97238916559658151 ) ) ;
#2416 = FACE_OUTER_BOUND ( 'NONE', #4518, .T. ) ;
#2417 = CARTESIAN_POINT ( 'NONE',  ( 19.46593024695983232, 92.58965949448901256, 390.9555874459440474 ) ) ;
#2418 = CARTESIAN_POINT ( 'NONE',  ( -1.956923678207234785, 97.30551195085614324, 178.2977446245136832 ) ) ;
#2419 = VERTEX_POINT ( 'NONE', #1946 ) ;
#2420 = CARTESIAN_POINT ( 'NONE',  ( -41.27461178757683768, 58.70856554582218223, 119.1319715149475940 ) ) ;
#2421 = CARTESIAN_POINT ( 'NONE',  ( 18.67827076007984743, 20.60619806868941239, 379.0760307240186080 ) ) ;
#2422 = CARTESIAN_POINT ( 'NONE',  ( -14.17584988690545700, 85.11009187153968014, 141.7381553237291030 ) ) ;
#2423 = CARTESIAN_POINT ( 'NONE',  ( 53.13400347411742786, -17.02376125221865877, 201.7391832395782103 ) ) ;
#2424 = CARTESIAN_POINT ( 'NONE',  ( 2.516409356034489342, 97.48061887000162073, 179.4307254087448484 ) ) ;
#2425 = CARTESIAN_POINT ( 'NONE',  ( 42.67603315355950144, 64.60892045812774143, 174.8180193381959953 ) ) ;
#2426 = LINE ( 'NONE', #7152, #4050 ) ;
#2427 = CARTESIAN_POINT ( 'NONE',  ( -25.82775791282300659, -38.38929075969917193, 17.35840616235080702 ) ) ;
#2428 = VERTEX_POINT ( 'NONE', #4398 ) ;
#2429 = CARTESIAN_POINT ( 'NONE',  ( 12.71863855239632102, 94.52486202198522847, 190.9132894747325224 ) ) ;
#2430 = CARTESIAN_POINT ( 'NONE',  ( -0.5061229637643304136, 97.68362273171800325, 180.3816332480687095 ) ) ;
#2431 = CARTESIAN_POINT ( 'NONE',  ( -33.84552029380727589, 80.82813573562599174, 184.6833615088616511 ) ) ;
#2432 = CARTESIAN_POINT ( 'NONE',  ( 34.41814059358325295, -5.326773503925789299, 338.9080442879914585 ) ) ;
#2433 = CARTESIAN_POINT ( 'NONE',  ( -38.22963690408025172, 84.93437126519317815, 221.5966982805643681 ) ) ;
#2434 = CARTESIAN_POINT ( 'NONE',  ( 0.7999048500538491480, -40.43807339941766088, 9.999999999999998224 ) ) ;
#2435 = CARTESIAN_POINT ( 'NONE',  ( -52.43401693233246164, -2.266217458933043272, 221.5230710872884856 ) ) ;
#2436 = CARTESIAN_POINT ( 'NONE',  ( 21.31661240367353471, 89.22998334120252650, 175.2522722852790196 ) ) ;
#2437 = CARTESIAN_POINT ( 'NONE',  ( 38.52360683202767433, 69.86296285411093265, 153.3397471779252896 ) ) ;
#2438 = CARTESIAN_POINT ( 'NONE',  ( -4.419861650541639264, 111.2187841533519475, 298.0045363521949184 ) ) ;
#2439 = CARTESIAN_POINT ( 'NONE',  ( -52.94783809755705306, -22.28476125151153653, 192.3565563901416624 ) ) ;
#2440 = CARTESIAN_POINT ( 'NONE',  ( 0.000000000000000000, -53.59492887231033365, 192.4473961570816130 ) ) ;
#2441 = B_SPLINE_CURVE_WITH_KNOTS ( 'NONE', 3,
 ( #4286, #2025, #1439, #4985 ),
 .UNSPECIFIED., .F., .F.,
 ( 4, 4 ),
 ( 0.4375027699348234544, 0.5198431584476715939 ),
 .UNSPECIFIED. ) ;
#2442 = CARTESIAN_POINT ( 'NONE',  ( -20.51713347036356083, 63.06588284998504434, 60.93448296930866093 ) ) ;
#2443 = CARTESIAN_POINT ( 'NONE',  ( 19.77073316227539124, -51.36442278339917067, 201.7501626469924361 ) ) ;
#2444 = CARTESIAN_POINT ( 'NONE',  ( -53.32206331123330756, 23.93850581397895638, 106.4682224529067724 ) ) ;
#2445 = CARTESIAN_POINT ( 'NONE',  ( 49.08327588994310275, 35.48415123573926167, 184.2637684782030192 ) ) ;
#2446 = LINE ( 'NONE', #735, #6229 ) ;
#2447 = CARTESIAN_POINT ( 'NONE',  ( -8.996301522700443698, -51.55643490643763727, 61.09578488108750349 ) ) ;
#2448 =( BOUNDED_SURFACE ( )  B_SPLINE_SURFACE ( 3, 2, ( 
 ( #15, #2265, #4044 ),
 ( #2378, #4746, #6419 ),
 ( #3468, #5174, #7535 ),
 ( #5412, #4235, #5448 ) ),
 .UNSPECIFIED., .F., .F., .T. ) 
 B_SPLINE_SURFACE_WITH_KNOTS ( ( 4, 4 ),
 ( 3, 3 ),
 ( 6.938893903907228378E-18, 0.01500095446741583211 ),
 ( 0.000000000000000000, 1.000000000000000000 ),
 .UNSPECIFIED. ) 
 GEOMETRIC_REPRESENTATION_ITEM ( )  RATIONAL_B_SPLINE_SURFACE ( (
 ( 1.000000000000000000, 0.6934547685906278236, 1.000000000000000000),
 ( 1.000000000000000000, 0.6937024912690934464, 1.000000000000000000),
 ( 1.000000000000000000, 0.6939137464211383444, 1.000000000000000000),
 ( 1.000000000000000000, 0.6940940904214424334, 1.000000000000000000) ) ) 
 REPRESENTATION_ITEM ( '' )  SURFACE ( )  );
#2449 = CARTESIAN_POINT ( 'NONE',  ( -38.39780352585011514, 74.25016191331519622, 184.5788975023738487 ) ) ;
#2450 = CARTESIAN_POINT ( 'NONE',  ( 40.19755007024765803, 2.637998037828876097, 309.1868535828529616 ) ) ;
#2451 = CARTESIAN_POINT ( 'NONE',  ( -1.416469389239311427, 93.29506728298835583, 162.1718507539130485 ) ) ;
#2452 = CARTESIAN_POINT ( 'NONE',  ( -15.68662085951247676, 70.03747808402631847, 374.7317950865955822 ) ) ;
#2453 = CARTESIAN_POINT ( 'NONE',  ( 27.03173457190878892, 87.29058637223411665, 321.2153398975817140 ) ) ;
#2454 = CARTESIAN_POINT ( 'NONE',  ( 7.381473745114448093, 92.77879811023690593, 175.3378496691883299 ) ) ;
#2455 = CARTESIAN_POINT ( 'NONE',  ( 25.14811141513939674, 73.23888892465775768, 95.91512488190487318 ) ) ;
#2456 = CARTESIAN_POINT ( 'NONE',  ( -0.8375764978715073417, 97.67836761628161923, 180.3661579635268026 ) ) ;
#2457 = ORIENTED_EDGE ( 'NONE', *, *, #5582, .F. ) ;
#2458 = CARTESIAN_POINT ( 'NONE',  ( -44.79268359066465166, 55.28777458761695840, 141.1811284583984047 ) ) ;
#2459 = CARTESIAN_POINT ( 'NONE',  ( 44.28330712461601593, 25.18298716494421541, 282.3542443352131954 ) ) ;
#2460 = CARTESIAN_POINT ( 'NONE',  ( -7.341143429773766549, 93.89616638281560768, 181.7521440232394525 ) ) ;
#2461 = CARTESIAN_POINT ( 'NONE',  ( 14.44928574916830932, -15.03174315337590805, 405.3721513431274275 ) ) ;
#2462 = CARTESIAN_POINT ( 'NONE',  ( 0.8385084012546417664, 97.68162629192728730, 180.3820321852713846 ) ) ;
#2463 = CARTESIAN_POINT ( 'NONE',  ( 44.36388313904843272, 60.44172838150841898, 187.6649303110161497 ) ) ;
#2464 = CARTESIAN_POINT ( 'NONE',  ( -7.781313087609204260, 99.25095917466111928, 191.5306111620262755 ) ) ;
#2465 = CARTESIAN_POINT ( 'NONE',  ( -13.75281389769910234, -30.08208249844994242, 374.6536346906927406 ) ) ;
#2466 = EDGE_LOOP ( 'NONE', ( #6138, #2379, #4873, #3695 ) ) ;
#2467 = CARTESIAN_POINT ( 'NONE',  ( 1.693451056292712531, 90.80312517559353580, 162.9436636717290980 ) ) ;
#2468 = CARTESIAN_POINT ( 'NONE',  ( -49.75280568867218989, 33.57768998553940776, 153.0385989303360645 ) ) ;
#2469 = CARTESIAN_POINT ( 'NONE',  ( -32.71833172027367453, 81.69993246844802570, 181.4813442160828743 ) ) ;
#2470 = CARTESIAN_POINT ( 'NONE',  ( 37.25401141824335838, -6.474956792220855739, 10.00000000000001066 ) ) ;
#2471 = CARTESIAN_POINT ( 'NONE',  ( -38.28759819107455797, 79.81448031202029370, 174.9432100267429178 ) ) ;
#2472 = CARTESIAN_POINT ( 'NONE',  ( 0.000000000000000000, -39.54025308811204553, 335.5788767518578197 ) ) ;
#2473 = CARTESIAN_POINT ( 'NONE',  ( -7.735186092424449100, -4.970681968421662766, 409.0779284778315628 ) ) ;
#2474 = CARTESIAN_POINT ( 'NONE',  ( 21.23580460182042273, 82.90732959264481394, 141.6880111064641596 ) ) ;
#2475 = CARTESIAN_POINT ( 'NONE',  ( 37.81689546811995228, 74.06862747232689514, 174.9529158195941818 ) ) ;
#2476 = CARTESIAN_POINT ( 'NONE',  ( -3.409132713362472700, 38.92228236740488256, 9.999999999999991118 ) ) ;
#2477 = CARTESIAN_POINT ( 'NONE',  ( -39.31215376114300142, -18.44048239436708769, 309.1963220410127064 ) ) ;
#2478 = CARTESIAN_POINT ( 'NONE',  ( 1.999999999999999556, 95.35004909076081958, 173.1740827326754868 ) ) ;
#2479 = EDGE_CURVE ( 'NONE', #6260, #2568, #677, .T. ) ;
#2480 = CARTESIAN_POINT ( 'NONE',  ( -22.75947916154166606, 102.2193232325647756, 267.4550559600510837 ) ) ;
#2481 = CARTESIAN_POINT ( 'NONE',  ( 11.12643009962735619, -48.77537923458597646, 251.5998885826404887 ) ) ;
#2482 = CARTESIAN_POINT ( 'NONE',  ( -55.20887360703562763, 10.07038296553069401, 125.3230906374276117 ) ) ;
#2483 = CARTESIAN_POINT ( 'NONE',  ( 49.10222285099196426, 35.80886555103797519, 129.6812695228844632 ) ) ;
#2484 = CARTESIAN_POINT ( 'NONE',  ( 1.180208925983834645, 94.26479098869234008, 161.8295864063920249 ) ) ;
#2485 = CARTESIAN_POINT ( 'NONE',  ( -1.875480822910749801, -40.42613779987303246, 9.999999999999998224 ) ) ;
#2486 = CARTESIAN_POINT ( 'NONE',  ( -38.32574100319669697, 68.24484349015642692, 141.3535598690352231 ) ) ;
#2487 = CARTESIAN_POINT ( 'NONE',  ( 12.66236878217881312, 0.4794081024846819639, 397.5406461881872247 ) ) ;
#2488 = CARTESIAN_POINT ( 'NONE',  ( -1.268437104601097598, 94.27318342607119916, 161.8774337307011990 ) ) ;
#2489 = VECTOR ( 'NONE', #2790, 1000.000000000000114 ) ;
#2490 = CARTESIAN_POINT ( 'NONE',  ( -28.68328417318406309, 25.51713363761335529, 10.00000000000000178 ) ) ;
#2491 = CARTESIAN_POINT ( 'NONE',  ( 23.93701776677540138, 37.14786789015811053, 17.22061336247276486 ) ) ;
#2492 = CARTESIAN_POINT ( 'NONE',  ( 8.397674640760252274, 92.08794889401039541, 172.1853668599148364 ) ) ;
#2493 = CARTESIAN_POINT ( 'NONE',  ( 25.79769691755316074, 99.59324767424362790, 251.7291100954854812 ) ) ;
#2494 = B_SPLINE_CURVE_WITH_KNOTS ( 'NONE', 3,
 ( #490, #1645, #5308, #7667, #4132, #2975, #2354, #5345, #5858, #6965, #2316, #6510, #6433, #1179 ),
 .UNSPECIFIED., .F., .F.,
 ( 4, 2, 2, 2, 2, 2, 4 ),
 ( 0.000000000000000000, 0.0003911262394613525977, 0.0007822524789227051955, 0.001173378718384057847, 0.001564504957845410391, 0.002346757436768170339, 0.003129009915690930503 ),
 .UNSPECIFIED. ) ;
#2495 = CARTESIAN_POINT ( 'NONE',  ( -1.321627531210642026, 97.65305861300846857, 180.2574597402571328 ) ) ;
#2496 = ORIENTED_EDGE ( 'NONE', *, *, #3646, .T. ) ;
#2497 = CARTESIAN_POINT ( 'NONE',  ( -42.98064300871070742, 64.70893224144090539, 191.0091266429090240 ) ) ;
#2498 = CARTESIAN_POINT ( 'NONE',  ( 46.60101987402995150, 31.64395257808095963, 266.3408455632581422 ) ) ;
#2499 = ORIENTED_EDGE ( 'NONE', *, *, #3952, .T. ) ;
#2500 = CARTESIAN_POINT ( 'NONE',  ( -11.37823779116658507, 90.50191145102837709, 165.8774977529018884 ) ) ;
#2501 = CARTESIAN_POINT ( 'NONE',  ( 12.52431241764143621, -14.35900201387489261, 409.0779284778307670 ) ) ;
#2502 = CARTESIAN_POINT ( 'NONE',  ( -7.946129078065657936, 82.68785686703417070, 127.7142884717276701 ) ) ;
#2503 = CARTESIAN_POINT ( 'NONE',  ( 0.000000000000000000, 83.71986271976525984, 130.3011341093877036 ) ) ;
#2504 = CARTESIAN_POINT ( 'NONE',  ( -22.45741342551448128, -38.79919264584551541, 309.2689683197198178 ) ) ;
#2505 = ORIENTED_EDGE ( 'NONE', *, *, #3024, .T. ) ;
#2506 = CARTESIAN_POINT ( 'NONE',  ( -49.24205100836350368, 36.69432725535650519, 141.0637829474074465 ) ) ;
#2507 = CARTESIAN_POINT ( 'NONE',  ( -28.85769820932083363, 78.48521552409030733, 141.5712534451650413 ) ) ;
#2508 = CARTESIAN_POINT ( 'NONE',  ( 52.26911379350462994, -6.252828122907513553, 221.5227896405066872 ) ) ;
#2509 = CARTESIAN_POINT ( 'NONE',  ( -31.29179757343381851, 93.24381146108152052, 283.4028478569703111 ) ) ;
#2510 = CARTESIAN_POINT ( 'NONE',  ( 7.782945515261735281, 94.60517800146057255, 186.2521665693098498 ) ) ;
#2511 = CARTESIAN_POINT ( 'NONE',  ( -40.57336553839369486, -5.201185033933578339, 17.38808974904444682 ) ) ;
#2512 = CARTESIAN_POINT ( 'NONE',  ( 25.98432211614114351, 80.46403971425581858, 141.6225157865741551 ) ) ;
#2513 = CARTESIAN_POINT ( 'NONE',  ( 37.89499111884205007, 70.81996052949563136, 153.3544105392434460 ) ) ;
#2514 = CARTESIAN_POINT ( 'NONE',  ( -1.921794007454578956, 86.35072990353059197, 125.2763118969026976 ) ) ;
#2515 = CARTESIAN_POINT ( 'NONE',  ( -45.14000270230052081, -20.23411302326612216, 34.39333359352516339 ) ) ;
#2516 = AXIS2_PLACEMENT_3D ( 'NONE', #6373, #3424, #5799 ) ;
#2517 = CARTESIAN_POINT ( 'NONE',  ( -32.80403509549211805, 70.13978917418380377, 120.0000000000000426 ) ) ;
#2518 = CARTESIAN_POINT ( 'NONE',  ( -19.37539373881425320, 104.8223186834098613, 297.8727098026344038 ) ) ;
#2519 = CARTESIAN_POINT ( 'NONE',  ( 9.157739907303026783, -40.84449477152490005, 321.0563119401657559 ) ) ;
#2520 = CARTESIAN_POINT ( 'NONE',  ( -52.83545361035590560, 11.93388638024764248, 211.2174480075504164 ) ) ;
#2521 = CARTESIAN_POINT ( 'NONE',  ( 48.96477728362778237, 35.68852983319300876, 187.5270471466607205 ) ) ;
#2522 = CARTESIAN_POINT ( 'NONE',  ( 1.626937282710012811, 94.08171339102744923, 160.9415371291349857 ) ) ;
#2523 = CARTESIAN_POINT ( 'NONE',  ( -2.576730528929166653, -51.85870406261567922, 61.09562901992813977 ) ) ;
#2524 = CARTESIAN_POINT ( 'NONE',  ( -38.53067548697350020, 71.69016726118498184, 165.4856503480197887 ) ) ;
#2525 = CARTESIAN_POINT ( 'NONE',  ( 53.74420247166402476, -0.04925432039388796118, 201.7386062644539777 ) ) ;
#2526 = PLANE ( 'NONE',  #7642 ) ;
#2527 = CARTESIAN_POINT ( 'NONE',  ( -43.52966757256317720, 40.82110893248177774, 61.01578417630952345 ) ) ;
#2528 = CARTESIAN_POINT ( 'NONE',  ( 26.21969259907196204, 89.75325906465495507, 321.1772349704451699 ) ) ;
#2529 = CARTESIAN_POINT ( 'NONE',  ( 11.30891503764113004, 92.77543616807501792, 178.5128394604479070 ) ) ;
#2530 = CARTESIAN_POINT ( 'NONE',  ( 29.79463543142523463, 88.41354506645497224, 174.9445236895687117 ) ) ;
#2531 = CARTESIAN_POINT ( 'NONE',  ( -0.5061229637643496204, 97.68362273171797483, 180.3816332480687095 ) ) ;
#2532 = VERTEX_POINT ( 'NONE', #5099 ) ;
#2533 = CARTESIAN_POINT ( 'NONE',  ( -42.70845771030941052, 64.23883233719008956, 171.6687373287977323 ) ) ;
#2534 = CARTESIAN_POINT ( 'NONE',  ( 11.78197931878740157, 19.00927002208090144, 396.7529944964774131 ) ) ;
#2535 = VERTEX_POINT ( 'NONE', #7423 ) ;
#2536 = CARTESIAN_POINT ( 'NONE',  ( -12.13366684957018826, 82.84528390160153322, 130.3664353693369833 ) ) ;
#2537 = CARTESIAN_POINT ( 'NONE',  ( 51.45849567755399789, -33.21226740709870029, 149.0665291530228274 ) ) ;
#2538 = B_SPLINE_CURVE_WITH_KNOTS ( 'NONE', 3,
 ( #2696, #6958, #984, #1598 ),
 .UNSPECIFIED., .F., .F.,
 ( 4, 4 ),
 ( 5.854691731421723944E-17, 0.0005000024665978628196 ),
 .UNSPECIFIED. ) ;
#2539 = CARTESIAN_POINT ( 'NONE',  ( -0.5990452095409400934, 90.70569309566057825, 162.3655383162772807 ) ) ;
#2540 = CARTESIAN_POINT ( 'NONE',  ( -30.81877773920487584, 89.74578012950267691, 190.2890469333130739 ) ) ;
#2541 = B_SPLINE_CURVE_WITH_KNOTS ( 'NONE', 3,
 ( #2353, #5460, #3518, #5383, #4719, #680, #5969, #2467, #603, #6581, #2974, #7193, #63, #139 ),
 .UNSPECIFIED., .F., .F.,
 ( 4, 2, 2, 2, 2, 2, 4 ),
 ( 2.816255578577366754E-17, 0.0002929226532445556555, 0.0005858453064890831218, 0.0008787679597336106423, 0.001171690612978138054, 0.001757535919467198299, 0.002343381225956258328 ),
 .UNSPECIFIED. ) ;
#2542 = CARTESIAN_POINT ( 'NONE',  ( -10.16588812702364564, -24.24071126164689360, 403.9818121828546964 ) ) ;
#2543 = EDGE_LOOP ( 'NONE', ( #3431, #4756, #5723, #1019, #1094, #3151 ) ) ;
#2544 = CARTESIAN_POINT ( 'NONE',  ( -49.17135573646005042, 37.54727522377882565, 153.0537092708021873 ) ) ;
#2545 = CARTESIAN_POINT ( 'NONE',  ( -32.65896053454197556, 82.21568151235179300, 184.7084581389651987 ) ) ;
#2546 = CARTESIAN_POINT ( 'NONE',  ( 42.80010746909901798, -6.318932426268874636, 296.6508305861504482 ) ) ;
#2547 = CARTESIAN_POINT ( 'NONE',  ( -6.122450740094030230, 73.83640334771257585, 409.0779284778320743 ) ) ;
#2548 = CARTESIAN_POINT ( 'NONE',  ( 0.4999999999999932832, 93.25755166443104827, 161.8648835697543973 ) ) ;
#2549 = CARTESIAN_POINT ( 'NONE',  ( -37.22755696550850502, -4.585192041848473288, 10.00000000000000178 ) ) ;
#2550 = CARTESIAN_POINT ( 'NONE',  ( 28.85473516765340207, 85.47321898276737784, 181.5525307134972479 ) ) ;
#2551 = CARTESIAN_POINT ( 'NONE',  ( 38.62728071668634300, 63.05684725227456511, 119.2016089547290960 ) ) ;
#2552 = CARTESIAN_POINT ( 'NONE',  ( -1.684546701495202470, 66.30446689546245409, 60.91610143333624450 ) ) ;
#2553 = CARTESIAN_POINT ( 'NONE',  ( -54.12869287039397648, -17.34020814767666252, 95.91822840598773325 ) ) ;
#2554 = CARTESIAN_POINT ( 'NONE',  ( 0.4999999999999795164, 96.69827084985247723, 180.5520567740822173 ) ) ;
#2555 = CARTESIAN_POINT ( 'NONE',  ( -23.14803604971903894, 74.12383877948559530, 95.91505080328806798 ) ) ;
#2556 = CARTESIAN_POINT ( 'NONE',  ( 5.698557759442536508, -42.80901173923646752, 309.3045757321900737 ) ) ;
#2557 = CARTESIAN_POINT ( 'NONE',  ( -19.03795554514134025, 14.82636737648967262, 379.4283400332574274 ) ) ;
#2558 = CARTESIAN_POINT ( 'NONE',  ( 49.61320825980956073, 34.30356125621545260, 165.1793765624049399 ) ) ;
#2559 = DIRECTION ( 'NONE',  ( -5.602867245962734761E-30, -0.9812926639922453509, 0.1925219665259060020 ) ) ;
#2560 = CARTESIAN_POINT ( 'NONE',  ( -4.416867084770659702, -49.23159169255457357, 251.6441013043655346 ) ) ;
#2561 = CARTESIAN_POINT ( 'NONE',  ( 33.13869964417605729, 2.156071364589657868, 338.8606772099996078 ) ) ;
#2562 = CARTESIAN_POINT ( 'NONE',  ( -2.051493754516787948, 94.12313490584072895, 161.1998285905258399 ) ) ;
#2563 = CARTESIAN_POINT ( 'NONE',  ( -49.29282811079855264, 54.99069590673529717, 201.7367403560437822 ) ) ;
#2564 = CARTESIAN_POINT ( 'NONE',  ( 19.37506647294833684, 82.78595863828012114, 354.9775582430780787 ) ) ;
#2565 = CARTESIAN_POINT ( 'NONE',  ( 7.426095863935057828, 89.85800913004663926, 159.7397210991543943 ) ) ;
#2566 = CARTESIAN_POINT ( 'NONE',  ( 29.91808983259769406, 94.24340476133374978, 221.6090405027125030 ) ) ;
#2567 = CARTESIAN_POINT ( 'NONE',  ( -1.164808980804183047, 96.46800703125633447, 179.4234907295553114 ) ) ;
#2568 = VERTEX_POINT ( 'NONE', #2775 ) ;
#2569 = CARTESIAN_POINT ( 'NONE',  ( -44.69765920397802716, 58.70089220275033881, 171.6119675675976737 ) ) ;
#2570 = CARTESIAN_POINT ( 'NONE',  ( 52.92725394373609049, 22.79627278287059156, 201.7381109824623024 ) ) ;
#2571 = CARTESIAN_POINT ( 'NONE',  ( -7.415904802067946555, 91.05335735418996990, 165.8887098299187244 ) ) ;
#2572 = CARTESIAN_POINT ( 'NONE',  ( 35.65715690381956904, -21.68721720611483761, 9.999999999999980460 ) ) ;
#2573 = DIRECTION ( 'NONE',  ( 0.000000000000000000, -0.1925219665259050028, -0.9812926639922455729 ) ) ;
#2574 = CARTESIAN_POINT ( 'NONE',  ( 19.79417915554141416, 91.20814569966871943, 354.2945881323981325 ) ) ;
#2575 = CARTESIAN_POINT ( 'NONE',  ( -6.946430303705569465, 84.43527717141196831, 127.1035834578351995 ) ) ;
#2576 = CARTESIAN_POINT ( 'NONE',  ( -18.09272910485420738, -38.63110028919934535, 321.2718751004470619 ) ) ;
#2577 = ORIENTED_EDGE ( 'NONE', *, *, #865, .F. ) ;
#2578 = CARTESIAN_POINT ( 'NONE',  ( -48.30367554753882331, 40.18876041397752630, 190.8498749480507115 ) ) ;
#2579 = EDGE_CURVE ( 'NONE', #1288, #7371, #5222, .T. ) ;
#2580 = CARTESIAN_POINT ( 'NONE',  ( -32.77770290600538061, 81.18418342454422998, 178.2542302932004930 ) ) ;
#2581 = CARTESIAN_POINT ( 'NONE',  ( 45.10428449997808542, -6.297230283843178178, 282.1646518020393728 ) ) ;
#2582 = CARTESIAN_POINT ( 'NONE',  ( -37.93402734328657289, 82.46412032661655189, 192.3801716720411434 ) ) ;
#2583 = CARTESIAN_POINT ( 'NONE',  ( -2.000000000000001332, 109.3795709624396579, 160.2304650945401647 ) ) ;
#2584 = CARTESIAN_POINT ( 'NONE',  ( -47.76100131204347576, -2.072349246146063528, 266.0988801844891896 ) ) ;
#2585 = CARTESIAN_POINT ( 'NONE',  ( 38.89560359650001686, 73.38412061073798043, 184.5652729636328218 ) ) ;
#2586 = CARTESIAN_POINT ( 'NONE',  ( -10.74771385771732213, 53.48065585481527506, 33.94371992453390163 ) ) ;
#2587 = CARTESIAN_POINT ( 'NONE',  ( -29.47858853500205001, -18.31203977833023799, 358.9452627792994122 ) ) ;
#2588 = LINE ( 'NONE', #4292, #4244 ) ;
#2589 = EDGE_CURVE ( 'NONE', #6543, #2138, #2732, .T. ) ;
#2590 = CARTESIAN_POINT ( 'NONE',  ( -21.71490357244795177, 103.1809278980007605, 283.6328806230999930 ) ) ;
#2591 = CARTESIAN_POINT ( 'NONE',  ( 9.824390195812002347, -52.68724648062529070, 201.7516897827515834 ) ) ;
#2592 = CARTESIAN_POINT ( 'NONE',  ( -52.18923153971430651, 17.21879031458709264, 82.47026249114881580 ) ) ;
#2593 = CARTESIAN_POINT ( 'NONE',  ( 34.83028640305848711, 78.73159207177499752, 178.2085736373019245 ) ) ;
#2594 = CARTESIAN_POINT ( 'NONE',  ( 7.114180675694010247, 94.55765131150343450, 185.5481461546698085 ) ) ;
#2595 = CARTESIAN_POINT ( 'NONE',  ( -7.114180675694010247, 94.55765131150343450, 185.5481461546698085 ) ) ;
#2596 = CARTESIAN_POINT ( 'NONE',  ( -6.706693541892412291, -51.70884410230646466, 61.09571147708778227 ) ) ;
#2597 = CARTESIAN_POINT ( 'NONE',  ( 46.25752027967083535, -4.875053299022880537, 34.40021193574256841 ) ) ;
#2598 = DIRECTION ( 'NONE',  ( 0.000000000000000000, -0.9812926639922453509, 0.1925219665259060575 ) ) ;
#2599 = CARTESIAN_POINT ( 'NONE',  ( -44.05818599539022529, 49.82229466261533446, 82.47680936554563402 ) ) ;
#2600 = PRODUCT ( 'HATCH FRONT 2', 'HATCH FRONT 2', '', ( #3234 ) ) ;
#2601 = CARTESIAN_POINT ( 'NONE',  ( 39.56661295389039168, 78.92109104809098596, 267.0202785905892142 ) ) ;
#2602 = CARTESIAN_POINT ( 'NONE',  ( 7.219272518756445933, 80.71861224629044784, 119.6112204284437581 ) ) ;
#2603 = CARTESIAN_POINT ( 'NONE',  ( 29.00352473893347138, 71.15653855567848041, 95.91528783182911866 ) ) ;
#2604 = CARTESIAN_POINT ( 'NONE',  ( 41.73412274959665069, 60.41861986347242208, 129.8806897733421692 ) ) ;
#2605 = CARTESIAN_POINT ( 'NONE',  ( 53.65804682094917410, 27.15762814871196440, 174.9879898308657573 ) ) ;
#2606 = EDGE_LOOP ( 'NONE', ( #4604, #2214, #2010, #3767, #6996, #5497, #668, #1552, #6312, #708, #3517, #1631, #6685, #2341, #7580, #7549, #6469, #4909 ) ) ;
#2607 = CARTESIAN_POINT ( 'NONE',  ( -39.86080134766657324, 69.45170924926650002, 165.4507689091117015 ) ) ;
#2608 = CARTESIAN_POINT ( 'NONE',  ( 49.43431826732843604, 12.79072845539855763, 250.8912901494613266 ) ) ;
#2609 = CARTESIAN_POINT ( 'NONE',  ( -9.130653735446008668, 80.50149096209868560, 119.6109843002791138 ) ) ;
#2610 = CARTESIAN_POINT ( 'NONE',  ( 49.86293765837694281, -32.89247274916671415, 95.91688864250849633 ) ) ;
#2611 = UNCERTAINTY_MEASURE_WITH_UNIT (LENGTH_MEASURE( 1.000000000000000082E-05 ), #3585, 'distance_accuracy_value', 'NONE');
#2612 = CARTESIAN_POINT ( 'NONE',  ( -7.207731705544231815, 82.69896106424069160, 127.4573686992948041 ) ) ;
#2613 = CARTESIAN_POINT ( 'NONE',  ( 35.25579467193229277, 83.45184056107137849, 174.9437546031742556 ) ) ;
#2614 = CARTESIAN_POINT ( 'NONE',  ( 35.67326694255461916, 67.15250416442549408, 119.9999999999999147 ) ) ;
#2615 = CARTESIAN_POINT ( 'NONE',  ( -11.35576395091601576, -42.52877118921931299, 17.34298727388611994 ) ) ;
#2616 = ORIENTED_EDGE ( 'NONE', *, *, #4001, .T. ) ;
#2617 = EDGE_CURVE ( 'NONE', #6534, #5968, #7023, .T. ) ;
#2618 = CARTESIAN_POINT ( 'NONE',  ( -47.40822388315736191, 46.23407743219225807, 141.1112672063158016 ) ) ;
#2619 = CARTESIAN_POINT ( 'NONE',  ( -31.37763071112070179, 71.26967066847967658, 119.3821068837033010 ) ) ;
#2620 = CARTESIAN_POINT ( 'NONE',  ( 47.37466028503006754, -6.278915351545826695, 266.0946547227277392 ) ) ;
#2621 = CARTESIAN_POINT ( 'NONE',  ( -31.53739920108943906, 88.64884562895842635, 297.5922334881632310 ) ) ;
#2622 = CARTESIAN_POINT ( 'NONE',  ( 0.3333347071390549976, 93.25849077256481223, 161.8646993240636789 ) ) ;
#2623 = CARTESIAN_POINT ( 'NONE',  ( -51.22892169277248087, -5.540383518386055250, 61.09955690949418994 ) ) ;
#2624 = CARTESIAN_POINT ( 'NONE',  ( 38.77542324494748271, 73.59736491269869418, 184.5687848796072785 ) ) ;
#2625 = CARTESIAN_POINT ( 'NONE',  ( -8.196677454624717640, 113.4385801714792308, 409.0779284778321880 ) ) ;
#2626 = CARTESIAN_POINT ( 'NONE',  ( -47.96407560477239684, -31.58713849747028135, 211.2114493149713610 ) ) ;
#2627 = CARTESIAN_POINT ( 'NONE',  ( 1.999999999999997113, 93.49317265539254151, 163.3472525273979272 ) ) ;
#2628 = EDGE_CURVE ( 'NONE', #7628, #7108, #5318, .T. ) ;
#2629 = CARTESIAN_POINT ( 'NONE',  ( -29.91808983259769406, 94.24340476133374978, 221.6090405027125030 ) ) ;
#2630 = CARTESIAN_POINT ( 'NONE',  ( 6.560536881022307476, -40.22707124923965694, 9.999999999999998224 ) ) ;
#2631 = CARTESIAN_POINT ( 'NONE',  ( -54.62482180828595801, 11.13239928715955251, 174.9354310606254899 ) ) ;
#2632 = CARTESIAN_POINT ( 'NONE',  ( 34.60051821060402943, 70.75045244742679529, 130.0609663237361815 ) ) ;
#2633 = CARTESIAN_POINT ( 'NONE',  ( 50.19679468313171355, 26.34026537241917509, 171.4569791207962055 ) ) ;
#2634 = CARTESIAN_POINT ( 'NONE',  ( -5.444550662983410838, 94.81671802589580977, 186.2106640665421367 ) ) ;
#2635 = CARTESIAN_POINT ( 'NONE',  ( -4.709069789862740940, -53.57492455626363181, 82.49023420230582815 ) ) ;
#2636 = CARTESIAN_POINT ( 'NONE',  ( 15.08066135017003440, -4.769072312348520803, 397.6273485648173391 ) ) ;
#2637 = CARTESIAN_POINT ( 'NONE',  ( 0.8949265800495418421, 96.49351153523005564, 179.5325995275813113 ) ) ;
#2638 = CARTESIAN_POINT ( 'NONE',  ( -48.97264855841746112, 51.59835618095627296, 125.3029892364779272 ) ) ;
#2639 = CARTESIAN_POINT ( 'NONE',  ( 34.52485758390006509, 86.98888543379642613, 283.2922982889651848 ) ) ;
#2640 = CARTESIAN_POINT ( 'NONE',  ( 45.93668658288004991, 54.46941498452075336, 187.6180290080067721 ) ) ;
#2641 = CARTESIAN_POINT ( 'NONE',  ( 0.000000000000000000, 78.14528303371176321, 95.91466575645878834 ) ) ;
#2642 = CARTESIAN_POINT ( 'NONE',  ( 0.3374899293454557414, 97.51033298481344502, 179.3736725452147311 ) ) ;
#2643 = CARTESIAN_POINT ( 'NONE',  ( -40.17092641568692102, 70.35903259554117994, 178.0781438893791915 ) ) ;
#2644 = CARTESIAN_POINT ( 'NONE',  ( 42.40625024018881106, 8.585008312730220581, 296.6917846136911976 ) ) ;
#2645 = VERTEX_POINT ( 'NONE', #6307 ) ;
#2646 = CARTESIAN_POINT ( 'NONE',  ( -49.40199932731082555, 32.33815345346391723, 182.2852766608574484 ) ) ;
#2647 = CARTESIAN_POINT ( 'NONE',  ( 29.50661630695898197, -41.69560161598889181, 266.8685979431496662 ) ) ;
#2648 = CARTESIAN_POINT ( 'NONE',  ( -0.6964346811379911184, 90.70681807663898155, 162.3752164087115091 ) ) ;
#2649 = CARTESIAN_POINT ( 'NONE',  ( 33.54455954141635488, 80.94103234539670666, 149.0252376007488238 ) ) ;
#2650 = CARTESIAN_POINT ( 'NONE',  ( 41.46235979301142294, 58.55528113830461479, 120.0000000000000142 ) ) ;
#2651 = CARTESIAN_POINT ( 'NONE',  ( -9.157739907303026783, -40.84449477152490005, 321.0563119401657559 ) ) ;
#2652 = ORIENTED_EDGE ( 'NONE', *, *, #3531, .F. ) ;
#2653 = CARTESIAN_POINT ( 'NONE',  ( -46.92432436975155241, 50.26050987354989985, 174.6970824949008829 ) ) ;
#2654 = CARTESIAN_POINT ( 'NONE',  ( 34.23927805434021110, 24.35868407753685361, 17.29580206463547398 ) ) ;
#2655 = CARTESIAN_POINT ( 'NONE',  ( -25.97673641927837096, 80.46906176404692701, 141.6243891929541974 ) ) ;
#2656 = CARTESIAN_POINT ( 'NONE',  ( 44.97275370922638160, -8.243004825630007915, 282.1646043028291047 ) ) ;
#2657 = CARTESIAN_POINT ( 'NONE',  ( -35.87343088341614106, 52.96789976479028894, 60.97550537598812781 ) ) ;
#2658 = CARTESIAN_POINT ( 'NONE',  ( 0.3371455496967366017, 94.24050282169724824, 161.6720362198117584 ) ) ;
#2659 = CARTESIAN_POINT ( 'NONE',  ( -45.20801201570631633, -5.160691210804468909, 282.1652174902296224 ) ) ;
#2660 = CARTESIAN_POINT ( 'NONE',  ( 39.37063083822377507, 72.52704206394056996, 184.5513612450049834 ) ) ;
#2661 = CARTESIAN_POINT ( 'NONE',  ( -9.220591472505004660, 108.0989976888444914, 267.6145168357557509 ) ) ;
#2662 = CARTESIAN_POINT ( 'NONE',  ( -51.45849567755399789, -33.21226740709870029, 149.0665291530228274 ) ) ;
#2663 = CARTESIAN_POINT ( 'NONE',  ( 1.999999999999997113, 93.49317265539254151, 163.3472525273979272 ) ) ;
#2664 = CARTESIAN_POINT ( 'NONE',  ( -38.27404453008164609, 74.45996636285246950, 184.5821016198902669 ) ) ;
#2665 = CARTESIAN_POINT ( 'NONE',  ( -23.98422086890823834, 100.6049492024704932, 297.7889848568651132 ) ) ;
#2666 = CARTESIAN_POINT ( 'NONE',  ( 2.769446020169073819, -27.02749646804235439, 409.0779284778312217 ) ) ;
#2667 = CARTESIAN_POINT ( 'NONE',  ( -45.23763675487480640, 6.487268837529327925, 282.2028401826211166 ) ) ;
#2668 = CARTESIAN_POINT ( 'NONE',  ( 33.72342272175262679, 79.63936279484643421, 175.0452092447188761 ) ) ;
#2669 = CARTESIAN_POINT ( 'NONE',  ( 3.923915916815464033, 99.54972265399270270, 191.5696355767187526 ) ) ;
#2670 = CARTESIAN_POINT ( 'NONE',  ( -29.77220967921197925, -7.747180500851279739, 359.8102681608411331 ) ) ;
#2671 = B_SPLINE_CURVE_WITH_KNOTS ( 'NONE', 3,
 ( #5471, #2478, #1917, #2627 ),
 .UNSPECIFIED., .F., .F.,
 ( 4, 4 ),
 ( 0.000000000000000000, 0.01500095446741579741 ),
 .UNSPECIFIED. ) ;
#2672 = CARTESIAN_POINT ( 'NONE',  ( 1.772215481739225940, 94.09368374092976239, 161.0174591956040047 ) ) ;
#2673 = CARTESIAN_POINT ( 'NONE',  ( -1.167433747677212530, -53.64366002886354323, 82.49045169442678116 ) ) ;
#2674 = CARTESIAN_POINT ( 'NONE',  ( 52.38441863469218873, -3.862790014799408311, 221.5229085652915444 ) ) ;
#2675 = CARTESIAN_POINT ( 'NONE',  ( 5.424449430738714995, 55.33055954546677668, -10.85597707019333313 ) ) ;
#2676 = CARTESIAN_POINT ( 'NONE',  ( -51.39937706775467063, 42.62950966839922984, 125.3084830109981738 ) ) ;
#2677 = CARTESIAN_POINT ( 'NONE',  ( 35.71267804113315947, 83.98826830476654948, 283.2404637697699741 ) ) ;
#2678 = CARTESIAN_POINT ( 'NONE',  ( 46.98095927428055774, 49.79889084223545836, 181.1033348895418840 ) ) ;
#2679 = CARTESIAN_POINT ( 'NONE',  ( 0.000000000000000000, 110.3652471003203743, 283.8320178816200610 ) ) ;
#2680 = CARTESIAN_POINT ( 'NONE',  ( -2.000000000000003109, 94.51141171337857827, 163.1500645250940238 ) ) ;
#2681 = CARTESIAN_POINT ( 'NONE',  ( -40.65767052159605299, 69.06078362274955396, 174.8768365639062949 ) ) ;
#2682 = CARTESIAN_POINT ( 'NONE',  ( 52.94864972735139474, 8.498436472392656427, 82.46921742719030135 ) ) ;
#2683 = CARTESIAN_POINT ( 'NONE',  ( -6.284449193983959070, 95.08544697311477023, 188.2439963627450652 ) ) ;
#2684 = CARTESIAN_POINT ( 'NONE',  ( 34.29075387861428226, -46.43321792631310529, 201.7467290868561349 ) ) ;
#2685 = VECTOR ( 'NONE', #4436, 1000.000000000000227 ) ;
#2686 = CARTESIAN_POINT ( 'NONE',  ( 28.30685088469683919, 78.20791809376416381, 119.9999999999999858 ) ) ;
#2687 = CARTESIAN_POINT ( 'NONE',  ( 19.59041987682523356, 34.02306453757994831, 9.999999999999998224 ) ) ;
#2688 = CARTESIAN_POINT ( 'NONE',  ( 0.000000000000000000, 93.25895547134788899, 161.8646081537872305 ) ) ;
#2689 = CARTESIAN_POINT ( 'NONE',  ( -14.48703242712283235, -42.04255446809952446, 17.34569666323296744 ) ) ;
#2690 = EDGE_LOOP ( 'NONE', ( #3116, #592, #1673, #1869 ) ) ;
#2691 = CARTESIAN_POINT ( 'NONE',  ( -47.35633568409843974, 47.30045401201075350, 187.5757667473052095 ) ) ;
#2692 = CARTESIAN_POINT ( 'NONE',  ( 44.94908311760745789, 64.10775105654568051, 251.3133569257551301 ) ) ;
#2693 = CARTESIAN_POINT ( 'NONE',  ( -24.63296518589680417, 85.90633088500997872, 165.7664762897417745 ) ) ;
#2694 = CARTESIAN_POINT ( 'NONE',  ( 50.50915485235315572, -11.66615397858532788, 236.0009892315231355 ) ) ;
#2695 = CARTESIAN_POINT ( 'NONE',  ( -36.16527633163747879, 61.10850933475413171, 82.47981016457542580 ) ) ;
#2696 = CARTESIAN_POINT ( 'NONE',  ( -0.4999999999999904521, 93.97526499812197187, 180.0672253104210938 ) ) ;
#2697 = CARTESIAN_POINT ( 'NONE',  ( -15.63047918580956797, -5.424659090122943894, 397.6321618831919977 ) ) ;
#2698 = CARTESIAN_POINT ( 'NONE',  ( 38.71060216528938724, 73.35036100536729009, 181.3447759255472818 ) ) ;
#2699 = CARTESIAN_POINT ( 'NONE',  ( -12.06204375497441283, 111.1451024805289762, 409.0779284778312217 ) ) ;
#2700 = CARTESIAN_POINT ( 'NONE',  ( -25.32040126882154141, -26.11719842498156652, 357.5327856372857696 ) ) ;
#2701 = CARTESIAN_POINT ( 'NONE',  ( -6.831781996247945233E-13, 94.02400983498185383, 186.3661872304218150 ) ) ;
#2702 = CARTESIAN_POINT ( 'NONE',  ( -35.10102824670741484, 78.37690711667912069, 178.2030641228838022 ) ) ;
#2703 = CARTESIAN_POINT ( 'NONE',  ( -26.78196359422627282, 98.89693495956190361, 283.5239600868661114 ) ) ;
#2704 = CARTESIAN_POINT ( 'NONE',  ( 8.015105489996960486, -47.62456642588654887, 34.32147611818649580 ) ) ;
#2705 = CARTESIAN_POINT ( 'NONE',  ( -55.39680724797396039, 6.511398499391120254, 125.3239440966628706 ) ) ;
#2706 = CARTESIAN_POINT ( 'NONE',  ( 34.01365012220258421, 71.38066518310451158, 130.0760672041286909 ) ) ;
#2707 = CARTESIAN_POINT ( 'NONE',  ( -2.446430303705618758, 83.68617293130459700, 130.3077437831010457 ) ) ;
#2708 = CARTESIAN_POINT ( 'NONE',  ( -55.97434119395909136, -6.251349130238918583, 125.3254253630573203 ) ) ;
#2709 = CARTESIAN_POINT ( 'NONE',  ( 36.12435474098651156, 78.31667784504342933, 188.7961803081530263 ) ) ;
#2710 = CARTESIAN_POINT ( 'NONE',  ( -1.175491246658291189, -51.76783516981456756, 221.5351191454790865 ) ) ;
#2711 = CARTESIAN_POINT ( 'NONE',  ( 40.54755684007150762, -3.830092455102560578, 309.1854920261957886 ) ) ;
#2712 = CARTESIAN_POINT ( 'NONE',  ( 3.038240967837852136, 97.19915715014390400, 177.9263847027587246 ) ) ;
#2713 = CARTESIAN_POINT ( 'NONE',  ( -37.12147561054237599, 46.70345403764706305, 309.2200303658550524 ) ) ;
#2714 = CARTESIAN_POINT ( 'NONE',  ( 40.17192308307760840, 63.96346440042201209, 106.4452911514403297 ) ) ;
#2715 = CARTESIAN_POINT ( 'NONE',  ( 45.54466328343188053, 56.15110964845386121, 184.3684768105614751 ) ) ;
#2716 = CARTESIAN_POINT ( 'NONE',  ( 0.000000000000000000, 112.1035485132183425, 309.3073450306594623 ) ) ;
#2717 = DIRECTION ( 'NONE',  ( 0.000000000000000000, -2.040851148208008491E-16, 1.000000000000000000 ) ) ;
#2718 = CARTESIAN_POINT ( 'NONE',  ( -40.25369685409851428, 69.49077702298657755, 171.7389375247465182 ) ) ;
#2719 = CARTESIAN_POINT ( 'NONE',  ( 51.99501039311935813, 17.37301885791549338, 221.5304394140707700 ) ) ;
#2720 = CARTESIAN_POINT ( 'NONE',  ( 0.000000000000000000, 92.57044902889525417, 172.1959701124144715 ) ) ;
#2721 = CARTESIAN_POINT ( 'NONE',  ( 44.10774406898696753, -41.98864981668091900, 106.4642891852233930 ) ) ;
#2722 = CARTESIAN_POINT ( 'NONE',  ( 52.56195399889801223, 34.42243702693929208, 119.9999999999999574 ) ) ;
#2723 = CARTESIAN_POINT ( 'NONE',  ( 32.65473808052074389, 68.62650641856744471, 95.91546818198671076 ) ) ;
#2724 = FACE_OUTER_BOUND ( 'NONE', #3732, .T. ) ;
#2725 = CARTESIAN_POINT ( 'NONE',  ( -9.204064769206167895, -32.14212571159134768, 373.7354215205707533 ) ) ;
#2726 = ORIENTED_EDGE ( 'NONE', *, *, #971, .F. ) ;
#2727 = CARTESIAN_POINT ( 'NONE',  ( -47.98070514547952570, 44.93761129683986155, 159.0793972061935335 ) ) ;
#2728 = CARTESIAN_POINT ( 'NONE',  ( 33.20261269776145241, 26.38560202891395079, 17.28516525697362738 ) ) ;
#2729 = CARTESIAN_POINT ( 'NONE',  ( -22.60938764988566518, 91.04797654848677269, 191.4297399789014094 ) ) ;
#2730 = CARTESIAN_POINT ( 'NONE',  ( 53.62880333035646174, -11.90122167005775822, 201.7387440632810751 ) ) ;
#2731 = CARTESIAN_POINT ( 'NONE',  ( -38.03828455329521319, 66.58646925340212874, 106.4434309700083645 ) ) ;
#2732 = LINE ( 'NONE', #7461, #5300 ) ;
#2733 = CARTESIAN_POINT ( 'NONE',  ( -10.76439807395047765, -5.513293627326315338, 405.9646870397042449 ) ) ;
#2734 = CARTESIAN_POINT ( 'NONE',  ( 40.35185171340518195, 67.75730520811268320, 159.2880723686532463 ) ) ;
#2735 = CARTESIAN_POINT ( 'NONE',  ( -8.598137392621424624, 110.4082190529456682, 297.9866999401868952 ) ) ;
#2736 = CARTESIAN_POINT ( 'NONE',  ( -42.27570166456750655, -29.11680039840567957, 34.38169086334377766 ) ) ;
#2737 = ORIENTED_EDGE ( 'NONE', *, *, #4804, .T. ) ;
#2738 = CARTESIAN_POINT ( 'NONE',  ( 0.000000000000000000, 83.00713624293385351, 127.3837735684064398 ) ) ;
#2739 = CARTESIAN_POINT ( 'NONE',  ( -36.80259219191032116, 75.15728400397348707, 171.8262717425556900 ) ) ;
#2740 = CARTESIAN_POINT ( 'NONE',  ( -23.77047769575394653, 49.00291018023894196, 34.01518524472781024 ) ) ;
#2741 = CARTESIAN_POINT ( 'NONE',  ( 2.149444958817648299, -41.48690857944581722, 320.9761116345891878 ) ) ;
#2742 = CARTESIAN_POINT ( 'NONE',  ( -4.899493912026906983, 3.044246491124756648, 409.0779284778315628 ) ) ;
#2743 = CARTESIAN_POINT ( 'NONE',  ( 14.22174117046040287, 91.07427441228897180, 172.1628650303464383 ) ) ;
#2744 = CARTESIAN_POINT ( 'NONE',  ( 34.58105232999379552, 73.09151433533605768, 141.4405822359922809 ) ) ;
#2745 = CIRCLE ( 'NONE', #3120, 1.000000000000003775 ) ;
#2746 = CARTESIAN_POINT ( 'NONE',  ( 24.49561302087196779, 94.12765197804878881, 190.8614059931596216 ) ) ;
#2747 = CARTESIAN_POINT ( 'NONE',  ( -16.59756203532739605, -6.728433920410279434, 397.6365478720514375 ) ) ;
#2748 = CARTESIAN_POINT ( 'NONE',  ( 4.787583852156872724E-13, 82.47269184342748360, 127.4886273908870038 ) ) ;
#2749 = CARTESIAN_POINT ( 'NONE',  ( -0.2691328890395047191, -28.42617189643529585, 403.3873918172317872 ) ) ;
#2750 = CARTESIAN_POINT ( 'NONE',  ( 45.40450990695145350, -2.075405332464517638, 282.1692121806762543 ) ) ;
#2751 = CARTESIAN_POINT ( 'NONE',  ( 0.1666673956509039101, 90.70772130924328280, 162.3651403965925510 ) ) ;
#2752 = CARTESIAN_POINT ( 'NONE',  ( 30.20553286991770037, 84.28111604520823619, 181.5294598586422978 ) ) ;
#2753 = CARTESIAN_POINT ( 'NONE',  ( -51.78575188488184011, 44.66523062861985238, 149.0404522952868547 ) ) ;
#2754 = CARTESIAN_POINT ( 'NONE',  ( 32.44772017948280052, 41.98559849556441037, 34.09560012035702670 ) ) ;
#2755 = CARTESIAN_POINT ( 'NONE',  ( 46.94097495975402978, 49.21232312566426970, 153.1114052335598217 ) ) ;
#2756 = VECTOR ( 'NONE', #7166, 1000.000000000000114 ) ;
#2757 = CARTESIAN_POINT ( 'NONE',  ( 0.000000000000000000, 99.71049082051534640, 192.3914645597634774 ) ) ;
#2758 = CARTESIAN_POINT ( 'NONE',  ( -2.046435327126721493, 94.12251987101380735, 161.1960642946769440 ) ) ;
#2759 = VECTOR ( 'NONE', #5904, 1000.000000000000227 ) ;
#2760 = B_SPLINE_CURVE_WITH_KNOTS ( 'NONE', 3,
 ( #5744, #6204, #3946, #5073 ),
 .UNSPECIFIED., .F., .F.,
 ( 4, 4 ),
 ( 2.255203950677990033E-19, 0.006952636129779908060 ),
 .UNSPECIFIED. ) ;
#2761 = CARTESIAN_POINT ( 'NONE',  ( -39.52723900572399174, 71.19428596515757590, 174.9092073172988933 ) ) ;
#2762 = CARTESIAN_POINT ( 'NONE',  ( 44.61397983970723402, 18.55010459094474129, 282.2886037042842418 ) ) ;
#2763 = CARTESIAN_POINT ( 'NONE',  ( -6.323797339097231074, 83.58994841267764286, 130.3770908341262214 ) ) ;
#2764 = CARTESIAN_POINT ( 'NONE',  ( 41.08573679467722428, -39.36872589409450285, 221.5277992088660710 ) ) ;
#2765 = DIRECTION ( 'NONE',  ( 1.000000000000000000, 0.000000000000000000, -0.000000000000000000 ) ) ;
#2766 = CARTESIAN_POINT ( 'NONE',  ( 19.69620272464766941, 98.83655039488226635, 402.9627143973561942 ) ) ;
#2767 = DIRECTION ( 'NONE',  ( -7.092797587629866267E-16, 0.000000000000000000, -1.000000000000000000 ) ) ;
#2768 = CARTESIAN_POINT ( 'NONE',  ( -15.85408331491016476, -53.87172359710689307, 106.4509317065839298 ) ) ;
#2769 = ORIENTED_EDGE ( 'NONE', *, *, #6976, .T. ) ;
#2770 = CARTESIAN_POINT ( 'NONE',  ( -47.80291860380906144, 45.39802483308655923, 153.0897552561995383 ) ) ;
#2771 = CARTESIAN_POINT ( 'NONE',  ( 49.29282811079855264, 54.99069590673529717, 201.7367403560437822 ) ) ;
#2772 = CARTESIAN_POINT ( 'NONE',  ( -24.38707688272489804, 89.14760755017272231, 184.8461810159550396 ) ) ;
#2773 = CARTESIAN_POINT ( 'NONE',  ( 13.69578346457313422, -9.989204209172893201, 405.8633037638764449 ) ) ;
#2774 = CARTESIAN_POINT ( 'NONE',  ( -41.09924141873010939, 78.46900718050359558, 201.7355060884092381 ) ) ;
#2775 = CARTESIAN_POINT ( 'NONE',  ( 0.000000000000000000, 84.85777298089909948, 120.0000000015958506 ) ) ;
#2776 = CARTESIAN_POINT ( 'NONE',  ( -47.50155169126043830, -5.154000518373821116, 266.0951788664463606 ) ) ;
#2777 = CARTESIAN_POINT ( 'NONE',  ( 40.22705722925220329, 69.90709794410975064, 174.8886368209776947 ) ) ;
#2778 = CARTESIAN_POINT ( 'NONE',  ( -18.05344409565291031, 98.42560364373090920, 201.7342441000753297 ) ) ;
#2779 = CARTESIAN_POINT ( 'NONE',  ( -17.82736701374702903, -18.40153089739105496, 395.7210253633289199 ) ) ;
#2780 = ORIENTED_EDGE ( 'NONE', *, *, #4444, .T. ) ;
#2781 = CARTESIAN_POINT ( 'NONE',  ( -53.69753417163088471, 27.10604614702788240, 124.4860821611722344 ) ) ;
#2782 = CARTESIAN_POINT ( 'NONE',  ( -34.14966430763183780, 68.62621759512910558, 119.3154881748927636 ) ) ;
#2783 = PRODUCT_DEFINITION ( 'UNKNOWN', '', #7216, #4242 ) ;
#2784 = CARTESIAN_POINT ( 'NONE',  ( -28.92341621401876850, 79.29540449215784292, 125.2831885280821780 ) ) ;
#2785 = CARTESIAN_POINT ( 'NONE',  ( 2.466582652647010931, -47.75786443674275006, 267.3937921982437160 ) ) ;
#2786 = CARTESIAN_POINT ( 'NONE',  ( -50.97392198010938813, 2.924690040458728379, 61.09541598837216725 ) ) ;
#2787 = CARTESIAN_POINT ( 'NONE',  ( 12.28253119835842710, 85.45746830994686150, 141.7424876432305894 ) ) ;
#2788 = EDGE_CURVE ( 'NONE', #3270, #602, #327, .T. ) ;
#2789 = CARTESIAN_POINT ( 'NONE',  ( 37.33748595316296104, 74.38264552382059946, 171.8135426300659958 ) ) ;
#2790 = DIRECTION ( 'NONE',  ( -5.602867245962734761E-30, -0.9812926639922453509, 0.1925219665259060020 ) ) ;
#2791 = CARTESIAN_POINT ( 'NONE',  ( -9.981387508113654050, -7.265923587815605877, 409.0779284778315059 ) ) ;
#2792 = DIRECTION ( 'NONE',  ( 0.000000000000000000, 0.1925219665259060853, 0.9812926639922453509 ) ) ;
#2793 = CARTESIAN_POINT ( 'NONE',  ( -0.3234059236387126779, -47.92900152199584340, 34.31797925651743242 ) ) ;
#2794 = CARTESIAN_POINT ( 'NONE',  ( 49.33446537551563438, -5.728520701639228996, 250.8423997194465471 ) ) ;
#2795 = DIRECTION ( 'NONE',  ( 0.0001000150855773373549, 0.1925219655630057980, 0.9812926590843017438 ) ) ;
#2796 = CARTESIAN_POINT ( 'NONE',  ( 32.30701980714055566, 78.74104730634725513, 159.4791551722339307 ) ) ;
#2797 = CARTESIAN_POINT ( 'NONE',  ( -48.38750450243541223, 44.15798751594012117, 95.91693488816352442 ) ) ;
#2798 = CARTESIAN_POINT ( 'NONE',  ( 44.73795073683756129, 69.63358936272844346, 236.2817962083018699 ) ) ;
#2799 = CARTESIAN_POINT ( 'NONE',  ( 47.06770860208931140, 49.51208465118720170, 177.8779014332773727 ) ) ;
#2800 = CARTESIAN_POINT ( 'NONE',  ( 3.896032811496955794, 114.6920939428093646, 389.8918159907137237 ) ) ;
#2801 = CARTESIAN_POINT ( 'NONE',  ( -38.07389022579339866, 75.25937103962549202, 188.3968356195601643 ) ) ;
#2802 = CARTESIAN_POINT ( 'NONE',  ( -38.48919907287929476, 74.76578915159176120, 191.1435333405691210 ) ) ;
#2803 = CARTESIAN_POINT ( 'NONE',  ( 51.18002285847064314, 6.181292003424125880, 236.0104610861525032 ) ) ;
#2804 = CARTESIAN_POINT ( 'NONE',  ( 0.000000000000000000, 81.03991695263097483, 119.6168639179787334 ) ) ;
#2805 = CARTESIAN_POINT ( 'NONE',  ( 38.53977333725261190, -44.55900025591001423, 82.47946431468582773 ) ) ;
#2806 = CARTESIAN_POINT ( 'NONE',  ( -1.630136904386838337, 93.32438609721765488, 162.3703357350216834 ) ) ;
#2807 = CARTESIAN_POINT ( 'NONE',  ( 12.66348884083828708, 37.17648967538949023, 9.999999999999996447 ) ) ;
#2808 = CARTESIAN_POINT ( 'NONE',  ( 49.08431831770043630, 35.28856251571792768, 183.1758581061168911 ) ) ;
#2809 = ORIENTED_EDGE ( 'NONE', *, *, #7544, .T. ) ;
#2810 = CARTESIAN_POINT ( 'NONE',  ( -45.91413406991028268, 54.24701265559154706, 165.2811465432394016 ) ) ;
#2811 = CARTESIAN_POINT ( 'NONE',  ( 40.45190724635617130, 65.45893130789542624, 282.9263418097875729 ) ) ;
#2812 = CARTESIAN_POINT ( 'NONE',  ( -23.00992139703614470, 86.73996283266521345, 165.7875875093514821 ) ) ;
#2813 = CARTESIAN_POINT ( 'NONE',  ( 55.28895679616665859, -12.03699016990225523, 174.9357565051627148 ) ) ;
#2814 = CARTESIAN_POINT ( 'NONE',  ( -31.02070305377686665, 71.00770606899796178, 321.4673657776028222 ) ) ;
#2815 = CARTESIAN_POINT ( 'NONE',  ( -9.249381822979334089, 84.33875005600098973, 120.0000000000000568 ) ) ;
#2816 = CARTESIAN_POINT ( 'NONE',  ( -54.60395312582040361, -5.824797706672109499, 95.91850950000637965 ) ) ;
#2817 = CARTESIAN_POINT ( 'NONE',  ( 40.26213843390053171, 69.47464752521348430, 171.7380017702585633 ) ) ;
#2818 = CARTESIAN_POINT ( 'NONE',  ( -22.66618655282875139, 96.53617894195254223, 201.7343883737954400 ) ) ;
#2819 = CARTESIAN_POINT ( 'NONE',  ( -16.01946641174568597, -22.01760210342347079, 394.6001778272645311 ) ) ;
#2821 = ORIENTED_EDGE ( 'NONE', *, *, #2617, .F. ) ;
#2820 = EDGE_CURVE ( 'NONE', #1940, #6040, #7542, .T. ) ;
#2822 = CARTESIAN_POINT ( 'NONE',  ( 6.946430303705576570, 84.82032110446378681, 129.0661687858196842 ) ) ;
#2823 = CARTESIAN_POINT ( 'NONE',  ( -35.79817368748147999, 75.67969222843693444, 165.5477408440039255 ) ) ;
#2824 = CARTESIAN_POINT ( 'NONE',  ( -13.50652890586522936, 80.83400105477107900, 403.3251424326149959 ) ) ;
#2825 = CARTESIAN_POINT ( 'NONE',  ( 3.796422134339112908, -42.92832897857011432, 309.3062308506089835 ) ) ;
#2826 = CARTESIAN_POINT ( 'NONE',  ( -52.29412793052531327, 8.042072019475606126, 221.5258931918240819 ) ) ;
#2827 = CARTESIAN_POINT ( 'NONE',  ( 17.75053109743848978, 91.64566583823462054, 181.6965788148919785 ) ) ;
#2828 = CARTESIAN_POINT ( 'NONE',  ( 36.78819129802690924, 70.38057568204857262, 141.3873123535626348 ) ) ;
#2829 = DIRECTION ( 'NONE',  ( 4.255678552577935538E-16, 0.000000000000000000, -1.000000000000000000 ) ) ;
#2830 = CARTESIAN_POINT ( 'NONE',  ( -40.58052660407712864, -6.166741895169912446, 17.38832198500689330 ) ) ;
#2831 = CARTESIAN_POINT ( 'NONE',  ( -0.3357357398032463913, -46.06296908967431136, 283.5898144950127744 ) ) ;
#2832 = CARTESIAN_POINT ( 'NONE',  ( 55.92632958073807714, -5.025357666496797826, 125.3253990331698020 ) ) ;
#2833 = CARTESIAN_POINT ( 'NONE',  ( -0.1666673488412055981, 93.25895547134788899, 161.8646081537872305 ) ) ;
#2834 = CARTESIAN_POINT ( 'NONE',  ( 32.48712926066958318, 72.91871555797867188, 130.1134903458820418 ) ) ;
#2835 = CARTESIAN_POINT ( 'NONE',  ( -51.59836496145894813, 35.67867893975901694, 106.4626813480985561 ) ) ;
#2836 = CARTESIAN_POINT ( 'NONE',  ( 27.17486209928118512, 69.39068053040878681, 336.8203445163638321 ) ) ;
#2837 = CARTESIAN_POINT ( 'NONE',  ( 47.87359781073762832, 44.14231316374620206, 187.5601162223761946 ) ) ;
#2838 = CARTESIAN_POINT ( 'NONE',  ( 8.196677454624717640, 113.4385801714792308, 409.0779284778321880 ) ) ;
#2839 = CARTESIAN_POINT ( 'NONE',  ( -1.623382293950700994, 94.08146563161727727, 160.9399433003939919 ) ) ;
#2840 = CARTESIAN_POINT ( 'NONE',  ( -38.61124582516040959, 74.54864702662324305, 191.1402193885491272 ) ) ;
#2841 = CARTESIAN_POINT ( 'NONE',  ( 54.74136690963599960, 6.076549765076105558, 106.4739534392445961 ) ) ;
#2842 = CARTESIAN_POINT ( 'NONE',  ( 0.000000000000000000, 98.94341363764289099, 187.7913350286587786 ) ) ;
#2843 = CARTESIAN_POINT ( 'NONE',  ( 24.88510491888017739, -51.65813026567050770, 95.91309608127470199 ) ) ;
#2844 = EDGE_CURVE ( 'NONE', #2352, #1288, #2538, .T. ) ;
#2845 = CARTESIAN_POINT ( 'NONE',  ( 31.49248036509828097, 57.10904052710888124, 60.96043707223196861 ) ) ;
#2846 = CARTESIAN_POINT ( 'NONE',  ( 53.52984902553233582, 27.10604614702786463, 119.9999999999999432 ) ) ;
#2847 = CARTESIAN_POINT ( 'NONE',  ( 22.94962416424538176, 100.2016216651766030, 236.4813246010988905 ) ) ;
#2848 = DIRECTION ( 'NONE',  ( -1.000000000000000000, 0.000000000000000000, 0.000000000000000000 ) ) ;
#2849 = VERTEX_POINT ( 'NONE', #6876 ) ;
#2850 = CARTESIAN_POINT ( 'NONE',  ( -46.25273762221370077, 52.76511542579940084, 190.9113200682938327 ) ) ;
#2851 = CARTESIAN_POINT ( 'NONE',  ( 5.000607319111026072, 34.98267493087544722, 409.0779284778315628 ) ) ;
#2852 = CARTESIAN_POINT ( 'NONE',  ( -17.53758418295898380, 81.56876033902391043, 130.3428630004851527 ) ) ;
#2853 = CARTESIAN_POINT ( 'NONE',  ( 48.99249482762951402, -26.56238141412534048, 221.5246904950450073 ) ) ;
#2854 = CARTESIAN_POINT ( 'NONE',  ( -43.15948104918934547, 72.24535119634704472, 174.9421200764166997 ) ) ;
#2855 = DIRECTION ( 'NONE',  ( 0.000000000000000000, 0.1295195352457374494, -0.9915768704390639510 ) ) ;
#2856 = ADVANCED_FACE ( 'NONE', ( #1638 ), #3438, .F. ) ;
#2857 = CARTESIAN_POINT ( 'NONE',  ( 40.70910589199854712, 64.41000128856727258, 141.2905938417309528 ) ) ;
#2858 = CARTESIAN_POINT ( 'NONE',  ( 11.42620105732674496, 110.8695868683948902, 335.0877328002619606 ) ) ;
#2859 = CARTESIAN_POINT ( 'NONE',  ( -16.20850349175512051, 72.07967831419762206, 82.48345254999986764 ) ) ;
#2860 = CARTESIAN_POINT ( 'NONE',  ( -39.27525082723539640, -44.14926309889921185, 192.3974927658011040 ) ) ;
#2861 = EDGE_LOOP ( 'NONE', ( #4970, #2499, #6794, #2652 ) ) ;
#2862 = DIRECTION ( 'NONE',  ( -1.000000000000000000, -6.559217444483719511E-16, -3.343261070905212782E-15 ) ) ;
#2863 = CARTESIAN_POINT ( 'NONE',  ( -33.41735909686234862, 79.98977622813490029, 175.0524702686412013 ) ) ;
#2864 = CARTESIAN_POINT ( 'NONE',  ( -31.52744243911445565, 65.15498642165036358, 82.48096350796008380 ) ) ;
#2865 = CARTESIAN_POINT ( 'NONE',  ( 4.441863269600816899, -51.81114449858732485, 61.09565715812802011 ) ) ;
#2866 = CARTESIAN_POINT ( 'NONE',  ( -53.16201752586142959, 0.02373478577073876924, 211.2173182657485881 ) ) ;
#2867 = CARTESIAN_POINT ( 'NONE',  ( 16.05345002263424803, 91.15621951888090280, 175.3004863735735626 ) ) ;
#2868 = CARTESIAN_POINT ( 'NONE',  ( 36.62263431915939549, 77.07842848860980212, 184.6219766839584224 ) ) ;
#2869 = PLANE ( 'NONE',  #528 ) ;
#2870 = CARTESIAN_POINT ( 'NONE',  ( -24.72788819030826701, -11.56675635778803013, 379.8108169319099829 ) ) ;
#2871 = CARTESIAN_POINT ( 'NONE',  ( 6.946430303705541931, 82.71893810704847283, 127.4403157947021583 ) ) ;
#2872 = CARTESIAN_POINT ( 'NONE',  ( 50.94588393153053829, -5.726755922564066736, 235.9982317504468483 ) ) ;
#2873 = CARTESIAN_POINT ( 'NONE',  ( -5.444480652423141720, 94.70166484779477400, 185.5198918221648228 ) ) ;
#2874 = CARTESIAN_POINT ( 'NONE',  ( 32.64610161655714649, 70.11673166951638336, 119.3503044913538389 ) ) ;
#2875 = CARTESIAN_POINT ( 'NONE',  ( -38.24156636926625907, 31.36276094530756353, 309.2047914780112023 ) ) ;
#2876 = CARTESIAN_POINT ( 'NONE',  ( 47.79265349366125548, 45.89297905352139395, 159.0833001425560838 ) ) ;
#2877 = CARTESIAN_POINT ( 'NONE',  ( -1.960222423376827283, 96.28048943785762503, 178.4887109900343773 ) ) ;
#2878 = CARTESIAN_POINT ( 'NONE',  ( 1.842107943879067511, 78.14528303371176321, 95.91466575645878834 ) ) ;
#2879 = CARTESIAN_POINT ( 'NONE',  ( -38.76676464931475863, 73.61257613946426659, 184.5692661650599007 ) ) ;
#2880 = CARTESIAN_POINT ( 'NONE',  ( 49.72833828866642136, 4.425022089082849774, 250.8598458643937477 ) ) ;
#2881 = CARTESIAN_POINT ( 'NONE',  ( -50.35833140968819777, 27.10604614702787174, 137.9507306614990512 ) ) ;
#2882 = CARTESIAN_POINT ( 'NONE',  ( 35.25650449685575438, -48.27731340483628486, 106.4592106982952657 ) ) ;
#2883 = CARTESIAN_POINT ( 'NONE',  ( 15.87579328852780414, 85.19693581198670529, 373.3064667252252775 ) ) ;
#2884 = CARTESIAN_POINT ( 'NONE',  ( 6.286647284102239830, 95.08522297564134362, 188.2438843562846387 ) ) ;
#2885 = CARTESIAN_POINT ( 'NONE',  ( 18.72963673883764457, 104.8244500739065757, 320.8999352614530949 ) ) ;
#2886 = DIRECTION ( 'NONE',  ( -5.602867245962734761E-30, -0.9812926639922453509, 0.1925219665259060575 ) ) ;
#2887 = ORIENTED_EDGE ( 'NONE', *, *, #6727, .T. ) ;
#2888 = CARTESIAN_POINT ( 'NONE',  ( -45.53839085483500781, 56.17563429599907465, 184.3688897707049819 ) ) ;
#2889 = CARTESIAN_POINT ( 'NONE',  ( 24.47287998797352770, 34.42806049344429908, 358.3437709870446497 ) ) ;
#2890 = CARTESIAN_POINT ( 'NONE',  ( -14.13145387079728366, 92.74542335129773107, 181.7245267695164728 ) ) ;
#2891 = CARTESIAN_POINT ( 'NONE',  ( 36.47303294150326991, -17.94115897225242406, 10.00000000000001599 ) ) ;
#2892 = CARTESIAN_POINT ( 'NONE',  ( -32.29740268430196437, 78.87775140567180188, 309.2584428541577495 ) ) ;
#2893 = CARTESIAN_POINT ( 'NONE',  ( 0.5061229637643370749, 97.68362273171801746, 180.3816332480687663 ) ) ;
#2894 = CARTESIAN_POINT ( 'NONE',  ( 39.86936940765728821, 69.43629954222578249, 165.4496085395167029 ) ) ;
#2895 = CARTESIAN_POINT ( 'NONE',  ( 12.20268880672776568, 108.3599278425992196, 283.7759054504146548 ) ) ;
#2896 = CARTESIAN_POINT ( 'NONE',  ( -20.39298250971555859, 97.54897825839712766, 201.7343125678803517 ) ) ;
#2897 = CARTESIAN_POINT ( 'NONE',  ( -19.92709132600696975, -25.22010027183121750, 376.5590996151598802 ) ) ;
#2898 = ORIENTED_EDGE ( 'NONE', *, *, #634, .T. ) ;
#2899 = CARTESIAN_POINT ( 'NONE',  ( 0.3374176879154110464, 97.68463604303556735, 180.3814307638343166 ) ) ;
#2900 = CARTESIAN_POINT ( 'NONE',  ( -34.30175789768396299, 71.07710544958385412, 130.0707569357522289 ) ) ;
#2901 = CARTESIAN_POINT ( 'NONE',  ( -35.25579467193229277, 83.45184056107137849, 174.9437546031742556 ) ) ;
#2902 = CARTESIAN_POINT ( 'NONE',  ( 2.749483115915630993, -51.74880516849022172, 221.5350837507238850 ) ) ;
#2903 = CARTESIAN_POINT ( 'NONE',  ( -20.77186446429383793, -1.147659261142891518, 380.0333166273094321 ) ) ;
#2904 = CARTESIAN_POINT ( 'NONE',  ( 17.83161342647132130, 90.55394894169241127, 175.2855781721605126 ) ) ;
#2905 = CARTESIAN_POINT ( 'NONE',  ( 35.05185182446454917, 78.86683082526120359, 181.4302616329883620 ) ) ;
#2906 = CARTESIAN_POINT ( 'NONE',  ( 7.946428739083171600, 57.29324932177321017, -11.24048862569913787 ) ) ;
#2907 = CARTESIAN_POINT ( 'NONE',  ( -46.19293100051940115, -11.20126604781919788, 34.40012518613108483 ) ) ;
#2908 = CARTESIAN_POINT ( 'NONE',  ( 0.000000000000000000, -52.47315856824187108, 211.1919248396908415 ) ) ;
#2909 = CARTESIAN_POINT ( 'NONE',  ( 32.92499665605049586, 78.10152156521527900, 159.4656336521308333 ) ) ;
#2910 = CARTESIAN_POINT ( 'NONE',  ( -11.60833953122613771, 24.48597110836148261, 396.3983814618156885 ) ) ;
#2911 = CARTESIAN_POINT ( 'NONE',  ( 47.65795177298651453, 43.28005931286197239, 129.7190441399568499 ) ) ;
#2912 = B_SPLINE_CURVE_WITH_KNOTS ( 'NONE', 3,
 ( #5075, #2037, #1000, #4411, #4450, #3369, #5746, #6777, #1452, #921, #5666, #341, #1534, #3907, #2709, #2936, #565, #1906, #5307, #6509, #1178, #4281, #5422, #1870, #1142, #5894, #1215, #5933, #718, #1833, #6544, #2429, #7666, #4796, #1797, #3590 ),
 .UNSPECIFIED., .F., .F.,
 ( 4, 2, 2, 2, 2, 2, 2, 2, 2, 2, 2, 2, 2, 2, 2, 2, 2, 4 ),
 ( 1.387778780781445676E-17, 0.01093970749272645329, 0.02187941498545289271, 0.02734926873181613496, 0.03281912247817934947, 0.03828897622454256050, 0.04375882997090578541, 0.04649375684408741521, 0.04922868371726903808, 0.05469853746363229768, 0.05743346433681390667, 0.05880092777340471116, 0.06016839120999550178, 0.06563824495635867118, 0.07110809870272183364, 0.07384302557590341487, 0.07657795244908500998, 0.08751765994181132102 ),
 .UNSPECIFIED. ) ;
#2913 = CARTESIAN_POINT ( 'NONE',  ( 2.957654812749026974, 97.31393186095098713, 178.5635797249850043 ) ) ;
#2914 = CARTESIAN_POINT ( 'NONE',  ( 5.433941470908346005, 81.12146277195157040, 106.4310689632098246 ) ) ;
#2915 = CARTESIAN_POINT ( 'NONE',  ( -5.510387536433372979, -41.28500612334945430, 321.0028980597419945 ) ) ;
#2916 = CARTESIAN_POINT ( 'NONE',  ( -39.32498368486808715, 71.16741946059093493, 171.7652072783002382 ) ) ;
#2917 = CARTESIAN_POINT ( 'NONE',  ( 54.84875265079958240, 5.345334317541089675, 174.9351553658538023 ) ) ;
#2918 = ORIENTED_EDGE ( 'NONE', *, *, #3843, .F. ) ;
#2919 = CARTESIAN_POINT ( 'NONE',  ( 7.946428739083853721, 91.48060568004525805, 168.3850191525723687 ) ) ;
#2920 = CARTESIAN_POINT ( 'NONE',  ( 30.32507659474158501, -50.43154073004841109, 106.4567508061890067 ) ) ;
#2921 = CARTESIAN_POINT ( 'NONE',  ( 11.44771267541676529, 80.02816373479271306, 391.8674375302708768 ) ) ;
#2922 = CARTESIAN_POINT ( 'NONE',  ( 6.260071332124017118, 95.61552693658335045, 191.5456666744937877 ) ) ;
#2923 = CARTESIAN_POINT ( 'NONE',  ( 11.45102433989289814, 37.54025891792331038, 9.999999999999998224 ) ) ;
#2924 = CARTESIAN_POINT ( 'NONE',  ( 5.444550662983410838, 94.81671802589580977, 186.2106640665421367 ) ) ;
#2925 = VERTEX_POINT ( 'NONE', #1559 ) ;
#2926 = CARTESIAN_POINT ( 'NONE',  ( -46.75792282052110238, 50.96335519902373079, 171.5538801612345878 ) ) ;
#2927 = CARTESIAN_POINT ( 'NONE',  ( 49.82065476827458639, 36.97633346462946946, 236.1111139746039385 ) ) ;
#2928 = CARTESIAN_POINT ( 'NONE',  ( -15.81143116839178120, 93.85302683312571048, 191.4998011225004007 ) ) ;
#2929 = CARTESIAN_POINT ( 'NONE',  ( 50.69568025434101344, -16.69194658443829482, 61.09946388955189889 ) ) ;
#2930 = CARTESIAN_POINT ( 'NONE',  ( 3.038240967837852136, 97.19915715014390400, 177.9263847027587246 ) ) ;
#2931 = CARTESIAN_POINT ( 'NONE',  ( 42.98795953443992346, 64.68805881528736279, 191.0089244910966499 ) ) ;
#2932 = CARTESIAN_POINT ( 'NONE',  ( 16.02017309516052279, 104.6407334901527975, 251.8207650491244749 ) ) ;
#2933 = CARTESIAN_POINT ( 'NONE',  ( -15.59575044233932140, 107.8624269936204030, 335.2153524562597227 ) ) ;
#2934 = CARTESIAN_POINT ( 'NONE',  ( -33.24520902254579369, -39.87008860212530692, 34.35937563049589727 ) ) ;
#2935 = EDGE_LOOP ( 'NONE', ( #138, #6223, #7231, #5563 ) ) ;
#2936 = CARTESIAN_POINT ( 'NONE',  ( 35.06861753588675867, 79.81724557884589899, 188.9921841090493047 ) ) ;
#2937 = CARTESIAN_POINT ( 'NONE',  ( 0.000000000000000000, 97.68513765604484433, 180.3813305183697935 ) ) ;
#2938 = CARTESIAN_POINT ( 'NONE',  ( -33.90426518069320849, 80.31889483457084111, 181.4559177288673197 ) ) ;
#2939 = CARTESIAN_POINT ( 'NONE',  ( -26.81416357868813805, 97.14247477435185374, 297.7252802620051284 ) ) ;
#2940 = CARTESIAN_POINT ( 'NONE',  ( 1.232968491173381143, -53.59119587329963963, 192.4473474233010677 ) ) ;
#2941 = CARTESIAN_POINT ( 'NONE',  ( -55.69499038681207992, 1.882647266064893854, 149.0512142414311256 ) ) ;
#2942 = CARTESIAN_POINT ( 'NONE',  ( 21.39361618339365023, 87.57045276086199692, 165.8077020845582865 ) ) ;
#2943 = CARTESIAN_POINT ( 'NONE',  ( 34.44493118902013862, 68.30862485292593078, 119.3056017506800259 ) ) ;
#2944 = FACE_OUTER_BOUND ( 'NONE', #2935, .T. ) ;
#2945 = CARTESIAN_POINT ( 'NONE',  ( -40.50221767446985410, -10.70507791529158226, 309.1863018646396313 ) ) ;
#2946 = DIRECTION ( 'NONE',  ( 0.000000000000000000, 0.000000000000000000, -1.000000000000000000 ) ) ;
#2947 = CARTESIAN_POINT ( 'NONE',  ( 12.12332452584074538, -51.88172862166235433, 211.1935725270082855 ) ) ;
#2948 = CARTESIAN_POINT ( 'NONE',  ( -51.74126530205531793, 23.61871715008629025, 221.5344904689891052 ) ) ;
#2949 = CARTESIAN_POINT ( 'NONE',  ( 47.90065210978607269, 45.18137810313276503, 174.6688903303959250 ) ) ;
#2950 = CARTESIAN_POINT ( 'NONE',  ( -5.444550662983410838, 94.81671802589580977, 186.2106640665421367 ) ) ;
#2951 = CARTESIAN_POINT ( 'NONE',  ( 1.680729374533285414, 107.4661037658447498, 251.8734979200430928 ) ) ;
#2952 = CARTESIAN_POINT ( 'NONE',  ( -7.351056648157799245, -52.86114351108469833, 201.7519393147382800 ) ) ;
#2953 = CARTESIAN_POINT ( 'NONE',  ( -38.75981622673566562, 72.90402630785123961, 178.1182450389280802 ) ) ;
#2954 = CARTESIAN_POINT ( 'NONE',  ( 53.02920410160584908, 5.824756774615645227, 211.2173696707995987 ) ) ;
#2955 = CARTESIAN_POINT ( 'NONE',  ( -2.780129153870538605, 94.27140321346814744, 162.0664793077417301 ) ) ;
#2956 = CARTESIAN_POINT ( 'NONE',  ( -50.42272714229543595, 27.10604614702781845, 155.9025900323228768 ) ) ;
#2957 = CARTESIAN_POINT ( 'NONE',  ( 25.92623310562299466, -52.30834305720525634, 149.1014162995926711 ) ) ;
#2958 = CARTESIAN_POINT ( 'NONE',  ( 22.38662345868551284, 38.23771720285905928, 17.21337615294903145 ) ) ;
#2959 = CARTESIAN_POINT ( 'NONE',  ( 4.351334515787958601, 90.12636959602262721, 159.7445850455472396 ) ) ;
#2960 = CARTESIAN_POINT ( 'NONE',  ( 20.51713347036356083, 63.06588284998504434, 60.93448296930866093 ) ) ;
#2961 = FACE_OUTER_BOUND ( 'NONE', #2151, .T. ) ;
#2962 = ORIENTED_EDGE ( 'NONE', *, *, #4963, .F. ) ;
#2963 = EDGE_CURVE ( 'NONE', #3698, #2849, #2745, .T. ) ;
#2964 = CARTESIAN_POINT ( 'NONE',  ( -45.44596571645332261, 56.50702797157215684, 187.6327347798386995 ) ) ;
#2965 = CARTESIAN_POINT ( 'NONE',  ( 36.49203619345381355, 53.23133605884224551, 309.2274345095315766 ) ) ;
#2966 = CARTESIAN_POINT ( 'NONE',  ( -14.25552279347001416, 89.94083003600191262, 165.8654830015001096 ) ) ;
#2967 = CARTESIAN_POINT ( 'NONE',  ( 53.04656459391740952, -17.14895278318245175, 82.46934690342911267 ) ) ;
#2968 =( NAMED_UNIT ( * ) PLANE_ANGLE_UNIT ( ) SI_UNIT ( $, .RADIAN. ) );
#2969 = CARTESIAN_POINT ( 'NONE',  ( 43.98673930792287479, 61.27731440103734428, 177.9666378304440570 ) ) ;
#2970 = CARTESIAN_POINT ( 'NONE',  ( 14.30807639787205865, 108.1000796720965695, 297.9392819932400016 ) ) ;
#2971 = CARTESIAN_POINT ( 'NONE',  ( -21.69345142625344991, 77.80374889943513494, 106.4345828827380700 ) ) ;
#2972 = CARTESIAN_POINT ( 'NONE',  ( -27.18462493407380620, -34.24492983052216033, 10.00000000000002842 ) ) ;
#2973 = EDGE_LOOP ( 'NONE', ( #5382, #5683, #6497, #4188, #4247 ) ) ;
#2974 = CARTESIAN_POINT ( 'NONE',  ( 1.255598090537415112, 90.73505129109933875, 162.5529724504125397 ) ) ;
#2975 = CARTESIAN_POINT ( 'NONE',  ( 7.831348893262675581, 82.68478720493874334, 127.6525144767836082 ) ) ;
#2976 = CARTESIAN_POINT ( 'NONE',  ( -33.97401851047541754, 81.49589055068993559, 191.2490686887553579 ) ) ;
#2977 = CARTESIAN_POINT ( 'NONE',  ( -20.29149846066628271, 39.51805268472739385, 17.20420638519892975 ) ) ;
#2978 = CARTESIAN_POINT ( 'NONE',  ( 0.4225128644914850073, -55.25367027560801603, 149.1163318187778373 ) ) ;
#2979 = CARTESIAN_POINT ( 'NONE',  ( -45.34437156756264642, 4.526368387407289973, 282.1930726493894781 ) ) ;
#2980 = CARTESIAN_POINT ( 'NONE',  ( 45.05813374385801495, 68.52585230248348580, 174.9416044359795706 ) ) ;
#2981 = CARTESIAN_POINT ( 'NONE',  ( 22.84745978898516228, 82.13141510923351518, 141.6676376099218544 ) ) ;
#2982 = CARTESIAN_POINT ( 'NONE',  ( 38.46042102017946718, 68.04739458056386070, 141.3486885329696747 ) ) ;
#2983 = CARTESIAN_POINT ( 'NONE',  ( -1.379341781467414041, 113.4534268831262835, 334.9546424867822907 ) ) ;
#2984 = CARTESIAN_POINT ( 'NONE',  ( -40.09261264076619824, -14.60005429256910858, 309.1902383625011339 ) ) ;
#2985 = CARTESIAN_POINT ( 'NONE',  ( 4.889793759361426198E-13, 85.01284307098968895, 130.0474614498119479 ) ) ;
#2986 = CARTESIAN_POINT ( 'NONE',  ( 7.350758326725074454, -26.38904048177414552, 403.6468210446017792 ) ) ;
#2987 = CARTESIAN_POINT ( 'NONE',  ( -46.18675434505338728, 38.24548367965716977, 266.4196411871761256 ) ) ;
#2988 = CARTESIAN_POINT ( 'NONE',  ( 47.64774521457905365, 46.46287647663216802, 177.8612670570084902 ) ) ;
#2989 = CARTESIAN_POINT ( 'NONE',  ( 2.413834521672093558, 97.50486512401255368, 179.5515166986100155 ) ) ;
#2990 = CARTESIAN_POINT ( 'NONE',  ( -5.497173108916133089, -29.75182504755317936, 391.8202980255168200 ) ) ;
#2991 = CARTESIAN_POINT ( 'NONE',  ( -37.40641999325745815, 72.51235914206780819, 159.3629132718988615 ) ) ;
#2992 = CARTESIAN_POINT ( 'NONE',  ( 55.06595287175068876, -0.2254878066342251575, 174.9349744532732132 ) ) ;
#2993 = ORIENTED_EDGE ( 'NONE', *, *, #1412, .T. ) ;
#2994 = CARTESIAN_POINT ( 'NONE',  ( -1.923414061652709339, 93.40617582993819212, 162.8718391022930234 ) ) ;
#2995 = CARTESIAN_POINT ( 'NONE',  ( 32.39948757236342658, -45.74576672700735003, 61.09724415260151886 ) ) ;
#2996 = CARTESIAN_POINT ( 'NONE',  ( 34.75655760757326362, 89.51825503059345124, 221.6025027815269368 ) ) ;
#2997 = CARTESIAN_POINT ( 'NONE',  ( 7.343698702998533889, 93.89583367184818030, 181.7517900722871502 ) ) ;
#2998 = CARTESIAN_POINT ( 'NONE',  ( 24.95555945333274650, 99.06241515001809717, 236.4709776834441755 ) ) ;
#2999 = ORIENTED_EDGE ( 'NONE', *, *, #5922, .F. ) ;
#3000 = CARTESIAN_POINT ( 'NONE',  ( -44.56005275978962032, 53.92030895554147918, 129.8048853889337977 ) ) ;
#3001 = CARTESIAN_POINT ( 'NONE',  ( 23.94329863777483425, 42.60165058648324532, 357.8285716998943258 ) ) ;
#3002 = CARTESIAN_POINT ( 'NONE',  ( -16.00900899076723150, 84.66817252300072028, 141.7298644602063291 ) ) ;
#3003 = CARTESIAN_POINT ( 'NONE',  ( 50.43121760430506839, -21.71728375742847916, 221.5238952426716992 ) ) ;
#3004 = CARTESIAN_POINT ( 'NONE',  ( 43.16709179169402688, 63.90524000795583248, 184.4388214762726363 ) ) ;
#3005 = CARTESIAN_POINT ( 'NONE',  ( -40.23555158733752535, 78.63856219311779228, 188.8382247652278068 ) ) ;
#3006 = CARTESIAN_POINT ( 'NONE',  ( -21.38535298608146817, -45.16833922428637749, 267.0977388997728781 ) ) ;
#3007 = EDGE_LOOP ( 'NONE', ( #7378, #5253, #7295, #4206, #2496, #5306, #7306, #2887, #2769, #6759, #5883, #4130, #4045, #1934, #2234, #5189, #4083, #949, #3919, #5421, #4551, #3619 ) ) ;
#3008 = CARTESIAN_POINT ( 'NONE',  ( -0.4999999999999904521, 93.97526499812197187, 180.0672253104210938 ) ) ;
#3009 = CARTESIAN_POINT ( 'NONE',  ( -49.35184311524166390, 31.44310682618372255, 187.5150429663807188 ) ) ;
#3010 = AXIS2_PLACEMENT_3D ( 'NONE', #221, #6770, #3098 ) ;
#3011 = CARTESIAN_POINT ( 'NONE',  ( -33.68703193206831514, 74.07283401776338394, 141.4648593368430909 ) ) ;
#3012 = CARTESIAN_POINT ( 'NONE',  ( 38.06266273839597858, -5.835323823584555036, 322.2737829718018361 ) ) ;
#3013 = CARTESIAN_POINT ( 'NONE',  ( -38.34960005012641204, 75.83791088802004765, 149.0275875816885787 ) ) ;
#3014 = CARTESIAN_POINT ( 'NONE',  ( 0.3785761406629415404, -50.62112415900385542, 236.3618297300487541 ) ) ;
#3015 = CARTESIAN_POINT ( 'NONE',  ( -54.96857882126191441, 2.070199655047520348, 174.9350368813493048 ) ) ;
#3016 = CARTESIAN_POINT ( 'NONE',  ( 27.09430959127141492, 77.17299268688218206, 130.2258550370591195 ) ) ;
#3017 = CARTESIAN_POINT ( 'NONE',  ( 38.41400610890540435, 71.87446301775644031, 165.4874856947171224 ) ) ;
#3018 = CARTESIAN_POINT ( 'NONE',  ( -1.336608252918339845, 114.1269897751958524, 352.8396104960729076 ) ) ;
#3019 = CARTESIAN_POINT ( 'NONE',  ( -53.62880333035646174, -11.90122167005775822, 201.7387440632810751 ) ) ;
#3020 = CARTESIAN_POINT ( 'NONE',  ( 0.000000000000000000, 96.50724633046549172, 179.5704703226415404 ) ) ;
#3021 = CARTESIAN_POINT ( 'NONE',  ( -25.84366293393951963, 75.99360956721282889, 106.4362302231201625 ) ) ;
#3022 = CARTESIAN_POINT ( 'NONE',  ( 14.48703242712283235, -42.04255446809952446, 17.34569666323296744 ) ) ;
#3023 = CARTESIAN_POINT ( 'NONE',  ( -49.82065476827458639, 36.97633346462946946, 236.1111139746039385 ) ) ;
#3024 = EDGE_CURVE ( 'NONE', #602, #4383, #1010, .T. ) ;
#3025 = CARTESIAN_POINT ( 'NONE',  ( 49.78730448221848093, 26.94632316843730635, 184.2420214740014615 ) ) ;
#3026 = CARTESIAN_POINT ( 'NONE',  ( 1.630179103133738483, 96.39287707908781044, 179.0742974084752461 ) ) ;
#3027 = CARTESIAN_POINT ( 'NONE',  ( -9.950808704669615423, -53.21116325484679521, 192.4431806850645614 ) ) ;
#3028 = CARTESIAN_POINT ( 'NONE',  ( -37.39212253580041079, 73.44864173052970102, 165.5121165559848464 ) ) ;
#3029 = CARTESIAN_POINT ( 'NONE',  ( 6.757294751367743935, -3.901562835890073799, 409.0779284778307670 ) ) ;
#3030 = CARTESIAN_POINT ( 'NONE',  ( -0.8384686416735919190, 94.04429043883450845, 160.6907229830028996 ) ) ;
#3031 = CARTESIAN_POINT ( 'NONE',  ( 13.78029803444555057, -37.58678292936173193, 336.0927813067148691 ) ) ;
#3032 = CARTESIAN_POINT ( 'NONE',  ( -39.72796301736433122, 56.91168432937396204, 82.47865688392327854 ) ) ;
#3033 = CARTESIAN_POINT ( 'NONE',  ( 36.18514798360699558, 88.85666191873629316, 251.5829373975865906 ) ) ;
#3034 = CARTESIAN_POINT ( 'NONE',  ( 6.346076254251797444, 93.43634315344827712, 178.5279491202402369 ) ) ;
#3035 = CARTESIAN_POINT ( 'NONE',  ( 23.41826700613355783, 101.9100176553720019, 283.5985613071160287 ) ) ;
#3036 = B_SPLINE_SURFACE_WITH_KNOTS ( 'NONE', 3, 3, ( 
 ( #3296, #310, #6137, #3877, #5598, #1967, #7332, #2716, #5082, #2679, #1501, #5673, #5045, #348, #6712, #5712, #2757, #1422, #5125, #815, #3187, #2641, #236, #2006, #5004, #6784, #7367 ),
 ( #4379, #2045, #3800, #272, #1703, #4073, #1158, #1008, #4623, #7525, #3419, #2951, #431, #4698, #3534, #4109, #4035, #7483, #2208, #7644, #7060, #2878, #3994, #1620, #7025, #4580, #6984 ),
 ( #2170, #5206, #2800, #6449, #1121, #3460, #3495, #5165, #469, #5873, #6941, #1084, #2331, #6369, #1046, #1581, #544, #1739, #5909, #3957, #2914, #5284, #2296, #5754, #6487, #5794, #6330 ),
 ( #2838, #7569, #581, #4539, #507, #2254, #6899, #1663, #6409, #5834, #5250, #7609, #4662, #3377, #5, #4736, #1776, #2369, #7099, #5323, #4754, #487, #6388, #7546, #1720, #4165, #22 ),
 ( #524, #3587, #7078, #4679, #7041, #2858, #4601, #1794, #6429, #2895, #1681, #7589, #7115, #1103, #2231, #3477, #1641, #7625, #3551, #6962, #4642, #599, #1212, #4015, #1138, #5854, #5267 ),
 ( #1064, #2312, #6541, #1756, #5814, #3441, #5966, #4090, #2970, #6466, #3514, #2932, #7662, #5229, #5890, #5340, #2275, #7004, #2385, #4054, #561, #5303, #636, #2349, #4715, #4127, #6505 ),
 ( #1174, #5929, #5186, #5173, #6457, #1671, #552, #6418, #7032, #5720, #7490, #1129, #5216, #7578, #4004, #6993, #2263, #5258, #7616, #4706, #4547, #477, #3387, #6950, #6495, #3965, #2923 ),
 ( #5293, #1711, #514, #4632, #5803, #4081, #2303, #1017, #7652, #2339, #4043, #3467, #3503, #396, #1054, #6337, #4669, #5881, #1092, #7069, #5762, #6378, #1747, #438, #5842, #4117, #2807 ),
 ( #3344, #2766, #5132, #2177, #6908, #1589, #2885, #7534, #2220, #4589, #1628, #3429, #2847, #5411, #6642, #4155, #5956, #1313, #51, #3617, #1278, #3693, #626, #2960, #3578, #1202, #4234 ),
 ( #1859, #14, #7181, #6567, #6532, #1821, #5918, #706, #4194, #5993, #1241, #590, #2998, #3655, #128, #7142, #6029, #1929, #4744, #163, #4898, #2455, #6065, #743, #4271, #5370, #3073 ),
 ( #90, #4306, #2417, #3111, #5484, #6608, #4783, #666, #5447, #3035, #4824, #2493, #5332, #4860, #7220, #1895, #7257, #2530, #1166, #3542, #2377, #7106, #1784, #5520, #6173, #6746, #234 ),
 ( #6134, #199, #3185, #3764, #5596, #813, #1419, #7293, #6098, #1383, #3727, #3798, #1965, #2566, #849, #3220, #5557, #4932, #270, #4341, #6710, #2603, #4967, #7330, #2004, #4377, #6675 ),
 ( #778, #1347, #3146, #207, #4977, #935, #1549, #7302, #1470, #6183, #5605, #3194, #859, #7413, #3230, #5053, #6791, #3847, #2649, #4351, #3924, #6298, #1430, #317, #3304, #6719, #6828 ),
 ( #2135, #4427, #5645, #5680, #2574, #279, #6144, #4466, #2094, #6220, #1509, #824, #5012, #3884, #5567, #898, #355, #2613, #2015, #1974, #6257, #2723, #975, #1393, #5089, #7452, #2687 ),
 ( #3773, #7375, #243, #4504, #3807, #7341, #6867, #5529, #3267, #4388, #4941, #6756, #2056, #2996, #6991, #2261, #1782, #1090, #4587, #5840, #4002, #2301, #5915, #2217, #1669, #2958, #3576 ),
 ( #512, #7614, #5214, #2883, #1745, #5256, #7067, #1127, #3501, #4667, #6375, #5954, #624, #3465, #2337, #5330, #1052, #1164, #1709, #1626, #4115, #7030, #7532, #2845, #588, #12, #4079 ),
 ( #4630, #7576, #2921, #6948, #5879, #6455, #5291, #4041, #2375, #550, #4742, #7650, #3540, #3427, #5801, #7104, #4704, #6493, #4153, #6530, #1200, #475, #6416, #6708, #6565, #2491, #5409 ),
 ( #776, #87, #4896, #4858, #7291, #3725, #2528, #7218, #126, #6096, #1927, #3033, #1963, #4339, #4269, #5482, #3144, #49, #3071, #5991, #4304, #6673, #1311, #1345, #664, #6027, #5518 ),
 ( #1381, #197, #161, #7255, #2564, #1893, #2453, #3690, #6640, #3761, #6063, #4930, #6606, #1239, #741, #7139, #6132, #1276, #4822, #811, #5368, #3109, #1857, #2415, #4232, #4780, #1819 ),
 ( #7179, #4192, #3653, #3615, #703, #5445, #5636, #1539, #5555, #2639, #6288, #6897, #4965, #6818, #3835, #3258, #848, #6211, #5080, #888, #2714, #4455, #1499, #308, #2003, #1579, #3955 ),
 ( #926, #5671, #6744, #2083, #964, #6171, #269, #3334, #2042, #2677, #3294, #5710, #5002, #7329, #5594, #3219, #6248, #6328, #3875, #5042, #346, #7365, #385, #7442, #2754, #2125, #6857 ),
 ( #5123, #7404, #4495, #3912, #7481, #2168, #4537, #3183, #232, #4376, #2601, #4417, #6782, #1418, #3797, #1458, #33, #2980, #467, #2398, #2206, #3562, #5939, #7566, #6939, #5204, #5351 ),
 ( #5163, #609, #7523, #428, #1006, #2836, #3375, #5752, #2251, #3417, #4578, #5791, #2798, #1618, #4619, #6367, #3992, #1044, #6981, #1659, #4137, #6515, #1184, #980, #3889, #3813, #3929 ),
 ( #904, #4471, #2140, #7495, #1476, #6189, #4432, #2061, #5095, #2811, #5685, #2692, #7457, #3852, #5137, #360, #6913, #4509, #5725, #4394, #864, #2182, #6262, #940, #5058, #2728, #3309 ),
 ( #5612, #1021, #5766, #6872, #4553, #1593, #3969, #6796, #1554, #1514, #6341, #401, #6303, #3349, #6833, #2771, #3391, #7381, #442, #5178, #2021, #6761, #1435, #3236, #7419, #2654, #284 ),
 ( #5018, #6225, #3272, #5649, #322, #2099, #1788, #2965, #7657, #2343, #4710, #4085, #5221, #3509, #1715, #5961, #6461, #18, #1096, #1058, #2307, #1633, #2381, #3471, #2268, #4160, #7110 ),
 ( #2851, #6954, #1133, #4122, #3001, #6998, #4636, #6536, #5847, #4594, #3546, #7583, #518, #5924, #1675, #5885, #4749, #4047, #6422, #4008, #6499, #1207, #631, #6382, #1752, #1170, #7073 ),
 ( #3433, #4673, #5808, #3582, #2889, #5262, #7538, #2224, #556, #7620, #481, #7036, #2927, #5297, #594, #5335, #5451, #6646, #3039, #1317, #1970, #4239, #7261, #5997, #4936, #670, #6572 ),
 ( #3697, #6033, #132, #5415, #710, #1933, #3077, #4902, #6069, #747, #2498, #4199, #1388, #6140, #1282, #4346, #167, #1863, #4310, #7224, #7147, #6679, #6612, #5375, #94, #6102, #782 ),
 ( #1351, #1899, #2534, #2421, #3115, #5488, #1246, #3731, #4864, #2459, #4274, #4787, #3150, #5524, #203, #2570, #1825, #7185, #7298, #6715, #3659, #3769, #818, #3621, #55, #4828, #4461 ),
 ( #6333, #3803, #391, #6903, #7486, #7409, #3190, #5601, #3339, #2762, #6253, #7370, #5007, #2719, #275, #313, #2048, #239, #2088, #6823, #894, #1584, #5128, #2173, #5676, #4422, #2130 ),
 ( #5085, #6787, #5562, #6178, #3918, #6293, #5048, #3299, #4500, #1505, #351, #2608, #3880, #931, #2009, #7447, #3263, #854, #3842, #4972, #6862, #6216, #2682, #5641, #7335, #1465, #1544 ),
 ( #970, #5715, #4542, #3960, #4382, #6751, #3225, #1425, #2644, #1623, #5912, #4739, #5326, #5252, #4149, #3422, #1161, #584, #4076, #5210, #2841, #547, #5797, #5836, #7572, #5757, #7611 ),
 ( #7647, #5287, #4664, #4701, #3997, #1666, #7063, #6372, #2298, #3537, #472, #2257, #2803, #2334, #2954, #7102, #5169, #2917, #1742, #3498, #6944, #4112, #4626, #7528, #6987, #509, #7027 ),
 ( #8, #1706, #4038, #2372, #6412, #1779, #2213, #1049, #1086, #3462, #6452, #2880, #1124, #1012, #5876, #6490, #3381, #434, #4583, #46, #1198, #3068, #5515, #1343, #5442, #83, #3574 ),
 ( #6061, #123, #2487, #3650, #5364, #2561, #7288, #2450, #4229, #1815, #7176, #5952, #738, #1853, #6024, #6601, #621, #660, #1308, #5479, #4819, #6637, #1959, #2412, #193, #4927, #4855 ),
 ( #1925, #1234, #3106, #700, #773, #4893, #3687, #7214, #1273, #7252, #158, #4187, #3142, #6528, #1890, #2525, #4301, #2992, #4267, #7136, #6671, #3723, #6093, #4776, #6561, #3611, #5987 ),
 ( #3029, #5404, #4452, #6815, #1496, #885, #1997, #304, #6208, #2750, #3255, #4492, #5591, #5552, #6779, #6129, #6854, #265, #6741, #961, #3909, #5039, #845, #3330, #3216, #5119, #808 ),
 ( #1415, #6285, #2636, #1377, #4999, #3180, #1454, #2711, #6704, #3794, #7439, #381, #229, #2674, #7362, #4414, #4373, #2039, #6245, #3832, #3872, #5633, #7401, #2080, #2597, #7477, #4336 ),
 ( #3758, #923, #3291, #5668, #2122, #7326, #6168, #1536, #343, #5077, #5706, #4962, #1614, #3950, #4574, #2202, #5243, #3052, #5828, #2832, #7603, #3988, #5386, #500, #7519, #1257, #4029 ),
 ( #4800, #6934, #6363, #6324, #1116, #2432, #683, #1002, #4067, #3594, #4656, #424, #642, #1040, #3371, #463, #6977, #6403, #5426, #6443, #1655, #1078, #5159, #1575, #3454, #5972, #2164 ),
 ( #4210, #3413, #6893, #5200, #5748, #4615, #3012, #4533, #5787, #66, #6007, #2794, #2872, #7561, #2246, #2290, #7018, #7158, #1697, #1837, #6585, #3633, #4912, #6621, #3815, #867, #3707 ),
 ( #6688, #1361, #214, #5574, #3089, #4877, #249, #6655, #2546, #2581, #2620, #7235, #1873, #2508, #142, #3162, #3238, #3742, #757, #5535, #1909, #3201, #6113, #4983, #4947, #3779, #2470 ),
 ( #1944, #4320, #3126, #792, #7310, #1980, #4357, #1437, #1292, #7271, #4284, #6078, #106, #721, #7347, #6191, #4396, #6725, #4838, #1326, #2023, #6763, #1399, #5500, #178, #6151, #830 ),
 ( #7196, #4251, #3670, #5463, #6045, #2184, #324, #7540, #6835, #2656, #3891, #2063, #362, #3971, #286, #5060, #1023, #1635, #7383, #1556, #6264, #5687, #3274, #942, #7497, #3311, #5139 ),
 ( #5020, #4010, #5097, #3393, #7459, #2143, #5614, #4511, #6874, #5727, #5768, #906, #2694, #444, #4473, #2730, #403, #2813, #7421, #4434, #2101, #5651, #982, #6384, #3931, #6305, #3351 ),
 ( #1516, #2773, #6798, #4555, #6915, #1596, #6343, #1478, #5180, #2226, #4596, #6956, #1060, #3854, #6227, #2423, #7149, #4712, #3584, #5963, #6538, #5849, #2967, #2929, #5377, #1790, #596 ),
 ( #633, #6501, #7622, #5264, #5337, #520, #558, #2309, #483, #2345, #7076, #1135, #1827, #3003, #1209, #1754, #1098, #4790, #5299, #3473, #57, #4201, #3548, #5926, #20, #7659, #2891 ),
 ( #2383, #4751, #7112, #1677, #4162, #4675, #2270, #1717, #4124, #1172, #6574, #3435, #5810, #2853, #6424, #5224, #7585, #4638, #7000, #7038, #4049, #4087, #6463, #3511, #5887, #3153, #2572 ),
 ( #2501, #2461, #3700, #3041, #1390, #4867, #3662, #5565, #820, #1936, #5454, #241, #134, #2013, #5417, #6614, #1284, #1319, #2537, #6036, #4905, #2610, #7226, #5527, #1865, #3192, #4241 ),
 ( #97, #7264, #1901, #6071, #713, #4276, #205, #6648, #785, #4313, #6681, #749, #4830, #4975, #4385, #3118, #7338, #3734, #5491, #4938, #170, #7187, #7300, #1353, #1248, #3081, #1972 ),
 ( #6105, #4348, #6717, #3771, #3623, #6142, #5999, #673, #896, #2175, #5087, #3963, #2133, #2764, #1427, #3227, #4545, #933, #3301, #7411, #2721, #5678, #973, #3342, #436, #277, #3882 ),
 ( #1587, #6906, #1468, #6296, #6255, #1014, #5130, #3921, #353, #1507, #7488, #5718, #4425, #3384, #5760, #7450, #6865, #6335, #3805, #4463, #7373, #394, #2805, #4502, #5171, #2051, #2091 ),
 ( #6789, #7530, #2216, #1547, #6754, #6181, #3845, #3265, #857, #5603, #2647, #5010, #6218, #5643, #315, #2684, #5051, #6826, #4040, #3425, #2882, #1708, #1126, #2995, #6492, #4078, #6454 ),
 ( #3464, #5365, #6374, #2260, #4629, #4666, #5878, #6990, #549, #1199, #5838, #1163, #5213, #4151, #7575, #5800, #6947, #3500, #3575, #7103, #2920, #511, #1625, #5255, #5953, #3539, #1668 ),
 ( #474, #622, #47, #7613, #4586, #7066, #1089, #5914, #5290, #1051, #587, #2300, #4000, #6414, #5329, #11, #7649, #4703, #2957, #2336, #1744, #2843, #4114, #2373, #7029, #4741, #1781 ),
 ( #6529, #1237, #5989, #2413, #7137, #3031, #3613, #662, #6563, #5407, #4778, #1817, #4190, #1809, #5981, #2443, #1302, #3681, #4261, #3568, #694, #653, #3100, #7207, #6018, #3022, #3604 ),
 ( #5357, #2986, #3062, #5946, #5397, #39, #5905, #77, #4812, #6555, #4887, #6055, #6631, #7169, #6521, #152, #1847, #1191, #4222, #4295, #615, #731, #5473, #6595, #2406, #4769, #5436 ),
 ( #7130, #577, #1267, #3643, #1227, #7245, #2519, #1919, #117, #4180, #1154, #2481, #4849, #3529, #2947, #1884, #5319, #1, #2365, #4731, #7094, #1771, #4143, #5584, #6808, #223, #188 ),
 ( #4956, #3788, #3210, #5070, #878, #6162, #839, #1954, #6088, #259, #3248, #2113, #6123, #1371, #916, #2591, #3717, #7320, #3137, #1408, #5031, #1336, #801, #2073, #2704, #768, #2630 ),
 ( #4992, #1990, #5510, #4367, #5661, #5626, #7283, #2556, #7431, #7356, #4445, #2033, #4405, #6665, #6772, #1447, #3825, #1489, #4331, #3752, #3864, #5546, #6201, #297, #6238, #3171, #4922 ),
 ( #2666, #6698, #7394, #6735, #3284, #336, #7596, #2825, #1688, #7553, #493, #6846, #953, #2282, #6355, #1033, #5151, #455, #3405, #6395, #2239, #5779, #1648, #2865, #4523, #416, #7632 ),
 ( #4022, #3981, #6436, #1070, #5821, #6968, #2741, #5236, #3942, #3322, #2785, #1607, #5193, #2902, #3447, #4608, #4649, #7469, #3901, #7011, #4060, #4483, #6316, #6885, #1109, #5739, #1528 ),
 ( #3362, #3484, #5109, #5861, #2155, #5698, #6275, #533, #5273, #373, #1567, #7509, #994, #2194, #4566, #6927, #2940, #1728, #723, #1801, #108, #4172, #6548, #2319, #1219, #3596, #2434 ),
 ( #4213, #3559, #4687, #5311, #3054, #5428, #5974, #4802, #1259, #645, #7160, #7049, #3014, #5389, #1147, #68, #31, #7670, #2978, #4098, #1839, #5349, #7123, #2396, #6474, #4135, #6587 ),
 ( #3635, #6009, #1294, #4761, #686, #2472, #4840, #7198, #1875, #4724, #4253, #6623, #3672, #6047, #3091, #5465, #3522, #5898, #570, #2358, #7087, #1764, #6513, #1182, #5937, #607, #5537 ) ),
 .UNSPECIFIED., .F., .F., .F.,
 ( 4, 1, 1, 1, 1, 1, 1, 1, 1, 1, 1, 1, 1, 2, 1, 1, 1, 2, 1, 1, 1, 2, 1, 1, 1, 1, 1, 1, 1, 2, 1, 1, 1, 2, 1, 1, 1, 2, 1, 1, 1, 1, 1, 1, 1, 1, 1, 1, 1, 1, 1, 1, 1, 1, 1, 1, 1, 4 ),
 ( 4, 1, 1, 1, 1, 1, 1, 1, 1, 1, 1, 1, 1, 1, 1, 1, 1, 1, 1, 1, 1, 1, 1, 1, 4 ),
 ( 0.000000000000000000, 0.02540166409538497858, 0.05080332819076995715, 0.07620499228615493226, 0.08890582433384743022, 0.1016066563815399143, 0.1143074884292323845, 0.1270083204769248686, 0.1397091525246173804, 0.1524099845723098645, 0.1651108166200023764, 0.1778116486676948604, 0.1905124807153873723, 0.2032133127630798286, 0.2149060589727569415, 0.2265988051824340821, 0.2382915513921111950, 0.2499842976017883633, 0.2807342849841110710, 0.3114842723664338897, 0.3422342597487565419, 0.3729842471310793606, 0.4280735546070352782, 0.4556182083450131537, 0.4831628620829911402, 0.5107075158209690713, 0.5382521695589471689, 0.5657968232969250444, 0.5795691501659140377, 0.5933414770349030309, 0.6043852910936353684, 0.6154291051523675948, 0.6264729192111000433, 0.6375167332698323808, 0.6399596253890293962, 0.6424025175082263006, 0.6448454096274233160, 0.6472883017466202205, 0.6693327828874564567, 0.6913772640282924709, 0.7134217451691287071, 0.7354662263099649433, 0.7575107074508011795, 0.7795551885916375268, 0.8015996697324736520, 0.8236441508733099992, 0.8456886320141463464, 0.8677331131549824716, 0.8897775942958185968, 0.9118220754366550551, 0.9338665565774912913, 0.9448887971479090764, 0.9559110377183275276, 0.9669332782887456457, 0.9779555188591637638, 0.9889777594295816598, 0.9944888797147908299, 1.000000000000000000 ),
 ( 0.000000000000000000, 0.03125000000000000000, 0.06250000000000000000, 0.09375000000000000000, 0.1250000000000000000, 0.1562500000000000000, 0.1700202541018640545, 0.1875000000000000000, 0.2187500000000000000, 0.2500000000000000000, 0.2812500000000000000, 0.3125000000000000000, 0.3437500000000000000, 0.3750000000000000000, 0.3798720419360750999, 0.4062500000000000000, 0.4375000000000000000, 0.5000000000000000000, 0.5937500000000000000, 0.6250000000000000000, 0.6607583740006235384, 0.6875000000000000000, 0.7500000000000000000, 0.8750000000000000000, 1.000000000000000000 ),
 .UNSPECIFIED. ) ;
#3037 = EDGE_LOOP ( 'NONE', ( #6863, #4785, #6824, #2737 ) ) ;
#3038 = CARTESIAN_POINT ( 'NONE',  ( -43.07737844251746395, 64.31398901486910802, 187.7035609185003580 ) ) ;
#3039 = CARTESIAN_POINT ( 'NONE',  ( 53.71600499285156616, 31.89498187226852366, 149.0448070821136923 ) ) ;
#3040 = CARTESIAN_POINT ( 'NONE',  ( -8.182675233013993576, 80.62043306944678989, 119.6124877670611113 ) ) ;
#3041 = CARTESIAN_POINT ( 'NONE',  ( 23.82472647837007429, -18.78645823521578606, 378.4645645396237228 ) ) ;
#3042 = CARTESIAN_POINT ( 'NONE',  ( 1.168921150685148236, 97.66637543497340346, 180.3181675786851201 ) ) ;
#3043 = EDGE_CURVE ( 'NONE', #246, #3698, #2157, .T. ) ;
#3044 = CARTESIAN_POINT ( 'NONE',  ( 44.21241853844440328, 59.12559242908094603, 159.1808346867665591 ) ) ;
#3045 = B_SPLINE_CURVE_WITH_KNOTS ( 'NONE', 3,
 ( #7676, #7129, #4693, #6593, #1734, #1696 ),
 .UNSPECIFIED., .F., .F.,
 ( 4, 2, 4 ),
 ( 0.0007225602781657840474, 0.02972293449906457385, 0.05872330871996336854 ),
 .UNSPECIFIED. ) ;
#3046 = CARTESIAN_POINT ( 'NONE',  ( -0.3374176879154093256, 97.68463604303553893, 180.3814307638342029 ) ) ;
#3047 = CARTESIAN_POINT ( 'NONE',  ( -11.38686813906620365, -22.89300478012107831, 404.2009417244211704 ) ) ;
#3048 = ORIENTED_EDGE ( 'NONE', *, *, #6481, .T. ) ;
#3049 = CARTESIAN_POINT ( 'NONE',  ( -1.999999999999858336, 93.72754587117667313, 178.7890553991896923 ) ) ;
#3050 = CARTESIAN_POINT ( 'NONE',  ( -47.96014648688768034, 44.95585206186096627, 171.5202662239194353 ) ) ;
#3051 = CARTESIAN_POINT ( 'NONE',  ( -32.91656758405505201, 78.11061114020967011, 159.4669581861039376 ) ) ;
#3052 = CARTESIAN_POINT ( 'NONE',  ( 55.26928330496431130, -4.949156968758419595, 174.9349050386609008 ) ) ;
#3053 = CARTESIAN_POINT ( 'NONE',  ( -36.68000673810178824, 85.13421970794340154, 201.7351259169355160 ) ) ;
#3054 = CARTESIAN_POINT ( 'NONE',  ( 0.2899884842208029223, -36.81024945201490794, 354.2041573336304623 ) ) ;
#3055 = CARTESIAN_POINT ( 'NONE',  ( -53.55015124105185009, -4.347729716210582573, 82.46848489712388641 ) ) ;
#3056 = CARTESIAN_POINT ( 'NONE',  ( 26.04366712372964088, 87.10463123469257596, 178.3738225756525821 ) ) ;
#3057 = CARTESIAN_POINT ( 'NONE',  ( 38.64872771280124653, 69.66995100399485352, 153.3368112482580443 ) ) ;
#3058 = CARTESIAN_POINT ( 'NONE',  ( -3.679665041062774034, 44.12903582109174749, 17.16316977442196645 ) ) ;
#3059 = CARTESIAN_POINT ( 'NONE',  ( -45.24725200538979664, -20.37245133536299946, 266.2117272008276814 ) ) ;
#3060 = CARTESIAN_POINT ( 'NONE',  ( -17.11333727564334950, 79.01609854166864011, 119.9999999999999716 ) ) ;
#3061 = CARTESIAN_POINT ( 'NONE',  ( -17.65956933956295316, 51.66917725977901910, 33.97517562106270361 ) ) ;
#3062 = CARTESIAN_POINT ( 'NONE',  ( 8.117874403921792492, -28.72274637977016098, 392.1746400375798771 ) ) ;
#3063 = CARTESIAN_POINT ( 'NONE',  ( -52.64353927810599032, 12.46793194850281061, 82.46964073403489692 ) ) ;
#3064 = CARTESIAN_POINT ( 'NONE',  ( 49.36622712023792303, 31.16826688027482462, 118.9013931163631526 ) ) ;
#3065 = CARTESIAN_POINT ( 'NONE',  ( 1.320670360171388946, 94.06262069287696193, 160.8173735947190721 ) ) ;
#3066 = CARTESIAN_POINT ( 'NONE',  ( -8.176185754417430118, -45.75182540041285506, 283.5296188496884042 ) ) ;
#3067 = CARTESIAN_POINT ( 'NONE',  ( -38.07980307310290868, 75.14055557806273100, 187.8508495894556063 ) ) ;
#3068 = CARTESIAN_POINT ( 'NONE',  ( 54.33678458874157258, 2.628405762548345237, 95.91844446400190805 ) ) ;
#3069 = CARTESIAN_POINT ( 'NONE',  ( -2.412090075003535450, 94.17815053771867895, 161.5299059904316152 ) ) ;
#3070 = CARTESIAN_POINT ( 'NONE',  ( -50.17608154649258978, 52.53221257244981501, 174.9394846066750802 ) ) ;
#3071 = CARTESIAN_POINT ( 'NONE',  ( 39.68840218272915621, 74.10867632275170536, 149.0283759203965133 ) ) ;
#3072 = CARTESIAN_POINT ( 'NONE',  ( 10.37498605796804974, 91.80799615751267595, 172.1793061181767541 ) ) ;
#3073 = CARTESIAN_POINT ( 'NONE',  ( 15.02540633114757540, 36.32187318267263265, 9.999999999999998224 ) ) ;
#3074 = CARTESIAN_POINT ( 'NONE',  ( -0.5000000000000480727, 96.50574888332658929, 179.5707641100899821 ) ) ;
#3075 = CARTESIAN_POINT ( 'NONE',  ( 0.5061229637643326340, 97.68362273171797483, 180.3816332480687095 ) ) ;
#3076 = CARTESIAN_POINT ( 'NONE',  ( -44.81758559175786161, 56.64904470294291627, 153.1703147447445872 ) ) ;
#3077 = CARTESIAN_POINT ( 'NONE',  ( 35.13882355553528924, 30.84643270350179378, 322.0306433038691125 ) ) ;
#3078 = ORIENTED_EDGE ( 'NONE', *, *, #6605, .T. ) ;
#3079 = ADVANCED_FACE ( 'NONE', ( #1679 ), #1101, .F. ) ;
#3080 = CARTESIAN_POINT ( 'NONE',  ( -9.368559562089920689, 92.52201596654370519, 175.3327436358705711 ) ) ;
#3081 = CARTESIAN_POINT ( 'NONE',  ( 35.22198724234748823, -30.32655892779189699, 17.37244572532984677 ) ) ;
#3082 = CARTESIAN_POINT ( 'NONE',  ( -1.164811114644583867, 90.72895246449283491, 162.5156542517876801 ) ) ;
#3083 = CARTESIAN_POINT ( 'NONE',  ( -21.79511538845697416, 95.42650858383809975, 191.0310623344358589 ) ) ;
#3084 = CARTESIAN_POINT ( 'NONE',  ( -30.00921015918430967, -49.05615399652651831, 192.4159141348477817 ) ) ;
#3085 = VERTEX_POINT ( 'NONE', #3893 ) ;
#3086 = CARTESIAN_POINT ( 'NONE',  ( -0.6964307916117277175, 93.97220014917719766, 180.0579283560116721 ) ) ;
#3087 = CARTESIAN_POINT ( 'NONE',  ( -48.31502617589016069, 42.93265735719714371, 171.5103447723719512 ) ) ;
#3088 = CARTESIAN_POINT ( 'NONE',  ( -29.96427484189226575, 85.86764928241568384, 191.3254558826929497 ) ) ;
#3089 = CARTESIAN_POINT ( 'NONE',  ( 29.45394147912470473, -6.458819242947615891, 359.8100695893893999 ) ) ;
#3090 = CARTESIAN_POINT ( 'NONE',  ( -30.38520698410065535, 94.54496484060490502, 283.4292026492184959 ) ) ;
#3091 = CARTESIAN_POINT ( 'NONE',  ( 0.000000000000000000, -52.47315856824187108, 211.1919248396908415 ) ) ;
#3092 = CARTESIAN_POINT ( 'NONE',  ( -54.58506947058235426, -4.264369815400727681, 95.91850554754397251 ) ) ;
#3093 = CARTESIAN_POINT ( 'NONE',  ( 22.54324096427020407, 79.68780286991821526, 130.2955818260507783 ) ) ;
#3094 = CARTESIAN_POINT ( 'NONE',  ( 38.33274920743581049, 66.04344196730397698, 129.9704269402853924 ) ) ;
#3095 = MANIFOLD_SOLID_BREP ( 'Przeciêcie1[1]', #1190 ) ;
#3096 = CARTESIAN_POINT ( 'NONE',  ( -1.926742067470333719, 96.80942756360546753, 174.9460906908306015 ) ) ;
#3097 = CARTESIAN_POINT ( 'NONE',  ( -39.87720794425011661, -22.98215771179644662, 296.8358907728085114 ) ) ;
#3098 = DIRECTION ( 'NONE',  ( 0.000000000000000000, -0.9812926639922453509, 0.1925219665259060020 ) ) ;
#3099 = CARTESIAN_POINT ( 'NONE',  ( -26.98401477211433885, 94.10283604523122847, 201.7345603209578542 ) ) ;
#3100 = CARTESIAN_POINT ( 'NONE',  ( 19.34030684620329055, -52.07729705973446244, 82.48706848365618782 ) ) ;
#3101 = CARTESIAN_POINT ( 'NONE',  ( -7.300917271894824978, 8.461803804137028706, 405.8077913600234297 ) ) ;
#3102 = CARTESIAN_POINT ( 'NONE',  ( 49.17578913088807013, 37.51694707156867992, 153.0522540814986314 ) ) ;
#3103 = CARTESIAN_POINT ( 'NONE',  ( 0.4999999999999831246, 93.25755166443110511, 161.8648835697545962 ) ) ;
#3104 = CARTESIAN_POINT ( 'NONE',  ( -5.094271672174150112, -55.16513916029705911, 149.1156603044078679 ) ) ;
#3105 = CARTESIAN_POINT ( 'NONE',  ( -38.55764225801183898, 72.86106893705536436, 174.9353764207104405 ) ) ;
#3106 = CARTESIAN_POINT ( 'NONE',  ( 13.28928336587546433, -1.636730528243874661, 397.5839792605431171 ) ) ;
#3107 = CARTESIAN_POINT ( 'NONE',  ( -1.165441989390872735, 93.27375612554887141, 162.0167475711198790 ) ) ;
#3108 = CARTESIAN_POINT ( 'NONE',  ( -47.24916662496393371, 58.24961157336290540, 236.2181653803020254 ) ) ;
#3109 = CARTESIAN_POINT ( 'NONE',  ( 38.61439460506126409, 62.84341535738197138, 95.91584484251931997 ) ) ;
#3110 = CARTESIAN_POINT ( 'NONE',  ( 8.403532004095788821, 86.04097602746533369, 141.7521019787607770 ) ) ;
#3111 = CARTESIAN_POINT ( 'NONE',  ( 19.69179049297548545, 95.57604823813311157, 372.3974774158166952 ) ) ;
#3112 = CARTESIAN_POINT ( 'NONE',  ( -2.412639666773383151, 97.50513110513681170, 179.5528356623914306 ) ) ;
#3113 = CARTESIAN_POINT ( 'NONE',  ( -28.89508319663303126, 86.56583419181167471, 189.8736831503985343 ) ) ;
#3114 = CARTESIAN_POINT ( 'NONE',  ( -43.47107531944945435, 54.04224416280543153, 119.0695317617566218 ) ) ;
#3115 = CARTESIAN_POINT ( 'NONE',  ( 25.28125781294334828, 22.20427770572650417, 359.0174740022101787 ) ) ;
#3116 = ORIENTED_EDGE ( 'NONE', *, *, #6282, .T. ) ;
#3117 = CARTESIAN_POINT ( 'NONE',  ( -10.07863223787802376, 80.38254885475058131, 119.6094808334971020 ) ) ;
#3118 = CARTESIAN_POINT ( 'NONE',  ( 46.06458377756364797, -36.36839824077023309, 201.7429362006575673 ) ) ;
#3119 = CARTESIAN_POINT ( 'NONE',  ( -1.157593715066188578, 97.66385512144731251, 180.3051508605033462 ) ) ;
#3120 = AXIS2_PLACEMENT_3D ( 'NONE', #3395, #3933, #5227 ) ;
#3121 = CARTESIAN_POINT ( 'NONE',  ( -44.32788393790288239, 70.94846576871910315, 187.8337461972252527 ) ) ;
#3122 = CARTESIAN_POINT ( 'NONE',  ( -29.25289845498673458, -42.28502481532009938, 34.35161381037506345 ) ) ;
#3123 = ORIENTED_EDGE ( 'NONE', *, *, #6583, .F. ) ;
#3124 = CARTESIAN_POINT ( 'NONE',  ( -48.90299860386370767, 38.83574151907561145, 171.4939451393673266 ) ) ;
#3125 = CARTESIAN_POINT ( 'NONE',  ( -31.60192040455910600, 81.44583312712823897, 171.9405720685235224 ) ) ;
#3126 = CARTESIAN_POINT ( 'NONE',  ( 16.59756203532739605, -6.728433920410279434, 397.6365478720514375 ) ) ;
#3127 = CARTESIAN_POINT ( 'NONE',  ( -35.93236636907970194, 89.10271550756641545, 236.3969001233102176 ) ) ;
#3128 = CARTESIAN_POINT ( 'NONE',  ( -25.99181970643274298, 79.47492978216136805, 120.0000000000000000 ) ) ;
#3129 = CARTESIAN_POINT ( 'NONE',  ( -37.75264556185516795, -2.328940553478978437, 322.2698013014846197 ) ) ;
#3130 = CARTESIAN_POINT ( 'NONE',  ( 28.98946168916517507, 83.88331898057370495, 171.9895183424879974 ) ) ;
#3131 = CARTESIAN_POINT ( 'NONE',  ( 38.31700847837209523, 73.25500989296664045, 174.9407018670686966 ) ) ;
#3132 = CARTESIAN_POINT ( 'NONE',  ( 0.000000000000000000, 86.35072990353059197, 125.2763118969026976 ) ) ;
#3133 = CARTESIAN_POINT ( 'NONE',  ( -36.47303294150326991, -17.94115897225242406, 10.00000000000001599 ) ) ;
#3134 = AXIS2_PLACEMENT_3D ( 'NONE', #5242, #1807, #3603 ) ;
#3135 = CARTESIAN_POINT ( 'NONE',  ( -12.06983823929029143, 80.18703254282843318, 120.0000000000000284 ) ) ;
#3136 = CARTESIAN_POINT ( 'NONE',  ( -25.94734258642597879, 97.07052694420356431, 221.6134023525197847 ) ) ;
#3137 = CARTESIAN_POINT ( 'NONE',  ( 10.25048139114994505, -54.86011393024009664, 149.1135983602832766 ) ) ;
#3138 = CARTESIAN_POINT ( 'NONE',  ( -42.12838131198974168, 12.95620478889802385, 296.7153810398037308 ) ) ;
#3139 = CARTESIAN_POINT ( 'NONE',  ( 50.19490772058155414, 29.51967049582271585, 153.0258919479538804 ) ) ;
#3140 = CARTESIAN_POINT ( 'NONE',  ( -0.9832465362941843479, 96.48514003939074257, 179.4967691495359929 ) ) ;
#3141 = CARTESIAN_POINT ( 'NONE',  ( -3.536944963726678992, -39.41601329634336537, 335.6134352068914382 ) ) ;
#3142 = CARTESIAN_POINT ( 'NONE',  ( 51.25931822203267529, 0.2236097075457754435, 236.0017814304401327 ) ) ;
#3143 = CARTESIAN_POINT ( 'NONE',  ( -5.000000000000000000, 45.82485989070251975, 409.0779284778315628 ) ) ;
#3144 = CARTESIAN_POINT ( 'NONE',  ( 39.28177702882064892, 80.54473882113477146, 192.3791025872763498 ) ) ;
#3145 = CARTESIAN_POINT ( 'NONE',  ( 9.385530468522095049, 85.91197455946402783, 141.7500533551567514 ) ) ;
#3146 = CARTESIAN_POINT ( 'NONE',  ( 16.86907247042176650, 86.07258866666285257, 391.3031625815582402 ) ) ;
#3147 = CARTESIAN_POINT ( 'NONE',  ( -1.847879568710920184, 96.32989637218952339, 178.7547515686378006 ) ) ;
#3148 = ORIENTED_EDGE ( 'NONE', *, *, #1792, .F. ) ;
#3149 = CARTESIAN_POINT ( 'NONE',  ( -43.83740665004999926, 62.03601644882817112, 184.4191474182052843 ) ) ;
#3150 = CARTESIAN_POINT ( 'NONE',  ( 50.55851548923006789, 24.19801524341339771, 236.0592178367966198 ) ) ;
#3151 = ORIENTED_EDGE ( 'NONE', *, *, #1412, .F. ) ;
#3152 = CARTESIAN_POINT ( 'NONE',  ( -7.378906579356088180, 92.77917139491039222, 175.3384380951094954 ) ) ;
#3153 = CARTESIAN_POINT ( 'NONE',  ( 38.71084230998111764, -22.75033133686379827, 17.38057389337034664 ) ) ;
#3154 = EDGE_CURVE ( 'NONE', #1056, #5413, #4088, .T. ) ;
#3155 = DIRECTION ( 'NONE',  ( -1.000000000000000000, 0.000000000000000000, 0.000000000000000000 ) ) ;
#3156 = EDGE_CURVE ( 'NONE', #711, #6301, #3366, .T. ) ;
#3157 = CARTESIAN_POINT ( 'NONE',  ( -50.49021578602292948, 50.61997791386573198, 185.1784439431061173 ) ) ;
#3158 = CARTESIAN_POINT ( 'NONE',  ( -34.01249396129521330, -47.28677615877319340, 82.48152646220360396 ) ) ;
#3159 = ORIENTED_EDGE ( 'NONE', *, *, #992, .T. ) ;
#3160 = CARTESIAN_POINT ( 'NONE',  ( -49.13600810050832735, 37.97374920798998943, 159.0486724324995578 ) ) ;
#3161 = CARTESIAN_POINT ( 'NONE',  ( -31.40770616063709397, 83.52695167059833636, 184.7325204866685056 ) ) ;
#3162 = CARTESIAN_POINT ( 'NONE',  ( 53.79043518013038039, -6.249167191610056626, 201.7386374643990621 ) ) ;
#3163 = CARTESIAN_POINT ( 'NONE',  ( -37.40036769032823827, 76.96173453576361112, 149.0270762108757481 ) ) ;
#3164 = CARTESIAN_POINT ( 'NONE',  ( -38.18392168410145615, 69.78275275686874579, 120.0000000000000426 ) ) ;
#3165 = CARTESIAN_POINT ( 'NONE',  ( -34.17153722505600655, -4.043259807128846361, 338.9048155092372099 ) ) ;
#3166 = CARTESIAN_POINT ( 'NONE',  ( 38.01573827035537789, 63.92883955989783828, 119.2171722542125991 ) ) ;
#3167 = CARTESIAN_POINT ( 'NONE',  ( -10.99285880377884261, 96.06286899773590449, 174.9459092120368666 ) ) ;
#3168 = CARTESIAN_POINT ( 'NONE',  ( -55.57577356164397742, -17.53946417828941051, 125.3255477420808717 ) ) ;
#3169 = CARTESIAN_POINT ( 'NONE',  ( -48.94937431911462511, 33.92683254615575805, 120.0000000000000853 ) ) ;
#3170 = CARTESIAN_POINT ( 'NONE',  ( -25.59277942048031562, 91.15990033322725594, 174.9449697106100245 ) ) ;
#3171 = CARTESIAN_POINT ( 'NONE',  ( 5.253996178233595771, -43.09248100213665111, 17.33912023636378663 ) ) ;
#3172 = CARTESIAN_POINT ( 'NONE',  ( -53.40112241837380225, 22.42499292019195778, 192.3525794331701206 ) ) ;
#3173 = CARTESIAN_POINT ( 'NONE',  ( 34.77234547319927316, 79.23490470446034806, 181.4363829805522528 ) ) ;
#3174 = EDGE_CURVE ( 'NONE', #2305, #1358, #5927, .T. ) ;
#3175 = CARTESIAN_POINT ( 'NONE',  ( 48.73154018142251687, 34.85239873621455331, 118.9186785876773911 ) ) ;
#3176 = DIRECTION ( 'NONE',  ( -0.000000000000000000, 0.1729625956052720237, 0.9849283936010206908 ) ) ;
#3177 = CARTESIAN_POINT ( 'NONE',  ( -1.805632922421429587, -30.54549135333975940, 391.5841935676888852 ) ) ;
#3178 = B_SPLINE_CURVE_WITH_KNOTS ( 'NONE', 3,
 ( #3336, #6250, #2605, #1385, #387, #1461, #2127, #6213, #891, #7406, #4458, #5559, #3260, #4497, #4969, #6748, #6859, #3222, #4419, #2085, #3915, #6820, #928, #5638 ),
 .UNSPECIFIED., .F., .F.,
 ( 4, 2, 2, 2, 2, 2, 2, 2, 2, 2, 2, 4 ),
 ( 0.000000000000000000, 0.001688991270889034224, 0.002533486906333550902, 0.003377982541778067147, 0.005066973812667177265, 0.005911469448111733409, 0.006755965083556289552, 0.008444956354445401839, 0.009289451989889984870, 0.01013394762533456443, 0.01182293889622376866, 0.01351193016711297289 ),
 .UNSPECIFIED. ) ;
#3179 = AXIS2_PLACEMENT_3D ( 'NONE', #60, #7304, #1975 ) ;
#3180 = CARTESIAN_POINT ( 'NONE',  ( 34.17153722505600655, -4.043259807128846361, 338.9048155092372099 ) ) ;
#3181 = CARTESIAN_POINT ( 'NONE',  ( -1.999999999999994005, 95.35004909076080537, 173.1740827326754584 ) ) ;
#3182 = CARTESIAN_POINT ( 'NONE',  ( -32.70616665414924285, 59.13451602421752540, 321.6483228487686006 ) ) ;
#3183 = CARTESIAN_POINT ( 'NONE',  ( 32.29740268430196437, 78.87775140567180188, 309.2584428541577495 ) ) ;
#3184 = CARTESIAN_POINT ( 'NONE',  ( 10.24507353975012336, 94.58155020637913424, 188.2313126811211532 ) ) ;
#3185 = CARTESIAN_POINT ( 'NONE',  ( 18.42512312564783272, 89.08269247613822017, 391.1249797087298816 ) ) ;
#3186 = CARTESIAN_POINT ( 'NONE',  ( 44.45113901660855049, 60.08245212507168276, 184.4007634161703777 ) ) ;
#3187 = CARTESIAN_POINT ( 'NONE',  ( 0.000000000000000000, 81.23719565832706735, 106.4309323311144624 ) ) ;
#3188 = CARTESIAN_POINT ( 'NONE',  ( 0.000000000000000000, 96.50724633046549172, 179.5704703226414836 ) ) ;
#3189 = CARTESIAN_POINT ( 'NONE',  ( -41.18617493799609974, 66.93010717742475890, 165.4136984109545097 ) ) ;
#3190 = CARTESIAN_POINT ( 'NONE',  ( 36.01445082583860113, 17.85858079347532623, 322.1604614584076103 ) ) ;
#3191 = CARTESIAN_POINT ( 'NONE',  ( -9.412184913396776764, 90.80163549031132675, 165.8836388782006281 ) ) ;
#3192 = CARTESIAN_POINT ( 'NONE',  ( 37.26600642313018596, -26.66233840602092542, 17.37673148666031508 ) ) ;
#3193 = CARTESIAN_POINT ( 'NONE',  ( -6.946430303705541931, 82.71893810704847283, 127.4403157947021583 ) ) ;
#3194 = CARTESIAN_POINT ( 'NONE',  ( 29.61924328543851104, 96.63707800337500942, 251.6829708598519630 ) ) ;
#3195 = ADVANCED_FACE ( 'NONE', ( #5338 ), #559, .F. ) ;
#3196 = CARTESIAN_POINT ( 'NONE',  ( 46.39792678811138416, 45.74243602493672967, 120.0000000000000568 ) ) ;
#3197 = CARTESIAN_POINT ( 'NONE',  ( -16.32901168759229549, -54.20938039173832834, 149.1098220794721101 ) ) ;
#3198 = ORIENTED_EDGE ( 'NONE', *, *, #3156, .T. ) ;
#3199 = CARTESIAN_POINT ( 'NONE',  ( -47.40609194155182138, 46.53039001062974478, 190.8769014931443735 ) ) ;
#3200 = CARTESIAN_POINT ( 'NONE',  ( -32.85235026931371749, 80.15802450925657752, 171.9150574836608598 ) ) ;
#3201 = CARTESIAN_POINT ( 'NONE',  ( 54.60667265882443644, -6.271531609451224121, 95.91850999033444225 ) ) ;
#3202 = CARTESIAN_POINT ( 'NONE',  ( -36.67214156698695149, 86.27350929578477690, 267.1394861918234369 ) ) ;
#3203 = CARTESIAN_POINT ( 'NONE',  ( 0.5057420188709631503, 94.04616428497628533, 160.6903502493980511 ) ) ;
#3204 = CARTESIAN_POINT ( 'NONE',  ( -9.062682252513919678, -6.199355075001129478, 409.0779284778312217 ) ) ;
#3205 = CARTESIAN_POINT ( 'NONE',  ( 39.48927985194443124, 71.62493940616452903, 178.0973349281019296 ) ) ;
#3206 = CARTESIAN_POINT ( 'NONE',  ( -14.89803737164641007, 108.4824953752723360, 402.7990590801052804 ) ) ;
#3207 = CARTESIAN_POINT ( 'NONE',  ( -41.15884187181374898, -19.05223280300137745, 296.7585709918368480 ) ) ;
#3208 = DIRECTION ( 'NONE',  ( 3.406996906818449922E-15, -0.1925219665259060853, -0.9812926639922454619 ) ) ;
#3209 = CARTESIAN_POINT ( 'NONE',  ( -25.43048446762419701, 98.94266441963382874, 297.7578392886659913 ) ) ;
#3210 = CARTESIAN_POINT ( 'NONE',  ( 5.497173108916133089, -29.75182504755317936, 391.8202980255168200 ) ) ;
#3211 = CARTESIAN_POINT ( 'NONE',  ( -4.946233518939884277, 8.250245127363310615, 409.0779284778314491 ) ) ;
#3212 = CARTESIAN_POINT ( 'NONE',  ( 34.97993668302834180, 75.74735141331841248, 159.4171488118407751 ) ) ;
#3213 = FACE_OUTER_BOUND ( 'NONE', #6179, .T. ) ;
#3214 = CARTESIAN_POINT ( 'NONE',  ( 1.801217042594517537, 93.36153303813220816, 162.6060358724171238 ) ) ;
#3215 = CARTESIAN_POINT ( 'NONE',  ( -2.844966258502001022, -53.03600557112638825, 201.7522196223365256 ) ) ;
#3216 = CARTESIAN_POINT ( 'NONE',  ( 46.24277206471678170, -3.824779866875784418, 34.39946496130803411 ) ) ;
#3217 = CARTESIAN_POINT ( 'NONE',  ( 1.255611035959745880, 96.45940090300291558, 179.3866565437082556 ) ) ;
#3218 = CARTESIAN_POINT ( 'NONE',  ( -48.36630157201634006, 59.33220355971721460, 201.7365223176491895 ) ) ;
#3219 = CARTESIAN_POINT ( 'NONE',  ( 42.52576787389699575, 75.82980934713835097, 201.7356500283501362 ) ) ;
#3220 = CARTESIAN_POINT ( 'NONE',  ( 30.95182506745895878, 91.13756162900149604, 201.7347565835676733 ) ) ;
#3221 = CARTESIAN_POINT ( 'NONE',  ( 46.19433468068836390, 53.52673703332876443, 177.9029352778996440 ) ) ;
#3222 = CARTESIAN_POINT ( 'NONE',  ( 53.09839688577230277, 31.59187821508783856, 181.8732231601592559 ) ) ;
#3223 = CARTESIAN_POINT ( 'NONE',  ( -18.34477010831471233, 92.84493478508346698, 190.6938577781523350 ) ) ;
#3224 = CARTESIAN_POINT ( 'NONE',  ( -40.76515492698359111, 67.78453873052504264, 165.4255208685182197 ) ) ;
#3225 = CARTESIAN_POINT ( 'NONE',  ( 36.75994203086202816, 8.185796779730333483, 322.2279236166048690 ) ) ;
#3226 = CARTESIAN_POINT ( 'NONE',  ( -49.31879782073021090, 33.11394031567920848, 182.6261752723601717 ) ) ;
#3227 = CARTESIAN_POINT ( 'NONE',  ( 42.67714376231266726, -40.33760965381006258, 201.7441738793122852 ) ) ;
#3228 = CARTESIAN_POINT ( 'NONE',  ( -0.5061229637643304136, 97.68362273171800325, 180.3816332480687095 ) ) ;
#3229 = B_SPLINE_CURVE_WITH_KNOTS ( 'NONE', 3,
 ( #2738, #6882, #4758, #7119 ),
 .UNSPECIFIED., .F., .F.,
 ( 4, 4 ),
 ( 2.255203950677990033E-19, 0.006952636129779908060 ),
 .UNSPECIFIED. ) ;
#3230 = CARTESIAN_POINT ( 'NONE',  ( 32.36776816792806244, 90.96628796341802570, 211.2198893340192853 ) ) ;
#3231 = CARTESIAN_POINT ( 'NONE',  ( 37.27838197793955999, 65.12406987459368679, 119.9999999999998863 ) ) ;
#3232 = CARTESIAN_POINT ( 'NONE',  ( -14.63259340316777823, -49.70587240792393402, 236.3252484590367430 ) ) ;
#3233 = ORIENTED_EDGE ( 'NONE', *, *, #71, .F. ) ;
#3234 = PRODUCT_CONTEXT ( 'NONE', #370, 'mechanical' ) ;
#3235 = CARTESIAN_POINT ( 'NONE',  ( -46.58299185357560646, 51.43350252441721437, 187.5988609180567437 ) ) ;
#3236 = CARTESIAN_POINT ( 'NONE',  ( 44.66859255884487823, 37.90241698108665247, 61.02442624703759577 ) ) ;
#3237 = CARTESIAN_POINT ( 'NONE',  ( -26.03603155454354479, 87.10980529638776204, 178.3744053214861083 ) ) ;
#3238 = CARTESIAN_POINT ( 'NONE',  ( 54.40656213163362764, -6.247799841832907042, 192.3475906243832014 ) ) ;
#3239 = CARTESIAN_POINT ( 'NONE',  ( -41.78402531656561081, 71.09405487141324897, 149.0297326117815544 ) ) ;
#3240 = CARTESIAN_POINT ( 'NONE',  ( -48.13029879906801511, 52.23673727576625225, 119.9999999999999858 ) ) ;
#3241 = CARTESIAN_POINT ( 'NONE',  ( -37.24897462516725710, -5.836742891971876901, 10.00000000000000000 ) ) ;
#3242 = CARTESIAN_POINT ( 'NONE',  ( 38.82840018818711059, 65.31851165502187939, 129.9584326138962354 ) ) ;
#3243 = CARTESIAN_POINT ( 'NONE',  ( -10.75684176440502959, 85.69796128773216992, 125.2771082987701163 ) ) ;
#3244 = CARTESIAN_POINT ( 'NONE',  ( -45.28853505621550823, -35.98079067999533720, 211.2092936939693004 ) ) ;
#3245 = DIRECTION ( 'NONE',  ( -3.406996906818449922E-15, -0.1925219665259060853, -0.9812926639922454619 ) ) ;
#3246 = CARTESIAN_POINT ( 'NONE',  ( -37.25339716812023738, 75.34535378268006411, 178.1550492347728323 ) ) ;
#3247 = CARTESIAN_POINT ( 'NONE',  ( -23.11373641887275099, 100.2377975824365848, 309.2876039168359625 ) ) ;
#3248 = CARTESIAN_POINT ( 'NONE',  ( 8.538675943727946915, -47.47347953681994426, 267.3431106741571739 ) ) ;
#3249 = CARTESIAN_POINT ( 'NONE',  ( -53.25453450017491974, 3.730771168483977718, 82.46882837012303469 ) ) ;
#3250 = CARTESIAN_POINT ( 'NONE',  ( 34.01610845557486584, 79.29311227714012489, 175.0385890429275548 ) ) ;
#3251 = CARTESIAN_POINT ( 'NONE',  ( 28.59647786131701253, 91.47889067395253448, 190.5154254208904376 ) ) ;
#3252 = CARTESIAN_POINT ( 'NONE',  ( -11.85791574529428516, -6.739192102390050287, 405.9665717087519852 ) ) ;
#3253 = CARTESIAN_POINT ( 'NONE',  ( 1.809970333691154565, 94.37284051518565775, 162.4231490476688577 ) ) ;
#3254 = CARTESIAN_POINT ( 'NONE',  ( -2.284314026142951981, -47.90907299919210516, 34.31825718627436572 ) ) ;
#3255 = CARTESIAN_POINT ( 'NONE',  ( 47.76100131204347576, -2.072349246146063528, 266.0988801844891896 ) ) ;
#3256 = LINE ( 'NONE', #2675, #7512 ) ;
#3257 = CARTESIAN_POINT ( 'NONE',  ( -40.89551631388290076, 27.26155058590790503, 34.23760628688901875 ) ) ;
#3258 = CARTESIAN_POINT ( 'NONE',  ( 41.09924141873010939, 78.46900718050359558, 201.7355060884092381 ) ) ;
#3259 = CARTESIAN_POINT ( 'NONE',  ( 46.79348505615889309, 50.37728815138186889, 187.5924893503136843 ) ) ;
#3260 = CARTESIAN_POINT ( 'NONE',  ( 53.35643176247264563, 29.26082074508964581, 179.8505882554936477 ) ) ;
#3261 = CARTESIAN_POINT ( 'NONE',  ( -32.79887050874265242, 82.71263356512980636, 189.3703789999542551 ) ) ;
#3262 = CARTESIAN_POINT ( 'NONE',  ( -39.87926279038239841, 68.58481194579991325, 159.3021695882997903 ) ) ;
#3263 = CARTESIAN_POINT ( 'NONE',  ( 53.88087712612114188, 11.50368304056585700, 192.3496762764342236 ) ) ;
#3264 = CARTESIAN_POINT ( 'NONE',  ( -7.329818744123128837, 83.50756670747851729, 130.3760611761569237 ) ) ;
#3265 = CARTESIAN_POINT ( 'NONE',  ( 25.88489713535249948, -36.96413132071017316, 309.2578745530215087 ) ) ;
#3266 = CARTESIAN_POINT ( 'NONE',  ( 7.365514600888541707, 84.63441015554251123, 120.0000000000000284 ) ) ;
#3267 = CARTESIAN_POINT ( 'NONE',  ( 27.68947570072270992, 95.85509879905478670, 297.7027140057940073 ) ) ;
#3268 = CARTESIAN_POINT ( 'NONE',  ( 30.71777095608450736, 71.97299594838392522, 120.0000000000000568 ) ) ;
#3269 = CARTESIAN_POINT ( 'NONE',  ( -10.69256524363130900, -47.26727844945381918, 267.3135133005933426 ) ) ;
#3270 = VERTEX_POINT ( 'NONE', #4163 ) ;
#3271 = CARTESIAN_POINT ( 'NONE',  ( -47.23651942707301288, 47.57932724536464519, 190.8819862067184374 ) ) ;
#3272 = CARTESIAN_POINT ( 'NONE',  ( 11.10028871453714316, 42.97374276991504871, 394.9564990126257840 ) ) ;
#3273 = CARTESIAN_POINT ( 'NONE',  ( -27.27144130853923798, 87.61865916685410127, 188.0651582951664693 ) ) ;
#3274 = CARTESIAN_POINT ( 'NONE',  ( 53.54228658131601293, -8.502561724832313317, 82.46846619459346073 ) ) ;
#3275 = CARTESIAN_POINT ( 'NONE',  ( -39.04585500349920579, 70.23130505925075795, 125.2901501658454890 ) ) ;
#3276 = CARTESIAN_POINT ( 'NONE',  ( -44.41716216878673151, 60.67341424506539482, 120.0000000000000142 ) ) ;
#3277 = CARTESIAN_POINT ( 'NONE',  ( -49.39373680530179911, -5.161532930411835807, 250.8426180530016723 ) ) ;
#3278 = CARTESIAN_POINT ( 'NONE',  ( 39.42995534508410316, 72.07599073505255660, 181.3243480865534423 ) ) ;
#3279 = CARTESIAN_POINT ( 'NONE',  ( -11.65735987292029918, 109.8619777451270068, 309.3032395257943108 ) ) ;
#3280 = CARTESIAN_POINT ( 'NONE',  ( -43.74193211693196304, -29.81337162402000018, 251.0289806860028818 ) ) ;
#3281 = FACE_OUTER_BOUND ( 'NONE', #1253, .T. ) ;
#3282 = CARTESIAN_POINT ( 'NONE',  ( -34.54840250058167328, 80.76748829958859233, 191.2369659490702247 ) ) ;
#3283 = CARTESIAN_POINT ( 'NONE',  ( -32.71639082994388303, 76.56261631625369546, 125.2853859606381235 ) ) ;
#3284 = CARTESIAN_POINT ( 'NONE',  ( 3.358464669910064870, -36.64712630859212794, 354.2623262081801840 ) ) ;
#3285 = CARTESIAN_POINT ( 'NONE',  ( -12.31814890871418910, 5.385023673732491467, 397.4020297900083278 ) ) ;
#3286 = CARTESIAN_POINT ( 'NONE',  ( 34.14222225585407955, 80.46014632059575433, 184.6766527967072022 ) ) ;
#3287 = CARTESIAN_POINT ( 'NONE',  ( 45.82301672977298779, 67.31638025085641175, 187.3593240497642398 ) ) ;
#3288 = CARTESIAN_POINT ( 'NONE',  ( -55.97967300255644574, -6.599009708261006857, 125.3254267621806690 ) ) ;
#3289 = CARTESIAN_POINT ( 'NONE',  ( 1.703243114193930596, 94.34292777050018231, 162.2621920604132981 ) ) ;
#3290 = CARTESIAN_POINT ( 'NONE',  ( -1.232968491173381143, -53.59119587329963963, 192.4473474233010677 ) ) ;
#3291 = CARTESIAN_POINT ( 'NONE',  ( 15.63047918580956797, -5.424659090122943894, 397.6321618831919977 ) ) ;
#3292 = CARTESIAN_POINT ( 'NONE',  ( 8.946430303705575682, 82.85773577647930210, 129.4512127188714885 ) ) ;
#3293 = CARTESIAN_POINT ( 'NONE',  ( -5.000607319111026072, 34.98267493087544722, 409.0779284778315628 ) ) ;
#3294 = CARTESIAN_POINT ( 'NONE',  ( 37.93977932770592076, 83.32160117824808765, 267.0914584300483057 ) ) ;
#3295 = CARTESIAN_POINT ( 'NONE',  ( 46.37125004922437199, 52.42736766897483847, 187.6050688688828529 ) ) ;
#3296 = CARTESIAN_POINT ( 'NONE',  ( 3.673940397442059967E-15, 114.9777999077196142, 409.0779284778315628 ) ) ;
#3297 = CARTESIAN_POINT ( 'NONE',  ( -48.69022364824570559, 38.90608689616509253, 183.6483782812680658 ) ) ;
#3298 = CARTESIAN_POINT ( 'NONE',  ( -39.12737928806262744, 72.97322195641912401, 184.5587293608334960 ) ) ;
#3299 = CARTESIAN_POINT ( 'NONE',  ( 39.43408220409315845, 12.76399085229486552, 309.1911503125673448 ) ) ;
#3300 = CARTESIAN_POINT ( 'NONE',  ( -6.228855108728994949, 80.79900499123961310, 119.6145108192403939 ) ) ;
#3301 = CARTESIAN_POINT ( 'NONE',  ( 45.03087486474194634, -42.11158647168753077, 149.0779053964697596 ) ) ;
#3302 = AXIS2_PLACEMENT_3D ( 'NONE', #5406, #4894, #85 ) ;
#3303 = CARTESIAN_POINT ( 'NONE',  ( -8.946430303705591669, 82.92909360579481870, 129.1679103791822740 ) ) ;
#3304 = CARTESIAN_POINT ( 'NONE',  ( 23.77047769575394653, 49.00291018023894196, 34.01518524472781024 ) ) ;
#3305 = CARTESIAN_POINT ( 'NONE',  ( 16.98583418218283470, 79.05228394351408383, 119.9999999999999574 ) ) ;
#3306 = CARTESIAN_POINT ( 'NONE',  ( -19.81912389102735261, -52.80446069933125841, 95.91256017588285943 ) ) ;
#3307 = ORIENTED_EDGE ( 'NONE', *, *, #5388, .T. ) ;
#3308 = CARTESIAN_POINT ( 'NONE',  ( -48.18404361468655850, 43.45253878740378184, 153.0796466285198107 ) ) ;
#3309 = CARTESIAN_POINT ( 'NONE',  ( 30.36761427861970120, 22.92123843859008048, 9.999999999999994671 ) ) ;
#3310 = CARTESIAN_POINT ( 'NONE',  ( -22.83115995605009729, 89.46436149417719719, 181.6424067911670477 ) ) ;
#3311 = CARTESIAN_POINT ( 'NONE',  ( 40.58180624808183978, -8.088709443575298863, 17.38835723003943201 ) ) ;
#3312 = CARTESIAN_POINT ( 'NONE',  ( -29.39596929085667298, 88.14851403850907730, 309.2699275837656501 ) ) ;
#3313 = CARTESIAN_POINT ( 'NONE',  ( 0.000000000000000000, 84.85777298089909948, 120.0000000015958506 ) ) ;
#3314 = CARTESIAN_POINT ( 'NONE',  ( -53.13786544293289893, -4.874154953485276387, 211.2172985420698978 ) ) ;
#3315 = CARTESIAN_POINT ( 'NONE',  ( 39.19486866743702791, 72.50308034664530510, 181.3311774406068366 ) ) ;
#3316 = CARTESIAN_POINT ( 'NONE',  ( -13.24699397673110290, 105.6254139500467915, 251.8387935991663369 ) ) ;
#3317 = CARTESIAN_POINT ( 'NONE',  ( -31.95118424098948040, -32.08710275713241344, 309.2349712927384076 ) ) ;
#3318 = ORIENTED_EDGE ( 'NONE', *, *, #3762, .F. ) ;
#3319 = CARTESIAN_POINT ( 'NONE',  ( -53.97754170891895598, 27.10604614702786819, 137.9508560680028495 ) ) ;
#3320 = CARTESIAN_POINT ( 'NONE',  ( -36.77958119192507525, 70.39225078110608536, 141.3892588677775564 ) ) ;
#3321 = CARTESIAN_POINT ( 'NONE',  ( -30.85591794426941448, 69.94994071318365059, 95.91537600613030179 ) ) ;
#3322 = CARTESIAN_POINT ( 'NONE',  ( 2.363944899721763804, -46.04522058083916392, 283.5850301590403433 ) ) ;
#3323 = CARTESIAN_POINT ( 'NONE',  ( -36.77364450599122847, 2.094237915903564673, 10.00000000000000711 ) ) ;
#3324 = CARTESIAN_POINT ( 'NONE',  ( 8.431978211873973450, 89.74583328316991526, 159.7376290584334981 ) ) ;
#3325 = CARTESIAN_POINT ( 'NONE',  ( 34.39768960537972475, 77.43302651398887804, 165.5792590031448697 ) ) ;
#3326 = DIRECTION ( 'NONE',  ( 0.000000000000000000, 0.000000000000000000, 1.000000000000000000 ) ) ;
#3327 = CARTESIAN_POINT ( 'NONE',  ( -49.27252186394640887, -6.266194160315891715, 250.8422681871332998 ) ) ;
#3328 = CARTESIAN_POINT ( 'NONE',  ( 1.691541166261802287, 93.33574702391749156, 162.4441819646908982 ) ) ;
#3329 = CARTESIAN_POINT ( 'NONE',  ( -0.3912785396924737258, -51.77078327003781055, 221.5351251701182491 ) ) ;
#3330 = CARTESIAN_POINT ( 'NONE',  ( 51.23332477911126404, -3.283508906239338998, 61.09911723606862211 ) ) ;
#3331 = DIRECTION ( 'NONE',  ( -3.460659099941845052E-15, 0.000000000000000000, 1.000000000000000000 ) ) ;
#3332 = CARTESIAN_POINT ( 'NONE',  ( 29.42640581596065985, 72.87200720045589719, 119.4220699119623106 ) ) ;
#3333 = CARTESIAN_POINT ( 'NONE',  ( -52.76857316536685971, 39.22998837049475185, 149.0424158530961734 ) ) ;
#3334 = CARTESIAN_POINT ( 'NONE',  ( 31.00483026633205341, 83.39734083586438373, 309.2640635646434930 ) ) ;
#3335 = CARTESIAN_POINT ( 'NONE',  ( 46.47854568978655720, 49.91796848834778899, 141.1340417862768675 ) ) ;
#3336 = CARTESIAN_POINT ( 'NONE',  ( 53.69098103248670384, 27.10604614702785398, 173.8550355239896703 ) ) ;
#3337 = CARTESIAN_POINT ( 'NONE',  ( 2.446430303705699139, 84.61590949274477680, 134.2015926103156573 ) ) ;
#3338 = CARTESIAN_POINT ( 'NONE',  ( -39.55340522812063142, 61.64924571701562428, 119.1793168835453258 ) ) ;
#3339 = CARTESIAN_POINT ( 'NONE',  ( 41.80519143384526615, 18.44726975639993682, 296.7517759243126534 ) ) ;
#3340 = ORIENTED_EDGE ( 'NONE', *, *, #5582, .T. ) ;
#3341 = CARTESIAN_POINT ( 'NONE',  ( -7.416492750024453962, 88.62178619499125887, 153.7457312126053921 ) ) ;
#3342 = CARTESIAN_POINT ( 'NONE',  ( 40.69263145525302861, -39.81381927642592444, 61.09799580955821341 ) ) ;
#3343 = CARTESIAN_POINT ( 'NONE',  ( 50.48274071959453835, 44.36384255214441197, 119.9999999999999716 ) ) ;
#3344 = CARTESIAN_POINT ( 'NONE',  ( 19.89420547407568662, 98.18442496282838761, 409.0779284778304259 ) ) ;
#3345 = CARTESIAN_POINT ( 'NONE',  ( 27.95157737823238620, 74.06438424751570437, 120.0000000000000995 ) ) ;
#3346 = CARTESIAN_POINT ( 'NONE',  ( -18.34409965216532967, -50.36660947648148579, 61.09623411356567857 ) ) ;
#3347 = VERTEX_POINT ( 'NONE', #3512 ) ;
#3348 = CARTESIAN_POINT ( 'NONE',  ( -47.17473039576351113, 48.33861006776544400, 187.5812090218256287 ) ) ;
#3349 = CARTESIAN_POINT ( 'NONE',  ( 48.30980686918767475, 56.90479038402592238, 221.5649520357075630 ) ) ;
#3350 = CARTESIAN_POINT ( 'NONE',  ( -21.30988659728972223, 89.23310484099557982, 175.2529306194855963 ) ) ;
#3351 = CARTESIAN_POINT ( 'NONE',  ( 37.19990418133488674, -10.45258009751998607, 10.00000000000000888 ) ) ;
#3352 = CARTESIAN_POINT ( 'NONE',  ( -41.17013477344281824, 67.42913206751239841, 125.2922097253829605 ) ) ;
#3353 = EDGE_CURVE ( 'NONE', #4634, #1591, #6279, .T. ) ;
#3354 = DIRECTION ( 'NONE',  ( 0.000000000000000000, 0.1925219665259089996, 0.9812926639922449068 ) ) ;
#3355 = CARTESIAN_POINT ( 'NONE',  ( -15.85629843593228472, -5.699012627778171414, 397.6336909657812839 ) ) ;
#3356 = CARTESIAN_POINT ( 'NONE',  ( 40.49434027169345285, 70.33921803403096362, 184.5182031427160609 ) ) ;
#3357 = CARTESIAN_POINT ( 'NONE',  ( -11.45102433989289814, 37.54025891792331038, 9.999999999999998224 ) ) ;
#3358 = CARTESIAN_POINT ( 'NONE',  ( -38.71084230998111764, -22.75033133686379827, 17.38057389337034664 ) ) ;
#3359 = DIRECTION ( 'NONE',  ( -1.000000000000000000, -6.286854017118685007E-16, -3.348604628904795982E-15 ) ) ;
#3360 = CARTESIAN_POINT ( 'NONE',  ( -34.96055268707420538, 76.74762567577185735, 165.5669304572542160 ) ) ;
#3361 = CARTESIAN_POINT ( 'NONE',  ( -29.79463543142523463, 88.41354506645497224, 174.9445236895687117 ) ) ;
#3362 = CARTESIAN_POINT ( 'NONE',  ( 0.7751191789501495899, -27.30100470207349872, 409.0779284778314491 ) ) ;
#3363 = CARTESIAN_POINT ( 'NONE',  ( -49.58567961717704264, 8.492286629419469435, 250.8733701652242019 ) ) ;
#3364 = CARTESIAN_POINT ( 'NONE',  ( 14.26292724191486805, 88.76233554702109529, 159.7180574502338288 ) ) ;
#3365 = CARTESIAN_POINT ( 'NONE',  ( 36.15277555560523126, 77.37184404501428503, 181.4061350262742565 ) ) ;
#3366 = CIRCLE ( 'NONE', #6094, 1.000000000000003553 ) ;
#3367 = CARTESIAN_POINT ( 'NONE',  ( 50.54379157740995510, 25.46392922682557014, 153.0170746580713228 ) ) ;
#3368 = CARTESIAN_POINT ( 'NONE',  ( -53.09195625851802447, -6.609670241935826418, 211.2172967466541991 ) ) ;
#3369 = CARTESIAN_POINT ( 'NONE',  ( 44.92561026425428139, 58.43748373897097537, 186.1995646967600919 ) ) ;
#3370 = CARTESIAN_POINT ( 'NONE',  ( -0.2992597794967298830, -39.54025308811204553, 335.5788767518578197 ) ) ;
#3371 = CARTESIAN_POINT ( 'NONE',  ( 53.13019399950979249, -5.219699555353019882, 211.2172979161361752 ) ) ;
#3372 = CARTESIAN_POINT ( 'NONE',  ( 1.413932947159218800, 93.29480046733628740, 162.1699705698226524 ) ) ;
#3373 = CARTESIAN_POINT ( 'NONE',  ( 30.26633717086034991, 83.75545162939627630, 178.3029815925362982 ) ) ;
#3374 = CARTESIAN_POINT ( 'NONE',  ( -50.44327984135584586, 48.87434187380578265, 201.7370402385690227 ) ) ;
#3375 = CARTESIAN_POINT ( 'NONE',  ( 31.02070305377686665, 71.00770606899796178, 321.4673657776028222 ) ) ;
#3376 = CARTESIAN_POINT ( 'NONE',  ( 46.89420994647181118, 50.08569703328372213, 184.3287683458063952 ) ) ;
#3377 = CARTESIAN_POINT ( 'NONE',  ( 10.32786265453919938, 103.1238023322610928, 221.6240236177845020 ) ) ;
#3378 = CARTESIAN_POINT ( 'NONE',  ( 1.960208143246382706, 93.76257512239257608, 178.9827553388215335 ) ) ;
#3379 = AXIS2_PLACEMENT_3D ( 'NONE', #576, #5867, #2946 ) ;
#3380 = CARTESIAN_POINT ( 'NONE',  ( -38.76457691666807648, 69.48902674194802387, 153.3354253579989575 ) ) ;
#3381 = CARTESIAN_POINT ( 'NONE',  ( 54.14470804041079788, 3.783831681897257493, 192.3483384712029363 ) ) ;
#3382 = ORIENTED_EDGE ( 'NONE', *, *, #2479, .F. ) ;
#3383 = CARTESIAN_POINT ( 'NONE',  ( 0.000000000000000000, 95.90075831913182469, 191.5526903308526698 ) ) ;
#3384 = CARTESIAN_POINT ( 'NONE',  ( 37.27287521075454180, -42.64205156870801261, 221.5289559395897641 ) ) ;
#3385 = CARTESIAN_POINT ( 'NONE',  ( 43.49920316164820377, 62.32355114289259745, 119.9999999999999858 ) ) ;
#3386 = EDGE_CURVE ( 'NONE', #564, #3704, #4620, .T. ) ;
#3387 = CARTESIAN_POINT ( 'NONE',  ( 18.25451040978617101, 71.52776686840793730, 82.48321900413819208 ) ) ;
#3388 = CARTESIAN_POINT ( 'NONE',  ( -7.946428739083792436, 88.09529719408892845, 151.2834731052537904 ) ) ;
#3389 = EDGE_LOOP ( 'NONE', ( #7034, #2918, #1214, #4507 ) ) ;
#3390 = CARTESIAN_POINT ( 'NONE',  ( -47.55187989452542752, 46.75955781545489742, 181.0870750141534700 ) ) ;
#3391 = CARTESIAN_POINT ( 'NONE',  ( 49.66596614699262346, 54.11733623626795975, 192.3655671401465668 ) ) ;
#3392 = CARTESIAN_POINT ( 'NONE',  ( -26.07990271680401051, 86.57347849085350333, 175.1877119883677381 ) ) ;
#3393 = CARTESIAN_POINT ( 'NONE',  ( 24.30780700225570001, -9.150766308196548238, 380.0386442598349959 ) ) ;
#3394 = CARTESIAN_POINT ( 'NONE',  ( -27.17486209928118512, 69.39068053040878681, 336.8203445163638321 ) ) ;
#3395 = CARTESIAN_POINT ( 'NONE',  ( 0.4999999999999738542, 93.06502969790520297, 160.8835909057622757 ) ) ;
#3396 = CARTESIAN_POINT ( 'NONE',  ( -55.95746367543729605, -5.778692366071116915, 125.3254190986842218 ) ) ;
#3397 = ADVANCED_FACE ( 'NONE', ( #2310 ), #4831, .F. ) ;
#3398 = CARTESIAN_POINT ( 'NONE',  ( 40.01001287041420085, 63.47684584404795771, 129.9272983217902890 ) ) ;
#3399 = CARTESIAN_POINT ( 'NONE',  ( -19.00566609175972843, 75.60320656173627185, 95.91491918126088478 ) ) ;
#3400 = CARTESIAN_POINT ( 'NONE',  ( -23.24272143932821066, -28.32616246752712996, 357.0072127472366788 ) ) ;
#3401 = EDGE_LOOP ( 'NONE', ( #938, #4795, #102, #5958 ) ) ;
#3402 = CARTESIAN_POINT ( 'NONE',  ( -53.81745166852962825, 27.10604614702787174, 128.9750797476484365 ) ) ;
#3403 = CARTESIAN_POINT ( 'NONE',  ( -34.82912289963552155, 80.39362001895871401, 191.2309818776568875 ) ) ;
#3404 = CARTESIAN_POINT ( 'NONE',  ( -35.65019865020066447, 86.39537904418227754, 201.7350507500975141 ) ) ;
#3405 = CARTESIAN_POINT ( 'NONE',  ( 5.094271672174150112, -55.16513916029705911, 149.1156603044078679 ) ) ;
#3406 = CARTESIAN_POINT ( 'NONE',  ( -55.48203387375408369, 4.732193941020314654, 125.3243004968625200 ) ) ;
#3407 = CARTESIAN_POINT ( 'NONE',  ( 21.09692092935374319, 91.37591459738719379, 188.1488278385199067 ) ) ;
#3408 = CARTESIAN_POINT ( 'NONE',  ( 36.02641354949106045, 78.35949616926325234, 187.9003847094184607 ) ) ;
#3409 = CARTESIAN_POINT ( 'NONE',  ( -0.1666674428845220934, 96.50724633046549172, 179.5704703226415404 ) ) ;
#3410 = CARTESIAN_POINT ( 'NONE',  ( -45.08272435111971532, -6.635469327985107135, 282.1646043028291047 ) ) ;
#3411 = CARTESIAN_POINT ( 'NONE',  ( 0.000000000000000000, -49.29133392571988281, 251.6525086451857476 ) ) ;
#3412 = EDGE_CURVE ( 'NONE', #3698, #6534, #2103, .T. ) ;
#3413 = CARTESIAN_POINT ( 'NONE',  ( 11.39957235240181710, -6.181176402389949587, 405.9660508407442876 ) ) ;
#3414 = CARTESIAN_POINT ( 'NONE',  ( -53.31313310046826359, 29.63604572492594258, 180.2771205792929265 ) ) ;
#3415 = CARTESIAN_POINT ( 'NONE',  ( 32.78609669129320991, 81.17488921385992739, 178.2535894757698998 ) ) ;
#3416 = CARTESIAN_POINT ( 'NONE',  ( -33.44868810554351057, 52.47220031446799737, 321.7472222962165915 ) ) ;
#3417 = CARTESIAN_POINT ( 'NONE',  ( 39.03546664207393491, 72.57611113819305615, 283.0454161068720396 ) ) ;
#3418 = CARTESIAN_POINT ( 'NONE',  ( 47.66285132929068880, 40.32225643494449230, 118.9481942767185956 ) ) ;
#3419 = CARTESIAN_POINT ( 'NONE',  ( 1.613907873035533846, 108.9964298403724428, 267.6395684617824600 ) ) ;
#3420 = CARTESIAN_POINT ( 'NONE',  ( -3.019849398327537404, 94.41216815652292382, 162.8335712197433338 ) ) ;
#3421 = CARTESIAN_POINT ( 'NONE',  ( -38.57316758258855316, 65.69609527530342064, 129.9668245271057856 ) ) ;
#3422 = CARTESIAN_POINT ( 'NONE',  ( 53.52273987987187809, 7.695712035218345015, 201.7384978192696678 ) ) ;
#3423 = VERTEX_POINT ( 'NONE', #858 ) ;
#3424 = DIRECTION ( 'NONE',  ( 0.9999835144648340224, 0.005634602519389407191, -0.001105465063978108972 ) ) ;
#3425 = CARTESIAN_POINT ( 'NONE',  ( 35.86857179787519101, -48.61466520658596835, 125.3272208055742283 ) ) ;
#3426 = ADVANCED_FACE ( 'NONE', ( #4386 ), #6649, .F. ) ;
#3427 = CARTESIAN_POINT ( 'NONE',  ( 36.82132204911098228, 86.96241479493188820, 221.5992057283343399 ) ) ;
#3428 = CARTESIAN_POINT ( 'NONE',  ( 46.85827734585001991, 55.76562271282777772, 120.0000000000000284 ) ) ;
#3429 = CARTESIAN_POINT ( 'NONE',  ( 21.93792601775920659, 101.9035002209877376, 251.7702077062204467 ) ) ;
#3430 = CARTESIAN_POINT ( 'NONE',  ( 49.87932889238391709, 28.15829536219172269, 178.2129178344374338 ) ) ;
#3431 = ORIENTED_EDGE ( 'NONE', *, *, #4329, .T. ) ;
#3432 = CARTESIAN_POINT ( 'NONE',  ( -45.38803755847052912, 54.82396294834705941, 153.1547485436476848 ) ) ;
#3433 = CARTESIAN_POINT ( 'NONE',  ( 4.999027960287330430, 28.04662567015114760, 409.0779284778316196 ) ) ;
#3434 = CARTESIAN_POINT ( 'NONE',  ( -17.84837139891357083, 89.99546879752146822, 172.1377237463908045 ) ) ;
#3435 = CARTESIAN_POINT ( 'NONE',  ( 45.69018639588326636, -25.46249827200474769, 250.9672609133938295 ) ) ;
#3436 = AXIS2_PLACEMENT_3D ( 'NONE', #7440, #6855, #7402 ) ;
#3437 = CARTESIAN_POINT ( 'NONE',  ( -42.52576787389699575, 75.82980934713835097, 201.7356500283501362 ) ) ;
#3438 = PLANE ( 'NONE',  #1748 ) ;
#3439 = EDGE_CURVE ( 'NONE', #6301, #7071, #627, .T. ) ;
#3440 = CARTESIAN_POINT ( 'NONE',  ( 40.45554419221026166, 62.72192364743956006, 129.9153170982180256 ) ) ;
#3441 = CARTESIAN_POINT ( 'NONE',  ( 13.87000547066030620, 109.2794405281599808, 335.1568718963747529 ) ) ;
#3442 = CARTESIAN_POINT ( 'NONE',  ( -16.53702835546345895, 106.3836801495342286, 283.7220995123229841 ) ) ;
#3443 = CARTESIAN_POINT ( 'NONE',  ( -40.57453079262381834, -45.78873396600582169, 125.3269375355641273 ) ) ;
#3444 = CYLINDRICAL_SURFACE ( 'NONE', #3749, 1.499999999999985567 ) ;
#3445 = CARTESIAN_POINT ( 'NONE',  ( -34.43630015374385067, 68.31847770365503436, 119.3082396232358775 ) ) ;
#3446 = CARTESIAN_POINT ( 'NONE',  ( -33.81953719443994544, 91.68442117447531814, 236.4141040481969753 ) ) ;
#3447 = CARTESIAN_POINT ( 'NONE',  ( 2.802385247906290733, -52.44926537521283905, 211.1920100114977288 ) ) ;
#3448 = CARTESIAN_POINT ( 'NONE',  ( -40.36274323637901063, 0.1981979157013219472, 309.1861730890131525 ) ) ;
#3449 = CARTESIAN_POINT ( 'NONE',  ( 17.85781027765058937, 86.51362701221981411, 153.7016444263489632 ) ) ;
#3450 = CARTESIAN_POINT ( 'NONE',  ( 36.73576048760089918, 76.10610115821327781, 178.1662940878489678 ) ) ;
#3451 = CARTESIAN_POINT ( 'NONE',  ( -3.673940397442059967E-15, 114.9777999077196142, 409.0779284778315628 ) ) ;
#3452 = CARTESIAN_POINT ( 'NONE',  ( -46.92791527024799336, -11.35144820700280910, 266.1047947544036560 ) ) ;
#3453 = CARTESIAN_POINT ( 'NONE',  ( -1.198531762207990514, -52.46988325912649742, 211.1919372283173004 ) ) ;
#3454 = CARTESIAN_POINT ( 'NONE',  ( 46.25998668811937620, -5.730389643057775650, 34.40059807139103754 ) ) ;
#3455 = DIRECTION ( 'NONE',  ( 0.000000000000000000, 0.9812926639922453509, -0.1925219665259060020 ) ) ;
#3456 = CARTESIAN_POINT ( 'NONE',  ( 31.66947565047399138, 80.39822703115949309, 165.6393929033012569 ) ) ;
#3457 = CARTESIAN_POINT ( 'NONE',  ( -11.78197931878740157, 19.00927002208090144, 396.7529944964774131 ) ) ;
#3458 = CARTESIAN_POINT ( 'NONE',  ( 47.37279056948970180, 47.75690291006900878, 181.0919450103115480 ) ) ;
#3459 = CARTESIAN_POINT ( 'NONE',  ( 7.946428739083892800, 94.45973366132490412, 185.5673568338704911 ) ) ;
#3460 = CARTESIAN_POINT ( 'NONE',  ( 4.126440626136170131, 113.2637705917363178, 334.9668236710422775 ) ) ;
#3461 = CARTESIAN_POINT ( 'NONE',  ( -39.29130414457240761, 71.61411728536951671, 174.9159238564448628 ) ) ;
#3462 = CARTESIAN_POINT ( 'NONE',  ( 45.34437156756264642, 4.526368387407289973, 282.1930726493894781 ) ) ;
#3463 = CARTESIAN_POINT ( 'NONE',  ( -49.91198254249773214, 27.92577482295901703, 177.7046484268908273 ) ) ;
#3464 = CARTESIAN_POINT ( 'NONE',  ( 10.43247938593119706, -21.76815507722417919, 409.0779284778325859 ) ) ;
#3465 = CARTESIAN_POINT ( 'NONE',  ( 35.82470651092628344, 88.23291143248933110, 221.6008322317553620 ) ) ;
#3466 = CARTESIAN_POINT ( 'NONE',  ( 6.401175414552692011, 89.94746261870530191, 159.7413424146186856 ) ) ;
#3467 = CARTESIAN_POINT ( 'NONE',  ( 20.00222822556246882, 102.8982397504110224, 251.7886321841774020 ) ) ;
#3468 = CARTESIAN_POINT ( 'NONE',  ( -2.000000000000007994, 94.44388838191179047, 168.2565567172024146 ) ) ;
#3469 = ORIENTED_EDGE ( 'NONE', *, *, #4387, .F. ) ;
#3470 = CARTESIAN_POINT ( 'NONE',  ( -45.29889017001723772, 49.11703378624043381, 119.0172267491616225 ) ) ;
#3471 = CARTESIAN_POINT ( 'NONE',  ( 46.13695813032685322, 33.70437392891498973, 61.03631225452868136 ) ) ;
#3472 = CARTESIAN_POINT ( 'NONE',  ( -16.04812978638456755, 91.15781236474897753, 175.3011048276925123 ) ) ;
#3473 = CARTESIAN_POINT ( 'NONE',  ( 54.73605339540923609, -22.92516787238205112, 125.3256982292730868 ) ) ;
#3474 = CARTESIAN_POINT ( 'NONE',  ( -25.32534655339211938, 29.47446468552367449, 10.00000000000000000 ) ) ;
#3475 = CARTESIAN_POINT ( 'NONE',  ( 2.779489119310683876, 97.40061371170895654, 179.0224580475258449 ) ) ;
#3476 = CARTESIAN_POINT ( 'NONE',  ( 40.77351673193991388, 67.76816286746327478, 165.4243644022812418 ) ) ;
#3477 = CARTESIAN_POINT ( 'NONE',  ( 14.85058651285845599, 99.41953666087040631, 201.7341631534810062 ) ) ;
#3478 = CARTESIAN_POINT ( 'NONE',  ( -17.75503191869857034, 99.78188058349924461, 211.2203142535571487 ) ) ;
#3479 = CARTESIAN_POINT ( 'NONE',  ( -44.81702237012532208, -42.26465687279514327, 125.3266542655554758 ) ) ;
#3480 = CARTESIAN_POINT ( 'NONE',  ( -49.69221835605372917, 30.90880033844549502, 177.8026827231574885 ) ) ;
#3481 = B_SPLINE_CURVE_WITH_KNOTS ( 'NONE', 3,
 ( #1938, #4315, #6683, #2503 ),
 .UNSPECIFIED., .F., .F.,
 ( 4, 4 ),
 ( 4.380176776841437913E-17, 0.002446671191746466016 ),
 .UNSPECIFIED. ) ;
#3482 = CARTESIAN_POINT ( 'NONE',  ( -33.38318680474675659, 74.38854724959999487, 141.4721341118959117 ) ) ;
#3483 = CARTESIAN_POINT ( 'NONE',  ( -32.68411370033201280, 64.25050017953809345, 82.48070104110963996 ) ) ;
#3484 = CARTESIAN_POINT ( 'NONE',  ( 0.7846195015939210204, -28.41016769838928369, 403.3886511824131276 ) ) ;
#3485 = CARTESIAN_POINT ( 'NONE',  ( -52.46023485645889650, 0.1087216946607219847, 221.5234830454974428 ) ) ;
#3486 = CARTESIAN_POINT ( 'NONE',  ( 16.02208786279779673, 91.71001309937528845, 178.4872859983250919 ) ) ;
#3487 = CARTESIAN_POINT ( 'NONE',  ( 35.15013284701775120, 72.42875994089001779, 141.4263858483241734 ) ) ;
#3488 = CARTESIAN_POINT ( 'NONE',  ( 0.000000000000000000, 102.5138913959915783, 211.2204768672874309 ) ) ;
#3489 = CARTESIAN_POINT ( 'NONE',  ( -55.28895679616665859, -12.03699016990225523, 174.9357565051627148 ) ) ;
#3490 = LINE ( 'NONE', #1265, #7593 ) ;
#3491 = CARTESIAN_POINT ( 'NONE',  ( 31.38615170312801439, 71.26176439937236751, 119.3794967638558830 ) ) ;
#3492 = CARTESIAN_POINT ( 'NONE',  ( -7.148528748372136477, 23.35390047273355663, 405.4345288823532201 ) ) ;
#3493 = CARTESIAN_POINT ( 'NONE',  ( 47.73032430568934359, 45.70031043736481280, 181.0815210859291824 ) ) ;
#3494 = CARTESIAN_POINT ( 'NONE',  ( 0.9033754040030906873, 97.49929774879305455, 179.3329129199810836 ) ) ;
#3495 = CARTESIAN_POINT ( 'NONE',  ( 4.222756057132253105, 112.5756091226390652, 320.7516920667477507 ) ) ;
#3496 = CARTESIAN_POINT ( 'NONE',  ( -4.636443085687899313, -33.38049028337729851, 373.1934686344453098 ) ) ;
#3497 = CARTESIAN_POINT ( 'NONE',  ( -39.02851734478344525, 70.88200942165852325, 165.4738012720993083 ) ) ;
#3498 = CARTESIAN_POINT ( 'NONE',  ( 55.48203387375408369, 4.732193941020314654, 125.3243004968625200 ) ) ;
#3499 = CARTESIAN_POINT ( 'NONE',  ( 3.038240967837857021, 97.19915715014390400, 177.9263847027587246 ) ) ;
#3500 = CARTESIAN_POINT ( 'NONE',  ( 30.61456938278566398, -49.83811410053662883, 175.0100621485987062 ) ) ;
#3501 = CARTESIAN_POINT ( 'NONE',  ( 28.50637985391423257, 94.58018343108543036, 297.6806696655019095 ) ) ;
#3502 = CARTESIAN_POINT ( 'NONE',  ( 4.248016696534604897, 95.80692325954929345, 191.5505057040450936 ) ) ;
#3503 = CARTESIAN_POINT ( 'NONE',  ( 20.91707784828886219, 101.2330489380440781, 236.4909178937897138 ) ) ;
#3504 = CIRCLE ( 'NONE', #3379, 1.000000000000000888 ) ;
#3505 = B_SPLINE_CURVE_WITH_KNOTS ( 'NONE', 3,
 ( #4996, #6241, #3868, #2707 ),
 .UNSPECIFIED., .F., .F.,
 ( 4, 4 ),
 ( 0.0001869225236886015273, 0.004190229738819346156 ),
 .UNSPECIFIED. ) ;
#3506 = CARTESIAN_POINT ( 'NONE',  ( 5.444480652423141720, 94.70166484779477400, 185.5198918221648228 ) ) ;
#3507 = EDGE_LOOP ( 'NONE', ( #7448, #92, #4469, #2999 ) ) ;
#3508 = CARTESIAN_POINT ( 'NONE',  ( -46.47213321446099599, 49.94125198967189050, 141.1359599070183037 ) ) ;
#3509 = CARTESIAN_POINT ( 'NONE',  ( 49.40787041000889701, 50.57741582521872203, 221.5582872790466524 ) ) ;
#3510 = CARTESIAN_POINT ( 'NONE',  ( -14.04574798583051631, 93.82627705105538496, 188.2121645732970592 ) ) ;
#3511 = CARTESIAN_POINT ( 'NONE',  ( 48.58801024706963290, -26.64335581591281610, 61.09900584859391870 ) ) ;
#3512 = CARTESIAN_POINT ( 'NONE',  ( -6.946430303705541931, 82.71893810704847283, 127.4403157947021583 ) ) ;
#3513 = CARTESIAN_POINT ( 'NONE',  ( 43.40237867725404897, 62.38668147326255564, 171.6482066288036492 ) ) ;
#3514 = CARTESIAN_POINT ( 'NONE',  ( 15.33517589864281305, 106.0762164066182862, 267.5605678917036698 ) ) ;
#3515 = CARTESIAN_POINT ( 'NONE',  ( -16.71684876410861875, 103.0043457223362680, 236.5076488958378036 ) ) ;
#3516 = CARTESIAN_POINT ( 'NONE',  ( -30.11766121558373399, -31.76031274197908161, 9.999999999999978684 ) ) ;
#3517 = ORIENTED_EDGE ( 'NONE', *, *, #2357, .T. ) ;
#3518 = CARTESIAN_POINT ( 'NONE',  ( 1.990286082997221984, 90.93347723521851833, 163.6492619359611354 ) ) ;
#3519 = CARTESIAN_POINT ( 'NONE',  ( 0.1687084405089255557, 97.68513765604485855, 180.3813305183697082 ) ) ;
#3520 = CARTESIAN_POINT ( 'NONE',  ( -34.42198268799040761, 80.11323271729833095, 184.6707715259856002 ) ) ;
#3521 = CARTESIAN_POINT ( 'NONE',  ( -13.72033568570337181, 82.33925683184499178, 391.6185326915131100 ) ) ;
#3522 = CARTESIAN_POINT ( 'NONE',  ( 0.000000000000000000, -53.59492887231033365, 192.4473961570816130 ) ) ;
#3523 = CARTESIAN_POINT ( 'NONE',  ( -47.81238189221625845, 4.512608345308288804, 266.1209883264183418 ) ) ;
#3524 = CARTESIAN_POINT ( 'NONE',  ( 12.32484237880533762, 87.90625625806140420, 153.7312048682932470 ) ) ;
#3525 = CARTESIAN_POINT ( 'NONE',  ( 36.34782130017166679, 74.93602609058872588, 165.5345893844398404 ) ) ;
#3526 = CARTESIAN_POINT ( 'NONE',  ( 6.946430303705569465, 82.47269184342748360, 127.4886273908870038 ) ) ;
#3527 = CARTESIAN_POINT ( 'NONE',  ( -53.03790405546583031, -8.475813905242965518, 211.2172967466541991 ) ) ;
#3528 = CARTESIAN_POINT ( 'NONE',  ( 0.000000000000000000, -53.06138260155653086, 201.7522653698673594 ) ) ;
#3529 = CARTESIAN_POINT ( 'NONE',  ( 11.89799049890116578, -51.20078992515209393, 221.5343238931062615 ) ) ;
#3530 = CARTESIAN_POINT ( 'NONE',  ( -44.28330712461601593, 25.18298716494421541, 282.3542443352131954 ) ) ;
#3531 = EDGE_CURVE ( 'NONE', #2532, #7108, #5167, .T. ) ;
#3532 = CARTESIAN_POINT ( 'NONE',  ( 47.86368039461544299, 42.35830449729900238, 129.7135939407334320 ) ) ;
#3533 = CARTESIAN_POINT ( 'NONE',  ( 3.021884890287814152, 97.25642277334397079, 178.2490976606982258 ) ) ;
#3534 = CARTESIAN_POINT ( 'NONE',  ( 1.839319644667390730, 102.5138913959915783, 211.2204768672874309 ) ) ;
#3535 = CARTESIAN_POINT ( 'NONE',  ( -12.46612832295578954, -52.97377829899706114, 192.4409145642689225 ) ) ;
#3536 = CARTESIAN_POINT ( 'NONE',  ( -39.00393350572058182, 72.48318569994299310, 178.1117213293092618 ) ) ;
#3537 = CARTESIAN_POINT ( 'NONE',  ( 45.23763675487480640, 6.487268837529327925, 282.2028401826211166 ) ) ;
#3538 = CARTESIAN_POINT ( 'NONE',  ( -50.07882159268373101, 27.10604614702785398, 173.8550355239896703 ) ) ;
#3539 = CARTESIAN_POINT ( 'NONE',  ( 22.09716541651445354, -40.00145447593970260, 17.35382483127344244 ) ) ;
#3540 = CARTESIAN_POINT ( 'NONE',  ( 35.93236636907970194, 89.10271550756641545, 236.3969001233102176 ) ) ;
#3541 = CARTESIAN_POINT ( 'NONE',  ( 0.000000000000000000, 81.03928759315725472, 119.6144433750027645 ) ) ;
#3542 = CARTESIAN_POINT ( 'NONE',  ( 28.92341621401876850, 79.29540449215784292, 125.2831885280821780 ) ) ;
#3543 = CARTESIAN_POINT ( 'NONE',  ( 49.67759916554231125, 29.82120405454250189, 180.4877320170008659 ) ) ;
#3544 = ORIENTED_EDGE ( 'NONE', *, *, #3592, .F. ) ;
#3545 = CARTESIAN_POINT ( 'NONE',  ( -46.93491962343672697, 49.23724908688258495, 153.1129076555664881 ) ) ;
#3546 = CARTESIAN_POINT ( 'NONE',  ( 45.49148822631065059, 47.02160344056898822, 266.5338285665748117 ) ) ;
#3547 = CARTESIAN_POINT ( 'NONE',  ( -15.93152464545804392, 92.79815324716189195, 184.9368752787549397 ) ) ;
#3548 = CARTESIAN_POINT ( 'NONE',  ( 52.21339501626390245, -22.36155449639255721, 82.47044241929755515 ) ) ;
#3549 = CARTESIAN_POINT ( 'NONE',  ( -5.444480652423162148, 95.85182978639822693, 185.2942384325754404 ) ) ;
#3550 = CARTESIAN_POINT ( 'NONE',  ( 44.17710303508647485, 59.83309080340858088, 165.3286058195153316 ) ) ;
#3551 = CARTESIAN_POINT ( 'NONE',  ( 15.27728817937552819, 90.35655249148204859, 149.0203490209352708 ) ) ;
#3552 = CARTESIAN_POINT ( 'NONE',  ( -18.70266981715646537, 63.66747741060702026, 60.93120414751311387 ) ) ;
#3553 = CARTESIAN_POINT ( 'NONE',  ( -30.30118861509693318, -36.11238771068142484, 297.2506059616509333 ) ) ;
#3554 = ORIENTED_EDGE ( 'NONE', *, *, #3043, .T. ) ;
#3555 = CARTESIAN_POINT ( 'NONE',  ( 6.807933017900215282E-13, 93.88924445841371380, 185.6792823656272162 ) ) ;
#3556 = FACE_OUTER_BOUND ( 'NONE', #3007, .T. ) ;
#3557 = CARTESIAN_POINT ( 'NONE',  ( -34.00766996953048960, 79.30328575882842301, 175.0393657060938608 ) ) ;
#3558 = CARTESIAN_POINT ( 'NONE',  ( -36.37390622070769552, 78.11495218099518922, 149.0265509919405531 ) ) ;
#3559 = CARTESIAN_POINT ( 'NONE',  ( 0.2691328890395047191, -28.42617189643529585, 403.3873918172317872 ) ) ;
#3560 = CARTESIAN_POINT ( 'NONE',  ( -46.10908392636976316, -0.6964172412991556094, 34.39493335455203038 ) ) ;
#3561 = ADVANCED_BREP_SHAPE_REPRESENTATION ( 'HATCH FRONT 2', ( #3095, #2391 ), #5743 ) ;
#3562 = CARTESIAN_POINT ( 'NONE',  ( 42.84470329415308498, 56.98334315772650172, 95.91620674547424130 ) ) ;
#3563 = CARTESIAN_POINT ( 'NONE',  ( 25.65359427228164790, 78.11361408670084927, 130.2521975081111805 ) ) ;
#3564 = CARTESIAN_POINT ( 'NONE',  ( 38.78854488503725406, 71.27407109192587598, 165.4785604300057571 ) ) ;
#3565 = CARTESIAN_POINT ( 'NONE',  ( -0.3333356829608423166, 96.50675054405115816, 179.5705675920688407 ) ) ;
#3566 = CARTESIAN_POINT ( 'NONE',  ( -37.19990418133488674, -10.45258009751998607, 10.00000000000000888 ) ) ;
#3567 = CARTESIAN_POINT ( 'NONE',  ( 4.889793759361426198E-13, 83.05025774300520425, 130.4325053828637522 ) ) ;
#3568 = CARTESIAN_POINT ( 'NONE',  ( 20.51761555168110007, -53.61494776721651334, 125.3279820937239464 ) ) ;
#3569 = CARTESIAN_POINT ( 'NONE',  ( -40.58958712492802334, 38.33041464672570697, 296.9364745630688844 ) ) ;
#3570 = CARTESIAN_POINT ( 'NONE',  ( 47.39277845275787371, 47.30164215457477894, 153.0993362974234913 ) ) ;
#3571 = CARTESIAN_POINT ( 'NONE',  ( 1.999999999999997113, 90.97061950296259170, 163.8421577798189048 ) ) ;
#3572 = CARTESIAN_POINT ( 'NONE',  ( -11.30898707701247474, -51.34916892683364154, 61.09587590204711915 ) ) ;
#3573 = CARTESIAN_POINT ( 'NONE',  ( -37.88631654855360864, 70.83291116365489870, 153.3559500665878943 ) ) ;
#3574 = CARTESIAN_POINT ( 'NONE',  ( 37.08372733671021848, -1.502511496409777880, 10.00000000000000000 ) ) ;
#3575 = CARTESIAN_POINT ( 'NONE',  ( 31.08754506729443889, -50.65714870691427762, 149.0959177819261470 ) ) ;
#3576 = CARTESIAN_POINT ( 'NONE',  ( 20.34097093077531682, 33.53996496030719499, 10.00000000000000000 ) ) ;
#3577 = CARTESIAN_POINT ( 'NONE',  ( 6.325973820519874558, 83.58926875968798242, 130.3749814543041055 ) ) ;
#3578 = CARTESIAN_POINT ( 'NONE',  ( 17.65956933956295316, 51.66917725977901910, 33.97517562106270361 ) ) ;
#3579 = CARTESIAN_POINT ( 'NONE',  ( -0.9832368264447277628, 96.48514080235472079, 179.4967723096788177 ) ) ;
#3580 = EDGE_LOOP ( 'NONE', ( #6713, #4354, #2059, #527, #6923, #1759 ) ) ;
#3581 = CARTESIAN_POINT ( 'NONE',  ( -45.39629543313250082, 55.47665734362321643, 159.1493698424705769 ) ) ;
#3582 = CARTESIAN_POINT ( 'NONE',  ( 18.05247284758878834, 32.23545385032973343, 378.2110838321493134 ) ) ;
#3583 = CARTESIAN_POINT ( 'NONE',  ( -17.56508231817493026, 93.24072690428683075, 191.4839259783603325 ) ) ;
#3584 = CARTESIAN_POINT ( 'NONE',  ( 55.76881134171257770, -17.50213894851293617, 149.0542048892888829 ) ) ;
#3585 =( LENGTH_UNIT ( ) NAMED_UNIT ( * ) SI_UNIT ( .MILLI., .METRE. ) );
#3586 = CARTESIAN_POINT ( 'NONE',  ( 45.21238531628642932, 57.10113138295452018, 174.7451509851035496 ) ) ;
#3587 = CARTESIAN_POINT ( 'NONE',  ( 11.96938820457813968, 111.2393963890179975, 402.7407002363203787 ) ) ;
#3588 = CARTESIAN_POINT ( 'NONE',  ( -24.88510491888017739, -51.65813026567050770, 95.91309608127470199 ) ) ;
#3589 = ORIENTED_EDGE ( 'NONE', *, *, #1421, .F. ) ;
#3590 = CARTESIAN_POINT ( 'NONE',  ( 0.000000000000000000, 95.82498339813868427, 191.0831110200132059 ) ) ;
#3591 = CARTESIAN_POINT ( 'NONE',  ( -49.21390889473847352, 31.62800536329730150, 190.8220251185275345 ) ) ;
#3592 = EDGE_CURVE ( 'NONE', #2419, #1684, #5455, .T. ) ;
#3593 = CARTESIAN_POINT ( 'NONE',  ( -34.53843922457348725, 79.10243610008916448, 178.2155319775062310 ) ) ;
#3594 = CARTESIAN_POINT ( 'NONE',  ( 45.20801201570631633, -5.160691210804468909, 282.1652174902296224 ) ) ;
#3595 = CARTESIAN_POINT ( 'NONE',  ( -15.29830378656524204, 83.95077033315688197, 373.4479193365207266 ) ) ;
#3596 = CARTESIAN_POINT ( 'NONE',  ( 0.8578399856530698475, -43.22593047603809424, 17.33793795737609145 ) ) ;
#3597 = CARTESIAN_POINT ( 'NONE',  ( -40.06962449023554740, 4.318062204795655390, 309.1874304684075128 ) ) ;
#3598 = CARTESIAN_POINT ( 'NONE',  ( 27.55252493772532674, 84.95521283255709477, 172.0139576183748318 ) ) ;
#3599 = CARTESIAN_POINT ( 'NONE',  ( 37.83073730681508806, 68.96912783222671806, 141.3632959498487764 ) ) ;
#3600 = CARTESIAN_POINT ( 'NONE',  ( -1.875714450201865668, 81.23719565832706735, 106.4309323311144624 ) ) ;
#3601 = CARTESIAN_POINT ( 'NONE',  ( -50.50915485235315572, -11.66615397858532788, 236.0009892315231355 ) ) ;
#3602 = VECTOR ( 'NONE', #6143, 1000.000000000000000 ) ;
#3603 = DIRECTION ( 'NONE',  ( 0.000000000000000000, 0.9812926639922453509, -0.1925219665259060575 ) ) ;
#3604 = CARTESIAN_POINT ( 'NONE',  ( 13.43485868081507917, -39.43262393932921839, 10.00000000000001066 ) ) ;
#3605 = CARTESIAN_POINT ( 'NONE',  ( -43.91844645182846563, 31.83014033685442001, 282.4303561234048630 ) ) ;
#3606 = B_SPLINE_CURVE_WITH_KNOTS ( 'NONE', 3,
 ( #7286, #227, #7324, #1995, #5401, #1850 ),
 .UNSPECIFIED., .F., .F.,
 ( 4, 2, 4 ),
 ( 0.0007225602781657840474, 0.02972293449906457385, 0.05872330871996336854 ),
 .UNSPECIFIED. ) ;
#3607 = CARTESIAN_POINT ( 'NONE',  ( 48.04592132615313460, 42.28555958827995198, 190.8576809815684499 ) ) ;
#3608 = CARTESIAN_POINT ( 'NONE',  ( 0.6973224064132093059, 96.50377235443340851, 179.5711518896416976 ) ) ;
#3609 = CARTESIAN_POINT ( 'NONE',  ( -9.499947460175068414, -51.42438544142874690, 221.5346040388286326 ) ) ;
#3610 = CARTESIAN_POINT ( 'NONE',  ( -38.45527139491438362, 73.78555720754339120, 181.3516928112036624 ) ) ;
#3611 = CARTESIAN_POINT ( 'NONE',  ( 40.51215406054129176, -3.025382813277839755, 17.38682873401755913 ) ) ;
#3612 = CARTESIAN_POINT ( 'NONE',  ( -0.8949395227972789524, 93.25960604806719800, 161.9050505622255969 ) ) ;
#3613 = CARTESIAN_POINT ( 'NONE',  ( 14.56862547842902345, -39.74514691811921807, 321.1726778939467408 ) ) ;
#3614 = CARTESIAN_POINT ( 'NONE',  ( -44.67664931060330247, 70.70028146166870897, 192.3738773747296591 ) ) ;
#3615 = CARTESIAN_POINT ( 'NONE',  ( 14.80099473869887916, 77.57039500497351980, 374.0412658871131271 ) ) ;
#3616 = CARTESIAN_POINT ( 'NONE',  ( 0.000000000000000000, 95.36876895090958328, 188.2506901697786930 ) ) ;
#3617 = CARTESIAN_POINT ( 'NONE',  ( 24.78722789602745280, 81.59293376058032266, 125.2812312085348481 ) ) ;
#3618 = CARTESIAN_POINT ( 'NONE',  ( -0.8960170440688776106, 97.49795669676915111, 179.3252760998279314 ) ) ;
#3619 = ORIENTED_EDGE ( 'NONE', *, *, #6415, .T. ) ;
#3620 = CARTESIAN_POINT ( 'NONE',  ( -44.03710512222100704, 60.93495783321524328, 174.7793758780969995 ) ) ;
#3621 = CARTESIAN_POINT ( 'NONE',  ( 49.84438019342842097, 15.27997492398673174, 61.07875177287905899 ) ) ;
#3622 = CARTESIAN_POINT ( 'NONE',  ( -9.264076718095013874, 94.72659153018314271, 188.2350575340157093 ) ) ;
#3623 = CARTESIAN_POINT ( 'NONE',  ( 25.32040126882154141, -26.11719842498156652, 357.5327856372857696 ) ) ;
#3624 = EDGE_CURVE ( 'NONE', #6040, #5413, #135, .T. ) ;
#3625 = DIRECTION ( 'NONE',  ( 9.814406978379166114E-05, 0.000000000000000000, -0.9999999951838707268 ) ) ;
#3626 = CARTESIAN_POINT ( 'NONE',  ( 42.62280408223747230, 65.00127021161878815, 178.0063184987396880 ) ) ;
#3627 = CARTESIAN_POINT ( 'NONE',  ( -0.1687084405089246952, 97.68513765604485855, 180.3813305183697366 ) ) ;
#3628 = CARTESIAN_POINT ( 'NONE',  ( -35.86857179787519101, -48.61466520658596835, 125.3272208055742283 ) ) ;
#3629 = ORIENTED_EDGE ( 'NONE', *, *, #7655, .T. ) ;
#3630 = CARTESIAN_POINT ( 'NONE',  ( -1.698666975303554594, 93.85970204505429137, 179.5016393704947575 ) ) ;
#3631 = CARTESIAN_POINT ( 'NONE',  ( -47.81748901033252253, 45.46755778864329045, 177.8568550447609766 ) ) ;
#3632 = CARTESIAN_POINT ( 'NONE',  ( -34.06888691279776538, 75.77278312836175189, 153.4453651931859781 ) ) ;
#3633 = CARTESIAN_POINT ( 'NONE',  ( 54.60395312582040361, -5.824797706672109499, 95.91850950000637965 ) ) ;
#3634 = CARTESIAN_POINT ( 'NONE',  ( -39.62021245194257091, 77.96708945467315743, 174.9429373175687203 ) ) ;
#3635 = CARTESIAN_POINT ( 'NONE',  ( -1.429007040487351821E-15, -27.31785047043236503, 409.0779284778315628 ) ) ;
#3636 = CARTESIAN_POINT ( 'NONE',  ( -56.01101704036391737, -4.087861282351882508, 149.0515753223775448 ) ) ;
#3637 = CARTESIAN_POINT ( 'NONE',  ( 24.45911497614990182, 81.35550062582221642, 141.6472641133795491 ) ) ;
#3638 = CARTESIAN_POINT ( 'NONE',  ( 37.77290136201284554, 74.53828504469632321, 178.1423657075793585 ) ) ;
#3639 = CARTESIAN_POINT ( 'NONE',  ( -5.151470429779041460, 73.78389412568056116, 82.48421151976060628 ) ) ;
#3640 = CARTESIAN_POINT ( 'NONE',  ( -51.53507487586163904, -27.34414253052597132, 192.3629892491741202 ) ) ;
#3641 = CARTESIAN_POINT ( 'NONE',  ( -4.284092949226407931, 84.56420216763288522, 134.2117371841819136 ) ) ;
#3642 = CARTESIAN_POINT ( 'NONE',  ( -24.86566256446011636, 95.38712467748815982, 201.7344710980710261 ) ) ;
#3643 = CARTESIAN_POINT ( 'NONE',  ( 7.424921709846808326, -32.70733073914286138, 373.4834306881680845 ) ) ;
#3644 = CARTESIAN_POINT ( 'NONE',  ( -54.26091512747247947, 13.74916100976746236, 106.4719936658562176 ) ) ;
#3645 = CARTESIAN_POINT ( 'NONE',  ( 49.05126268660803390, 38.36833526620297619, 165.1945359890839882 ) ) ;
#3646 = EDGE_CURVE ( 'NONE', #3347, #6148, #2000, .T. ) ;
#3647 = CARTESIAN_POINT ( 'NONE',  ( 0.9970291533541401074, 94.25155597117125694, 161.7525899611763691 ) ) ;
#3648 = CARTESIAN_POINT ( 'NONE',  ( -12.30643220119286596, -52.45340058486254975, 201.7513803630878613 ) ) ;
#3649 = CARTESIAN_POINT ( 'NONE',  ( -38.42083769414744410, 70.97940724877358321, 159.3395564365806081 ) ) ;
#3650 = CARTESIAN_POINT ( 'NONE',  ( 20.20272811593097018, 1.052667502715401326, 379.9833973735448467 ) ) ;
#3651 = CARTESIAN_POINT ( 'NONE',  ( -1.506833938747217161, 94.30417746383986355, 162.0505223723470749 ) ) ;
#3652 = CARTESIAN_POINT ( 'NONE',  ( -5.000000000000006217, 56.14993177050480000, 409.0779284778316196 ) ) ;
#3653 = CARTESIAN_POINT ( 'NONE',  ( 9.860494761149283249, 73.71719355965237241, 392.3824998973840366 ) ) ;
#3654 = CARTESIAN_POINT ( 'NONE',  ( 11.16193132018382528, 94.93855116860265753, 191.5283094673031599 ) ) ;
#3655 = CARTESIAN_POINT ( 'NONE',  ( 25.94734258642597879, 97.07052694420356431, 221.6134023525197847 ) ) ;
#3656 = CARTESIAN_POINT ( 'NONE',  ( -1.160936241032918703, 97.66366937298143114, 180.3043463589500561 ) ) ;
#3657 = EDGE_LOOP ( 'NONE', ( #320, #62, #9, #3666 ) ) ;
#3658 = CARTESIAN_POINT ( 'NONE',  ( -43.39490373749396923, 62.40669911929911251, 171.6491157607431717 ) ) ;
#3659 = CARTESIAN_POINT ( 'NONE',  ( 53.84325384234791301, 18.85351027157320303, 106.4702473478821787 ) ) ;
#3660 = EDGE_CURVE ( 'NONE', #7071, #780, #6015, .T. ) ;
#3661 = CARTESIAN_POINT ( 'NONE',  ( -11.34510973130773159, 91.64451185708107062, 172.1764230279765400 ) ) ;
#3662 = CARTESIAN_POINT ( 'NONE',  ( 34.71408397382622724, -24.66310679959378760, 321.9738861003013426 ) ) ;
#3663 = CARTESIAN_POINT ( 'NONE',  ( -1.999999999999896305, 90.93294328631326096, 163.6476796393685049 ) ) ;
#3664 = CARTESIAN_POINT ( 'NONE',  ( -20.89542536491090985, 95.81681280775006826, 191.0820437794377256 ) ) ;
#3665 = CARTESIAN_POINT ( 'NONE',  ( -25.92623310562299466, -52.30834305720525634, 149.1014162995926711 ) ) ;
#3666 = ORIENTED_EDGE ( 'NONE', *, *, #6936, .F. ) ;
#3667 = CARTESIAN_POINT ( 'NONE',  ( -1.164817243361156773, 93.94237553393628559, 179.9189959314290377 ) ) ;
#3668 = CARTESIAN_POINT ( 'NONE',  ( -49.09754957830899258, 35.83783870344527145, 129.6834974614523333 ) ) ;
#3669 = CARTESIAN_POINT ( 'NONE',  ( -29.03906942614060682, 82.82633099347985706, 165.6918771352112003 ) ) ;
#3670 = CARTESIAN_POINT ( 'NONE',  ( 17.00673660901613005, -7.404099092389644809, 397.6365478720514375 ) ) ;
#3671 = CARTESIAN_POINT ( 'NONE',  ( -23.18655609644494220, 37.68791946537711368, 17.21704309976818692 ) ) ;
#3672 = CARTESIAN_POINT ( 'NONE',  ( 0.000000000000000000, -50.62112415900386253, 236.3618297300487541 ) ) ;
#3673 = CARTESIAN_POINT ( 'NONE',  ( -55.14767155500666007, -2.798272206319819322, 106.4751699845581641 ) ) ;
#3674 = CARTESIAN_POINT ( 'NONE',  ( 22.70729258250376148, 90.52327983386057042, 188.1286560215856127 ) ) ;
#3675 = CARTESIAN_POINT ( 'NONE',  ( 38.58575343565652105, 67.86148637892101476, 141.3457717752434064 ) ) ;
#3676 = CARTESIAN_POINT ( 'NONE',  ( -4.222756057132253105, 112.5756091226390652, 320.7516920667477507 ) ) ;
#3677 = CARTESIAN_POINT ( 'NONE',  ( -45.69018639588326636, -25.46249827200474769, 250.9672609133938295 ) ) ;
#3678 = CARTESIAN_POINT ( 'NONE',  ( -7.946428739083644999, 84.26483441512353068, 134.2704708021354918 ) ) ;
#3679 = CARTESIAN_POINT ( 'NONE',  ( -20.95019311143514074, 103.5313928061685829, 297.8465432146550711 ) ) ;
#3680 = VECTOR ( 'NONE', #2848, 1000.000000000000000 ) ;
#3681 = CARTESIAN_POINT ( 'NONE',  ( 20.41455587234864311, -52.68106329960684064, 175.0277539684644523 ) ) ;
#3682 = CARTESIAN_POINT ( 'NONE',  ( -36.01445082583860113, 17.85858079347532623, 322.1604614584076103 ) ) ;
#3683 = CARTESIAN_POINT ( 'NONE',  ( 48.44781377593719185, 39.57687403325153497, 129.6981927087765314 ) ) ;
#3684 = DIRECTION ( 'NONE',  ( -5.602867245962734761E-30, -0.9812926639922453509, 0.1925219665259060020 ) ) ;
#3685 = CARTESIAN_POINT ( 'NONE',  ( -0.7846195015939210204, -28.41016769838928369, 403.3886511824131276 ) ) ;
#3686 = CARTESIAN_POINT ( 'NONE',  ( -38.20416862981772255, 74.93086277405647877, 187.8476149908008495 ) ) ;
#3687 = CARTESIAN_POINT ( 'NONE',  ( 37.51192545773428577, 0.04642203474689934189, 322.2636881841734748 ) ) ;
#3688 = CARTESIAN_POINT ( 'NONE',  ( -4.999999999999995559, 49.88476476253047309, 409.0779284778313922 ) ) ;
#3689 = B_SPLINE_CURVE_WITH_KNOTS ( 'NONE', 3,
 ( #7466, #4563, #1564, #6313 ),
 .UNSPECIFIED., .F., .F.,
 ( 4, 4 ),
 ( 0.5622503534723403140, 0.5877162842167428236 ),
 .UNSPECIFIED. ) ;
#3690 = CARTESIAN_POINT ( 'NONE',  ( 29.39596929085667298, 88.14851403850907730, 309.2699275837656501 ) ) ;
#3691 = CARTESIAN_POINT ( 'NONE',  ( 11.20386207953844071, 83.01095320149872236, 130.3669717180672762 ) ) ;
#3692 =( BOUNDED_SURFACE ( )  B_SPLINE_SURFACE ( 3, 2, ( 
 ( #7028, #1125, #3499 ),
 ( #5877, #4773, #2409 ),
 ( #4108, #5249, #3533 ),
 ( #5949, #5322, #2913 ),
 ( #7608, #7024, #7133 ),
 ( #1775, #1812, #7643 ),
 ( #5908, #618, #1662 ),
 ( #657, #4034, #2295 ),
 ( #3026, #4146, #2989 ),
 ( #4622, #2330, #4661 ),
 ( #580, #5283, #1157 ),
 ( #6558, #4183, #6486 ),
 ( #6408, #1702, #543 ),
 ( #4072, #3494, #1231 ),
 ( #3608, #6983, #4697 ),
 ( #5361, #5984, #6448 ) ),
 .UNSPECIFIED., .F., .F., .T. ) 
 B_SPLINE_SURFACE_WITH_KNOTS ( ( 4, 2, 2, 2, 2, 2, 2, 4 ),
 ( 3, 3 ),
 ( 0.000000000000000000, 0.0004881934796770831487, 0.0009763869593541662974, 0.001464580439031249338, 0.001952773918708332595, 0.002440967398385415418, 0.002929160878062498675, 0.003905547837416665190 ),
 ( 0.000000000000000000, 1.000000000000000000 ),
 .UNSPECIFIED. ) 
 GEOMETRIC_REPRESENTATION_ITEM ( )  RATIONAL_B_SPLINE_SURFACE ( (
 ( 1.000000000000000000, 0.6934547685906119474, 1.000000000000000000),
 ( 1.000000000000000000, 0.6929735223305867331, 1.000000000000000000),
 ( 1.000000000000000000, 0.6926559557075341322, 1.000000000000000000),
 ( 1.000000000000000000, 0.6923222258967919318, 1.000000000000000000),
 ( 1.000000000000000000, 0.6923081955418880495, 1.000000000000000000),
 ( 1.000000000000000000, 0.6925460568285149998, 1.000000000000000000),
 ( 1.000000000000000000, 0.6927934493062442023, 1.000000000000000000),
 ( 1.000000000000000000, 0.6934722476393926360, 1.000000000000000000),
 ( 1.000000000000000000, 0.6939079252365454309, 1.000000000000000000),
 ( 1.000000000000000000, 0.6948471029365017593, 1.000000000000000000),
 ( 1.000000000000000000, 0.6953535402246178165, 1.000000000000000000),
 ( 1.000000000000000000, 0.6963609346029333569, 1.000000000000000000),
 ( 1.000000000000000000, 0.6968534569165073522, 1.000000000000000000),
 ( 1.000000000000000000, 0.6981663431835769540, 1.000000000000000000),
 ( 1.000000000000000000, 0.6988382958659897781, 1.000000000000000000),
 ( 1.000000000000000000, 0.6991185428208802621, 1.000000000000000000) ) ) 
 REPRESENTATION_ITEM ( '' )  SURFACE ( )  );
#3693 = CARTESIAN_POINT ( 'NONE',  ( 23.14803604971903894, 74.12383877948559530, 95.91505080328806798 ) ) ;
#3694 = CARTESIAN_POINT ( 'NONE',  ( -0.1686886523893735279, 97.68513765604457433, 180.3813305183682303 ) ) ;
#3695 = ORIENTED_EDGE ( 'NONE', *, *, #95, .F. ) ;
#3696 = CARTESIAN_POINT ( 'NONE',  ( -43.35271187627972722, 62.78153198630961640, 174.7991004042722523 ) ) ;
#3697 = CARTESIAN_POINT ( 'NONE',  ( 4.994904605211376136, 22.87568480367074741, 409.0779284778316196 ) ) ;
#3698 = VERTEX_POINT ( 'NONE', #1053 ) ;
#3699 = CARTESIAN_POINT ( 'NONE',  ( -8.315546294330710353, 94.33035656962381665, 184.9750808832388884 ) ) ;
#3700 = CARTESIAN_POINT ( 'NONE',  ( 18.35250334499541935, -16.48168322511991590, 396.2369710545312955 ) ) ;
#3701 = CARTESIAN_POINT ( 'NONE',  ( 0.4999999999999904521, 112.2674004603282469, 174.9498550544238356 ) ) ;
#3702 = CARTESIAN_POINT ( 'NONE',  ( -33.71263806537679386, 87.09952207455857831, 189.9433933348534822 ) ) ;
#3703 = CARTESIAN_POINT ( 'NONE',  ( -29.90062835927473728, -50.06542585903937237, 95.91369382190376314 ) ) ;
#3704 = VERTEX_POINT ( 'NONE', #2262 ) ;
#3705 = CARTESIAN_POINT ( 'NONE',  ( -49.04696453513238907, 38.39934351551068659, 165.1955733700102371 ) ) ;
#3706 = CARTESIAN_POINT ( 'NONE',  ( -32.63740599495416461, 70.12549133572268545, 119.3529299684746405 ) ) ;
#3707 = CARTESIAN_POINT ( 'NONE',  ( 37.25268416098201385, -6.225597080473308509, 9.999999999999976907 ) ) ;
#3708 = CARTESIAN_POINT ( 'NONE',  ( -19.11394196962814007, 87.47861814996817031, 354.6337648437792041 ) ) ;
#3709 = CARTESIAN_POINT ( 'NONE',  ( -36.94542644483733795, 71.15566993824511144, 120.0000000000000568 ) ) ;
#3710 = CARTESIAN_POINT ( 'NONE',  ( -45.40450990695145350, -2.075405332464517638, 282.1692121806762543 ) ) ;
#3711 = CARTESIAN_POINT ( 'NONE',  ( 28.96065544795163049, 84.41515992917183553, 175.1388750247278949 ) ) ;
#3712 = CARTESIAN_POINT ( 'NONE',  ( 38.59900030930077719, 72.38969085844519213, 171.7835659207999868 ) ) ;
#3713 = CARTESIAN_POINT ( 'NONE',  ( -1.547464172588223663, 110.3652471003203743, 283.8320178816200610 ) ) ;
#3714 = CARTESIAN_POINT ( 'NONE',  ( -40.22538913958040752, -14.69824522707552639, 17.38633750343542417 ) ) ;
#3715 = DIRECTION ( 'NONE',  ( 0.000000000000000000, 0.9812926639922453509, -0.1925219665259060575 ) ) ;
#3716 = CARTESIAN_POINT ( 'NONE',  ( -13.85353296337925677, 36.77096029483554673, 9.999999999999996447 ) ) ;
#3717 = CARTESIAN_POINT ( 'NONE',  ( 9.950808704669615423, -53.21116325484679521, 192.4431806850645614 ) ) ;
#3718 = CARTESIAN_POINT ( 'NONE',  ( -53.88087712612114188, 11.50368304056585700, 192.3496762764342236 ) ) ;
#3719 = CARTESIAN_POINT ( 'NONE',  ( 49.21691704722607597, 31.59203821768086229, 190.8219492543838101 ) ) ;
#3720 = ADVANCED_FACE ( 'NONE', ( #1508 ), #6907, .F. ) ;
#3721 = CARTESIAN_POINT ( 'NONE',  ( 0.9832579137222824395, 93.26424065976001998, 161.9416136508578745 ) ) ;
#3722 = CARTESIAN_POINT ( 'NONE',  ( -2.363944899721763804, -46.04522058083916392, 283.5850301590403433 ) ) ;
#3723 = CARTESIAN_POINT ( 'NONE',  ( 54.48987182972246046, -0.7893723974652042674, 95.91848408612047194 ) ) ;
#3724 = CARTESIAN_POINT ( 'NONE',  ( -32.11932904389750831, 63.90650640742774868, 321.5764151017434074 ) ) ;
#3725 = CARTESIAN_POINT ( 'NONE',  ( 23.21972668657409500, 88.12142812019361315, 336.0689357517549070 ) ) ;
#3726 = CARTESIAN_POINT ( 'NONE',  ( 7.418480861658646397, 91.05291975288909612, 165.8877825524191678 ) ) ;
#3727 = CARTESIAN_POINT ( 'NONE',  ( 26.44614241011446865, 99.63431753472382013, 267.3895699400083572 ) ) ;
#3728 = CARTESIAN_POINT ( 'NONE',  ( -0.6964304839961602545, 96.50177255450388714, 179.5616459384715142 ) ) ;
#3729 = ORIENTED_EDGE ( 'NONE', *, *, #7531, .T. ) ;
#3730 = CARTESIAN_POINT ( 'NONE',  ( -44.15650591976447004, 57.01776324008697117, 141.1984367188078124 ) ) ;
#3731 = CARTESIAN_POINT ( 'NONE',  ( 38.65890254230112788, 24.78133956945886851, 309.1992227063497012 ) ) ;
#3732 = EDGE_LOOP ( 'NONE', ( #862, #679, #1523, #412 ) ) ;
#3733 = CARTESIAN_POINT ( 'NONE',  ( -8.419599624782778235, 88.51149376671959601, 153.7437995167570932 ) ) ;
#3734 = CARTESIAN_POINT ( 'NONE',  ( 47.76901115036158529, -37.30337731564588211, 174.9695317976333797 ) ) ;
#3735 = CARTESIAN_POINT ( 'NONE',  ( -1.491096738288568702, 90.76558902260697437, 162.7306642998252357 ) ) ;
#3736 = VECTOR ( 'NONE', #1249, 1000.000000000000114 ) ;
#3737 = CARTESIAN_POINT ( 'NONE',  ( -6.946430303705569465, 82.47269184342748360, 127.4886273908870038 ) ) ;
#3738 = CARTESIAN_POINT ( 'NONE',  ( -25.55374225681365274, -51.48164753199914401, 175.0193905627105551 ) ) ;
#3739 = ORIENTED_EDGE ( 'NONE', *, *, #1961, .T. ) ;
#3740 = CARTESIAN_POINT ( 'NONE',  ( -48.94189414191691867, 38.63239439949710174, 141.0713833156401904 ) ) ;
#3741 = CARTESIAN_POINT ( 'NONE',  ( -30.38982156695735526, 81.65858485289714963, 165.6665279974828309 ) ) ;
#3742 = CARTESIAN_POINT ( 'NONE',  ( 55.32286931100284733, -6.245991859594410833, 174.9348990387802587 ) ) ;
#3743 = CARTESIAN_POINT ( 'NONE',  ( -21.74458720147291757, 32.56953410796824500, 9.999999999999989342 ) ) ;
#3744 = ADVANCED_FACE ( 'NONE', ( #1627 ), #3923, .F. ) ;
#3745 = CARTESIAN_POINT ( 'NONE',  ( -55.83017447310247405, -2.689799252833754206, 125.3252910338272841 ) ) ;
#3746 = CARTESIAN_POINT ( 'NONE',  ( 38.83371785188639791, 73.13759822458040105, 181.3416212053425625 ) ) ;
#3747 = CARTESIAN_POINT ( 'NONE',  ( -9.098780272597599250, 65.78648279363322615, 60.91907727440314346 ) ) ;
#3748 = CARTESIAN_POINT ( 'NONE',  ( -53.33577864821938874, -28.22758290619524502, 125.3258929774047061 ) ) ;
#3749 = AXIS2_PLACEMENT_3D ( 'NONE', #5934, #1798, #5384 ) ;
#3750 = CARTESIAN_POINT ( 'NONE',  ( -37.92194166117820942, 64.29897420096989435, 120.0000000000000000 ) ) ;
#3751 = CARTESIAN_POINT ( 'NONE',  ( -19.19900083835627314, 51.11509375380364162, 33.98428949460155479 ) ) ;
#3752 = CARTESIAN_POINT ( 'NONE',  ( 7.581342300910199228, -55.10433277045158462, 125.3283760160812079 ) ) ;
#3753 = CARTESIAN_POINT ( 'NONE',  ( -36.41202474245180554, 12.47449941819381003, 322.2013886765478787 ) ) ;
#3754 = CARTESIAN_POINT ( 'NONE',  ( 34.10970050381888541, 77.77824489972479682, 165.5860927488268999 ) ) ;
#3755 = CARTESIAN_POINT ( 'NONE',  ( 49.18774235526407779, 35.28358660789015744, 181.0388630164562187 ) ) ;
#3756 = CARTESIAN_POINT ( 'NONE',  ( -6.280145979950614077, 94.63777720881935807, 185.5324260786038622 ) ) ;
#3757 = CARTESIAN_POINT ( 'NONE',  ( -4.839447448594202505, -54.33575981942648525, 95.91154762386875632 ) ) ;
#3758 = CARTESIAN_POINT ( 'NONE',  ( 8.390276566652163481, -5.548800609047006560, 409.0779284778315628 ) ) ;
#3759 = CARTESIAN_POINT ( 'NONE',  ( -1.643173938247418420, 94.32932309816386862, 162.1883212329545927 ) ) ;
#3760 = CARTESIAN_POINT ( 'NONE',  ( -47.27436567390391531, 47.53978440919127024, 95.91675385857286074 ) ) ;
#3761 = CARTESIAN_POINT ( 'NONE',  ( 33.80908817741305938, 88.65905968219104238, 283.3206108845270705 ) ) ;
#3762 = EDGE_CURVE ( 'NONE', #2568, #7654, #6917, .T. ) ;
#3763 = CARTESIAN_POINT ( 'NONE',  ( 11.33241137682127153, 92.21502182349234999, 175.3252875629708853 ) ) ;
#3764 = CARTESIAN_POINT ( 'NONE',  ( 19.26023504266748887, 92.57755901091972817, 372.5926155607066903 ) ) ;
#3765 = CARTESIAN_POINT ( 'NONE',  ( 43.46027640959400884, 58.68637155804542971, 141.2157029897040843 ) ) ;
#3766 = DIRECTION ( 'NONE',  ( -1.000000000000000000, 0.000000000000000000, 0.000000000000000000 ) ) ;
#3767 = ORIENTED_EDGE ( 'NONE', *, *, #4456, .F. ) ;
#3768 = CARTESIAN_POINT ( 'NONE',  ( -40.21862906705489138, 69.92334599565860742, 174.8894610684607471 ) ) ;
#3769 = CARTESIAN_POINT ( 'NONE',  ( 53.23611140889548210, 18.20125682740687623, 95.91807287094741241 ) ) ;
#3770 = CARTESIAN_POINT ( 'NONE',  ( -10.33399370319990673, 92.94265374772257360, 178.5171734495920077 ) ) ;
#3771 = CARTESIAN_POINT ( 'NONE',  ( 21.52397368388716359, -23.22045527268080889, 377.2218700236675772 ) ) ;
#3772 = CARTESIAN_POINT ( 'NONE',  ( -6.807933017900215282E-13, 93.88924445841371380, 185.6792823656272162 ) ) ;
#3773 = CARTESIAN_POINT ( 'NONE',  ( 10.92152831759074694, 78.18933645425772738, 409.0779284778315628 ) ) ;
#3774 = CARTESIAN_POINT ( 'NONE',  ( -53.49067853713280840, 28.17358822329599022, 178.2151635291961611 ) ) ;
#3775 = CARTESIAN_POINT ( 'NONE',  ( -7.424921709846808326, -32.70733073914286138, 373.4834306881680845 ) ) ;
#3776 = ORIENTED_EDGE ( 'NONE', *, *, #644, .T. ) ;
#3777 = CARTESIAN_POINT ( 'NONE',  ( -49.84236474125668792, 32.81819296707532629, 141.0485822109419871 ) ) ;
#3778 = CARTESIAN_POINT ( 'NONE',  ( -30.33164660609517682, 82.71126565672743425, 171.9658857200011255 ) ) ;
#3779 = CARTESIAN_POINT ( 'NONE',  ( 40.58067204740910938, -6.444519036269055867, 17.38835079535924777 ) ) ;
#3780 = CARTESIAN_POINT ( 'NONE',  ( -39.34331910949234157, 65.04004465220070585, 106.4445379168380299 ) ) ;
#3781 = CARTESIAN_POINT ( 'NONE',  ( 2.446430303705581011, 85.01284307098968895, 130.0474614498119195 ) ) ;
#3782 = CARTESIAN_POINT ( 'NONE',  ( -45.31412840131389430, -3.736714117206208385, 282.1665787810779875 ) ) ;
#3783 = CARTESIAN_POINT ( 'NONE',  ( 39.17546565308047235, 69.77679003117216894, 159.3202405729466307 ) ) ;
#3784 = CARTESIAN_POINT ( 'NONE',  ( -13.87000547066030620, 109.2794405281599808, 335.1568718963747529 ) ) ;
#3785 = CARTESIAN_POINT ( 'NONE',  ( -48.87227707079701844, -21.35371030458015795, 236.0308225010860212 ) ) ;
#3786 = PLANE ( 'NONE',  #1999 ) ;
#3787 = CARTESIAN_POINT ( 'NONE',  ( -25.79769691755316074, 99.59324767424362790, 251.7291100954854812 ) ) ;
#3788 = CARTESIAN_POINT ( 'NONE',  ( 5.109739151741559127, -27.46787512206858395, 403.4963269054233592 ) ) ;
#3789 = CARTESIAN_POINT ( 'NONE',  ( -52.65924462498530545, 17.04193423804872864, 211.2175332405030019 ) ) ;
#3790 = CARTESIAN_POINT ( 'NONE',  ( 34.30378179393579785, 78.94132173357546378, 175.0320276867016105 ) ) ;
#3791 = CARTESIAN_POINT ( 'NONE',  ( 16.40980748971442083, 97.40275248221810500, 191.2891988429418575 ) ) ;
#3792 = CARTESIAN_POINT ( 'NONE',  ( -0.4999999999999904521, 96.50574888332657508, 179.5707641100899821 ) ) ;
#3793 = CARTESIAN_POINT ( 'NONE',  ( -4.886722139382428942, -40.32756449908242047, 9.999999999999998224 ) ) ;
#3794 = CARTESIAN_POINT ( 'NONE',  ( 45.31412840131389430, -3.736714117206208385, 282.1665787810779875 ) ) ;
#3795 = DIRECTION ( 'NONE',  ( -5.602867245962734761E-30, -0.9812926639922453509, 0.1925219665259060020 ) ) ;
#3796 = CARTESIAN_POINT ( 'NONE',  ( -46.07735558292419853, 45.23492779525122387, 82.47568147737229083 ) ) ;
#3797 = CARTESIAN_POINT ( 'NONE',  ( 44.02017754197238730, 73.09702262574656118, 211.2192021291936612 ) ) ;
#3798 = CARTESIAN_POINT ( 'NONE',  ( 27.72386743182303803, 98.20962113889419243, 251.7066239371664267 ) ) ;
#3799 = CARTESIAN_POINT ( 'NONE',  ( 45.92059936035553136, 54.22343327668259860, 165.2800464374599869 ) ) ;
#3800 = CARTESIAN_POINT ( 'NONE',  ( 1.263025337073748089, 114.9108385403007304, 389.8678880722445683 ) ) ;
#3801 = CARTESIAN_POINT ( 'NONE',  ( -12.65466137466843577, 94.56408378182148056, 190.9184126116844027 ) ) ;
#3802 = CARTESIAN_POINT ( 'NONE',  ( -40.70069652622957079, 64.42539401730346071, 141.2925676957387111 ) ) ;
#3803 = CARTESIAN_POINT ( 'NONE',  ( 7.254113047771062028, 12.84221763753075329, 405.7183213228124714 ) ) ;
#3804 = CARTESIAN_POINT ( 'NONE',  ( 0.000000000000000000, 93.71474914417575519, 178.5344292478184514 ) ) ;
#3805 = CARTESIAN_POINT ( 'NONE',  ( 40.79405075677990311, -45.63226302627482056, 149.0839727263069960 ) ) ;
#3806 = CARTESIAN_POINT ( 'NONE',  ( -8.543615007383966287, 82.74534806200071557, 128.2180747317699456 ) ) ;
#3807 = CARTESIAN_POINT ( 'NONE',  ( 19.53317628069275003, 89.92290282611246255, 354.4104276830854019 ) ) ;
#3808 = CARTESIAN_POINT ( 'NONE',  ( 23.48277426601611495, 76.63769987547796347, 120.0000000000000711 ) ) ;
#3809 = CARTESIAN_POINT ( 'NONE',  ( -14.56862547842902345, -39.74514691811921807, 321.1726778939467408 ) ) ;
#3810 = ORIENTED_EDGE ( 'NONE', *, *, #6945, .F. ) ;
#3811 = CARTESIAN_POINT ( 'NONE',  ( 0.000000000000000000, 0.000000000000000000, 0.000000000000000000 ) ) ;
#3812 = CARTESIAN_POINT ( 'NONE',  ( -46.46874887910981755, 51.73799845617661219, 190.9048814945096240 ) ) ;
#3813 = CARTESIAN_POINT ( 'NONE',  ( 31.41153860423614219, 29.27824290279409780, 17.26903435683385979 ) ) ;
#3814 = CARTESIAN_POINT ( 'NONE',  ( -28.78532691314996228, 86.00835721745437468, 184.7788734477186665 ) ) ;
#3815 = CARTESIAN_POINT ( 'NONE',  ( 46.25855562237949670, -6.049066128962394373, 34.40069820618213470 ) ) ;
#3816 = CARTESIAN_POINT ( 'NONE',  ( -33.81677979233585063, 55.10907731192936154, 60.96780961069465832 ) ) ;
#3817 = CARTESIAN_POINT ( 'NONE',  ( 8.946430303705596998, 94.44726712020614912, 186.2831474524963937 ) ) ;
#3818 = CARTESIAN_POINT ( 'NONE',  ( -56.05901895453044403, -4.988790032442620870, 149.0515953679359313 ) ) ;
#3819 = CARTESIAN_POINT ( 'NONE',  ( 38.71062994182991446, 67.67372956291706032, 141.3428647877646824 ) ) ;
#3820 = CARTESIAN_POINT ( 'NONE',  ( -14.08021247347467053, 108.5899874264127476, 309.3011067567888972 ) ) ;
#3821 = CARTESIAN_POINT ( 'NONE',  ( -30.45323396565800067, -30.69059096660388164, 321.7449694699137126 ) ) ;
#3822 = PLANE ( 'NONE',  #1503 ) ;
#3823 = CARTESIAN_POINT ( 'NONE',  ( -37.58234084624367455, 75.97932679408778256, 187.8637879840746621 ) ) ;
#3824 = CARTESIAN_POINT ( 'NONE',  ( -20.22956923294334075, 95.67267823121838433, 353.9675728057883362 ) ) ;
#3825 = CARTESIAN_POINT ( 'NONE',  ( 7.445171975095936645, -53.38845627750440315, 192.4450082018350372 ) ) ;
#3826 = CARTESIAN_POINT ( 'NONE',  ( -4.917767949233901703, 4.784205258476426970, 409.0779284778315628 ) ) ;
#3827 = CARTESIAN_POINT ( 'NONE',  ( 33.98251715758159719, 81.48529154685570575, 191.2489075079815279 ) ) ;
#3828 = CARTESIAN_POINT ( 'NONE',  ( 47.70234290522189013, 61.79803485134351604, 186.6385190846849014 ) ) ;
#3829 = CARTESIAN_POINT ( 'NONE',  ( -42.80010746909901798, -6.318932426268874636, 296.6508305861504482 ) ) ;
#3830 = CARTESIAN_POINT ( 'NONE',  ( 1.847850934968864767, 93.37567360037218123, 162.6921636219426830 ) ) ;
#3831 = CARTESIAN_POINT ( 'NONE',  ( -2.811682238921489940, -54.38739207093954064, 95.91149824156103421 ) ) ;
#3832 = CARTESIAN_POINT ( 'NONE',  ( 55.89191142596130391, -4.143773072572185079, 125.3253686025048381 ) ) ;
#3833 = CARTESIAN_POINT ( 'NONE',  ( -8.946430303705071196, 57.29324932177321017, -11.24048862569914320 ) ) ;
#3834 = CARTESIAN_POINT ( 'NONE',  ( -45.77346268631110604, 59.40616330443984339, 251.2647950789811944 ) ) ;
#3835 = CARTESIAN_POINT ( 'NONE',  ( 40.77524959447785591, 79.81440899752286100, 211.2194475045459967 ) ) ;
#3836 = CARTESIAN_POINT ( 'NONE',  ( 45.39485998447835868, 54.80197314219599747, 153.1532222213159571 ) ) ;
#3837 = CARTESIAN_POINT ( 'NONE',  ( 554.2981223361939556, 35.28856251571792768, 183.1758581061168911 ) ) ;
#3838 = FACE_OUTER_BOUND ( 'NONE', #4430, .T. ) ;
#3839 = AXIS2_PLACEMENT_3D ( 'NONE', #6866, #316, #1548 ) ;
#3840 = B_SPLINE_CURVE_WITH_KNOTS ( 'NONE', 3,
 ( #7491, #6909, #7342, #2688 ),
 .UNSPECIFIED., .F., .F.,
 ( 4, 4 ),
 ( 1.084202172485504434E-19, 0.0005000020465236128036 ),
 .UNSPECIFIED. ) ;
#3841 = CARTESIAN_POINT ( 'NONE',  ( -40.25553227104750675, 65.20886192890307598, 141.3045578683951931 ) ) ;
#3842 = CARTESIAN_POINT ( 'NONE',  ( 55.30945093782668209, 10.60771251725238074, 149.0500747609518726 ) ) ;
#3843 = EDGE_CURVE ( 'NONE', #978, #1940, #476, .T. ) ;
#3844 = CARTESIAN_POINT ( 'NONE',  ( -2.176421823872650041, 95.36878611322653398, 188.2507970905881507 ) ) ;
#3845 = CARTESIAN_POINT ( 'NONE',  ( 24.74192507929681284, -35.39205696195011797, 321.5007917308348055 ) ) ;
#3846 = CARTESIAN_POINT ( 'NONE',  ( -3.036466787284048063, 94.47427980624667043, 163.1572553380290174 ) ) ;
#3847 = CARTESIAN_POINT ( 'NONE',  ( 33.53863066827350536, 85.20374325857851261, 174.9440229531619764 ) ) ;
#3848 = CARTESIAN_POINT ( 'NONE',  ( 48.98394841455250770, 33.94023413093958652, 119.9999999999999147 ) ) ;
#3849 = CARTESIAN_POINT ( 'NONE',  ( -9.832425046728971552, -43.86082796538939022, 297.7725144832018032 ) ) ;
#3850 = ORIENTED_EDGE ( 'NONE', *, *, #3660, .T. ) ;
#3851 = CARTESIAN_POINT ( 'NONE',  ( -47.71818105219714568, 46.44116799734021583, 165.2316867528985540 ) ) ;
#3852 = CARTESIAN_POINT ( 'NONE',  ( 47.42182471711966940, 61.40338546030541522, 221.5697978427198791 ) ) ;
#3853 = CARTESIAN_POINT ( 'NONE',  ( -22.92997710653397903, 88.38760382639034674, 175.2320090818734286 ) ) ;
#3854 = CARTESIAN_POINT ( 'NONE',  ( 51.39579043097577227, -16.76838037746352228, 221.5232807294753457 ) ) ;
#3855 = CARTESIAN_POINT ( 'NONE',  ( -41.36917072882103952, 77.15713967936633821, 192.3772627460037938 ) ) ;
#3856 = CARTESIAN_POINT ( 'NONE',  ( -0.4999999999999904521, 93.97526499812197187, 180.0672253104210938 ) ) ;
#3857 = CARTESIAN_POINT ( 'NONE',  ( -46.26020974515502360, -5.511524505195139589, 34.40050497836520549 ) ) ;
#3858 = CARTESIAN_POINT ( 'NONE',  ( 38.45734576374651681, 65.86315228425250723, 129.9674679661034986 ) ) ;
#3859 = CARTESIAN_POINT ( 'NONE',  ( -8.294113013362347075, 111.6844666644203414, 320.7717496856966477 ) ) ;
#3860 = CARTESIAN_POINT ( 'NONE',  ( -46.66482396516895648, -31.42332096708420153, 61.09870048795522024 ) ) ;
#3861 = FACE_OUTER_BOUND ( 'NONE', #3507, .T. ) ;
#3862 = CARTESIAN_POINT ( 'NONE',  ( -34.85938580394655872, 72.77255411061450729, 141.4353003270140334 ) ) ;
#3863 = CARTESIAN_POINT ( 'NONE',  ( -29.01447304208877753, 92.68548284088269895, 201.7346556227065832 ) ) ;
#3864 = CARTESIAN_POINT ( 'NONE',  ( 7.416846740462385235, -54.64957382279872178, 106.4488553460431888 ) ) ;
#3865 = CARTESIAN_POINT ( 'NONE',  ( -42.55527518931727826, 6.407974814295117838, 296.6819308671617250 ) ) ;
#3866 = CARTESIAN_POINT ( 'NONE',  ( 34.04730580498953429, 78.78815648466836308, 171.8877569448939937 ) ) ;
#3867 = VECTOR ( 'NONE', #1882, 1000.000000000000114 ) ;
#3868 = CARTESIAN_POINT ( 'NONE',  ( -2.446430303705627640, 83.99991872435619200, 131.6047777131627754 ) ) ;
#3869 = CARTESIAN_POINT ( 'NONE',  ( -53.55003698899556497, -6.286450079849238648, 82.46846664451251741 ) ) ;
#3870 = CARTESIAN_POINT ( 'NONE',  ( 1.429463008950560887, 94.29258398054338386, 161.9862674255424224 ) ) ;
#3871 = CARTESIAN_POINT ( 'NONE',  ( -0.2899884842208029223, -36.81024945201490794, 354.2041573336304623 ) ) ;
#3872 = CARTESIAN_POINT ( 'NONE',  ( 55.18783504039880938, -4.213813279667935952, 106.4752400441078777 ) ) ;
#3873 = CARTESIAN_POINT ( 'NONE',  ( -1.631119764441589348, 83.70902637669092883, 130.3032601153746839 ) ) ;
#3874 = CARTESIAN_POINT ( 'NONE',  ( -18.05247284758878834, 32.23545385032973343, 378.2110838321493134 ) ) ;
#3875 = CARTESIAN_POINT ( 'NONE',  ( 43.26262492286634398, 68.77347080810496038, 149.0307383742238301 ) ) ;
#3876 = CARTESIAN_POINT ( 'NONE',  ( 45.30564098446703980, 49.09596442023973140, 119.0146130420445729 ) ) ;
#3877 = CARTESIAN_POINT ( 'NONE',  ( 0.000000000000000000, 114.6144342979059587, 371.1444589219916566 ) ) ;
#3878 = CARTESIAN_POINT ( 'NONE',  ( 554.2981223361939556, 27.10604614702787885, 71.85503552398968452 ) ) ;
#3879 = CARTESIAN_POINT ( 'NONE',  ( -39.08859944071050307, 62.36133397741608064, 119.1917484531930143 ) ) ;
#3880 = CARTESIAN_POINT ( 'NONE',  ( 50.98063166945263447, 12.51230549398993475, 236.0236881137701062 ) ) ;
#3881 = CARTESIAN_POINT ( 'NONE',  ( -4.349792048142265166, 90.12665773662200763, 159.7457230475432084 ) ) ;
#3882 = CARTESIAN_POINT ( 'NONE',  ( 30.11766121558373399, -31.76031274197908161, 9.999999999999978684 ) ) ;
#3883 = CARTESIAN_POINT ( 'NONE',  ( 32.81256076296476465, 74.99322679351081433, 120.0000000000000142 ) ) ;
#3884 = CARTESIAN_POINT ( 'NONE',  ( 33.61216619382846460, 90.81070111988846350, 221.6042128827891702 ) ) ;
#3885 = CARTESIAN_POINT ( 'NONE',  ( 40.64095568972413730, 60.07122172276085337, 120.0000000000000000 ) ) ;
#3886 = CARTESIAN_POINT ( 'NONE',  ( -20.51761555168110007, -53.61494776721651334, 125.3279820937239464 ) ) ;
#3887 = ORIENTED_EDGE ( 'NONE', *, *, #2820, .F. ) ;
#3888 = CARTESIAN_POINT ( 'NONE',  ( -48.05292334370474805, 41.45756775464464283, 129.7107124431460079 ) ) ;
#3889 = CARTESIAN_POINT ( 'NONE',  ( 36.40676667673066191, 36.67823783312199026, 34.15092617790310214 ) ) ;
#3890 = CARTESIAN_POINT ( 'NONE',  ( -23.00418244452720273, 85.61229985334804837, 159.6435166605706115 ) ) ;
#3891 = CARTESIAN_POINT ( 'NONE',  ( 47.21193612845348042, -8.313957729109382910, 266.0946107118872987 ) ) ;
#3892 = CARTESIAN_POINT ( 'NONE',  ( -23.80118386296665633, 85.65077816377507247, 336.1676235695212540 ) ) ;
#3893 = CARTESIAN_POINT ( 'NONE',  ( 2.446430303705581011, 83.05025774300520425, 130.4325053828637238 ) ) ;
#3894 = CARTESIAN_POINT ( 'NONE',  ( -55.93928030950834795, -5.330569180139000274, 125.3254087003052035 ) ) ;
#3895 = CARTESIAN_POINT ( 'NONE',  ( 39.13596429960507805, 72.95763200681655292, 184.5582491316838798 ) ) ;
#3896 = CARTESIAN_POINT ( 'NONE',  ( -11.57857024820258474, 111.4095115097666451, 371.4456280545525146 ) ) ;
#3897 = CARTESIAN_POINT ( 'NONE',  ( -41.92898332523650140, -28.90544385973850439, 266.3950399661268307 ) ) ;
#3898 = DIRECTION ( 'NONE',  ( 0.000000000000000000, -0.1925219665259089996, -0.9812926639922449068 ) ) ;
#3899 = CARTESIAN_POINT ( 'NONE',  ( -35.93450461783550054, 78.87347876132540136, 191.2070907878409685 ) ) ;
#3900 = CARTESIAN_POINT ( 'NONE',  ( -33.54455954141635488, 80.94103234539670666, 149.0252376007488238 ) ) ;
#3901 = CARTESIAN_POINT ( 'NONE',  ( 2.964751227231217534, -55.22569062853099098, 149.1161145641287931 ) ) ;
#3902 = CARTESIAN_POINT ( 'NONE',  ( -39.74912311636883544, 8.424256641871085804, 309.1890303868458432 ) ) ;
#3903 = CARTESIAN_POINT ( 'NONE',  ( 12.19737531084695448, 93.67930365192889042, 184.9588551484057177 ) ) ;
#3904 = CARTESIAN_POINT ( 'NONE',  ( 34.59145513229672986, 78.58953119001078846, 175.0254663304756946 ) ) ;
#3905 = CARTESIAN_POINT ( 'NONE',  ( 12.60350079084902575, 98.34929398013090918, 191.4128358685273668 ) ) ;
#3906 = CARTESIAN_POINT ( 'NONE',  ( -42.78845502235699172, -6.643769814031863064, 296.6507919032117684 ) ) ;
#3907 = CARTESIAN_POINT ( 'NONE',  ( 36.62952146728700598, 77.55495107423841716, 188.6966837383154996 ) ) ;
#3908 = CARTESIAN_POINT ( 'NONE',  ( -0.3240644954858517557, -44.41900128634053146, 297.8504200200889613 ) ) ;
#3909 = CARTESIAN_POINT ( 'NONE',  ( 55.14767155500666007, -2.798272206319819322, 106.4751699845581641 ) ) ;
#3910 = CARTESIAN_POINT ( 'NONE',  ( 1.990295563677776824, 96.24693009175337011, 178.2930473425389266 ) ) ;
#3911 = CARTESIAN_POINT ( 'NONE',  ( -17.36460173813738805, 45.92807766765083244, 377.0064863997602629 ) ) ;
#3912 = CARTESIAN_POINT ( 'NONE',  ( 15.68662085951247676, 70.03747808402631847, 374.7317950865955822 ) ) ;
#3913 = B_SPLINE_CURVE_WITH_KNOTS ( 'NONE', 3,
 ( #5844, #5259, #1130, #7653, #4591, #7617, #4119, #1630, #3430, #1167, #5218, #1093, #2340, #3543, #5804, #439, #1055, #6379, #1712, #5763, #7033, #478, #5920, #2808 ),
 .UNSPECIFIED., .F., .F.,
 ( 4, 2, 2, 2, 2, 2, 2, 2, 2, 2, 2, 4 ),
 ( 2.797157557069881010E-17, 0.001689088278086585274, 0.002533632417129862840, 0.003378176556173141058, 0.005067264834259702262, 0.005911808973302979178, 0.006756353112346256962, 0.008445441390432751813, 0.009289985529476003576, 0.01013452966851925360, 0.01182361794660573978, 0.01351270622469222596 ),
 .UNSPECIFIED. ) ;
#3914 = CARTESIAN_POINT ( 'NONE',  ( 46.87683054828377749, 50.35440423291778700, 165.2537612067225155 ) ) ;
#3915 = CARTESIAN_POINT ( 'NONE',  ( 52.93831146234261809, 33.09836458981113338, 182.6336207579165318 ) ) ;
#3916 = CARTESIAN_POINT ( 'NONE',  ( -0.5057420188709232933, 94.04616428497631375, 160.6903502493982501 ) ) ;
#3917 = CARTESIAN_POINT ( 'NONE',  ( -40.54760278483119862, 69.92282920061829543, 181.2920503655129778 ) ) ;
#3918 = CARTESIAN_POINT ( 'NONE',  ( 26.14904460368032701, 11.06861141499597956, 359.4787122088030173 ) ) ;
#3919 = ORIENTED_EDGE ( 'NONE', *, *, #2844, .T. ) ;
#3920 = CARTESIAN_POINT ( 'NONE',  ( -7.423521595861162226, 89.85849265016386767, 159.7408628315194505 ) ) ;
#3921 = CARTESIAN_POINT ( 'NONE',  ( 29.07438431616404984, -34.73063028847926148, 309.2464229228809813 ) ) ;
#3922 = B_SPLINE_CURVE_WITH_KNOTS ( 'NONE', 3,
 ( #3008, #2389, #3086, #7082, #6041, #3667, #4207, #7155, #4757, #3630, #6004, #4248, #3049, #639 ),
 .UNSPECIFIED., .F., .F.,
 ( 4, 2, 2, 2, 2, 2, 4 ),
 ( 4.531965080989408534E-17, 0.0002929158597197457350, 0.0005858317194394461504, 0.0008787475791591465657, 0.001171663438878846981, 0.001757495158318242608, 0.002343326877757638017 ),
 .UNSPECIFIED. ) ;
#3923 = PLANE ( 'NONE',  #251 ) ;
#3924 = CARTESIAN_POINT ( 'NONE',  ( 31.60921473805061765, 72.46978188367815221, 106.4391279693404329 ) ) ;
#3925 = CARTESIAN_POINT ( 'NONE',  ( 2.446430303705618758, 83.68617293130459700, 130.3077437831010457 ) ) ;
#3926 = CARTESIAN_POINT ( 'NONE',  ( -14.11584708883676775, -48.40876859996338766, 251.5710068941758379 ) ) ;
#3927 = ORIENTED_EDGE ( 'NONE', *, *, #2210, .F. ) ;
#3928 = CARTESIAN_POINT ( 'NONE',  ( -47.45836197493840558, 41.24892418221886459, 118.9563202551070447 ) ) ;
#3929 = CARTESIAN_POINT ( 'NONE',  ( 28.68328417318406309, 25.51713363761335529, 10.00000000000000178 ) ) ;
#3930 = CARTESIAN_POINT ( 'NONE',  ( -28.52700786977423064, 76.23860586792754646, 130.2017789846455855 ) ) ;
#3931 = CARTESIAN_POINT ( 'NONE',  ( 46.19293100051940115, -11.20126604781919788, 34.40012518613108483 ) ) ;
#3932 = CARTESIAN_POINT ( 'NONE',  ( -27.55855469729336349, 85.57839053810371865, 321.2412688300743753 ) ) ;
#3933 = DIRECTION ( 'NONE',  ( 0.9999835144648341334, -0.005634602519374558825, 0.001105465064006368918 ) ) ;
#3934 = CARTESIAN_POINT ( 'NONE',  ( -40.57847179566130080, -5.728293719096599901, 17.38822970210344465 ) ) ;
#3935 = CARTESIAN_POINT ( 'NONE',  ( 41.95964458301769184, 66.01081422470879545, 171.6895457814838153 ) ) ;
#3936 = CARTESIAN_POINT ( 'NONE',  ( -11.13544368694474507, 42.98622381491043143, 17.17402445461812377 ) ) ;
#3937 = CARTESIAN_POINT ( 'NONE',  ( -41.24398309075925795, -33.85412210976778624, 251.0978219708369181 ) ) ;
#3938 = ORIENTED_EDGE ( 'NONE', *, *, #5015, .F. ) ;
#3939 = CARTESIAN_POINT ( 'NONE',  ( -54.03698037875304294, 27.10604614702786819, 155.9027108723714150 ) ) ;
#3940 = CARTESIAN_POINT ( 'NONE',  ( -35.70363457644575789, 77.15253434346514894, 175.0012072738168740 ) ) ;
#3941 = CARTESIAN_POINT ( 'NONE',  ( -26.05456792894363360, 68.49689260858141893, 82.48204883321136549 ) ) ;
#3942 = CARTESIAN_POINT ( 'NONE',  ( 2.277844224798792006, -44.39780077475531783, 297.8463929481632704 ) ) ;
#3943 = CARTESIAN_POINT ( 'NONE',  ( -7.336759136128482517, 4.948364427552158773, 405.8657987737245776 ) ) ;
#3944 = CARTESIAN_POINT ( 'NONE',  ( 19.63394184241190032, 89.39467527806776559, 172.1223197468131048 ) ) ;
#3945 = CARTESIAN_POINT ( 'NONE',  ( 36.28488701068511801, 75.90684841196343768, 171.8372225628683623 ) ) ;
#3946 = CARTESIAN_POINT ( 'NONE',  ( 4.635461509976261496, 82.91963242095532394, 127.4009411357428547 ) ) ;
#3947 = CARTESIAN_POINT ( 'NONE',  ( -40.58286102974820864, -6.651496917966440492, 309.1853475621281291 ) ) ;
#3948 = CARTESIAN_POINT ( 'NONE',  ( -1.565011626699264634E-15, 55.33066399378872546, -10.85544469264729983 ) ) ;
#3949 = CARTESIAN_POINT ( 'NONE',  ( -0.2816841536668359680, -33.82651559785280426, 373.0243241031068351 ) ) ;
#3950 = CARTESIAN_POINT ( 'NONE',  ( 52.34292122267462588, -4.848222456011574089, 221.5228448069219098 ) ) ;
#3951 = CARTESIAN_POINT ( 'NONE',  ( 6.117730595444795583, 84.45177572106980790, 134.2337943760637131 ) ) ;
#3952 = EDGE_CURVE ( 'NONE', #440, #7665, #1355, .T. ) ;
#3953 = CARTESIAN_POINT ( 'NONE',  ( 30.39801280337001543, 81.65108456232744061, 165.6654494268174176 ) ) ;
#3954 = CARTESIAN_POINT ( 'NONE',  ( -11.24844704471455259, 37.37264923499296998, 395.4279864461491343 ) ) ;
#3955 = CARTESIAN_POINT ( 'NONE',  ( 24.27491289546385289, 30.46908613001266275, 9.999999999999994671 ) ) ;
#3956 = CARTESIAN_POINT ( 'NONE',  ( 47.18897912274399431, 47.14457807436210146, 141.1152664003842006 ) ) ;
#3957 = CARTESIAN_POINT ( 'NONE',  ( 5.594488293769353859, 86.23048762109060306, 125.2764631735094838 ) ) ;
#3958 = CARTESIAN_POINT ( 'NONE',  ( -48.21215003333444571, 42.50866034307898644, 184.1189455690328884 ) ) ;
#3959 = CARTESIAN_POINT ( 'NONE',  ( -38.70182486443540881, 67.68726958482203315, 141.3448168112666394 ) ) ;
#3960 = CARTESIAN_POINT ( 'NONE',  ( 19.67986068130492683, 6.199975668947032226, 379.8237127082174993 ) ) ;
#3961 = ADVANCED_FACE ( 'NONE', ( #2416 ), #6568, .F. ) ;
#3962 = CARTESIAN_POINT ( 'NONE',  ( -6.257883169270479939, 95.61573221245488696, 191.5456542220094889 ) ) ;
#3963 = CARTESIAN_POINT ( 'NONE',  ( 38.19866742901649559, -37.46480691487042236, 251.1714109304862177 ) ) ;
#3964 = CARTESIAN_POINT ( 'NONE',  ( -0.4999999999999904521, 93.25755166443106248, 161.8648835697545394 ) ) ;
#3965 = CARTESIAN_POINT ( 'NONE',  ( 12.50014539509437306, 42.63619531362171955, 17.17736459512263991 ) ) ;
#3966 = CARTESIAN_POINT ( 'NONE',  ( 44.90072801667427171, 50.69542253066016713, 120.0000000000000568 ) ) ;
#3967 = VERTEX_POINT ( 'NONE', #5629 ) ;
#3968 = CARTESIAN_POINT ( 'NONE',  ( -46.97547783719210912, 49.82621904456180317, 181.1038412724727493 ) ) ;
#3969 = CARTESIAN_POINT ( 'NONE',  ( 32.70616665414924285, 59.13451602421752540, 321.6483228487686006 ) ) ;
#3970 = CARTESIAN_POINT ( 'NONE',  ( -27.34968420880331408, 87.09115214466598331, 184.8015001379981186 ) ) ;
#3971 = CARTESIAN_POINT ( 'NONE',  ( 52.17342083232846051, -8.454408537922516231, 221.5227867090615348 ) ) ;
#3972 = CARTESIAN_POINT ( 'NONE',  ( -41.64901836950076586, 61.95225575744247948, 106.4466701685408623 ) ) ;
#3973 = DIRECTION ( 'NONE',  ( -2.775557561562891351E-17, 0.9812926639922455729, -0.1925219665259061130 ) ) ;
#3974 = CARTESIAN_POINT ( 'NONE',  ( -54.60000444101896022, -5.396855884512887336, 95.91850868609911629 ) ) ;
#3975 = CARTESIAN_POINT ( 'NONE',  ( 40.90996447100951627, 69.44120024443019190, 184.5058791886474125 ) ) ;
#3976 = CARTESIAN_POINT ( 'NONE',  ( -15.81185131131532629, 107.4957017761192049, 309.2993027770937715 ) ) ;
#3977 = CARTESIAN_POINT ( 'NONE',  ( -48.62258262510405160, -37.92862604289319961, 149.0720276706879872 ) ) ;
#3978 = CARTESIAN_POINT ( 'NONE',  ( -0.3333347071392310790, 93.25849077257603881, 161.8646993240615473 ) ) ;
#3979 = CARTESIAN_POINT ( 'NONE',  ( -36.84612388256569204, 72.29700311887665976, 153.3796038055141651 ) ) ;
#3980 = CARTESIAN_POINT ( 'NONE',  ( -15.87579328852780414, 85.19693581198670529, 373.3064667252252775 ) ) ;
#3981 = CARTESIAN_POINT ( 'NONE',  ( 1.744389413586290738, -28.32767317316369571, 403.3960499528543551 ) ) ;
#3982 = CARTESIAN_POINT ( 'NONE',  ( -50.87623757684188774, 4.381805678095517464, 61.09408426076865339 ) ) ;
#3983 = CARTESIAN_POINT ( 'NONE',  ( 19.27867790486861921, 81.04464805774776437, 130.3297646685536506 ) ) ;
#3984 = CARTESIAN_POINT ( 'NONE',  ( 35.48338273053659009, 79.12801868485044565, 187.9123134088344784 ) ) ;
#3985 = CARTESIAN_POINT ( 'NONE',  ( -7.946428739083644999, 84.26483441512353068, 134.2704708021354918 ) ) ;
#3986 = CARTESIAN_POINT ( 'NONE',  ( -56.12967712767942885, -6.245635149993630897, 149.0516127121937870 ) ) ;
#3987 = CARTESIAN_POINT ( 'NONE',  ( 0.000000000000000000, -47.77431481950399217, 267.3981681540126374 ) ) ;
#3988 = CARTESIAN_POINT ( 'NONE',  ( 54.59648486690694114, -5.105454710055357559, 95.91850792942825876 ) ) ;
#3989 = DIRECTION ( 'NONE',  ( 5.602867245962734761E-30, -0.9812926639922453509, 0.1925219665259060575 ) ) ;
#3990 = CARTESIAN_POINT ( 'NONE',  ( 32.11138605012246217, 82.35583039645187853, 181.4931733533526312 ) ) ;
#3991 = CARTESIAN_POINT ( 'NONE',  ( -39.90373976707076054, 47.15182131616348471, 297.0368385496761903 ) ) ;
#3992 = CARTESIAN_POINT ( 'NONE',  ( 46.92827751025426863, 64.63670587781983556, 192.3707664564144864 ) ) ;
#3993 = CARTESIAN_POINT ( 'NONE',  ( 47.80843484377039232, 45.37121579692389162, 153.0882685359998732 ) ) ;
#3994 = CARTESIAN_POINT ( 'NONE',  ( 1.790062670483652640, 73.89364767014448887, 82.48426016609995770 ) ) ;
#3995 = CARTESIAN_POINT ( 'NONE',  ( -2.514943361970234825, 94.19893073124676164, 161.6518399026828092 ) ) ;
#3996 = CARTESIAN_POINT ( 'NONE',  ( -38.96212274933497355, 71.78588310480924406, 171.7753935926248516 ) ) ;
#3997 = CARTESIAN_POINT ( 'NONE',  ( 26.72040713285090874, 5.033497415009460241, 359.6504222582219086 ) ) ;
#3998 = CARTESIAN_POINT ( 'NONE',  ( -1.927552899978508094, 94.42219614211748535, 162.6852361337513742 ) ) ;
#3999 = CARTESIAN_POINT ( 'NONE',  ( -50.39994046725028198, 27.10604614702781845, 142.4386588841494756 ) ) ;
#4000 = CARTESIAN_POINT ( 'NONE',  ( 23.10703246442026781, -47.91432353511974185, 236.2780124488955948 ) ) ;
#4001 = EDGE_CURVE ( 'NONE', #1823, #6831, #5919, .T. ) ;
#4002 = CARTESIAN_POINT ( 'NONE',  ( 34.56280767720724612, 70.06594073540556167, 106.4409287811792808 ) ) ;
#4003 = CARTESIAN_POINT ( 'NONE',  ( 14.58358966104325560, 83.48899358265292392, 120.0000000000000000 ) ) ;
#4004 = CARTESIAN_POINT ( 'NONE',  ( 20.04771394923378836, 98.91251713846918392, 211.2202672290316627 ) ) ;
#4005 = PLANE ( 'NONE',  #5793 ) ;
#4006 = VERTEX_POINT ( 'NONE', #919 ) ;
#4007 = CARTESIAN_POINT ( 'NONE',  ( -45.73195328384699110, 50.49431177417530847, 129.7728101130699372 ) ) ;
#4008 = CARTESIAN_POINT ( 'NONE',  ( 52.44237169841118629, 37.45579318041402672, 125.3114638394002895 ) ) ;
#4009 = CARTESIAN_POINT ( 'NONE',  ( -12.22654377781986668, 93.13209115613118172, 181.7339346799982707 ) ) ;
#4010 = CARTESIAN_POINT ( 'NONE',  ( 12.96073164243719233, -8.356327979453439525, 405.9464218658494019 ) ) ;
#4011 = CARTESIAN_POINT ( 'NONE',  ( -10.05038579194489579, 70.68800456558881251, 392.6240025159520428 ) ) ;
#4012 = CARTESIAN_POINT ( 'NONE',  ( -10.16508719179965325, 84.22252552271645243, 119.9999999999999716 ) ) ;
#4013 = CARTESIAN_POINT ( 'NONE',  ( -56.10435086253658454, -5.759558098680081173, 149.0516085856700954 ) ) ;
#4014 = CARTESIAN_POINT ( 'NONE',  ( 40.26403949923209069, 65.19392324396379479, 141.3025825899254926 ) ) ;
#4015 = CARTESIAN_POINT ( 'NONE',  ( 12.42689127801166826, 65.23839587822830310, 60.92227741747846181 ) ) ;
#4016 = CARTESIAN_POINT ( 'NONE',  ( -12.50014539509437306, 42.63619531362171955, 17.17736459512263991 ) ) ;
#4017 = CARTESIAN_POINT ( 'NONE',  ( -31.95901764059488315, -44.29808656351775653, 236.2140840141175318 ) ) ;
#4018 = ORIENTED_EDGE ( 'NONE', *, *, #4387, .T. ) ;
#4019 = CARTESIAN_POINT ( 'NONE',  ( -50.54074007752890907, 25.49928113448770617, 153.0184916292064656 ) ) ;
#4020 = CARTESIAN_POINT ( 'NONE',  ( -36.31839066418495321, 73.02095594448967120, 153.3916007629552496 ) ) ;
#4021 = CARTESIAN_POINT ( 'NONE',  ( -26.80646624554935897, 94.10080140844749508, 309.2778727753870385 ) ) ;
#4022 = CARTESIAN_POINT ( 'NONE',  ( 1.713832773923573471, -27.21458912211225467, 409.0779284778319607 ) ) ;
#4023 = CARTESIAN_POINT ( 'NONE',  ( -45.41749524183881448, 2.834143744768256923, 282.1851880037540923 ) ) ;
#4024 = CARTESIAN_POINT ( 'NONE',  ( 14.00537557782803155, 82.51028357766452359, 130.3590075926513521 ) ) ;
#4025 = CARTESIAN_POINT ( 'NONE',  ( 37.14923034401911650, 76.29320219077703769, 184.6098901424506096 ) ) ;
#4026 = CARTESIAN_POINT ( 'NONE',  ( -0.4999999999999904521, 96.50574888332657508, 179.5707641100899821 ) ) ;
#4027 = CARTESIAN_POINT ( 'NONE',  ( -40.52096955739399675, -10.70442327610797939, 17.38796313704354191 ) ) ;
#4028 = CARTESIAN_POINT ( 'NONE',  ( -0.3646494413089462761, -49.29133392571988281, 251.6525086451857476 ) ) ;
#4029 = CARTESIAN_POINT ( 'NONE',  ( 37.24897462516725710, -5.836742891971876901, 10.00000000000000000 ) ) ;
#4030 = CARTESIAN_POINT ( 'NONE',  ( -8.946430303705071196, 55.33066399378871836, -10.85544469264733003 ) ) ;
#4031 = CARTESIAN_POINT ( 'NONE',  ( 33.47982094715846557, 76.42010633507494788, 153.4579636913863681 ) ) ;
#4032 = CARTESIAN_POINT ( 'NONE',  ( -4.999027960287330430, 28.04662567015114760, 409.0779284778316196 ) ) ;
#4033 = CARTESIAN_POINT ( 'NONE',  ( 47.31826678447442447, 48.39339993655232774, 165.2416868975907107 ) ) ;
#4034 = CARTESIAN_POINT ( 'NONE',  ( 1.694784559651154154, 97.39665785780086082, 178.7967529639427653 ) ) ;
#4035 = CARTESIAN_POINT ( 'NONE',  ( 1.892811877726348735, 99.71049082051534640, 192.3914645597634774 ) ) ;
#4036 = CARTESIAN_POINT ( 'NONE',  ( -1.991086809788472411, 94.47499287990419248, 162.9616507032149286 ) ) ;
#4037 = CARTESIAN_POINT ( 'NONE',  ( -38.69574467130068740, 74.07730700827690384, 187.8345428859258845 ) ) ;
#4038 = CARTESIAN_POINT ( 'NONE',  ( 12.47994127228410655, 1.935646108805006316, 397.5039107733113042 ) ) ;
#4039 = CARTESIAN_POINT ( 'NONE',  ( -49.69911182694286111, 29.63624889715847388, 180.2773382209529700 ) ) ;
#4040 = CARTESIAN_POINT ( 'NONE',  ( 36.08868246014993986, -48.46413098522427987, 149.0900400561460231 ) ) ;
#4041 = CARTESIAN_POINT ( 'NONE',  ( 27.44651296265493556, 92.80927087483509297, 309.2759445087715449 ) ) ;
#4042 = CARTESIAN_POINT ( 'NONE',  ( 4.319159782665201064, 93.05692474931004199, 175.3438466346950406 ) ) ;
#4043 = CARTESIAN_POINT ( 'NONE',  ( 19.10210754970741220, 104.3053285406548270, 267.5124287594156840 ) ) ;
#4044 = CARTESIAN_POINT ( 'NONE',  ( -3.038240967837847251, 97.19915715014393243, 177.9263847027587531 ) ) ;
#4045 = ORIENTED_EDGE ( 'NONE', *, *, #623, .T. ) ;
#4046 = CARTESIAN_POINT ( 'NONE',  ( -47.16688040251486314, 48.28762691802396745, 153.1066895206914467 ) ) ;
#4047 = CARTESIAN_POINT ( 'NONE',  ( 52.31769243872171415, 41.00271869968549510, 174.9380804985118800 ) ) ;
#4048 = CARTESIAN_POINT ( 'NONE',  ( -17.85202691117065044, 86.51575901331734997, 153.7030268255444128 ) ) ;
#4049 = CARTESIAN_POINT ( 'NONE',  ( 52.54658155916712303, -28.04985814028160718, 106.4711134020327563 ) ) ;
#4050 = VECTOR ( 'NONE', #4204, 1000.000000000000114 ) ;
#4051 = CARTESIAN_POINT ( 'NONE',  ( -40.87184795561313422, 80.44064576392099752, 236.3446074991473154 ) ) ;
#4052 = CARTESIAN_POINT ( 'NONE',  ( -7.946428739083171600, 55.33066399378871836, -10.85544469264732470 ) ) ;
#4053 = CARTESIAN_POINT ( 'NONE',  ( 40.43167599786971067, 60.17035785875201981, 119.1528023994058998 ) ) ;
#4054 = CARTESIAN_POINT ( 'NONE',  ( 18.01952697559340066, 84.12944063669036154, 125.2788233586929749 ) ) ;
#4055 = CARTESIAN_POINT ( 'NONE',  ( -19.59567572652590428, 100.3361905882335350, 221.6189085552311724 ) ) ;
#4056 = CARTESIAN_POINT ( 'NONE',  ( -45.03087486474194634, -42.11158647168753077, 149.0779053964697596 ) ) ;
#4057 = CARTESIAN_POINT ( 'NONE',  ( -50.66336235984611847, 24.91821567331945531, 141.0285261889912078 ) ) ;
#4058 = CARTESIAN_POINT ( 'NONE',  ( -34.35001512546428160, 80.62178617261093905, 187.9368359043469638 ) ) ;
#4059 = CARTESIAN_POINT ( 'NONE',  ( -24.51324036979135101, 94.49722811776791787, 321.0911010022998084 ) ) ;
#4060 = CARTESIAN_POINT ( 'NONE',  ( 2.861230606058367876, -54.81586391009892623, 106.4482982333820331 ) ) ;
#4061 = CARTESIAN_POINT ( 'NONE',  ( -13.28928336587546433, -1.636730528243874661, 397.5839792605431171 ) ) ;
#4062 = CARTESIAN_POINT ( 'NONE',  ( 13.75390424430671210, 79.76441877713423878, 119.5982440562816294 ) ) ;
#4063 = CARTESIAN_POINT ( 'NONE',  ( 37.30585975161159240, 74.85606292883404933, 174.9648152817074163 ) ) ;
#4064 = CARTESIAN_POINT ( 'NONE',  ( 5.444550662983409062, 95.98659516296633853, 185.9811432973699823 ) ) ;
#4065 = CARTESIAN_POINT ( 'NONE',  ( -40.57744268347438066, -8.098373017168137622, 309.1853475621281291 ) ) ;
#4066 = LINE ( 'NONE', #3567, #4869 ) ;
#4067 = CARTESIAN_POINT ( 'NONE',  ( 42.85326599511384416, -5.183104317670615302, 296.6512912776334474 ) ) ;
#4068 = CARTESIAN_POINT ( 'NONE',  ( -52.70529934788626036, 35.28856251571792768, 183.1758581061168911 ) ) ;
#4069 = CARTESIAN_POINT ( 'NONE',  ( 30.14472856897505082, 84.80678046102018186, 184.7559381247482690 ) ) ;
#4070 = CARTESIAN_POINT ( 'NONE',  ( -48.25249968333858419, 37.71559643073383228, 251.0591966126242198 ) ) ;
#4071 = CARTESIAN_POINT ( 'NONE',  ( 47.72356634906295625, 46.41372325806050725, 165.2306182064695577 ) ) ;
#4072 = CARTESIAN_POINT ( 'NONE',  ( 0.8949168505098992199, 96.49351212006082790, 179.5326018043007821 ) ) ;
#4073 = CARTESIAN_POINT ( 'NONE',  ( 1.379341781467414041, 113.4534268831262835, 334.9546424867822907 ) ) ;
#4074 = CARTESIAN_POINT ( 'NONE',  ( -11.12643009962735619, -48.77537923458597646, 251.5998885826404887 ) ) ;
#4075 = CARTESIAN_POINT ( 'NONE',  ( -39.16674134114365557, 69.79125731948815314, 159.3216145183511117 ) ) ;
#4076 = CARTESIAN_POINT ( 'NONE',  ( 55.48186347027866105, 6.898228795229248256, 149.0506369592136195 ) ) ;
#4077 = CARTESIAN_POINT ( 'NONE',  ( -50.06450703365054977, 27.10604614702785042, 174.4260834041268140 ) ) ;
#4078 = CARTESIAN_POINT ( 'NONE',  ( 25.82775791282300659, -38.38929075969917193, 17.35840616235080702 ) ) ;
#4079 = CARTESIAN_POINT ( 'NONE',  ( 21.06192298813587627, 33.05232068977414173, 10.00000000000000000 ) ) ;
#4080 = CARTESIAN_POINT ( 'NONE',  ( -1.999999999999995337, 93.47449523527598103, 163.2499572633988407 ) ) ;
#4081 = CARTESIAN_POINT ( 'NONE',  ( 17.17766706406745314, 106.2214506424371052, 335.2801007324607099 ) ) ;
#4082 = DIRECTION ( 'NONE',  ( -3.343261070905212782E-15, 0.000000000000000000, -1.000000000000000000 ) ) ;
#4083 = ORIENTED_EDGE ( 'NONE', *, *, #2628, .F. ) ;
#4084 = CARTESIAN_POINT ( 'NONE',  ( -46.94599816347410126, 48.09334094945138816, 141.1234349370195957 ) ) ;
#4085 = CARTESIAN_POINT ( 'NONE',  ( 46.79100587960751056, 52.80477293495515312, 251.1980047815277146 ) ) ;
#4086 = CARTESIAN_POINT ( 'NONE',  ( -17.63837768058142430, 92.71965923460830084, 188.1835177270133102 ) ) ;
#4087 = CARTESIAN_POINT ( 'NONE',  ( 51.90559653541792073, -27.86263010959373432, 95.91742454790011152 ) ) ;
#4088 = LINE ( 'NONE', #3549, #5100 ) ;
#4089 = CARTESIAN_POINT ( 'NONE',  ( 39.56181651906718599, 61.63523350827924219, 119.1766685223896616 ) ) ;
#4090 = CARTESIAN_POINT ( 'NONE',  ( 14.08021247347467053, 108.5899874264127476, 309.3011067567888972 ) ) ;
#4091 = CARTESIAN_POINT ( 'NONE',  ( -17.66751707559325624, 104.7110906796814618, 371.8809360928175920 ) ) ;
#4092 = CARTESIAN_POINT ( 'NONE',  ( -41.95716967376208117, -39.89380212489567867, 211.2069894094506708 ) ) ;
#4093 = ORIENTED_EDGE ( 'NONE', *, *, #6345, .T. ) ;
#4094 = CARTESIAN_POINT ( 'NONE',  ( -2.446430303705581011, 83.05025774300520425, 130.4325053828637238 ) ) ;
#4095 = CARTESIAN_POINT ( 'NONE',  ( -49.86825510697970998, 30.56403875149057825, 171.4669510480543408 ) ) ;
#4096 = CARTESIAN_POINT ( 'NONE',  ( -33.31381956033479241, 81.01224711618604601, 181.4686927202236291 ) ) ;
#4097 = CARTESIAN_POINT ( 'NONE',  ( -35.27702874469574112, 79.28286754016831139, 149.0260133380620289 ) ) ;
#4098 = CARTESIAN_POINT ( 'NONE',  ( 0.4169500522475685922, -55.30562586863182162, 125.3284483089479551 ) ) ;
#4099 = CARTESIAN_POINT ( 'NONE',  ( -54.90784638661551043, 2.834903466128307681, 106.4745351953308585 ) ) ;
#4100 = CARTESIAN_POINT ( 'NONE',  ( 12.30656623889908552, 91.45389367589909568, 172.1714298667107244 ) ) ;
#4101 = CARTESIAN_POINT ( 'NONE',  ( 35.78432152654015397, 73.71719764027449173, 153.4025188101694823 ) ) ;
#4102 = CARTESIAN_POINT ( 'NONE',  ( 54.03698063134413587, 27.10604614702785398, 155.9026596895459136 ) ) ;
#4103 = CARTESIAN_POINT ( 'NONE',  ( -53.54228658131601293, -8.502561724832313317, 82.46846619459346073 ) ) ;
#4104 = CARTESIAN_POINT ( 'NONE',  ( 0.000000000000000000, -55.30562586863180030, 125.3284483089479551 ) ) ;
#4105 = CARTESIAN_POINT ( 'NONE',  ( 33.32224701644163645, 81.00246392395474970, 181.4681660150930327 ) ) ;
#4106 = CARTESIAN_POINT ( 'NONE',  ( -53.71600499285156616, 31.89498187226852366, 149.0448070821136923 ) ) ;
#4107 = CARTESIAN_POINT ( 'NONE',  ( 47.78787690768651686, 45.93922890577501050, 171.5243871694932238 ) ) ;
#4108 = CARTESIAN_POINT ( 'NONE',  ( 1.990290309089398191, 96.24693751326432789, 178.2930912062615789 ) ) ;
#4109 = CARTESIAN_POINT ( 'NONE',  ( 1.868087870743549539, 101.1357000780110127, 201.7340073341511584 ) ) ;
#4110 = CARTESIAN_POINT ( 'NONE',  ( -7.108585503518783710, -51.58846227470526458, 221.5348299627981703 ) ) ;
#4111 = CARTESIAN_POINT ( 'NONE',  ( -38.88332260412474284, 72.69282903383599148, 178.1151722329825020 ) ) ;
#4112 = CARTESIAN_POINT ( 'NONE',  ( 54.25858017205716521, 4.122359982015428415, 95.91842194424297929 ) ) ;
#4113 = CARTESIAN_POINT ( 'NONE',  ( -49.87790346067362890, 28.17369623597890538, 178.2153704258824405 ) ) ;
#4114 = CARTESIAN_POINT ( 'NONE',  ( 24.30290522034458789, -50.95142717878612615, 82.48539298879832415 ) ) ;
#4115 = CARTESIAN_POINT ( 'NONE',  ( 35.65259688930191118, 69.05856685866888256, 106.4416489173293598 ) ) ;
#4116 = CARTESIAN_POINT ( 'NONE',  ( 7.266098649918724561, 95.51982877510037895, 191.5432471597181632 ) ) ;
#4117 = CARTESIAN_POINT ( 'NONE',  ( 13.83817304049488328, 42.24374588654093543, 17.18106271874457747 ) ) ;
#4118 = VECTOR ( 'NONE', #2110, 1000.000000000000000 ) ;
#4119 = CARTESIAN_POINT ( 'NONE',  ( 49.95883738438724464, 27.61152393748815115, 176.9092416817381945 ) ) ;
#4120 = ORIENTED_EDGE ( 'NONE', *, *, #3660, .F. ) ;
#4121 = CARTESIAN_POINT ( 'NONE',  ( -47.09778174965988029, 49.40471672923107604, 165.2486227477378691 ) ) ;
#4122 = CARTESIAN_POINT ( 'NONE',  ( 17.66276167086731519, 40.03734164848755483, 377.5496350749327803 ) ) ;
#4123 = CARTESIAN_POINT ( 'NONE',  ( -20.54412301072446567, 77.79197332185954394, 119.5609678240799241 ) ) ;
#4124 = CARTESIAN_POINT ( 'NONE',  ( 39.87720794425011661, -22.98215771179644662, 296.8358907728085114 ) ) ;
#4125 = PRESENTATION_STYLE_ASSIGNMENT (( #7623 ) ) ;
#4126 = CARTESIAN_POINT ( 'NONE',  ( 42.31543730644604295, 66.60765416422883334, 191.0291342551405762 ) ) ;
#4127 = CARTESIAN_POINT ( 'NONE',  ( 11.13544368694474507, 42.98622381491043143, 17.17402445461812377 ) ) ;
#4128 = CARTESIAN_POINT ( 'NONE',  ( -19.32408837528868517, 100.1210735848877391, 390.6459917747448571 ) ) ;
#4129 = CARTESIAN_POINT ( 'NONE',  ( -25.88489713535249948, -36.96413132071017316, 309.2578745530215087 ) ) ;
#4130 = ORIENTED_EDGE ( 'NONE', *, *, #4179, .T. ) ;
#4131 =( NAMED_UNIT ( * ) PLANE_ANGLE_UNIT ( ) SI_UNIT ( $, .RADIAN. ) );
#4132 = CARTESIAN_POINT ( 'NONE',  ( 7.589446071850713516, 82.68456333541297454, 127.5506674414676809 ) ) ;
#4133 = CARTESIAN_POINT ( 'NONE',  ( -33.96301006757914109, 79.80965393351570469, 178.2284739488729883 ) ) ;
#4134 = CARTESIAN_POINT ( 'NONE',  ( -34.14228423407340784, 89.16968703908464988, 211.2198130842378703 ) ) ;
#4135 = CARTESIAN_POINT ( 'NONE',  ( 0.2851223280673234051, -43.22824026788681806, 17.33791332656384654 ) ) ;
#4136 = CARTESIAN_POINT ( 'NONE',  ( -20.20272811593097018, 1.052667502715401326, 379.9833973735448467 ) ) ;
#4137 = CARTESIAN_POINT ( 'NONE',  ( 46.01272026839473739, 54.13724013350747555, 106.4518592600333164 ) ) ;
#4138 = CARTESIAN_POINT ( 'NONE',  ( 28.71499773513163944, 86.52886487504559909, 188.0428655219400298 ) ) ;
#4139 = CARTESIAN_POINT ( 'NONE',  ( 38.08846411845013336, 75.12593630454468041, 187.8505172621735539 ) ) ;
#4140 = CARTESIAN_POINT ( 'NONE',  ( 0.000000000000000000, 105.7791907876932385, 236.5351059486960139 ) ) ;
#4141 = CARTESIAN_POINT ( 'NONE',  ( -18.25862263015162767, -10.57948356840636706, 397.3934010520585502 ) ) ;
#4142 = FACE_OUTER_BOUND ( 'NONE', #3389, .T. ) ;
#4143 = CARTESIAN_POINT ( 'NONE',  ( 11.95262890326478278, -53.09543919293825809, 82.48903396800865551 ) ) ;
#4144 = CARTESIAN_POINT ( 'NONE',  ( -7.200169675539526359, 18.09406300332792839, 405.5869068823373595 ) ) ;
#4145 = CARTESIAN_POINT ( 'NONE',  ( 47.06134875777105009, 48.59513097983325736, 190.8872442028200282 ) ) ;
#4146 = CARTESIAN_POINT ( 'NONE',  ( 1.632715765965086163, 97.41057288694445049, 178.8715698073079352 ) ) ;
#4147 = CARTESIAN_POINT ( 'NONE',  ( -7.416846740462385235, -54.64957382279872178, 106.4488553460431888 ) ) ;
#4148 = CARTESIAN_POINT ( 'NONE',  ( -38.51484435931642736, 69.87662970396277728, 153.3412927926015357 ) ) ;
#4149 = CARTESIAN_POINT ( 'NONE',  ( 52.96733211029614807, 7.858284988440133567, 211.2173927472271657 ) ) ;
#4150 = CARTESIAN_POINT ( 'NONE',  ( -1.693444140351473060, 93.33614060719085614, 162.4466967611720634 ) ) ;
#4151 = CARTESIAN_POINT ( 'NONE',  ( 28.53805590149006832, -47.40004139201266042, 221.5312332532022594 ) ) ;
#4152 = B_SPLINE_CURVE_WITH_KNOTS ( 'NONE', 3,
 ( #799, #1988, #4365, #4847 ),
 .UNSPECIFIED., .F., .F.,
 ( 4, 4 ),
 ( 0.0001869225236886015273, 0.004190229738819346156 ),
 .UNSPECIFIED. ) ;
#4153 = CARTESIAN_POINT ( 'NONE',  ( 38.34960005012641204, 75.83791088802004765, 149.0275875816885787 ) ) ;
#4154 = CARTESIAN_POINT ( 'NONE',  ( 2.177211448180921494, 95.36876895090958328, 188.2506901697786930 ) ) ;
#4155 = CARTESIAN_POINT ( 'NONE',  ( 24.86566256446011636, 95.38712467748815982, 201.7344710980710261 ) ) ;
#4156 = EDGE_CURVE ( 'NONE', #237, #4973, #2760, .T. ) ;
#4157 = CARTESIAN_POINT ( 'NONE',  ( -2.971111960724603041, 97.31554625600431052, 178.5749692952986152 ) ) ;
#4158 = ORIENTED_EDGE ( 'NONE', *, *, #171, .F. ) ;
#4159 = CARTESIAN_POINT ( 'NONE',  ( -45.37152180914658572, 53.51857415779474536, 141.1655059460019288 ) ) ;
#4160 = CARTESIAN_POINT ( 'NONE',  ( 35.58600066911777304, 21.46437324119710865, 17.31043156484773959 ) ) ;
#4161 = CARTESIAN_POINT ( 'NONE',  ( -14.09346993326118991, 93.29127997462825306, 184.9494042870887824 ) ) ;
#4162 = CARTESIAN_POINT ( 'NONE',  ( 29.47858853500205001, -18.31203977833023799, 358.9452627792994122 ) ) ;
#4163 = CARTESIAN_POINT ( 'NONE',  ( 8.946430303705575682, 82.99156353808132280, 129.4249567559108129 ) ) ;
#4164 = CARTESIAN_POINT ( 'NONE',  ( 43.92532697115025542, 55.57352546486009004, 129.8202716131850138 ) ) ;
#4165 = CARTESIAN_POINT ( 'NONE',  ( 6.841799772672400692, 43.80795613496468377, 17.16613675703128550 ) ) ;
#4166 = CARTESIAN_POINT ( 'NONE',  ( -29.50661630695898197, -41.69560161598889181, 266.8685979431496662 ) ) ;
#4167 = ORIENTED_EDGE ( 'NONE', *, *, #5609, .T. ) ;
#4168 = CARTESIAN_POINT ( 'NONE',  ( -1.999999999999990452, 93.69327400850416154, 178.5939537848248904 ) ) ;
#4169 = CARTESIAN_POINT ( 'NONE',  ( -50.01002390111174378, 26.67611244683137173, 177.7932643931179086 ) ) ;
#4170 = CARTESIAN_POINT ( 'NONE',  ( -33.74587662637945584, 79.14240351643844917, 171.8953420656355036 ) ) ;
#4171 = CARTESIAN_POINT ( 'NONE',  ( -29.28745456234588929, 93.28317127214548066, 297.6592065546701065 ) ) ;
#4172 = CARTESIAN_POINT ( 'NONE',  ( 1.201022888612632178, -54.40723649315604149, 95.91147805922652481 ) ) ;
#4173 = CARTESIAN_POINT ( 'NONE',  ( -54.19564027605725443, 2.213149447906789469, 192.3481310000080100 ) ) ;
#4174 = CARTESIAN_POINT ( 'NONE',  ( 21.38887590683166096, 86.43051464017000285, 159.6633276925793723 ) ) ;
#4175 = CARTESIAN_POINT ( 'NONE',  ( 38.00543140312832691, 75.60468538566762220, 191.1565577191091165 ) ) ;
#4176 = CARTESIAN_POINT ( 'NONE',  ( -4.569552120206468615, 110.1986871790139588, 283.8268821520093184 ) ) ;
#4177 = CARTESIAN_POINT ( 'NONE',  ( -46.25854380057079851, -8.253272922936428557, 34.40077200447448291 ) ) ;
#4178 = FACE_OUTER_BOUND ( 'NONE', #2543, .T. ) ;
#4179 = EDGE_CURVE ( 'NONE', #6459, #7493, #3505, .T. ) ;
#4180 = CARTESIAN_POINT ( 'NONE',  ( 10.23587721914826432, -45.54235322534560737, 283.4972593409304409 ) ) ;
#4181 = CARTESIAN_POINT ( 'NONE',  ( -52.54944766199449901, 34.33090772960261461, 192.3568199002841368 ) ) ;
#4182 = CARTESIAN_POINT ( 'NONE',  ( 48.28358957260810769, 41.79726318523338335, 184.2876260405870426 ) ) ;
#4183 = CARTESIAN_POINT ( 'NONE',  ( 1.259876363002984334, 97.46812471595080751, 179.1750991130156478 ) ) ;
#4184 = CARTESIAN_POINT ( 'NONE',  ( -8.884597155194651208, -48.98423088160341621, 251.6182858225529060 ) ) ;
#4185 = EDGE_CURVE ( 'NONE', #2419, #3423, #5543, .T. ) ;
#4186 = CARTESIAN_POINT ( 'NONE',  ( -38.19890866917072003, 66.23477100820414876, 129.9757161963461272 ) ) ;
#4187 = CARTESIAN_POINT ( 'NONE',  ( 49.74550139539176286, 0.3173249125596362963, 250.8492170868408380 ) ) ;
#4188 = ORIENTED_EDGE ( 'NONE', *, *, #4156, .T. ) ;
#4189 = CARTESIAN_POINT ( 'NONE',  ( -2.178783337168443968, 94.13995042162765969, 161.3021215320180204 ) ) ;
#4190 = CARTESIAN_POINT ( 'NONE',  ( 18.50202022154245896, -49.05156655386844733, 236.3057147706324770 ) ) ;
#4191 = CARTESIAN_POINT ( 'NONE',  ( -37.23408163182508446, 79.52219626103762096, 283.1636421020846228 ) ) ;
#4192 = CARTESIAN_POINT ( 'NONE',  ( 6.595825139711466001, 71.09180666823270656, 403.7088957522989858 ) ) ;
#4193 = CARTESIAN_POINT ( 'NONE',  ( -1.848172888482042531, 93.37576330393946478, 162.6927162558175723 ) ) ;
#4194 = CARTESIAN_POINT ( 'NONE',  ( 20.95019311143514074, 103.5313928061685829, 297.8465432146550711 ) ) ;
#4195 = CARTESIAN_POINT ( 'NONE',  ( -1.632020818605827595, 97.41071896130632979, 178.8723528779744072 ) ) ;
#4196 = ORIENTED_EDGE ( 'NONE', *, *, #1205, .F. ) ;
#4197 = ADVANCED_FACE ( 'NONE', ( #3213 ), #5034, .T. ) ;
#4198 = CARTESIAN_POINT ( 'NONE',  ( -40.90182004484621814, 69.45880878121754165, 184.5063492786334791 ) ) ;
#4199 = CARTESIAN_POINT ( 'NONE',  ( 48.66317009526044046, 31.20510909691258661, 251.0066005432430245 ) ) ;
#4200 = CARTESIAN_POINT ( 'NONE',  ( -8.286593827169829396, 94.87103725237517438, 188.2386809324849537 ) ) ;
#4201 = CARTESIAN_POINT ( 'NONE',  ( 53.28737940699698328, -22.63934619320052732, 95.91787800630835648 ) ) ;
#4202 = CARTESIAN_POINT ( 'NONE',  ( 8.946430303705781739, 95.98659516296633853, 185.9811432973699823 ) ) ;
#4203 = CARTESIAN_POINT ( 'NONE',  ( 42.40968552074261311, 66.19845946341855836, 187.7234790621467084 ) ) ;
#4204 = DIRECTION ( 'NONE',  ( -5.602867245962734761E-30, -0.9812926639922453509, 0.1925219665259060020 ) ) ;
#4205 = CARTESIAN_POINT ( 'NONE',  ( -8.197260635695020170, -24.31061072176135340, 409.0779284778317901 ) ) ;
#4206 = ORIENTED_EDGE ( 'NONE', *, *, #6136, .T. ) ;
#4207 = CARTESIAN_POINT ( 'NONE',  ( -1.250939226033891405, 93.93315968461081411, 179.8739008946574529 ) ) ;
#4208 = CARTESIAN_POINT ( 'NONE',  ( -47.52723775077462420, 46.25788172235558449, 187.5706313791001492 ) ) ;
#4209 = CARTESIAN_POINT ( 'NONE',  ( -32.94848122219965347, 69.83331816372982814, 119.3455663703255709 ) ) ;
#4210 = CARTESIAN_POINT ( 'NONE',  ( 9.062682252513919678, -6.199355075001129478, 409.0779284778312217 ) ) ;
#4211 = B_SPLINE_SURFACE_WITH_KNOTS ( 'NONE', 3, 3, ( 
 ( #27, #4646, #4684, #2390, #4169, #1216, #7046, #5970, #1685, #4019, #4057, #1725, #6392 ),
 ( #3591, #3009, #640, #1106, #3480, #529, #4095, #6471, #5424, #6619, #1397, #140, #7194 ),
 ( #1290, #1834, #6005, #5461, #7269, #5533, #1978, #212, #755, #2468, #3777, #6653, #4836 ),
 ( #2578, #4910, #1942, #4318, #1324, #1871, #3124, #3705, #3160, #2544, #2506, #3668, #1907 ),
 ( #4249, #4875, #6686, #4355, #7233, #6076, #5498, #176, #1359, #4945, #3740, #4282, #6043 ),
 ( #6111, #104, #6149, #719, #247, #5571, #3087, #790, #828, #4798, #7308, #6723, #7156 ),
 ( #3199, #4208, #6582, #1255, #3631, #681, #3050, #7380, #2181, #3308, #321, #3888, #4393 ),
 ( #3271, #2691, #4508, #3390, #7418, #5017, #6261, #5724, #2727, #7456, #4470, #4552, #3928 ),
 ( #5611, #3348, #359, #6912, #6832, #6760, #6871, #3851, #5136, #2770, #4981, #1513, #939 ),
 ( #1553, #5684, #6302, #1475, #5765, #6224, #5094, #2060, #2139, #979, #5648, #7345, #400 ),
 ( #1592, #4431, #5057, #3968, #7494, #6340, #903, #1020, #2098, #6795, #2618, #2020, #1434 ),
 ( #3812, #3235, #6188, #863, #283, #2653, #4709, #4121, #5261, #4046, #1057, #2267, #4748 ),
 ( #2850, #7619, #4635, #5177, #1632, #1095, #2926, #1169, #5334, #3545, #4084, #5807, #7109 ),
 ( #480, #2380, #5923, #555, #5296, #7656, #4672, #5220, #7582, #6997, #3508, #1674, #7072 ),
 ( #593, #2964, #2888, #7537, #17, #5884, #6498, #2810, #6421, #2223, #1714, #4007, #3470 ),
 ( #7035, #2342, #5846, #1787, #6953, #441, #517, #2306, #3581, #3432, #4159, #6535, #1206 ),
 ( #1751, #4593, #6460, #1132, #6381, #93, #2569, #1281, #669, #3076, #2458, #3000, #7146 ),
 ( #746, #6678, #3149, #1350, #1898, #3620, #4935, #131, #5996, #202, #3730, #6068, #3114 ),
 ( #2497, #3038, #4273, #4863, #4309, #3696, #3658, #4827, #5450, #1932, #5414, #6032, #166 ),
 ( #6714, #1245, #7184, #7297, #1387, #7223, #2533, #5960, #1862, #4238, #630, #4901, #6101 ),
 ( #5374, #709, #6611, #5523, #6645, #1316, #5487, #54, #7260, #781, #1969, #4345, #2420 ),
 ( #4786, #1824, #4198, #6571, #6292, #4421, #5127, #3189, #6786, #1504, #6861, #969, #1424 ),
 ( #6750, #853, #1543, #3917, #2047, #2681, #5675, #3224, #5561, #4541, #3802, #5600, #7485 ),
 ( #5047, #350, #6902, #274, #2643, #3768, #2718, #4499, #6139, #817, #3841, #5006, #3338 ),
 ( #1464, #7408, #238, #2087, #6215, #893, #5084, #2607, #3262, #6177, #4460, #5714, #3879 ),
 ( #5640, #390, #7446, #2172, #7369, #2761, #6252, #4971, #312, #7334, #2129, #6822, #2008 ),
 ( #4381, #930, #3298, #1705, #546, #3461, #2916, #471, #2371, #5209, #5251, #1048, #2297 ),
 ( #2256, #6332, #1123, #4625, #3536, #6371, #6986, #5911, #4075, #5286, #7571, #6451, #1665 ),
 ( #2840, #4037, #2879, #1741, #4111, #4700, #3996, #3497, #1085, #583, #7646, #5756, #5875 ),
 ( #2802, #2212, #5168, #6411, #2953, #508, #2333, #7062, #5796, #1583, #5835, #3421, #6489 ),
 ( #1160, #4582, #7610, #5325, #6943, #4663, #7, #7026, #4738, #3380, #3959, #1011, #433 ),
 ( #7527, #1622, #2449, #3610, #4228, #3105, #1814, #4818, #1307, #6670, #7175, #5441, #157 ),
 ( #699, #3686, #2664, #6560, #5986, #295, #6060, #2524, #7101, #4148, #1852, #4186, #1342 ),
 ( #6600, #3067, #1197, #122, #82, #1272, #737, #1778, #3649, #1233, #2486, #4892, #7213 ),
 ( #6023, #3823, #5478, #5623, #2411, #7251, #4854, #6199, #1889, #3573, #1924, #659, #4300 ),
 ( #6527, #4266, #6636, #876, #3246, #5951, #620, #3028, #2991, #5403, #5363, #45, #4775 ),
 ( #7135, #2071, #4564, #371, #6966, #2111, #2739, #1646, #7507, #3979, #3320, #5149, #5107 ),
 ( #3899, #6273, #6314, #5191, #7551, #453, #7429, #6925, #4520, #4020, #6353, #1487, #1605 ),
 ( #6236, #5659, #914, #5696, #6393, #3940, #2192, #2823, #1525, #5028, #7467, #4481, #1031 ),
 ( #3403, #334, #2153, #5777, #2702, #991, #2236, #6844, #951, #6806, #4606, #1068, #3445 ),
 ( #3282, #6883, #5819, #1565, #491, #5068, #7392, #3360, #4442, #5737, #3862, #414, #2782 ),
 ( #7594, #4058, #3520, #5346, #3593, #65, #5971, #6511, #531, #1836, #4722, #2900, #4799 ),
 ( #2976, #28, #2393, #7084, #5271, #1180, #1762, #1217, #605, #5896, #7047, #7668, #6546 ),
 ( #568, #4759, #2431, #2938, #4133, #3557, #641, #4647, #2280, #3632, #7009, #7630, #2317 ),
 ( #7157, #6006, #5935, #1686, #7121, #5309, #4170, #4685, #1799, #1726, #3011, #5385, #4209 ),
 ( #6584, #2355, #6434, #4096, #1256, #2863, #6472, #1145, #5234, #1107, #3482, #5859, #3706 ),
 ( #6112, #248, #2545, #2469, #2580, #1908, #3200, #829, #3051, #4911, #7270, #791, #7309 ),
 ( #1979, #7234, #1436, #4283, #4319, #141, #1360, #4946, #1325, #5425, #213, #6077, #2619 ),
 ( #756, #4982, #3161, #4356, #6654, #5534, #3125, #4876, #5499, #177, #1943, #5573, #7346 ),
 ( #3088, #6724, #6687, #2022, #1398, #4837, #3778, #3741, #1872, #1291, #4250, #6150, #4395 ),
 ( #5462, #6762, #3814, #682, #105, #7195, #6620, #3669, #6044, #720, #2507, #3930, #5767 ),
 ( #1477, #3273, #3970, #6342, #4472, #5096, #402, #5650, #285, #905, #6226, #1555, #7420 ),
 ( #7539, #1595, #1022, #941, #3237, #3392, #6304, #2183, #866, #323, #2655, #7458, #2062 ),
 ( #2142, #4510, #2772, #6834, #5179, #5019, #6190, #2693, #2100, #1634, #6797, #443, #2225 ),
 ( #2729, #5138, #4554, #3310, #1515, #3853, #5059, #2812, #3890, #6263, #5686, #361, #5613 ),
 ( #6873, #981, #6914, #4595, #6955, #3350, #5726, #7382, #7496, #4433, #5962, #7111, #4123 ),
 ( #1171, #557, #1676, #7658, #5886, #2382, #1753, #7037, #519, #1134, #19, #6423, #1716 ),
 ( #3583, #4086, #5298, #2344, #4750, #5809, #3434, #4789, #482, #4048, #1097, #2852, #632 ),
 ( #2928, #5223, #3547, #6462, #5336, #3472, #6500, #5848, #1789, #4711, #3002, #6537, #7075 ),
 ( #7584, #3510, #4161, #2890, #5925, #595, #5376, #2966, #1208, #56, #2422, #2269, #4637 ),
 ( #7148, #5263, #7621, #4009, #6383, #1059, #6999, #2308, #4674, #6613, #1389, #2536, #7225 ),
 ( #6070, #819, #4347, #748, #4866, #5998, #3661, #2500, #1900, #6035, #5453, #6716, #4275 ),
 ( #1247, #6647, #7263, #4937, #3770, #7186, #7299, #4829, #1283, #1971, #6141, #133, #3117 ),
 ( #712, #3622, #4240, #1864, #4904, #3080, #6104, #3191, #5564, #240, #1318, #6573, #2609 ),
 ( #5526, #4200, #3699, #672, #5490, #5416, #169, #1935, #4312, #3733, #6680, #4974, #3040 ),
 ( #1352, #784, #1826, #2460, #96, #3152, #204, #2571, #3920, #3341, #4462, #3264, #276 ),
 ( #3962, #2683, #2050, #6825, #1467, #4384, #856, #314, #2132, #393, #4544, #2763, #3300 ),
 ( #6334, #1506, #7372, #1586, #5129, #7449, #4501, #6864, #3881, #5009, #5677, #6254, #5717 ),
 ( #5050, #3844, #1013, #435, #932, #6180, #1546, #2090, #972, #4424, #5086, #6788, #7487 ),
 ( #3383, #2174, #352, #7410, #3804, #6217, #2720, #6295, #895, #5642, #6905, #5759, #2804 ) ),
 .UNSPECIFIED., .F., .F., .F.,
 ( 4, 3, 3, 3, 3, 3, 3, 3, 3, 3, 3, 3, 3, 3, 3, 3, 3, 3, 3, 3, 3, 3, 3, 4 ),
 ( 4, 3, 3, 3, 4 ),
 ( 0.000000000000000000, 0.06083931267524134157, 0.09125896901286201235, 0.1064687971816723477, 0.1216786253504826831, 0.1520982816881033539, 0.1825179380257240247, 0.2129375943633446955, 0.2281474225321550309, 0.2357523366165601986, 0.2395547936587627824, 0.2433572507009653663, 0.2585670788697757017, 0.2737769070385860370, 0.2813818211229912047, 0.2889867352073963724, 0.3041965633762067078, 0.3346162197138273786, 0.3650358760514480494, 0.3954555323890687202, 0.4258751887266893910, 0.4410850168954997264, 0.4562948450643100617, 0.4867145014019307325 ),
 ( 0.4112128358757708435, 0.4337905539252723264, 0.4563682719747738648, 0.5015237080737768860, 0.5918345802717829285 ),
 .UNSPECIFIED. ) ;
#4212 = CARTESIAN_POINT ( 'NONE',  ( -39.00383281021476023, 81.93677923823308618, 201.7353119251856128 ) ) ;
#4213 = CARTESIAN_POINT ( 'NONE',  ( 0.2666871004288343672, -27.31785047043236858, 409.0779284778315628 ) ) ;
#4214 = CARTESIAN_POINT ( 'NONE',  ( -51.09353478850454167, -3.806104729358157357, 235.9987838099168300 ) ) ;
#4215 = EDGE_CURVE ( 'NONE', #84, #1087, #5115, .T. ) ;
#4216 = CARTESIAN_POINT ( 'NONE',  ( 24.63360001945998690, 84.78651316004486205, 159.6212501328368205 ) ) ;
#4217 = CARTESIAN_POINT ( 'NONE',  ( 37.59097499395281261, 75.96532558204310703, 187.8634649697548582 ) ) ;
#4218 = CARTESIAN_POINT ( 'NONE',  ( -1.229204914464844922, 114.9777999077196142, 409.0779284778315628 ) ) ;
#4219 = CARTESIAN_POINT ( 'NONE',  ( -49.89176661724400219, -21.69498464732459553, 61.09926423067267365 ) ) ;
#4220 = PLANE ( 'NONE',  #6504 ) ;
#4221 = CARTESIAN_POINT ( 'NONE',  ( -27.96181233881426209, 95.73030421943118995, 221.6112843132530372 ) ) ;
#4222 = CARTESIAN_POINT ( 'NONE',  ( 16.32901168759229549, -54.20938039173832834, 149.1098220794721101 ) ) ;
#4223 = CARTESIAN_POINT ( 'NONE',  ( -54.54256619498364245, 9.487386946559070111, 106.4731826001435024 ) ) ;
#4224 = CARTESIAN_POINT ( 'NONE',  ( 48.83520207778123279, 39.02241252822707196, 174.6424307101245290 ) ) ;
#4225 = ADVANCED_FACE ( 'NONE', ( #5902 ), #574, .F. ) ;
#4226 = CARTESIAN_POINT ( 'NONE',  ( 0.8369657274841563188, 94.04696159583495785, 160.7067199291581971 ) ) ;
#4227 = CARTESIAN_POINT ( 'NONE',  ( -7.059159430015749415, -42.97250253241079321, 17.34004389182294048 ) ) ;
#4228 = CARTESIAN_POINT ( 'NONE',  ( -38.51273926397865210, 73.32095250177157197, 178.1244881200334476 ) ) ;
#4229 = CARTESIAN_POINT ( 'NONE',  ( 42.78846816255977359, 2.760672116481881933, 296.6675550880671608 ) ) ;
#4230 = DIRECTION ( 'NONE',  ( -5.602867245962734761E-30, -0.9812926639922453509, 0.1925219665259060575 ) ) ;
#4231 = CARTESIAN_POINT ( 'NONE',  ( -37.93977932770592076, 83.32160117824808765, 267.0914584300483057 ) ) ;
#4232 = CARTESIAN_POINT ( 'NONE',  ( 30.44927193713333224, 44.06279643169266080, 34.07286606747313584 ) ) ;
#4233 = CARTESIAN_POINT ( 'NONE',  ( 8.365785490563654392, 93.22583903305670106, 178.5232102892852879 ) ) ;
#4234 = CARTESIAN_POINT ( 'NONE',  ( 13.85353296337925677, 36.77096029483554673, 9.999999999999996447 ) ) ;
#4235 = CARTESIAN_POINT ( 'NONE',  ( -2.000000000000011546, 94.51141171337857827, 163.1500645250939954 ) ) ;
#4236 = ORIENTED_EDGE ( 'NONE', *, *, #4444, .F. ) ;
#4237 = EDGE_CURVE ( 'NONE', #5775, #7154, #1037, .T. ) ;
#4238 = CARTESIAN_POINT ( 'NONE',  ( -42.79404329608325241, 61.92710109953427633, 153.2261276928448694 ) ) ;
#4239 = CARTESIAN_POINT ( 'NONE',  ( 52.02581055733056559, 28.05024121427146611, 95.91770132125202508 ) ) ;
#4240 = CARTESIAN_POINT ( 'NONE',  ( -9.296203042553353058, 94.18675403012670699, 184.9715824170183396 ) ) ;
#4241 = CARTESIAN_POINT ( 'NONE',  ( 34.38493172786118635, -25.33418586899665570, 10.00000000000001954 ) ) ;
#4242 = PRODUCT_DEFINITION_CONTEXT ( 'detailed design', #5184, 'design' ) ;
#4243 = CARTESIAN_POINT ( 'NONE',  ( 0.000000000000000000, 96.50724633046549172, 179.5704703226415404 ) ) ;
#4244 = VECTOR ( 'NONE', #6696, 1000.000000000000114 ) ;
#4245 = CARTESIAN_POINT ( 'NONE',  ( 8.946430303705781739, 94.02400983498185383, 186.3661872304217866 ) ) ;
#4246 = CARTESIAN_POINT ( 'NONE',  ( -23.10703246442026781, -47.91432353511974185, 236.2780124488955948 ) ) ;
#4247 = ORIENTED_EDGE ( 'NONE', *, *, #1773, .T. ) ;
#4248 = CARTESIAN_POINT ( 'NONE',  ( -1.960208143246406687, 93.76257512239257608, 178.9827553388216472 ) ) ;
#4249 = CARTESIAN_POINT ( 'NONE',  ( -48.04167949158048856, 42.31707463668717395, 190.8577912738453506 ) ) ;
#4250 = CARTESIAN_POINT ( 'NONE',  ( -30.21856667691177734, 77.39302136204499050, 141.5434685115582170 ) ) ;
#4251 = CARTESIAN_POINT ( 'NONE',  ( 12.28725237858183483, -7.307018039198926118, 405.9665717087519852 ) ) ;
#4252 = CARTESIAN_POINT ( 'NONE',  ( -23.93701776677540138, 37.14786789015811053, 17.22061336247276486 ) ) ;
#4253 = CARTESIAN_POINT ( 'NONE',  ( 0.000000000000000000, -47.77431481950399217, 267.3981681540126374 ) ) ;
#4254 = CARTESIAN_POINT ( 'NONE',  ( -37.90258768761384545, -3.909017281622594098, 322.2722129927846595 ) ) ;
#4255 = CARTESIAN_POINT ( 'NONE',  ( 27.60312014659628232, 82.79500179209018995, 159.5710095209123836 ) ) ;
#4256 = CARTESIAN_POINT ( 'NONE',  ( 38.52146638787762356, 73.30630456185022581, 178.1238024352382183 ) ) ;
#4257 = CARTESIAN_POINT ( 'NONE',  ( 0.000000000000000000, 91.88541255089855042, 149.0192602527410770 ) ) ;
#4258 = CARTESIAN_POINT ( 'NONE',  ( -54.01771120235723345, -22.56028979053941441, 174.9447632498215341 ) ) ;
#4259 = CARTESIAN_POINT ( 'NONE',  ( -2.446430303705699139, 84.61590949274477680, 134.2015926103156573 ) ) ;
#4260 = CARTESIAN_POINT ( 'NONE',  ( -20.13088756293228343, 93.80943014742305763, 409.0779284778326428 ) ) ;
#4261 = CARTESIAN_POINT ( 'NONE',  ( 20.69398827850518430, -53.50911710002418431, 149.1063460050854701 ) ) ;
#4262 = CARTESIAN_POINT ( 'NONE',  ( -11.97558004735068593, 13.55171652863063336, 397.0588212794785363 ) ) ;
#4263 = CARTESIAN_POINT ( 'NONE',  ( 50.19319312088061480, 28.17924793089004964, 129.6536265607349776 ) ) ;
#4264 = DIRECTION ( 'NONE',  ( 0.000000000000000000, -0.9849283936010231333, 0.1729625956052583402 ) ) ;
#4265 = CARTESIAN_POINT ( 'NONE',  ( -2.662980237277245088, -50.60186288607863503, 236.3606088745235070 ) ) ;
#4266 = CARTESIAN_POINT ( 'NONE',  ( -37.07163312656738441, 76.79155853138763632, 187.8762923708104040 ) ) ;
#4267 = CARTESIAN_POINT ( 'NONE',  ( 55.80836230846325918, -0.3626554633323218479, 149.0513947064584386 ) ) ;
#4268 = CARTESIAN_POINT ( 'NONE',  ( -38.34150092816131661, 33.20862885269213649, 34.18470208331405047 ) ) ;
#4269 = CARTESIAN_POINT ( 'NONE',  ( 38.66842865355992842, 83.36391026768444590, 211.2195808582209793 ) ) ;
#4270 = CARTESIAN_POINT ( 'NONE',  ( 8.185434719994121977, 80.61950508941556848, 119.6100638073076965 ) ) ;
#4271 = CARTESIAN_POINT ( 'NONE',  ( 19.19900083835627314, 51.11509375380364162, 33.98428949460155479 ) ) ;
#4272 = CARTESIAN_POINT ( 'NONE',  ( -0.5062636870534439337, 97.50932227321871437, 179.3738708389336978 ) ) ;
#4273 = CARTESIAN_POINT ( 'NONE',  ( -43.15971566161236694, 63.92582961688906806, 184.4392690286939285 ) ) ;
#4274 = CARTESIAN_POINT ( 'NONE',  ( 46.93859619787694726, 25.04034203608746267, 266.2703234693272520 ) ) ;
#4275 = CARTESIAN_POINT ( 'NONE',  ( -11.00920708352715138, 80.24379304591548134, 119.6076432863398082 ) ) ;
#4276 = CARTESIAN_POINT ( 'NONE',  ( 30.50351993349007884, -26.09945138816552657, 337.8589216439749521 ) ) ;
#4277 = CARTESIAN_POINT ( 'NONE',  ( -8.693038305915749220, 82.78159874521654160, 128.4382830451354494 ) ) ;
#4278 = CARTESIAN_POINT ( 'NONE',  ( -53.67661760519262515, 27.10604614702783621, 174.4260473727375995 ) ) ;
#4279 = CARTESIAN_POINT ( 'NONE',  ( -20.46903711268268822, -37.63267645656183191, 10.00000000000002487 ) ) ;
#4280 = ORIENTED_EDGE ( 'NONE', *, *, #3353, .F. ) ;
#4281 = CARTESIAN_POINT ( 'NONE',  ( 27.89516692937153053, 87.40181952136681787, 189.9828793555382731 ) ) ;
#4282 = CARTESIAN_POINT ( 'NONE',  ( -48.78822430152445833, 37.72915526788304419, 129.6914268355258457 ) ) ;
#4283 = CARTESIAN_POINT ( 'NONE',  ( -32.10303323662211028, 82.36469559391500184, 181.4936858071475285 ) ) ;
#4284 = CARTESIAN_POINT ( 'NONE',  ( 47.34790448748402980, -6.627606575959478441, 266.0946107118872987 ) ) ;
#4285 = CARTESIAN_POINT ( 'NONE',  ( -35.65259688930191118, 69.05856685866888256, 106.4416489173293598 ) ) ;
#4286 = CARTESIAN_POINT ( 'NONE',  ( 0.000000000000000000, 83.71986271976525984, 130.3011341093877036 ) ) ;
#4287 = CARTESIAN_POINT ( 'NONE',  ( -37.18756071555992548, -3.414351176970585211, 9.999999999999992895 ) ) ;
#4288 = CARTESIAN_POINT ( 'NONE',  ( 25.84350797473840444, 88.69663346508147583, 188.0869971836425520 ) ) ;
#4289 = CARTESIAN_POINT ( 'NONE',  ( 38.21283639957446354, 74.91608898517007731, 187.8472803352782137 ) ) ;
#4290 = CARTESIAN_POINT ( 'NONE',  ( -1.947430561696071649, 91.88541255089855042, 149.0192602527410770 ) ) ;
#4291 = CARTESIAN_POINT ( 'NONE',  ( -50.69568025434101344, -16.69194658443829482, 61.09946388955189889 ) ) ;
#4292 = CARTESIAN_POINT ( 'NONE',  ( -8.946430303705575682, 84.82032110446378681, 129.0661687858196842 ) ) ;
#4293 = CARTESIAN_POINT ( 'NONE',  ( -23.79793457237814280, 76.95222832070673746, 106.4353754229456115 ) ) ;
#4294 = VECTOR ( 'NONE', #4879, 1000.000000000000114 ) ;
#4295 = CARTESIAN_POINT ( 'NONE',  ( 16.17821145900701296, -54.30011201933653098, 125.3281443838336031 ) ) ;
#4296 = CARTESIAN_POINT ( 'NONE',  ( -41.80519143384526615, 18.44726975639993682, 296.7517759243126534 ) ) ;
#4297 = CARTESIAN_POINT ( 'NONE',  ( 48.74946936174954715, 39.24314018227022416, 177.8295743639284581 ) ) ;
#4298 = CARTESIAN_POINT ( 'NONE',  ( 0.7058969918643722696, 94.24039588256867717, 161.6831177643108219 ) ) ;
#4299 = CARTESIAN_POINT ( 'NONE',  ( -5.035331092257887775, -55.22284529727035363, 125.3284169574496190 ) ) ;
#4300 = CARTESIAN_POINT ( 'NONE',  ( -37.13301988148614896, 65.13388914700048815, 119.2412596770474380 ) ) ;
#4301 = CARTESIAN_POINT ( 'NONE',  ( 54.26972371131335393, -0.1159415445578819426, 192.3478862671160812 ) ) ;
#4302 = CARTESIAN_POINT ( 'NONE',  ( 50.07882159268373101, 27.10604614702785398, 173.8550355239896703 ) ) ;
#4303 = CARTESIAN_POINT ( 'NONE',  ( -46.39099346340622532, 62.85650980306269275, 236.2434506562701415 ) ) ;
#4304 = CARTESIAN_POINT ( 'NONE',  ( 38.03828455329521319, 66.58646925340212874, 106.4434309700083645 ) ) ;
#4305 = CARTESIAN_POINT ( 'NONE',  ( 9.415420267332285320, 90.80101219576113181, 165.8827077062314288 ) ) ;
#4306 = CARTESIAN_POINT ( 'NONE',  ( 19.39631430559116154, 90.46828174837776260, 403.0957483373699688 ) ) ;
#4307 = CARTESIAN_POINT ( 'NONE',  ( 0.000000000000000000, 97.51083311033094958, 179.3735744244768284 ) ) ;
#4308 = ORIENTED_EDGE ( 'NONE', *, *, #429, .F. ) ;
#4309 = CARTESIAN_POINT ( 'NONE',  ( -43.29734290727597568, 63.15959656814838752, 177.9871605408468440 ) ) ;
#4310 = CARTESIAN_POINT ( 'NONE',  ( 54.27721004450526721, 26.36209160554729891, 149.0464571627384487 ) ) ;
#4311 = ORIENTED_EDGE ( 'NONE', *, *, #5922, .T. ) ;
#4312 = CARTESIAN_POINT ( 'NONE',  ( -8.429071527011590348, 89.74639896583053655, 159.7387724022234181 ) ) ;
#4313 = CARTESIAN_POINT ( 'NONE',  ( 37.66439525904381469, -31.50435355867594467, 282.6141579083720217 ) ) ;
#4314 = CARTESIAN_POINT ( 'NONE',  ( -1.810412644475513089, 90.83097097765353567, 163.0995386401694702 ) ) ;
#4315 = CARTESIAN_POINT ( 'NONE',  ( 1.631119764441589348, 83.70902637669092883, 130.3032601153746839 ) ) ;
#4316 = CARTESIAN_POINT ( 'NONE',  ( -36.08868246014993986, -48.46413098522427987, 149.0900400561460231 ) ) ;
#4317 = ORIENTED_EDGE ( 'NONE', *, *, #6161, .F. ) ;
#4318 = CARTESIAN_POINT ( 'NONE',  ( -48.64570177699104647, 39.49989601260379857, 181.0550915045426734 ) ) ;
#4319 = CARTESIAN_POINT ( 'NONE',  ( -32.16277497733217672, 81.84613511019054499, 178.2667449921068794 ) ) ;
#4320 = CARTESIAN_POINT ( 'NONE',  ( 11.85791574529428516, -6.739192102390050287, 405.9665717087519852 ) ) ;
#4321 = CARTESIAN_POINT ( 'NONE',  ( -35.82470651092628344, 88.23291143248933110, 221.6008322317553620 ) ) ;
#4322 = CARTESIAN_POINT ( 'NONE',  ( -53.52984902553232160, 27.10604614702786463, 119.9999999999999858 ) ) ;
#4323 = CARTESIAN_POINT ( 'NONE',  ( -55.06595287175068876, -0.2254878066342251575, 174.9349744532732132 ) ) ;
#4324 = CARTESIAN_POINT ( 'NONE',  ( 28.79333042304652324, 86.00164654457979907, 184.7785100126712052 ) ) ;
#4325 = CARTESIAN_POINT ( 'NONE',  ( 38.83550644800331497, 67.48597274691310588, 141.3399578002859300 ) ) ;
#4326 = CARTESIAN_POINT ( 'NONE',  ( -3.860606970260060500, 114.7549911919456918, 402.6386434062359854 ) ) ;
#4327 = CARTESIAN_POINT ( 'NONE',  ( -52.22376623910641769, -22.11587362932721135, 201.7398619665812873 ) ) ;
#4328 = LINE ( 'NONE', #7205, #3867 ) ;
#4329 = EDGE_CURVE ( 'NONE', #711, #4634, #2392, .T. ) ;
#4330 = CARTESIAN_POINT ( 'NONE',  ( -20.64122102234113854, 100.2593745959623845, 335.5083666441049672 ) ) ;
#4331 = CARTESIAN_POINT ( 'NONE',  ( 7.664988434405163531, -55.04052527748910961, 149.1147833856423404 ) ) ;
#4332 = CARTESIAN_POINT ( 'NONE',  ( -31.76460023555167922, 17.21542949463208672, 338.6153906004792589 ) ) ;
#4333 = CARTESIAN_POINT ( 'NONE',  ( 48.30766283873170153, 40.15634284517654606, 190.8497721889134198 ) ) ;
#4334 = CARTESIAN_POINT ( 'NONE',  ( -0.6964364060617879160, 96.50177235672518350, 179.5616452950932569 ) ) ;
#4335 = CARTESIAN_POINT ( 'NONE',  ( -7.102195459171437797, -53.46846619629948805, 82.48993615754748987 ) ) ;
#4336 = CARTESIAN_POINT ( 'NONE',  ( 37.24296288804752919, -5.364387145843664939, 9.999999999999998224 ) ) ;
#4337 = CARTESIAN_POINT ( 'NONE',  ( -1.180827270852503608, 94.26485367869941001, 161.8299423842309750 ) ) ;
#4338 = CARTESIAN_POINT ( 'NONE',  ( -40.45190724635617130, 65.45893130789542624, 282.9263418097875729 ) ) ;
#4339 = CARTESIAN_POINT ( 'NONE',  ( 38.22963690408025172, 84.93437126519317815, 221.5966982805643681 ) ) ;
#4340 = CARTESIAN_POINT ( 'NONE',  ( 9.133713764392126677, 80.50047761715295280, 119.6085590946319996 ) ) ;
#4341 = CARTESIAN_POINT ( 'NONE',  ( 30.86130304168775140, 77.98023025200083680, 125.2842594564508261 ) ) ;
#4342 = CARTESIAN_POINT ( 'NONE',  ( 44.79983511812461927, 55.26735617642732734, 141.1791868882782239 ) ) ;
#4343 = FACE_OUTER_BOUND ( 'NONE', #4826, .T. ) ;
#4344 = CARTESIAN_POINT ( 'NONE',  ( -7.304692170745167523, 95.55149740441268591, 191.0473883444853698 ) ) ;
#4345 = CARTESIAN_POINT ( 'NONE',  ( -41.72602723070334463, 60.43484453319156557, 129.8830188207394372 ) ) ;
#4346 = CARTESIAN_POINT ( 'NONE',  ( 52.57039246446827718, 28.84613620870438311, 201.7378996266619424 ) ) ;
#4347 = CARTESIAN_POINT ( 'NONE',  ( -11.24312152758766459, 93.87464150156640130, 184.9639551988759081 ) ) ;
#4348 = CARTESIAN_POINT ( 'NONE',  ( 13.84098645673491568, -18.33915228317448864, 404.9187798778207821 ) ) ;
#4349 = CARTESIAN_POINT ( 'NONE',  ( -0.6723110825342663022, 97.68262453945195034, 180.3818327111491442 ) ) ;
#4350 = AXIS2_PLACEMENT_3D ( 'NONE', #5653, #5062, #1518 ) ;
#4351 = CARTESIAN_POINT ( 'NONE',  ( 32.71639082994388303, 76.56261631625369546, 125.2853859606381235 ) ) ;
#4352 = CARTESIAN_POINT ( 'NONE',  ( -26.11374197111771167, 93.19377729135293009, 190.7394235034460337 ) ) ;
#4353 = CARTESIAN_POINT ( 'NONE',  ( -19.59418128329283704, -41.74488511344410568, 297.5739432275273089 ) ) ;
#4354 = ORIENTED_EDGE ( 'NONE', *, *, #5572, .F. ) ;
#4355 = CARTESIAN_POINT ( 'NONE',  ( -48.37648068594245387, 41.59121960321319023, 181.0629794516092659 ) ) ;
#4356 = CARTESIAN_POINT ( 'NONE',  ( -31.46780293127350703, 83.00602272755136823, 181.5057743873607023 ) ) ;
#4357 = CARTESIAN_POINT ( 'NONE',  ( 38.11479169818781543, -6.660225949632801346, 322.2740212379210334 ) ) ;
#4358 = CARTESIAN_POINT ( 'NONE',  ( -39.68840218272915621, 74.10867632275170536, 149.0283759203965133 ) ) ;
#4359 = CARTESIAN_POINT ( 'NONE',  ( -38.78007181413723004, 69.07948136727117117, 120.0000000000000426 ) ) ;
#4360 = CARTESIAN_POINT ( 'NONE',  ( -42.89866677384057425, -3.773409384126030996, 296.6523999009182262 ) ) ;
#4361 = CARTESIAN_POINT ( 'NONE',  ( 38.81391679431421693, 72.43254581552233162, 174.9284130469783349 ) ) ;
#4362 = CARTESIAN_POINT ( 'NONE',  ( -8.132384995964381247, 113.4590439221666571, 389.9938575753274677 ) ) ;
#4363 = CARTESIAN_POINT ( 'NONE',  ( -50.85316943093211961, -27.50472058816160015, 82.47186014571587975 ) ) ;
#4364 = VECTOR ( 'NONE', #7249, 1000.000000000000000 ) ;
#4365 = CARTESIAN_POINT ( 'NONE',  ( 2.446430303705627640, 83.99991872435619200, 131.6047777131627754 ) ) ;
#4366 = CARTESIAN_POINT ( 'NONE',  ( -22.48739415181663048, 102.1302384031203729, 297.8185938657967426 ) ) ;
#4367 = CARTESIAN_POINT ( 'NONE',  ( 4.636443085687899313, -33.38049028337729851, 373.1934686344453098 ) ) ;
#4368 = CARTESIAN_POINT ( 'NONE',  ( -50.80819246605242512, 17.81432778232971259, 236.0380795534699132 ) ) ;
#4369 = CARTESIAN_POINT ( 'NONE',  ( 33.82328441186792389, 77.10999758785649760, 159.4449647161774237 ) ) ;
#4370 = CARTESIAN_POINT ( 'NONE',  ( 50.01280323762942714, 26.63924916465423109, 177.7927162025043799 ) ) ;
#4371 = CARTESIAN_POINT ( 'NONE',  ( 0.5057462462598985020, 94.23955032089114070, 161.6722230930132866 ) ) ;
#4372 = CARTESIAN_POINT ( 'NONE',  ( -3.234203844837741926, -40.39483810678468956, 9.999999999999998224 ) ) ;
#4373 = CARTESIAN_POINT ( 'NONE',  ( 54.37044122408212843, -3.972773824086305972, 192.3476413295970815 ) ) ;
#4374 = CARTESIAN_POINT ( 'NONE',  ( 3.037553700420325686, 96.33329458531540013, 172.9956138440033726 ) ) ;
#4375 = CARTESIAN_POINT ( 'NONE',  ( -47.95162308707446641, 60.31351226665817222, 211.2187495458841511 ) ) ;
#4376 = CARTESIAN_POINT ( 'NONE',  ( 37.23408163182508446, 79.52219626103762096, 283.1636421020846228 ) ) ;
#4377 = CARTESIAN_POINT ( 'NONE',  ( 19.02238089006189270, 40.18290070593162255, 17.19902550245420159 ) ) ;
#4378 = CARTESIAN_POINT ( 'NONE',  ( 42.03572092539241112, 63.61224278788571240, 153.2458341615841277 ) ) ;
#4379 = CARTESIAN_POINT ( 'NONE',  ( 1.229204914464844922, 114.9777999077196142, 409.0779284778315628 ) ) ;
#4380 = CARTESIAN_POINT ( 'NONE',  ( 0.000000000000000000, 97.68513765604484433, 180.3813305183697935 ) ) ;
#4381 = CARTESIAN_POINT ( 'NONE',  ( -38.97044124355119976, 73.89891525502217462, 191.1295564529684441 ) ) ;
#4382 = CARTESIAN_POINT ( 'NONE',  ( 26.52010035887316874, 7.041817363494678794, 359.5998399392112788 ) ) ;
#4383 = VERTEX_POINT ( 'NONE', #3526 ) ;
#4384 = CARTESIAN_POINT ( 'NONE',  ( -6.358479499052459794, 92.87181246264962908, 175.3404355655749498 ) ) ;
#4385 = CARTESIAN_POINT ( 'NONE',  ( 45.28853505621550823, -35.98079067999533720, 211.2092936939693004 ) ) ;
#4386 = FACE_OUTER_BOUND ( 'NONE', #2466, .T. ) ;
#4387 = EDGE_CURVE ( 'NONE', #4718, #282, #6518, .T. ) ;
#4388 = CARTESIAN_POINT ( 'NONE',  ( 29.42402334394974872, 95.83469299545024001, 283.4562711395786323 ) ) ;
#4389 = CARTESIAN_POINT ( 'NONE',  ( 18.63930681585454252, 78.54860343942030454, 119.9999999999999716 ) ) ;
#4390 = CARTESIAN_POINT ( 'NONE',  ( -19.34030684620329055, -52.07729705973446244, 82.48706848365618782 ) ) ;
#4391 = VERTEX_POINT ( 'NONE', #5784 ) ;
#4392 = SHAPE_DEFINITION_REPRESENTATION ( #7303, #3561 ) ;
#4393 = CARTESIAN_POINT ( 'NONE',  ( -47.65731532513451896, 40.34799234876457774, 118.9507710071458604 ) ) ;
#4394 = CARTESIAN_POINT ( 'NONE',  ( 48.97264855841746112, 51.59835618095627296, 125.3029892364779272 ) ) ;
#4395 = CARTESIAN_POINT ( 'NONE',  ( -29.41818617767814459, 72.87873698759513275, 119.4246570581505011 ) ) ;
#4396 = CARTESIAN_POINT ( 'NONE',  ( 54.40528427903138464, -6.605821850106935678, 192.3475893745212488 ) ) ;
#4397 = CARTESIAN_POINT ( 'NONE',  ( -39.96711300769615605, 81.27102254581778595, 211.2195015028282228 ) ) ;
#4398 = CARTESIAN_POINT ( 'NONE',  ( -8.946430303705575682, 82.85773577647930210, 129.4512127188714885 ) ) ;
#4399 = CARTESIAN_POINT ( 'NONE',  ( -37.98629331643679308, -4.880569643597515217, 322.2731591139782950 ) ) ;
#4400 = CARTESIAN_POINT ( 'NONE',  ( 39.09176660819573357, 71.56482418155390235, 171.7710584821413420 ) ) ;
#4401 = CARTESIAN_POINT ( 'NONE',  ( -12.70082764031642242, 107.0885464565526632, 267.5875769603583194 ) ) ;
#4402 = CARTESIAN_POINT ( 'NONE',  ( -39.96601093788277126, -27.82646003949521685, 282.4930707143084874 ) ) ;
#4403 = CARTESIAN_POINT ( 'NONE',  ( -13.76295880158893858, 79.86539528515098141, 120.0000000000000142 ) ) ;
#4404 = CARTESIAN_POINT ( 'NONE',  ( -18.43617632886868662, 89.91191004688755584, 372.7978803979723352 ) ) ;
#4405 = CARTESIAN_POINT ( 'NONE',  ( 6.889900263545648329, -50.45315609857289729, 236.3531283597595802 ) ) ;
#4406 = CARTESIAN_POINT ( 'NONE',  ( -32.56694944330950392, 7.760619002982344306, 338.7901106084835305 ) ) ;
#4407 = CARTESIAN_POINT ( 'NONE',  ( 33.41175786370742884, 72.00536764565289616, 130.0912218667502032 ) ) ;
#4408 = CARTESIAN_POINT ( 'NONE',  ( 51.78678516725445036, 42.96887355260941632, 184.1790585091278842 ) ) ;
#4409 = ADVANCED_FACE ( 'NONE', ( #460 ), #4728, .F. ) ;
#4410 = CARTESIAN_POINT ( 'NONE',  ( -47.37466028503006754, -6.278915351545826695, 266.0946547227277392 ) ) ;
#4411 = CARTESIAN_POINT ( 'NONE',  ( 47.01014587096712205, 49.63449256390118336, 185.0497200808179343 ) ) ;
#4412 = CARTESIAN_POINT ( 'NONE',  ( -4.066560519961885944, -46.00170559318671337, 283.5750265474619596 ) ) ;
#4413 = VECTOR ( 'NONE', #3766, 1000.000000000000000 ) ;
#4414 = CARTESIAN_POINT ( 'NONE',  ( 53.79588747919799374, -3.940359134284316500, 201.7386321133462275 ) ) ;
#4415 = CARTESIAN_POINT ( 'NONE',  ( 1.999999999999997113, 93.49317265539254151, 163.3472525273979272 ) ) ;
#4416 = CARTESIAN_POINT ( 'NONE',  ( -23.00435977792310283, 55.11807535553196402, 356.9540557241359693 ) ) ;
#4417 = CARTESIAN_POINT ( 'NONE',  ( 41.33395753221566338, 77.76891483934041105, 251.4601220063464382 ) ) ;
#4418 = CARTESIAN_POINT ( 'NONE',  ( 45.34491132751911380, 56.82025130777341104, 190.9383679335715840 ) ) ;
#4419 = CARTESIAN_POINT ( 'NONE',  ( 53.07224516895418276, 31.83664044031332097, 182.0181203171324569 ) ) ;
#4420 = CARTESIAN_POINT ( 'NONE',  ( -41.33322071650303542, 68.78891414990455644, 187.5516660778250753 ) ) ;
#4421 = CARTESIAN_POINT ( 'NONE',  ( -41.07623852899426709, 68.18476503788032517, 174.8647838228932017 ) ) ;
#4422 = CARTESIAN_POINT ( 'NONE',  ( 39.71041599710241599, 5.647415474637229593, 17.37155912993511819 ) ) ;
#4423 = ORIENTED_EDGE ( 'NONE', *, *, #7516, .F. ) ;
#4424 = CARTESIAN_POINT ( 'NONE',  ( -2.228524427540164332, 88.97333299534510331, 153.7514512789615537 ) ) ;
#4425 = CARTESIAN_POINT ( 'NONE',  ( 36.03044067800464489, -41.69021531762807342, 236.1799888489021271 ) ) ;
#4426 = CARTESIAN_POINT ( 'NONE',  ( 2.406522971870515892, 94.17710476418743326, 161.5237374511418409 ) ) ;
#4427 = CARTESIAN_POINT ( 'NONE',  ( 13.50652890586522936, 80.83400105477107900, 403.3251424326149959 ) ) ;
#4428 = CARTESIAN_POINT ( 'NONE',  ( -2.000000000000001332, 109.3795709624396579, 160.2304650945401647 ) ) ;
#4429 = CARTESIAN_POINT ( 'NONE',  ( -6.969389416332742115, -25.22917316886741546, 409.0779284778317901 ) ) ;
#4430 = EDGE_LOOP ( 'NONE', ( #3123, #4158, #1723, #5135 ) ) ;
#4431 = CARTESIAN_POINT ( 'NONE',  ( -46.78808350540388972, 50.40493529566524700, 187.5927573174829206 ) ) ;
#4432 = CARTESIAN_POINT ( 'NONE',  ( 32.11932904389750831, 63.90650640742774868, 321.5764151017434074 ) ) ;
#4433 = CARTESIAN_POINT ( 'NONE',  ( -21.33115304342852525, 85.25925713826386243, 153.6729671701545783 ) ) ;
#4434 = CARTESIAN_POINT ( 'NONE',  ( 55.96432163972422558, -12.14451914440662605, 125.3254503680148133 ) ) ;
#4435 = CARTESIAN_POINT ( 'NONE',  ( -31.17297337175079974, 43.33230512748012586, 34.08089704958322130 ) ) ;
#4436 = DIRECTION ( 'NONE',  ( -3.406996906818447161E-15, 0.1925219665259060853, 0.9812926639922453509 ) ) ;
#4437 = CARTESIAN_POINT ( 'NONE',  ( -38.06266273839597858, -5.835323823584555036, 322.2737829718018361 ) ) ;
#4438 = CARTESIAN_POINT ( 'NONE',  ( 39.14446083064746063, 68.88682472452008199, 153.3247961131905868 ) ) ;
#4439 = CARTESIAN_POINT ( 'NONE',  ( -8.097751355627073266, 113.2664821021386246, 371.2895744942143779 ) ) ;
#4440 = CARTESIAN_POINT ( 'NONE',  ( -34.71408397382622724, -24.66310679959378760, 321.9738861003013426 ) ) ;
#4441 = CARTESIAN_POINT ( 'NONE',  ( -0.1666673956509281407, 90.70772130924328280, 162.3651403965925510 ) ) ;
#4442 = CARTESIAN_POINT ( 'NONE',  ( -34.97143089064221755, 75.75798709180213564, 159.4184875633508511 ) ) ;
#4443 = CARTESIAN_POINT ( 'NONE',  ( -29.00352473893347138, 71.15653855567848041, 95.91528783182911866 ) ) ;
#4444 = EDGE_CURVE ( 'NONE', #564, #5775, #5843, .T. ) ;
#4445 = CARTESIAN_POINT ( 'NONE',  ( 6.388269702700899444, -47.62124436672880279, 267.3669795238054121 ) ) ;
#4446 = CARTESIAN_POINT ( 'NONE',  ( -54.08817850606153854, 5.564220918259667137, 192.3485954874197716 ) ) ;
#4447 = CARTESIAN_POINT ( 'NONE',  ( 33.71690596033536735, 71.69399131250156643, 130.0837066315348807 ) ) ;
#4448 = CARTESIAN_POINT ( 'NONE',  ( 6.280145979950614077, 94.63777720881935807, 185.5324260786038622 ) ) ;
#4449 = CARTESIAN_POINT ( 'NONE',  ( -40.58067204740910938, -6.444519036269055867, 17.38835079535924777 ) ) ;
#4450 = CARTESIAN_POINT ( 'NONE',  ( 46.28506920965330806, 53.17820630750177457, 185.5125991281192057 ) ) ;
#4451 = CARTESIAN_POINT ( 'NONE',  ( -0.8626648274735992938, -36.80163856328391603, 354.2068946924327975 ) ) ;
#4452 = CARTESIAN_POINT ( 'NONE',  ( 14.25025020782451612, -3.604554975479502765, 397.6150792719110427 ) ) ;
#4453 = CARTESIAN_POINT ( 'NONE',  ( -0.4999999999999904521, 96.50574888332657508, 179.5707641100899821 ) ) ;
#4454 = CARTESIAN_POINT ( 'NONE',  ( -52.31769243872171415, 41.00271869968549510, 174.9380804985118800 ) ) ;
#4455 = CARTESIAN_POINT ( 'NONE',  ( 39.43991858397227901, 61.80966359378727759, 95.91591011926962551 ) ) ;
#4456 = EDGE_CURVE ( 'NONE', #282, #1358, #7600, .T. ) ;
#4457 = CARTESIAN_POINT ( 'NONE',  ( 46.31561240166487892, 52.91471004417736879, 171.5655807850764631 ) ) ;
#4458 = CARTESIAN_POINT ( 'NONE',  ( 53.41765315216136401, 28.74807777766652350, 179.1704884474012829 ) ) ;
#4459 = CARTESIAN_POINT ( 'NONE',  ( 0.4999999999999796274, 93.97526499812197187, 180.0672253104210938 ) ) ;
#4460 = CARTESIAN_POINT ( 'NONE',  ( -39.78922530413400693, 65.97796849765803984, 141.3169672731284265 ) ) ;
#4461 = CARTESIAN_POINT ( 'NONE',  ( 36.03280546974131227, 7.104117442569688912, 10.00000000000000178 ) ) ;
#4462 = CARTESIAN_POINT ( 'NONE',  ( -7.402435058351037434, 86.14837328464604127, 141.7554679747773037 ) ) ;
#4463 = CARTESIAN_POINT ( 'NONE',  ( 40.57453079262381834, -45.78873396600582169, 125.3269375355641273 ) ) ;
#4464 = DIRECTION ( 'NONE',  ( 0.000000000000000000, 0.000000000000000000, 1.000000000000000000 ) ) ;
#4465 = B_SPLINE_CURVE_WITH_KNOTS ( 'NONE', 3,
 ( #4459, #6900, #7445, #6331, #5083, #1462, #1009, #2128, #6860, #1582, #6214, #3378, #5755, #432 ),
 .UNSPECIFIED., .F., .F.,
 ( 4, 2, 2, 2, 2, 2, 4 ),
 ( 2.808083626737456484E-17, 0.0002929158597197280625, 0.0005858317194394280442, 0.0008787475791591280259, 0.001171663438878828116, 0.001757495158318175821, 0.002343326877757523959 ),
 .UNSPECIFIED. ) ;
#4466 = CARTESIAN_POINT ( 'NONE',  ( 25.44681982927693653, 96.64453114867734485, 309.2818806344806717 ) ) ;
#4467 = CARTESIAN_POINT ( 'NONE',  ( 13.65262319938098834, 79.88789983508696935, 120.0000000000000284 ) ) ;
#4468 = CARTESIAN_POINT ( 'NONE',  ( -15.22188014730071259, -52.72311171003833152, 82.48824992233798525 ) ) ;
#4469 = ORIENTED_EDGE ( 'NONE', *, *, #5030, .F. ) ;
#4470 = CARTESIAN_POINT ( 'NONE',  ( -48.03544551822091080, 43.40799606833279967, 141.0948495488032961 ) ) ;
#4471 = CARTESIAN_POINT ( 'NONE',  ( 6.895784028807172561, 50.91869651295078114, 404.4415512016532830 ) ) ;
#4472 = CARTESIAN_POINT ( 'NONE',  ( -27.47208478477084270, 86.03066012695515496, 178.3507819182929666 ) ) ;
#4473 = CARTESIAN_POINT ( 'NONE',  ( 52.87915475485513639, -11.84542536063591278, 211.2170985286308849 ) ) ;
#4474 = CARTESIAN_POINT ( 'NONE',  ( -5.000000000000000000, 66.84531496254926708, 409.0779284778316196 ) ) ;
#4475 = CARTESIAN_POINT ( 'NONE',  ( 0.3371634350113499878, 94.04711368456933940, 160.6901614038787613 ) ) ;
#4476 = CARTESIAN_POINT ( 'NONE',  ( -52.34292122267462588, -4.848222456011574089, 221.5228448069219098 ) ) ;
#4477 = CARTESIAN_POINT ( 'NONE',  ( 38.70652241026900242, 65.50017531736843068, 129.9616051368199692 ) ) ;
#4478 = CARTESIAN_POINT ( 'NONE',  ( -14.61482154869493932, 100.7750645331863524, 211.2203698486674455 ) ) ;
#4479 = CARTESIAN_POINT ( 'NONE',  ( -28.46879259145727303, -21.06847728872406478, 358.5182348061317157 ) ) ;
#4480 = CARTESIAN_POINT ( 'NONE',  ( -0.4999999999999996669, 93.25755166443104827, 161.8648835697545110 ) ) ;
#4481 = CARTESIAN_POINT ( 'NONE',  ( -35.44646552432107001, 69.79872003658670110, 130.0417128981303847 ) ) ;
#4482 = CARTESIAN_POINT ( 'NONE',  ( -33.14203216115605954, 87.98592762996698013, 192.3833585367695491 ) ) ;
#4483 = CARTESIAN_POINT ( 'NONE',  ( 2.811682238921489940, -54.38739207093954064, 95.91149824156103421 ) ) ;
#4484 = CARTESIAN_POINT ( 'NONE',  ( -12.40316598443284768, 3.570717399853333696, 397.4584027819377638 ) ) ;
#4485 = CARTESIAN_POINT ( 'NONE',  ( 10.40618942699100913, 90.66302099582983942, 165.8799003617268681 ) ) ;
#4486 = CARTESIAN_POINT ( 'NONE',  ( 33.62000583979098423, 80.65838749106093530, 181.4618366847314235 ) ) ;
#4487 = AXIS2_PLACEMENT_3D ( 'NONE', #566, #2862, #7629 ) ;
#4488 = CARTESIAN_POINT ( 'NONE',  ( 31.63423594630199176, 89.03676094515792272, 190.1964350158972934 ) ) ;
#4489 = CARTESIAN_POINT ( 'NONE',  ( -9.544548255845839435, -6.743746045086243868, 409.0779284778315628 ) ) ;
#4490 = DIRECTION ( 'NONE',  ( 3.343261070905212782E-15, 0.000000000000000000, -1.000000000000000000 ) ) ;
#4491 = CARTESIAN_POINT ( 'NONE',  ( -1.099151737956372665, -51.87674202349462860, 61.09561751996819368 ) ) ;
#4492 = CARTESIAN_POINT ( 'NONE',  ( 49.64632811970438553, -2.112328273136557577, 250.8450886823452208 ) ) ;
#4493 = CARTESIAN_POINT ( 'NONE',  ( -2.446430303705618758, 83.68617293130459700, 130.3077437831010457 ) ) ;
#4494 = CARTESIAN_POINT ( 'NONE',  ( -49.40787041000889701, 50.57741582521872203, 221.5582872790466524 ) ) ;
#4495 = CARTESIAN_POINT ( 'NONE',  ( 10.29036174037368134, 66.27597474889782347, 392.9819229557825224 ) ) ;
#4496 = CARTESIAN_POINT ( 'NONE',  ( 46.85854016844433545, 50.52223339955887838, 177.8838810452505470 ) ) ;
#4497 = CARTESIAN_POINT ( 'NONE',  ( 53.29178713694373215, 29.82100098621159745, 180.4875272067880303 ) ) ;
#4498 = DIRECTION ( 'NONE',  ( -2.775557561562891351E-17, -0.9812926639922455729, 0.1925219665259061130 ) ) ;
#4499 = CARTESIAN_POINT ( 'NONE',  ( -40.32383242818576718, 68.62563907764250359, 165.4378904373180319 ) ) ;
#4500 = CARTESIAN_POINT ( 'NONE',  ( 42.12838131198974168, 12.95620478889802385, 296.7153810398037308 ) ) ;
#4501 = CARTESIAN_POINT ( 'NONE',  ( -4.325943581346876954, 92.47990757977036935, 172.1942858834714514 ) ) ;
#4502 = CARTESIAN_POINT ( 'NONE',  ( 36.75418557684559318, -43.11329065600710209, 61.09761998107961034 ) ) ;
#4503 = CARTESIAN_POINT ( 'NONE',  ( -3.038240967837851692, 97.19915715014390400, 177.9263847027587246 ) ) ;
#4504 = CARTESIAN_POINT ( 'NONE',  ( 16.61706207014481151, 86.33788977857967950, 373.1611835217290718 ) ) ;
#4505 = CARTESIAN_POINT ( 'NONE',  ( 1.999999999999953593, 94.44388838208493553, 168.2565567171716339 ) ) ;
#4506 = CARTESIAN_POINT ( 'NONE',  ( -12.46034949846831275, -43.48362242445576697, 297.7297543013017389 ) ) ;
#4507 = ORIENTED_EDGE ( 'NONE', *, *, #5348, .F. ) ;
#4508 = CARTESIAN_POINT ( 'NONE',  ( -47.46110956905101119, 47.02769332878070685, 184.3122706252094076 ) ) ;
#4509 = CARTESIAN_POINT ( 'NONE',  ( 49.19867497242078969, 56.65995086438273631, 174.9400116350131782 ) ) ;
#4510 = CARTESIAN_POINT ( 'NONE',  ( -24.31031247608011370, 89.67502791087414948, 188.1086906206783738 ) ) ;
#4511 = CARTESIAN_POINT ( 'NONE',  ( 40.50221767446985410, -10.70507791529158226, 309.1863018646396313 ) ) ;
#4512 = CARTESIAN_POINT ( 'NONE',  ( -37.46326638331698433, 59.70487645792716336, 82.47941604845375707 ) ) ;
#4513 = CARTESIAN_POINT ( 'NONE',  ( -2.000000000000063061, 91.92166779101239626, 168.7513052204910196 ) ) ;
#4514 = CARTESIAN_POINT ( 'NONE',  ( -55.20740612548598847, -5.071827626257414678, 106.4752675288961967 ) ) ;
#4515 = CARTESIAN_POINT ( 'NONE',  ( 39.44083387614379177, 73.00407867006680362, 191.1155357029378763 ) ) ;
#4516 = CARTESIAN_POINT ( 'NONE',  ( -14.85335222316819248, 84.94359829957943475, 125.2779647288901401 ) ) ;
#4517 = CARTESIAN_POINT ( 'NONE',  ( -23.82472647837007429, -18.78645823521578606, 378.4645645396237228 ) ) ;
#4518 = EDGE_LOOP ( 'NONE', ( #3810, #6870, #6618, #399, #6904, #5008, #4835, #6952, #6003, #2809, #3776, #5845, #5147, #7044, #5716, #901, #5647, #7455, #754, #2962, #5857, #175 ) ) ;
#4519 = CARTESIAN_POINT ( 'NONE',  ( 0.000000000000000000, 94.04758353641027213, 160.6900679399675766 ) ) ;
#4520 = CARTESIAN_POINT ( 'NONE',  ( -36.35237046251453563, 73.98639943345607151, 159.3866392768660489 ) ) ;
#4521 = CARTESIAN_POINT ( 'NONE',  ( -19.26023504266748887, 92.57755901091972817, 372.5926155607066903 ) ) ;
#4522 = ADVANCED_FACE ( 'NONE', ( #2944 ), #2869, .F. ) ;
#4523 = CARTESIAN_POINT ( 'NONE',  ( 3.943619378247300578, -47.86392954050926818, 34.31883831212976332 ) ) ;
#4524 = CARTESIAN_POINT ( 'NONE',  ( -26.72040713285090874, 5.033497415009460241, 359.6504222582219086 ) ) ;
#4525 =( BOUNDED_SURFACE ( )  B_SPLINE_SURFACE ( 3, 2, ( 
 ( #1896, #4272, #2531 ),
 ( #707, #7294, #1242 ),
 ( #3728, #7221, #2456 ),
 ( #6066, #3618, #3656 ),
 ( #3579, #129, #2495 ),
 ( #2567, #6099, #7258 ),
 ( #1822, #6030, #4825 ),
 ( #4861, #6643, #1314 ),
 ( #744, #164, #7144 ),
 ( #4899, #4195, #3112 ),
 ( #7182, #5485, #5372 ),
 ( #1930, #6676, #779 ),
 ( #3147, #52, #5521 ),
 ( #4933, #2418, #4157 ),
 ( #6533, #6290, #1541 ),
 ( #6175, #967, #851 ) ),
 .UNSPECIFIED., .F., .F., .T. ) 
 B_SPLINE_SURFACE_WITH_KNOTS ( ( 4, 2, 2, 2, 2, 2, 2, 4 ),
 ( 3, 3 ),
 ( -4.336808689942017736E-19, 0.0004881931110332759366, 0.0009763862220665523069, 0.001464579333099828677, 0.001952772444133105047, 0.002440965555166381418, 0.002929158666199657788, 0.003905544888266210529 ),
 ( 0.000000000000000000, 1.000000000000000000 ),
 .UNSPECIFIED. ) 
 GEOMETRIC_REPRESENTATION_ITEM ( )  RATIONAL_B_SPLINE_SURFACE ( (
 ( 1.000000000000000000, 0.6991185428208900321, 1.000000000000000000),
 ( 1.000000000000000000, 0.6989728723875188177, 1.000000000000000000),
 ( 1.000000000000000000, 0.6987424999166904627, 1.000000000000000000),
 ( 1.000000000000000000, 0.6981273767387869977, 1.000000000000000000),
 ( 1.000000000000000000, 0.6977370696569821229, 1.000000000000000000),
 ( 1.000000000000000000, 0.6968570791547298304, 1.000000000000000000),
 ( 1.000000000000000000, 0.6963708402270899489, 1.000000000000000000),
 ( 1.000000000000000000, 0.6953699469408899381, 1.000000000000000000),
 ( 1.000000000000000000, 0.6948525496442949922, 1.000000000000000000),
 ( 1.000000000000000000, 0.6939127757502443483, 1.000000000000000000),
 ( 1.000000000000000000, 0.6934848550787380272, 1.000000000000000000),
 ( 1.000000000000000000, 0.6927987787107878770, 1.000000000000000000),
 ( 1.000000000000000000, 0.6925480939796013757, 1.000000000000000000),
 ( 1.000000000000000000, 0.6921900672537341093, 1.000000000000000000),
 ( 1.000000000000000000, 0.6924826775302409532, 1.000000000000000000),
 ( 1.000000000000000000, 0.6934547685906206071, 1.000000000000000000) ) ) 
 REPRESENTATION_ITEM ( '' )  SURFACE ( )  );
#4526 = CARTESIAN_POINT ( 'NONE',  ( 19.40537527452006827, 92.10589991045745251, 188.1675671595698986 ) ) ;
#4527 = CARTESIAN_POINT ( 'NONE',  ( 36.53370259653748064, 68.46238643222507392, 130.0132060662620574 ) ) ;
#4528 = CARTESIAN_POINT ( 'NONE',  ( 29.76630226258655654, 90.59297159043190106, 190.3997068806706352 ) ) ;
#4529 = CARTESIAN_POINT ( 'NONE',  ( -52.26911379350462994, -6.252828122907513553, 221.5227896405066872 ) ) ;
#4530 = EDGE_CURVE ( 'NONE', #4391, #5056, #537, .T. ) ;
#4531 = CARTESIAN_POINT ( 'NONE',  ( 1.962970091625069857, 94.43842717474720416, 162.7712214014543122 ) ) ;
#4532 = CARTESIAN_POINT ( 'NONE',  ( 0.000000000000000000, -44.41900128634053146, 297.8504200200889613 ) ) ;
#4533 = CARTESIAN_POINT ( 'NONE',  ( 40.58130672043027687, -5.802917149096558980, 309.1853665976517505 ) ) ;
#4534 = CARTESIAN_POINT ( 'NONE',  ( 1.250968240314820346, 93.27978978238603247, 162.0621242789526377 ) ) ;
#4535 = CARTESIAN_POINT ( 'NONE',  ( 32.83050785184322962, 80.66142642677877461, 175.0646932499961110 ) ) ;
#4536 = CARTESIAN_POINT ( 'NONE',  ( -51.72105783454171757, 42.22950757592240478, 192.3600627025052461 ) ) ;
#4537 = CARTESIAN_POINT ( 'NONE',  ( 29.63789800356834547, 77.99082012998276525, 321.3590933360292183 ) ) ;
#4538 = CARTESIAN_POINT ( 'NONE',  ( 46.68784333605720605, 51.10841972840893987, 184.3348311315833428 ) ) ;
#4539 = CARTESIAN_POINT ( 'NONE',  ( 8.097751355627073266, 113.2664821021386246, 371.2895744942143779 ) ) ;
#4540 = CARTESIAN_POINT ( 'NONE',  ( -36.61141426908154273, 77.58281759922822118, 188.7003236571893581 ) ) ;
#4541 = CARTESIAN_POINT ( 'NONE',  ( -40.75749294867229366, 66.10595685097474927, 153.2823257812975157 ) ) ;
#4542 = CARTESIAN_POINT ( 'NONE',  ( 12.31814890871418910, 5.385023673732491467, 397.4020297900083278 ) ) ;
#4543 = VERTEX_POINT ( 'NONE', #3985 ) ;
#4544 = CARTESIAN_POINT ( 'NONE',  ( -6.383864996642117262, 86.23364311599456755, 141.7567026782982680 ) ) ;
#4545 = CARTESIAN_POINT ( 'NONE',  ( 43.31596581334503782, -40.74570277972416221, 192.3881358799369252 ) ) ;
#4546 = DIRECTION ( 'NONE',  ( -1.000000000000000000, -6.286854017118685007E-16, -3.348604628904795588E-15 ) ) ;
#4547 = CARTESIAN_POINT ( 'NONE',  ( 19.53414936047056827, 78.55065835295845034, 106.4338566239078006 ) ) ;
#4548 = EDGE_CURVE ( 'NONE', #7654, #7268, #7581, .T. ) ;
#4549 = CARTESIAN_POINT ( 'NONE',  ( 2.000000000000010214, 95.35004920133150108, 173.1740833638887125 ) ) ;
#4550 = CARTESIAN_POINT ( 'NONE',  ( -6.560536881022307476, -40.22707124923965694, 9.999999999999998224 ) ) ;
#4551 = ORIENTED_EDGE ( 'NONE', *, *, #71, .T. ) ;
#4552 = CARTESIAN_POINT ( 'NONE',  ( -47.85807598579601319, 42.38427815004424559, 129.7158502452835478 ) ) ;
#4553 = CARTESIAN_POINT ( 'NONE',  ( 23.00435977792310283, 55.11807535553196402, 356.9540557241359693 ) ) ;
#4554 = CARTESIAN_POINT ( 'NONE',  ( -22.77374284980693631, 89.99921275126587261, 184.8666061239882765 ) ) ;
#4555 = CARTESIAN_POINT ( 'NONE',  ( 24.72788819030826701, -11.56675635778803013, 379.8108169319099829 ) ) ;
#4556 = CARTESIAN_POINT ( 'NONE',  ( -43.59497064300177271, 58.93011517504086072, 106.4487139493086403 ) ) ;
#4557 = CARTESIAN_POINT ( 'NONE',  ( 2.999999999999984901, 93.49317265539254151, 163.3472525273978988 ) ) ;
#4558 = CARTESIAN_POINT ( 'NONE',  ( -53.79603975428314300, -5.234958266707274710, 201.7386358935324040 ) ) ;
#4559 = CARTESIAN_POINT ( 'NONE',  ( 40.33230084319718856, 68.60974668742096583, 165.4367316688203289 ) ) ;
#4560 = CARTESIAN_POINT ( 'NONE',  ( -22.27693521369799612, 97.91570670208825788, 211.2202151646027346 ) ) ;
#4561 = CARTESIAN_POINT ( 'NONE',  ( -34.44581191650112828, -29.07558892614283153, 309.2238775260408943 ) ) ;
#4562 = EDGE_LOOP ( 'NONE', ( #5016, #4592, #2993, #3629 ) ) ;
#4563 = CARTESIAN_POINT ( 'NONE',  ( 0.000000000000000000, 94.60749277587824224, 183.6907706365113597 ) ) ;
#4564 = CARTESIAN_POINT ( 'NONE',  ( -36.61403723324389858, 77.09127098854358451, 184.6224026772640343 ) ) ;
#4565 = CARTESIAN_POINT ( 'NONE',  ( -28.89945635526742507, 96.36389117174091723, 236.4482176816873391 ) ) ;
#4566 = CARTESIAN_POINT ( 'NONE',  ( 1.198531762207990514, -52.46988325912649742, 211.1919372283173004 ) ) ;
#4567 = CARTESIAN_POINT ( 'NONE',  ( -19.67986068130492683, 6.199975668947032226, 379.8237127082174993 ) ) ;
#4568 = CARTESIAN_POINT ( 'NONE',  ( 17.54319949673081069, 81.56657495114562550, 130.3407209687019588 ) ) ;
#4569 = CARTESIAN_POINT ( 'NONE',  ( 36.20951281691078805, 76.88003330358598930, 178.1782068270822776 ) ) ;
#4570 = DIRECTION ( 'NONE',  ( -5.602867245962734761E-30, -0.9812926639922453509, 0.1925219665259060575 ) ) ;
#4571 = CARTESIAN_POINT ( 'NONE',  ( -55.32286931100284733, -6.245991859594410833, 174.9348990387802587 ) ) ;
#4572 = ADVANCED_FACE ( 'NONE', ( #2286 ), #5399, .F. ) ;
#4573 = CARTESIAN_POINT ( 'NONE',  ( -1.201022888612632178, -54.40723649315604149, 95.91147805922652481 ) ) ;
#4574 = CARTESIAN_POINT ( 'NONE',  ( 53.13786544293289893, -4.874154953485276387, 211.2172985420698978 ) ) ;
#4575 = CARTESIAN_POINT ( 'NONE',  ( -53.24478558397290584, 30.24457919944407536, 180.8717231737096540 ) ) ;
#4576 = CARTESIAN_POINT ( 'NONE',  ( 33.26321444566838892, 81.51496518764000143, 184.6955661372994939 ) ) ;
#4577 = CARTESIAN_POINT ( 'NONE',  ( -39.45309683565793080, 30.76688321736221710, 34.20697410820720563 ) ) ;
#4578 = CARTESIAN_POINT ( 'NONE',  ( 41.49436004284849133, 72.06210997859881218, 266.9107351816435880 ) ) ;
#4579 = CARTESIAN_POINT ( 'NONE',  ( 45.37842845539530856, 53.49720341501816989, 141.1635725414177784 ) ) ;
#4580 = CARTESIAN_POINT ( 'NONE',  ( 1.314184126046650691, 44.21636641687423008, 17.16247404122409037 ) ) ;
#4581 = CARTESIAN_POINT ( 'NONE',  ( -43.28802504627832093, 63.72616136972857248, 186.8903705124473049 ) ) ;
#4582 = CARTESIAN_POINT ( 'NONE',  ( -38.45048742003025666, 74.50626308897820138, 187.8410768278441765 ) ) ;
#4583 = CARTESIAN_POINT ( 'NONE',  ( 55.62849506958383472, 3.374676323315691562, 149.0510612530253809 ) ) ;
#4584 = ORIENTED_EDGE ( 'NONE', *, *, #3386, .F. ) ;
#4585 = CARTESIAN_POINT ( 'NONE',  ( 7.946428739083644999, 84.26483441512353068, 134.2704708021354918 ) ) ;
#4586 = CARTESIAN_POINT ( 'NONE',  ( 15.55552204067014088, -33.40505585495833429, 355.4961906883386291 ) ) ;
#4587 = CARTESIAN_POINT ( 'NONE',  ( 36.37390622070769552, 78.11495218099518922, 149.0265509919405531 ) ) ;
#4588 = CARTESIAN_POINT ( 'NONE',  ( -1.693417855747080480, 93.33613548638076907, 162.4466637444258481 ) ) ;
#4589 = CARTESIAN_POINT ( 'NONE',  ( 20.01174873569482315, 104.3347249365812814, 283.6650108671940416 ) ) ;
#4590 = AXIS2_PLACEMENT_3D ( 'NONE', #2906, #4612, #7053 ) ;
#4591 = CARTESIAN_POINT ( 'NONE',  ( 49.99982670693685094, 27.37193695052570064, 176.0928815460522117 ) ) ;
#4592 = ORIENTED_EDGE ( 'NONE', *, *, #6936, .T. ) ;
#4593 = CARTESIAN_POINT ( 'NONE',  ( -44.35708713281533733, 60.46443311001748100, 187.6652408005590473 ) ) ;
#4594 = CARTESIAN_POINT ( 'NONE',  ( 42.80426965877578027, 47.31331191360531818, 282.6386352690501553 ) ) ;
#4595 = CARTESIAN_POINT ( 'NONE',  ( -21.21531146153741432, 90.31434770926789213, 181.6630206729857946 ) ) ;
#4596 = CARTESIAN_POINT ( 'NONE',  ( 46.26010236882148519, -15.89112958372264650, 266.1468039297853352 ) ) ;
#4597 = CARTESIAN_POINT ( 'NONE',  ( -16.27518068233529291, 63.27371450682036169, 375.3663428981856782 ) ) ;
#4598 = DIRECTION ( 'NONE',  ( 0.000000000000000000, -0.9817601533924263935, 0.1901236471638376446 ) ) ;
#4599 = CARTESIAN_POINT ( 'NONE',  ( -55.30409840741105398, -5.747419563016480382, 174.9349004662641107 ) ) ;
#4600 = CARTESIAN_POINT ( 'NONE',  ( 39.31052028550093524, 64.58822398240887708, 129.9458217160968161 ) ) ;
#4601 = CARTESIAN_POINT ( 'NONE',  ( 11.51201010840716243, 110.3774302003401715, 320.7983769936552108 ) ) ;
#4602 = CARTESIAN_POINT ( 'NONE',  ( -22.59686100366538852, 82.56110665758815514, 125.2803537222235377 ) ) ;
#4603 = CARTESIAN_POINT ( 'NONE',  ( -41.08573679467722428, -39.36872589409450285, 221.5277992088660710 ) ) ;
#4604 = ORIENTED_EDGE ( 'NONE', *, *, #7296, .F. ) ;
#4605 = CARTESIAN_POINT ( 'NONE',  ( -0.3371634350113382750, 94.04711368456931098, 160.6901614038788182 ) ) ;
#4606 = CARTESIAN_POINT ( 'NONE',  ( -35.14156344120478082, 72.43921325155743318, 141.4283438514618751 ) ) ;
#4607 = CARTESIAN_POINT ( 'NONE',  ( -34.75655760757326362, 89.51825503059345124, 221.6025027815269368 ) ) ;
#4608 = CARTESIAN_POINT ( 'NONE',  ( 2.844966258502001022, -53.03600557112638825, 201.7522196223365256 ) ) ;
#4609 = CARTESIAN_POINT ( 'NONE',  ( -51.25931822203267529, 0.2236097075457754435, 236.0017814304401327 ) ) ;
#4610 = CARTESIAN_POINT ( 'NONE',  ( 12.34599796902879199, 89.13065023211868265, 159.7255634808245759 ) ) ;
#4611 = CARTESIAN_POINT ( 'NONE',  ( 35.71450177758665490, 71.76166391555800317, 141.4124794485276482 ) ) ;
#4612 = DIRECTION ( 'NONE',  ( 1.000000000000000000, -6.559217444483719511E-16, -3.343261070905212782E-15 ) ) ;
#4613 = CARTESIAN_POINT ( 'NONE',  ( -55.96432163972422558, -12.14451914440662605, 125.3254503680148133 ) ) ;
#4614 = CARTESIAN_POINT ( 'NONE',  ( 0.000000000000000000, -50.62112415900386253, 236.3618297300487541 ) ) ;
#4615 = CARTESIAN_POINT ( 'NONE',  ( 34.51861392436198628, -5.885722532160073683, 338.9088815924127971 ) ) ;
#4616 = DIRECTION ( 'NONE',  ( 0.000000000000000000, -0.1925219665259060298, -0.9812926639922454619 ) ) ;
#4617 = CARTESIAN_POINT ( 'NONE',  ( 32.24540924342703363, 80.80431865100864286, 171.9270474575995422 ) ) ;
#4618 = CARTESIAN_POINT ( 'NONE',  ( -46.79100587960751056, 52.80477293495515312, 251.1980047815277146 ) ) ;
#4619 = CARTESIAN_POINT ( 'NONE',  ( 46.21447455200705434, 66.79848177989450164, 211.2189766464866807 ) ) ;
#4620 = B_SPLINE_CURVE_WITH_KNOTS ( 'NONE', 3,
 ( #2930, #5265, #5888, #5301, #1210, #3475, #5378, #2424, #4791, #7660, #6575, #1828, #674, #3042, #2462, #2893 ),
 .UNSPECIFIED., .F., .F.,
 ( 4, 2, 2, 2, 2, 2, 2, 4 ),
 ( 0.000000000000000000, 0.0004915031217155204886, 0.0009830062434310409773, 0.001474509365146561574, 0.001966012486862081955, 0.002457515608577602335, 0.002949018730293123149, 0.003932024973724190797 ),
 .UNSPECIFIED. ) ;
#4621 = CARTESIAN_POINT ( 'NONE',  ( 47.55693539696339656, 46.73084752939837472, 181.0865804264046233 ) ) ;
#4622 = CARTESIAN_POINT ( 'NONE',  ( 1.491916122182677551, 96.42107963073173948, 179.2097661026571984 ) ) ;
#4623 = CARTESIAN_POINT ( 'NONE',  ( 1.493670337498563816, 111.3910238415857918, 298.0087188451853422 ) ) ;
#4624 = CARTESIAN_POINT ( 'NONE',  ( -1.952222803842053489, 93.42259339104246862, 162.9656424179936778 ) ) ;
#4625 = CARTESIAN_POINT ( 'NONE',  ( -38.94545151730898169, 72.94132188919610371, 181.3387376131468613 ) ) ;
#4626 = CARTESIAN_POINT ( 'NONE',  ( 53.25453450017491974, 3.730771168483977718, 82.46882837012303469 ) ) ;
#4627 = ORIENTED_EDGE ( 'NONE', *, *, #4185, .T. ) ;
#4628 = CARTESIAN_POINT ( 'NONE',  ( 7.946428739083892800, 94.45973366132490412, 185.5673568338704911 ) ) ;
#4629 = CARTESIAN_POINT ( 'NONE',  ( 18.30989347636729292, -31.97438889485761848, 355.9724911199479038 ) ) ;
#4630 = CARTESIAN_POINT ( 'NONE',  ( 7.679521375320601528, 75.98791333050874641, 409.0779284778311649 ) ) ;
#4631 = CARTESIAN_POINT ( 'NONE',  ( 6.386076092683955707, 86.23307491418522375, 141.7549531468200144 ) ) ;
#4632 = CARTESIAN_POINT ( 'NONE',  ( 17.66751707559325624, 104.7110906796814618, 371.8809360928175920 ) ) ;
#4633 = LINE ( 'NONE', #6496, #6042 ) ;
#4634 = VERTEX_POINT ( 'NONE', #3020 ) ;
#4635 = CARTESIAN_POINT ( 'NONE',  ( -46.46345974980698657, 52.14940975754023356, 184.3416681810829232 ) ) ;
#4636 = CARTESIAN_POINT ( 'NONE',  ( 34.03696302607745139, 46.00964064787180519, 321.8398993681790330 ) ) ;
#4637 = CARTESIAN_POINT ( 'NONE',  ( -13.74942146198178250, 79.76596489873026030, 119.6006786025473758 ) ) ;
#4638 = CARTESIAN_POINT ( 'NONE',  ( 52.61454457209055846, -27.72284007574966225, 174.9518399777679747 ) ) ;
#4639 = CARTESIAN_POINT ( 'NONE',  ( -40.90722684781835738, 59.88190119215728657, 95.91602962752698147 ) ) ;
#4640 = CARTESIAN_POINT ( 'NONE',  ( 0.000000000000000000, 93.97680616000370435, 180.0669229464810712 ) ) ;
#4641 = CARTESIAN_POINT ( 'NONE',  ( 40.83432075647284165, 69.87236950130478874, 187.7707617634180792 ) ) ;
#4642 = CARTESIAN_POINT ( 'NONE',  ( 14.30626260628566904, 79.93169766535595500, 106.4324251587397612 ) ) ;
#4643 = CARTESIAN_POINT ( 'NONE',  ( -20.33758063740050659, 83.40544783690685904, 125.2795496214649518 ) ) ;
#4644 = CARTESIAN_POINT ( 'NONE',  ( -39.38456918017836017, -45.16207994966118378, 95.91499236189125099 ) ) ;
#4645 = EDGE_LOOP ( 'NONE', ( #2097, #827, #5219, #392 ) ) ;
#4646 = CARTESIAN_POINT ( 'NONE',  ( -49.65788280565870139, 27.14035999532358900, 187.5053034016697779 ) ) ;
#4647 = CARTESIAN_POINT ( 'NONE',  ( -34.10125105585272109, 77.78829263571961405, 165.5872174715092910 ) ) ;
#4648 = CARTESIAN_POINT ( 'NONE',  ( -10.92152831759074694, 78.18933645425772738, 409.0779284778315628 ) ) ;
#4649 = CARTESIAN_POINT ( 'NONE',  ( 2.881711039834468302, -53.56836269825922869, 192.4470611123404353 ) ) ;
#4650 = CARTESIAN_POINT ( 'NONE',  ( -40.38896419453714515, -0.8972540951129452935, 17.38450064581632404 ) ) ;
#4651 = CARTESIAN_POINT ( 'NONE',  ( 14.18055294048777526, 85.10869495514636185, 141.7363901116715397 ) ) ;
#4652 = CARTESIAN_POINT ( 'NONE',  ( 35.39914279178731960, 79.63396765809753219, 191.2188459264699816 ) ) ;
#4653 = CARTESIAN_POINT ( 'NONE',  ( 0.000000000000000000, 110.3652471003203743, 283.8320178816200610 ) ) ;
#4654 = CARTESIAN_POINT ( 'NONE',  ( -44.97275370922638160, -8.243004825630007915, 282.1646043028291047 ) ) ;
#4655 = DIRECTION ( 'NONE',  ( 3.406996906818449528E-15, -0.1925219665259060853, -0.9812926639922454619 ) ) ;
#4656 = CARTESIAN_POINT ( 'NONE',  ( 47.50155169126043830, -5.154000518373821116, 266.0951788664463606 ) ) ;
#4657 = CARTESIAN_POINT ( 'NONE',  ( -2.446430303705608544, 83.82034560910882703, 134.3576760388327216 ) ) ;
#4658 = CARTESIAN_POINT ( 'NONE',  ( 31.85392381478146362, 73.50437961097595974, 130.1281002851892765 ) ) ;
#4659 = CARTESIAN_POINT ( 'NONE',  ( -54.07130086926690637, 25.16433383077506392, 125.3175988513186496 ) ) ;
#4660 = CARTESIAN_POINT ( 'NONE',  ( 47.38209596074563734, 47.84806960361738959, 159.0943220855401137 ) ) ;
#4661 = CARTESIAN_POINT ( 'NONE',  ( 2.180376884845250274, 97.55095131797418162, 179.7777151134338283 ) ) ;
#4662 = CARTESIAN_POINT ( 'NONE',  ( 9.980351540137981203, 104.9402995163244725, 236.5263991277287232 ) ) ;
#4663 = CARTESIAN_POINT ( 'NONE',  ( -38.68139163283697712, 72.65424606812833019, 174.9322958689720622 ) ) ;
#4664 = CARTESIAN_POINT ( 'NONE',  ( 12.40316598443284768, 3.570717399853333696, 397.4584027819377638 ) ) ;
#4665 = CARTESIAN_POINT ( 'NONE',  ( -2.446430303705699139, 84.61590949274477680, 134.2015926103156573 ) ) ;
#4666 = CARTESIAN_POINT ( 'NONE',  ( 20.20450427912824054, -35.01224358079071663, 336.6294537848867776 ) ) ;
#4667 = CARTESIAN_POINT ( 'NONE',  ( 30.38520698410065535, 94.54496484060490502, 283.4292026492184959 ) ) ;
#4668 = CARTESIAN_POINT ( 'NONE',  ( 0.000000000000000000, 94.26984641742579640, 181.7602319835624769 ) ) ;
#4669 = CARTESIAN_POINT ( 'NONE',  ( 22.97910080184422554, 95.12909338343447985, 192.3878539251080042 ) ) ;
#4670 = CARTESIAN_POINT ( 'NONE',  ( 2.446430303705090292, 57.29324932177321728, -11.24048862569912011 ) ) ;
#4671 = ORIENTED_EDGE ( 'NONE', *, *, #3439, .T. ) ;
#4672 = CARTESIAN_POINT ( 'NONE',  ( -46.30948146878799321, 52.93957461285061328, 171.5664486586773592 ) ) ;
#4673 = CARTESIAN_POINT ( 'NONE',  ( 7.099515518358069599, 28.63440171882571761, 405.2642741591731124 ) ) ;
#4674 = CARTESIAN_POINT ( 'NONE',  ( -12.34182833023402637, 89.13167263324064038, 159.7267165463230754 ) ) ;
#4675 = CARTESIAN_POINT ( 'NONE',  ( 33.52439508640450327, -20.05473325682716990, 338.3955941221474859 ) ) ;
#4676 = AXIS2_PLACEMENT_3D ( 'NONE', #3833, #1455, #3331 ) ;
#4677 = CARTESIAN_POINT ( 'NONE',  ( 0.5057420188709403908, 94.04616428497629954, 160.6903502493981080 ) ) ;
#4678 = CARTESIAN_POINT ( 'NONE',  ( 40.55588497987458396, 69.90584395315080712, 181.2914599711978099 ) ) ;
#4679 = CARTESIAN_POINT ( 'NONE',  ( 11.57857024820258474, 111.4095115097666451, 371.4456280545525146 ) ) ;
#4680 = CARTESIAN_POINT ( 'NONE',  ( -16.54042635564701769, 106.4485157680154543, 390.3800096164603701 ) ) ;
#4681 = CARTESIAN_POINT ( 'NONE',  ( -25.93599062394584820, -31.18213085003002050, 337.2441877144313480 ) ) ;
#4682 = ORIENTED_EDGE ( 'NONE', *, *, #3386, .T. ) ;
#4683 = CARTESIAN_POINT ( 'NONE',  ( -8.946430303705596998, 94.44726712020614912, 186.2831474524963937 ) ) ;
#4684 = CARTESIAN_POINT ( 'NONE',  ( -49.78459996234909113, 26.98357952668221316, 184.2423340778024397 ) ) ;
#4685 = CARTESIAN_POINT ( 'NONE',  ( -33.80766601124265947, 78.12857550963006759, 165.5940678620604558 ) ) ;
#4686 = CARTESIAN_POINT ( 'NONE',  ( -26.25758226126028561, 47.45398614012162142, 34.03438548807967834 ) ) ;
#4687 = CARTESIAN_POINT ( 'NONE',  ( 0.2740244662608425363, -30.63364143246819182, 391.5638077824757488 ) ) ;
#4688 = CARTESIAN_POINT ( 'NONE',  ( -8.164027988926571666, -1.906259288085365267, 405.9439828609084202 ) ) ;
#4689 = CARTESIAN_POINT ( 'NONE',  ( 12.34150952147047597, 90.31389816920471958, 165.8725534955111414 ) ) ;
#4690 = CARTESIAN_POINT ( 'NONE',  ( 34.88537167006062134, 70.42969833886823494, 130.0537755250934993 ) ) ;
#4691 = DIRECTION ( 'NONE',  ( 0.000000000000000000, 1.000000000000000000, 2.040851148208008491E-16 ) ) ;
#4692 = CARTESIAN_POINT ( 'NONE',  ( -51.39579043097577227, -16.76838037746352228, 221.5232807294753457 ) ) ;
#4693 = CARTESIAN_POINT ( 'NONE',  ( 8.946430303705671605, 87.35199008296231682, 148.2683858505369301 ) ) ;
#4694 = CARTESIAN_POINT ( 'NONE',  ( 32.78400871584442200, 75.01116984746234095, 141.4847392101875130 ) ) ;
#4695 = CARTESIAN_POINT ( 'NONE',  ( -52.57039246446827718, 28.84613620870438311, 201.7378996266619424 ) ) ;
#4696 = CARTESIAN_POINT ( 'NONE',  ( 48.18928111860386565, 43.42484034845931262, 153.0781678937726440 ) ) ;
#4697 = CARTESIAN_POINT ( 'NONE',  ( 0.8390603941388673492, 97.68162297544142803, 180.3820328420285080 ) ) ;
#4698 = CARTESIAN_POINT ( 'NONE',  ( 1.803464641817566383, 103.9406128168738519, 221.6256922400351073 ) ) ;
#4699 = CARTESIAN_POINT ( 'NONE',  ( -6.118771378756190593, -45.90308176366131221, 283.5557152277190767 ) ) ;
#4700 = CARTESIAN_POINT ( 'NONE',  ( -38.92892545161073059, 72.23781994638460446, 174.9261897528876091 ) ) ;
#4701 = CARTESIAN_POINT ( 'NONE',  ( 19.84224537533825838, 4.289255417269489001, 379.8886538152437993 ) ) ;
#4702 = CARTESIAN_POINT ( 'NONE',  ( -8.946430303705596998, 94.44726712020614912, 186.2831474524963937 ) ) ;
#4703 = CARTESIAN_POINT ( 'NONE',  ( 25.55374225681365274, -51.48164753199914401, 175.0193905627105551 ) ) ;
#4704 = CARTESIAN_POINT ( 'NONE',  ( 37.93402734328657289, 82.46412032661655189, 192.3801716720411434 ) ) ;
#4705 = CARTESIAN_POINT ( 'NONE',  ( 2.229332977406481842, 88.97305538386845569, 153.7501109354146536 ) ) ;
#4706 = CARTESIAN_POINT ( 'NONE',  ( 20.33758063740050659, 83.40544783690685904, 125.2795496214649518 ) ) ;
#4707 = CARTESIAN_POINT ( 'NONE',  ( 5.444480652423141720, 94.70166484779477400, 185.5198918221648228 ) ) ;
#4708 = EDGE_LOOP ( 'NONE', ( #7259, #5758, #7333, #2278 ) ) ;
#4709 = CARTESIAN_POINT ( 'NONE',  ( -46.98214349638765697, 49.97524549211028955, 171.5475959125132022 ) ) ;
#4710 = CARTESIAN_POINT ( 'NONE',  ( 44.76571612290369018, 53.54926361810075264, 266.6275935380331248 ) ) ;
#4711 = CARTESIAN_POINT ( 'NONE',  ( -16.07730485602692383, 87.08675410132552486, 153.7161171091121332 ) ) ;
#4712 = CARTESIAN_POINT ( 'NONE',  ( 54.87540321484932093, -17.30862192864878679, 174.9392948691363472 ) ) ;
#4713 = CARTESIAN_POINT ( 'NONE',  ( 1.157074069996843591, 94.05549516638417629, 160.7690174997719055 ) ) ;
#4714 = CARTESIAN_POINT ( 'NONE',  ( 44.80344488977203099, 58.81401331625420426, 190.9545413938738818 ) ) ;
#4715 = CARTESIAN_POINT ( 'NONE',  ( 12.93255168702731872, 53.01099583676300853, 33.95198839746039710 ) ) ;
#4716 = CARTESIAN_POINT ( 'NONE',  ( -17.32179091454261766, 105.6369705196713369, 353.4132490572954453 ) ) ;
#4717 = CARTESIAN_POINT ( 'NONE',  ( -12.40582092776204703, -21.44960995392472825, 404.4351836481608302 ) ) ;
#4718 = VERTEX_POINT ( 'NONE', #651 ) ;
#4719 = CARTESIAN_POINT ( 'NONE',  ( 1.923419541421123258, 90.88039510633301177, 163.3673938890107706 ) ) ;
#4720 = DIRECTION ( 'NONE',  ( 5.602867245962734761E-30, -0.9812926639922453509, 0.1925219665259060575 ) ) ;
#4721 = B_SPLINE_CURVE_WITH_KNOTS ( 'NONE', 3,
 ( #1143, #2899, #3519, #2937 ),
 .UNSPECIFIED., .F., .F.,
 ( 4, 4 ),
 ( 2.168404344971008868E-19, 0.0005061253215267766219 ),
 .UNSPECIFIED. ) ;
#4722 = CARTESIAN_POINT ( 'NONE',  ( -34.57248975751364384, 73.10155594944264124, 141.4425460731256408 ) ) ;
#4723 = CARTESIAN_POINT ( 'NONE',  ( -33.81653421781999214, 67.66300580328906733, 95.91553206792576702 ) ) ;
#4724 = CARTESIAN_POINT ( 'NONE',  ( 0.000000000000000000, -46.06296908967431136, 283.5898144950127744 ) ) ;
#4725 = CARTESIAN_POINT ( 'NONE',  ( -55.55556129862669934, 3.129651931030709378, 125.3245882065734662 ) ) ;
#4726 = CARTESIAN_POINT ( 'NONE',  ( 27.52409834711670200, 85.49172896806729227, 175.1629431232456966 ) ) ;
#4727 = CARTESIAN_POINT ( 'NONE',  ( 37.76749160578660280, 64.27300023567690346, 119.2232698454318722 ) ) ;
#4728 = PLANE ( 'NONE',  #4590 ) ;
#4729 = CARTESIAN_POINT ( 'NONE',  ( -30.31161395342575204, -12.56933439469724512, 359.5858047390486263 ) ) ;
#4730 = FACE_OUTER_BOUND ( 'NONE', #6911, .T. ) ;
#4731 = CARTESIAN_POINT ( 'NONE',  ( 12.72337372200117755, -54.69894830948782527, 125.3282520854518935 ) ) ;
#4732 = CARTESIAN_POINT ( 'NONE',  ( -46.60101987402995150, 31.64395257808095963, 266.3408455632581422 ) ) ;
#4733 = VECTOR ( 'NONE', #446, 1000.000000000000227 ) ;
#4734 = CARTESIAN_POINT ( 'NONE',  ( 47.36131097077176122, 47.27141345243764192, 187.5755105602778485 ) ) ;
#4735 = CARTESIAN_POINT ( 'NONE',  ( -1.810463438330673691, 96.34635352968533084, 178.8433694924831627 ) ) ;
#4736 = CARTESIAN_POINT ( 'NONE',  ( 10.69917438941038412, 100.3471226704601094, 201.7340824142599445 ) ) ;
#4737 = CARTESIAN_POINT ( 'NONE',  ( -7.576879780771302642, -54.21583473164314881, 175.0420682590837771 ) ) ;
#4738 = CARTESIAN_POINT ( 'NONE',  ( -38.79595294278441031, 70.38990532051101923, 159.3307296313651307 ) ) ;
#4739 = CARTESIAN_POINT ( 'NONE',  ( 49.58567961717704264, 8.492286629419469435, 250.8733701652242019 ) ) ;
#4740 = ORIENTED_EDGE ( 'NONE', *, *, #634, .F. ) ;
#4741 = CARTESIAN_POINT ( 'NONE',  ( 18.29232991099631178, -41.19134559348568558, 17.34953906994293504 ) ) ;
#4742 = CARTESIAN_POINT ( 'NONE',  ( 33.21462827704727516, 92.41330644834791030, 267.2419169348672199 ) ) ;
#4743 = CARTESIAN_POINT ( 'NONE',  ( 0.000000000000000000, 92.57032142989223189, 172.1952743210831045 ) ) ;
#4744 = CARTESIAN_POINT ( 'NONE',  ( 27.74070868876810536, 85.34347040463742928, 149.0231241793019876 ) ) ;
#4745 = AXIS2_PLACEMENT_3D ( 'NONE', #3948, #959, #2792 ) ;
#4746 = CARTESIAN_POINT ( 'NONE',  ( -1.999999999292207065, 96.37198952151221931, 172.9905288432614157 ) ) ;
#4747 = ORIENTED_EDGE ( 'NONE', *, *, #4771, .F. ) ;
#4748 = CARTESIAN_POINT ( 'NONE',  ( -46.57068343203910388, 44.80643570508454587, 118.9811989560301839 ) ) ;
#4749 = CARTESIAN_POINT ( 'NONE',  ( 51.72105783454171757, 42.22950757592240478, 192.3600627025052461 ) ) ;
#4750 = CARTESIAN_POINT ( 'NONE',  ( -17.79160037118520421, 91.10679447804533027, 178.4726558926482198 ) ) ;
#4751 = CARTESIAN_POINT ( 'NONE',  ( 14.42890996252267222, -13.34443095794518541, 405.5686123114280122 ) ) ;
#4752 = CARTESIAN_POINT ( 'NONE',  ( -0.4999999999999904521, 96.69827084985247723, 180.5520567740822173 ) ) ;
#4753 = CARTESIAN_POINT ( 'NONE',  ( 42.80186911559918883, 61.90888752856308486, 153.2245703187714412 ) ) ;
#4754 = CARTESIAN_POINT ( 'NONE',  ( 10.39490551287486042, 80.62370166623460932, 106.4316516363538767 ) ) ;
#4755 = CARTESIAN_POINT ( 'NONE',  ( -13.22448011375671761, -19.92701231880928248, 404.6769817629927957 ) ) ;
#4756 = ORIENTED_EDGE ( 'NONE', *, *, #3353, .T. ) ;
#4757 = CARTESIAN_POINT ( 'NONE',  ( -1.491121751102697957, 93.89945199738988890, 179.7052004242958390 ) ) ;
#4758 = CARTESIAN_POINT ( 'NONE',  ( -4.635461509976261496, 82.91963242095532394, 127.4009411357428547 ) ) ;
#4759 = CARTESIAN_POINT ( 'NONE',  ( -33.77263946659795835, 81.34024288322420659, 187.9492517371778035 ) ) ;
#4760 = CARTESIAN_POINT ( 'NONE',  ( -17.38421708921468678, 87.62588582330330667, 373.0124606318696578 ) ) ;
#4761 = CARTESIAN_POINT ( 'NONE',  ( 0.000000000000000000, -33.82651559785280426, 373.0243241031068351 ) ) ;
#4762 = CARTESIAN_POINT ( 'NONE',  ( -42.68672414130514881, 4.450321536097706421, 296.6739762740718334 ) ) ;
#4763 = CARTESIAN_POINT ( 'NONE',  ( 22.12008591357249898, 77.10096263927411542, 119.5404929156225649 ) ) ;
#4764 = ADVANCED_FACE ( 'NONE', ( #4730 ), #1770, .F. ) ;
#4765 = CARTESIAN_POINT ( 'NONE',  ( 38.15817757684317257, 74.65355582410228408, 184.5848322237421542 ) ) ;
#4766 = CARTESIAN_POINT ( 'NONE',  ( -3.957108396339393597, 114.4045939806013905, 371.1720236380202778 ) ) ;
#4767 = CARTESIAN_POINT ( 'NONE',  ( -46.26010236882148519, -15.89112958372264650, 266.1468039297853352 ) ) ;
#4768 = CARTESIAN_POINT ( 'NONE',  ( 0.000000000000000000, -55.25367027560801603, 149.1163318187778373 ) ) ;
#4769 = CARTESIAN_POINT ( 'NONE',  ( 11.35576395091601576, -42.52877118921931299, 17.34298727388611994 ) ) ;
#4770 = CARTESIAN_POINT ( 'NONE',  ( -43.49273569025414332, 38.47619753015403887, 282.5153972148385151 ) ) ;
#4771 = EDGE_CURVE ( 'NONE', #2849, #6580, #2325, .T. ) ;
#4772 = CARTESIAN_POINT ( 'NONE',  ( 48.79315186513358071, 37.70102472882035016, 129.6891908745602393 ) ) ;
#4773 = CARTESIAN_POINT ( 'NONE',  ( 1.998634631468912737, 97.25509066883601861, 178.0147404329901804 ) ) ;
#4774 = CARTESIAN_POINT ( 'NONE',  ( -11.95262890326478278, -53.09543919293825809, 82.48903396800865551 ) ) ;
#4775 = CARTESIAN_POINT ( 'NONE',  ( -36.62038867201360404, 65.79051329449991670, 119.2537869064814089 ) ) ;
#4776 = CARTESIAN_POINT ( 'NONE',  ( 51.19283341886868755, -1.418342443383782125, 61.09838254482392017 ) ) ;
#4777 = CARTESIAN_POINT ( 'NONE',  ( -2.955752539386400368, 94.35378170957245914, 162.5209951414504417 ) ) ;
#4778 = CARTESIAN_POINT ( 'NONE',  ( 17.14027050436316912, -46.27119879558598114, 267.1970333143100333 ) ) ;
#4779 = CARTESIAN_POINT ( 'NONE',  ( -39.56661295389039168, 78.92109104809098596, 267.0202785905892142 ) ) ;
#4780 = CARTESIAN_POINT ( 'NONE',  ( 26.03519514340369057, 35.41622599239010327, 17.23175393959791180 ) ) ;
#4781 = CARTESIAN_POINT ( 'NONE',  ( 0.000000000000000000, 93.14805355655597907, 175.3456130339460231 ) ) ;
#4782 =( BOUNDED_SURFACE ( )  B_SPLINE_SURFACE ( 3, 2, ( 
 ( #1401, #252, #5617 ),
 ( #4914, #288, #6690 ),
 ( #2622, #2658, #7273 ),
 ( #2548, #180, #3203 ) ),
 .UNSPECIFIED., .F., .F., .T. ) 
 B_SPLINE_SURFACE_WITH_KNOTS ( ( 4, 4 ),
 ( 3, 3 ),
 ( 0.000000000000000000, 0.0005000020465236197425 ),
 ( 0.000000000000000000, 1.000000000000000000 ),
 .UNSPECIFIED. ) 
 GEOMETRIC_REPRESENTATION_ITEM ( )  RATIONAL_B_SPLINE_SURFACE ( (
 ( 1.000000000000000000, 0.7068452909082161284, 1.000000000000000000),
 ( 1.000000000000000000, 0.7068452909194716804, 1.000000000000000000),
 ( 1.000000000000000000, 0.7068457359758134606, 1.000000000000000000),
 ( 1.000000000000000000, 0.7068466317576831415, 1.000000000000000000) ) ) 
 REPRESENTATION_ITEM ( '' )  SURFACE ( )  );
#4783 = CARTESIAN_POINT ( 'NONE',  ( 21.23951168041989490, 101.3752840621368563, 320.9607903728701785 ) ) ;
#4784 = FACE_OUTER_BOUND ( 'NONE', #5570, .T. ) ;
#4785 = ORIENTED_EDGE ( 'NONE', *, *, #4963, .T. ) ;
#4786 = CARTESIAN_POINT ( 'NONE',  ( -40.73665184287854402, 70.32810711731734443, 191.0766517214857174 ) ) ;
#4787 = CARTESIAN_POINT ( 'NONE',  ( 48.98507188219060282, 24.69120148064141773, 250.9595270541216223 ) ) ;
#4788 = ADVANCED_FACE ( 'NONE', ( #4142 ), #4220, .F. ) ;
#4789 = CARTESIAN_POINT ( 'NONE',  ( -17.89350296300571941, 88.87437675611103316, 165.8407530742717313 ) ) ;
#4790 = CARTESIAN_POINT ( 'NONE',  ( 54.01771120235723345, -22.56028979053941441, 174.9447632498215341 ) ) ;
#4791 = CARTESIAN_POINT ( 'NONE',  ( 2.409045460780666836, 97.50592806819940961, 179.5567863306888512 ) ) ;
#4792 = CARTESIAN_POINT ( 'NONE',  ( 42.55623629057814128, 65.39865710199043747, 181.2326264121928716 ) ) ;
#4793 = CARTESIAN_POINT ( 'NONE',  ( -18.13795221557449011, 96.85757470147767378, 191.2179878507405135 ) ) ;
#4794 = CARTESIAN_POINT ( 'NONE',  ( -20.74731562368533133, -45.52299165000608383, 34.33706039764805951 ) ) ;
#4795 = ORIENTED_EDGE ( 'NONE', *, *, #4814, .F. ) ;
#4796 = CARTESIAN_POINT ( 'NONE',  ( 7.326937345412143365, 95.55129595551169075, 191.0473620312778280 ) ) ;
#4797 = AXIS2_PLACEMENT_3D ( 'NONE', #2203, #4616, #3455 ) ;
#4798 = CARTESIAN_POINT ( 'NONE',  ( -48.55422697127304588, 41.50213725420299227, 153.0698439114324856 ) ) ;
#4799 = CARTESIAN_POINT ( 'NONE',  ( -33.85715150923962113, 68.93055506504688879, 119.3229551307229741 ) ) ;
#4800 = CARTESIAN_POINT ( 'NONE',  ( 8.662126782780298129, -5.798196466636451163, 409.0779284778321880 ) ) ;
#4801 = CARTESIAN_POINT ( 'NONE',  ( -35.91599933761853691, 65.76410829577663719, 95.91565523919271641 ) ) ;
#4802 = CARTESIAN_POINT ( 'NONE',  ( 0.3156656417261630709, -43.01113364881287282, 309.3074982836325262 ) ) ;
#4803 = CARTESIAN_POINT ( 'NONE',  ( -51.23332477911126404, -3.283508906239338998, 61.09911723606862211 ) ) ;
#4804 = EDGE_CURVE ( 'NONE', #1358, #602, #6520, .T. ) ;
#4805 = CARTESIAN_POINT ( 'NONE',  ( 22.83819763130025038, 89.46060403352578305, 181.6419696524793324 ) ) ;
#4806 = CARTESIAN_POINT ( 'NONE',  ( 37.57863557554888700, 67.10713656267503779, 129.9883346322959312 ) ) ;
#4807 = CARTESIAN_POINT ( 'NONE',  ( -5.144429205310951048, 105.6293670115555017, 236.5334520872680741 ) ) ;
#4808 = CARTESIAN_POINT ( 'NONE',  ( -54.73605339540923609, -22.92516787238205112, 125.3256982292730868 ) ) ;
#4809 = DIRECTION ( 'NONE',  ( 0.000000000000000000, 0.9812926639922453509, -0.1925219665259060575 ) ) ;
#4810 = B_SPLINE_CURVE_WITH_KNOTS ( 'NONE', 3,
 ( #6272, #4441, #950, #6198 ),
 .UNSPECIFIED., .F., .F.,
 ( 4, 4 ),
 ( 0.000000000000000000, 0.0005000021869527527998 ),
 .UNSPECIFIED. ) ;
#4811 = CARTESIAN_POINT ( 'NONE',  ( -26.94206524966221750, 97.79212057632568644, 236.4599258179368917 ) ) ;
#4812 = CARTESIAN_POINT ( 'NONE',  ( 12.46034949846831275, -43.48362242445576697, 297.7297543013017389 ) ) ;
#4813 = CARTESIAN_POINT ( 'NONE',  ( -35.13882355553528924, 30.84643270350179378, 322.0306433038691125 ) ) ;
#4814 = EDGE_CURVE ( 'NONE', #5413, #5056, #7017, .T. ) ;
#4815 = CARTESIAN_POINT ( 'NONE',  ( 48.38084460246994922, 41.56023123430909294, 181.0625044045625032 ) ) ;
#4816 = FACE_OUTER_BOUND ( 'NONE', #783, .T. ) ;
#4817 = CARTESIAN_POINT ( 'NONE',  ( -10.14440413346183156, -54.93120785218061997, 125.3283206899074571 ) ) ;
#4818 = CARTESIAN_POINT ( 'NONE',  ( -38.65546197276545115, 71.49027788473935630, 165.4826746653604062 ) ) ;
#4819 = CARTESIAN_POINT ( 'NONE',  ( 54.97514622480936453, 1.449166137214354722, 106.4747449602005815 ) ) ;
#4820 = CARTESIAN_POINT ( 'NONE',  ( -1.252676452350086400, 93.27991479037474676, 162.0630582645745221 ) ) ;
#4821 = CARTESIAN_POINT ( 'NONE',  ( -29.36377119074981934, 32.00499231639761888, 17.25301837547245398 ) ) ;
#4822 = CARTESIAN_POINT ( 'NONE',  ( 40.96232053673400486, 72.33136208730066130, 149.0291832530585623 ) ) ;
#4823 = CARTESIAN_POINT ( 'NONE',  ( 9.351662167130536218, 93.08392185510297168, 178.5199520882947013 ) ) ;
#4824 = CARTESIAN_POINT ( 'NONE',  ( 24.60091180449933290, 101.0081931228562837, 267.4232570747146269 ) ) ;
#4825 = CARTESIAN_POINT ( 'NONE',  ( -1.773509158393750784, 97.61004612371320377, 180.0597940938686747 ) ) ;
#4826 = EDGE_LOOP ( 'NONE', ( #3318, #4903, #3554, #5049, #5932, #4682, #1204, #3078, #6610, #5921, #130 ) ) ;
#4827 = CARTESIAN_POINT ( 'NONE',  ( -43.47928745992245325, 61.65703338527811184, 165.3491464736850673 ) ) ;
#4828 = CARTESIAN_POINT ( 'NONE',  ( 39.21964169347970142, 8.684385459207861757, 17.36266684596982302 ) ) ;
#4829 = CARTESIAN_POINT ( 'NONE',  ( -10.40262823169685191, 90.66374637198241260, 165.8808336923086983 ) ) ;
#4830 = CARTESIAN_POINT ( 'NONE',  ( 42.86752894240916589, -34.76204864421595175, 236.1128639923851438 ) ) ;
#4831 = CYLINDRICAL_SURFACE ( 'NONE', #7565, 1.499999999999985567 ) ;
#4832 = CARTESIAN_POINT ( 'NONE',  ( 44.65808971086588741, 59.02485119612887132, 174.7609834936039306 ) ) ;
#4833 = CARTESIAN_POINT ( 'NONE',  ( -49.70410177880319225, 54.41288466399008428, 185.6738725217185504 ) ) ;
#4834 = CARTESIAN_POINT ( 'NONE',  ( -18.86661086191058345, -40.24747038855384318, 309.2793463595356229 ) ) ;
#4835 = ORIENTED_EDGE ( 'NONE', *, *, #2579, .T. ) ;
#4836 = CARTESIAN_POINT ( 'NONE',  ( -49.36197992805909252, 31.19818637030114061, 118.9039286242193043 ) ) ;
#4837 = CARTESIAN_POINT ( 'NONE',  ( -30.30255912566408583, 83.23760605864258366, 175.1155645812602586 ) ) ;
#4838 = CARTESIAN_POINT ( 'NONE',  ( 56.13732717205787992, -6.599514110593073468, 149.0516136338366948 ) ) ;
#4839 = CARTESIAN_POINT ( 'NONE',  ( -34.77815672562671523, 62.46191952994708885, 82.48019500840464957 ) ) ;
#4840 = CARTESIAN_POINT ( 'NONE',  ( 0.000000000000000000, -41.51854769391206190, 320.9717399628283374 ) ) ;
#4841 = CARTESIAN_POINT ( 'NONE',  ( -52.38441863469218873, -3.862790014799408311, 221.5229085652915444 ) ) ;
#4842 = CARTESIAN_POINT ( 'NONE',  ( 26.16442852476610881, 83.84290109270412472, 159.5966932908364129 ) ) ;
#4843 = CARTESIAN_POINT ( 'NONE',  ( 37.14159416736046637, 65.12213432618185038, 119.2386301587918638 ) ) ;
#4844 = CARTESIAN_POINT ( 'NONE',  ( -1.839319644667390730, 102.5138913959915783, 211.2204768672874309 ) ) ;
#4845 = CARTESIAN_POINT ( 'NONE',  ( -48.58801024706963290, -26.64335581591281610, 61.09900584859391870 ) ) ;
#4846 = AXIS2_PLACEMENT_3D ( 'NONE', #842, #6280, #3326 ) ;
#4847 = CARTESIAN_POINT ( 'NONE',  ( 2.446430303705618758, 83.68617293130459700, 130.3077437831010457 ) ) ;
#4848 = CARTESIAN_POINT ( 'NONE',  ( -27.75097476154912357, 89.85203182242669584, 174.9447540468056275 ) ) ;
#4849 = CARTESIAN_POINT ( 'NONE',  ( 11.53220349435341419, -50.08167125936304842, 236.3382117249779526 ) ) ;
#4850 = CARTESIAN_POINT ( 'NONE',  ( -52.92725394373609049, 22.79627278287059156, 201.7381109824623024 ) ) ;
#4851 = CARTESIAN_POINT ( 'NONE',  ( 49.69538312673535785, 30.87360473643124692, 177.8021241780567721 ) ) ;
#4852 = CARTESIAN_POINT ( 'NONE',  ( -1.250940000113002881, 96.45782769285250424, 179.3785802285448199 ) ) ;
#4853 = CARTESIAN_POINT ( 'NONE',  ( -4.922740558766545149, -54.76240801901495558, 106.4484883460111888 ) ) ;
#4854 = CARTESIAN_POINT ( 'NONE',  ( -37.84004011117330180, 73.61529279999881226, 171.8026258595761533 ) ) ;
#4855 = CARTESIAN_POINT ( 'NONE',  ( 37.13126860191107426, -2.256588849178703615, 10.00000000000000178 ) ) ;
#4856 = CARTESIAN_POINT ( 'NONE',  ( 49.90177573649046394, 27.10604614702789306, 119.9999999999985079 ) ) ;
#4857 = CARTESIAN_POINT ( 'NONE',  ( -47.42182471711966940, 61.40338546030541522, 221.5697978427198791 ) ) ;
#4858 = CARTESIAN_POINT ( 'NONE',  ( 14.81213203188166538, 81.73421774117304039, 373.6659852995044844 ) ) ;
#4859 = CARTESIAN_POINT ( 'NONE',  ( 8.384186407303598543, 92.66242164316938101, 175.3352927645042598 ) ) ;
#4860 = CARTESIAN_POINT ( 'NONE',  ( 27.96181233881426209, 95.73030421943118995, 221.6112843132530372 ) ) ;
#4861 = CARTESIAN_POINT ( 'NONE',  ( -1.413923366850198260, 96.43449569830646340, 179.2723573593795834 ) ) ;
#4862 = CARTESIAN_POINT ( 'NONE',  ( -16.60662587828577230, 93.45527132746187249, 190.7735797923189125 ) ) ;
#4863 = CARTESIAN_POINT ( 'NONE',  ( -43.22852928444417131, 63.54271309251873134, 181.2132147847704005 ) ) ;
#4864 = CARTESIAN_POINT ( 'NONE',  ( 41.42727627547333924, 25.06557862688916671, 296.8052330763715645 ) ) ;
#4865 = ORIENTED_EDGE ( 'NONE', *, *, #2348, .F. ) ;
#4866 = CARTESIAN_POINT ( 'NONE',  ( -11.30505593507465356, 92.77620861552937015, 178.5133220716024027 ) ) ;
#4867 = CARTESIAN_POINT ( 'NONE',  ( 32.22087439635961914, -23.16949445140409480, 338.1418944051917492 ) ) ;
#4868 = CARTESIAN_POINT ( 'NONE',  ( -8.163451081931309972, 82.70002160839949568, 127.8593452789223193 ) ) ;
#4869 = VECTOR ( 'NONE', #5317, 1000.000000000000000 ) ;
#4870 = B_SPLINE_CURVE_WITH_KNOTS ( 'NONE', 3,
 ( #7229, #318, #5568, #6868, #2016 ),
 .UNSPECIFIED., .F., .F.,
 ( 4, 1, 4 ),
 ( 0.4117420431065604847, 0.5000000000000000000, 0.5174391149950962054 ),
 .UNSPECIFIED. ) ;
#4871 = LINE ( 'NONE', #2575, #705 ) ;
#4872 = CARTESIAN_POINT ( 'NONE',  ( -23.35187323032068107, -40.28483932155247516, 297.4720216980654186 ) ) ;
#4873 = ORIENTED_EDGE ( 'NONE', *, *, #4237, .T. ) ;
#4874 = DIRECTION ( 'NONE',  ( -1.000000000000000000, 6.286854017118685007E-16, 3.348604628904795588E-15 ) ) ;
#4875 = CARTESIAN_POINT ( 'NONE',  ( -48.16802174035228035, 42.06992405240941935, 187.5513173001577059 ) ) ;
#4876 = CARTESIAN_POINT ( 'NONE',  ( -31.66117314865158505, 80.40655529417031744, 165.6404849258256036 ) ) ;
#4877 = CARTESIAN_POINT ( 'NONE',  ( 34.61311762310243978, -6.403511806444468490, 338.9093860159642873 ) ) ;
#4878 = CARTESIAN_POINT ( 'NONE',  ( -33.21462827704727516, 92.41330644834791030, 267.2419169348672199 ) ) ;
#4879 = DIRECTION ( 'NONE',  ( -5.602867245962734761E-30, -0.9812926639922453509, 0.1925219665259060575 ) ) ;
#4880 = CARTESIAN_POINT ( 'NONE',  ( -37.24296288804752919, -5.364387145843664939, 9.999999999999998224 ) ) ;
#4881 = CARTESIAN_POINT ( 'NONE',  ( 21.22201317446137736, 90.31124950552973019, 181.6625970065950355 ) ) ;
#4882 = CARTESIAN_POINT ( 'NONE',  ( 38.25290774366369106, 75.18022140407154552, 191.1499697492648693 ) ) ;
#4883 = CARTESIAN_POINT ( 'NONE',  ( -1.225955861159480964, 39.00533594361594680, 10.00000000000000000 ) ) ;
#4884 = CARTESIAN_POINT ( 'NONE',  ( -49.98315695056953700, -26.85977981629717348, 211.2133819406969906 ) ) ;
#4885 = CARTESIAN_POINT ( 'NONE',  ( -6.939584209627566835, 80.85958015167827284, 119.9999999999999716 ) ) ;
#4886 = CARTESIAN_POINT ( 'NONE',  ( -20.01174873569482315, 104.3347249365812814, 283.6650108671940416 ) ) ;
#4887 = CARTESIAN_POINT ( 'NONE',  ( 13.56343537099108332, -46.90500798910228042, 267.2670486066114108 ) ) ;
#4888 = CARTESIAN_POINT ( 'NONE',  ( -53.23611140889548210, 18.20125682740687623, 95.91807287094741241 ) ) ;
#4889 = CARTESIAN_POINT ( 'NONE',  ( 49.71188299406254885, 33.92503188448856832, 159.0323709340875382 ) ) ;
#4890 = CARTESIAN_POINT ( 'NONE',  ( 1.250940504625106531, 93.27978750139885733, 162.0621075887661675 ) ) ;
#4891 = CARTESIAN_POINT ( 'NONE',  ( -3.474057595117261421, -43.17343577179384795, 17.33843673132402330 ) ) ;
#4892 = CARTESIAN_POINT ( 'NONE',  ( -38.07312477504055437, 66.41167201822061372, 129.9787022131744152 ) ) ;
#4893 = CARTESIAN_POINT ( 'NONE',  ( 33.48353253372156502, -0.2148876748458541375, 338.8827371371758659 ) ) ;
#4894 = DIRECTION ( 'NONE',  ( 3.406996906818449528E-15, 0.1925219665259060853, 0.9812926639922454619 ) ) ;
#4895 = CARTESIAN_POINT ( 'NONE',  ( -45.26421899945542293, 52.37729001117786964, 95.91647932411274269 ) ) ;
#4896 = CARTESIAN_POINT ( 'NONE',  ( 10.42884335373778981, 77.83166070051220231, 392.0567325905846587 ) ) ;
#4897 = CARTESIAN_POINT ( 'NONE',  ( 8.254813504926598711, 95.39969373724544255, 191.5401750335676354 ) ) ;
#4898 = CARTESIAN_POINT ( 'NONE',  ( 25.84366293393951963, 75.99360956721282889, 106.4362302231201625 ) ) ;
#4899 = CARTESIAN_POINT ( 'NONE',  ( -1.629471485269182729, 96.39303885523607107, 179.0750875208863135 ) ) ;
#4900 = CARTESIAN_POINT ( 'NONE',  ( -27.47925758720088041, 87.74312960885526991, 190.0274611980801183 ) ) ;
#4901 = CARTESIAN_POINT ( 'NONE',  ( -42.50097127198250746, 58.84997966005835224, 129.8616444119947460 ) ) ;
#4902 = CARTESIAN_POINT ( 'NONE',  ( 38.24156636926625907, 31.36276094530756353, 309.2047914780112023 ) ) ;
#4903 = ORIENTED_EDGE ( 'NONE', *, *, #1446, .T. ) ;
#4904 = CARTESIAN_POINT ( 'NONE',  ( -9.348442075570243759, 93.08446578865569165, 178.5204291819964055 ) ) ;
#4905 = CARTESIAN_POINT ( 'NONE',  ( 50.48554454882730624, -33.11777417766523257, 106.4690502667183694 ) ) ;
#4906 = CARTESIAN_POINT ( 'NONE',  ( 2.172468550013118893, 94.13905773771534768, 161.2967276764211135 ) ) ;
#4907 = DIRECTION ( 'NONE',  ( 5.602867245962734761E-30, -0.9812926639922453509, 0.1925219665259060575 ) ) ;
#4908 = CARTESIAN_POINT ( 'NONE',  ( -23.86414586649357972, -48.98696500680991761, 221.5322815404220194 ) ) ;
#4909 = ORIENTED_EDGE ( 'NONE', *, *, #119, .T. ) ;
#4910 = CARTESIAN_POINT ( 'NONE',  ( -48.43243379547617167, 39.95413687154748317, 187.5432986363777559 ) ) ;
#4911 = CARTESIAN_POINT ( 'NONE',  ( -32.86954390607125021, 77.08039866456418565, 153.4735333447364951 ) ) ;
#4912 = CARTESIAN_POINT ( 'NONE',  ( 53.55235010265169393, -5.856155835417935052, 82.46846865896040413 ) ) ;
#4913 = CARTESIAN_POINT ( 'NONE',  ( -34.91342819990006063, 66.69714654339590254, 95.91559447630081081 ) ) ;
#4914 = CARTESIAN_POINT ( 'NONE',  ( 0.1666680310023853639, 93.25895547137396591, 161.8646081537821146 ) ) ;
#4915 = CARTESIAN_POINT ( 'NONE',  ( -10.14353148620779699, -4.912194116059293236, 405.9626187462250755 ) ) ;
#4916 = CARTESIAN_POINT ( 'NONE',  ( 28.86571580750306509, 78.47876898666501688, 141.5693467159017018 ) ) ;
#4917 = CARTESIAN_POINT ( 'NONE',  ( 39.33362676034617067, 71.15227048106204677, 171.7642681332303027 ) ) ;
#4918 = CARTESIAN_POINT ( 'NONE',  ( -3.843277070158975128, 114.7537356723240407, 409.0779284778313922 ) ) ;
#4919 = CARTESIAN_POINT ( 'NONE',  ( -53.04656459391740952, -17.14895278318245175, 82.46934690342911267 ) ) ;
#4920 = CARTESIAN_POINT ( 'NONE',  ( -30.84247846473615695, 71.87086350674947255, 120.0000000000000000 ) ) ;
#4921 = CARTESIAN_POINT ( 'NONE',  ( -15.02540633114757540, 36.32187318267263265, 9.999999999999998224 ) ) ;
#4922 = CARTESIAN_POINT ( 'NONE',  ( 4.886722139382428942, -40.32756449908242047, 9.999999999999998224 ) ) ;
#4923 = CARTESIAN_POINT ( 'NONE',  ( -53.68895350352120488, 16.46461640963774187, 192.3508522103153382 ) ) ;
#4924 = CARTESIAN_POINT ( 'NONE',  ( 50.14134192804293377, 29.85383430518665193, 159.0211110461499686 ) ) ;
#4925 = CARTESIAN_POINT ( 'NONE',  ( -2.999999999999990674, 96.21494918568889432, 178.0992207842987796 ) ) ;
#4926 = CARTESIAN_POINT ( 'NONE',  ( -1.986043150954370784, -36.75481172116197826, 354.2229766753966942 ) ) ;
#4927 = CARTESIAN_POINT ( 'NONE',  ( 40.44578627573636709, -1.735580052617290647, 17.38556877247762955 ) ) ;
#4928 = CARTESIAN_POINT ( 'NONE',  ( -1.775144080110905964, 94.09393361307510872, 161.0190384000244137 ) ) ;
#4929 = CARTESIAN_POINT ( 'NONE',  ( -49.10965060371954394, 45.61518357334105644, 106.4571160567617625 ) ) ;
#4930 = CARTESIAN_POINT ( 'NONE',  ( 37.51350736813993336, 86.56911634437325631, 251.5572037915497106 ) ) ;
#4931 = CARTESIAN_POINT ( 'NONE',  ( 8.289463215720324740, 94.87065566890011326, 188.2385649204184688 ) ) ;
#4932 = CARTESIAN_POINT ( 'NONE',  ( 31.72126840173047313, 86.85945032912920283, 174.9442796534904119 ) ) ;
#4933 = CARTESIAN_POINT ( 'NONE',  ( -1.960206339648066010, 96.28049955184131647, 178.4887675221422683 ) ) ;
#4934 = CARTESIAN_POINT ( 'NONE',  ( -53.41768013139969185, 28.74355544755961134, 179.1860949592048087 ) ) ;
#4935 = CARTESIAN_POINT ( 'NONE',  ( -44.08134976467852084, 60.57456590140814967, 171.6294941926886395 ) ) ;
#4936 = CARTESIAN_POINT ( 'NONE',  ( 43.30685184140880750, 19.05040911973123841, 34.30126817782927162 ) ) ;
#4937 = CARTESIAN_POINT ( 'NONE',  ( -10.30542674698794947, 93.49290261917609257, 181.7426287001948992 ) ) ;
#4938 = CARTESIAN_POINT ( 'NONE',  ( 48.41567492737544143, -38.06849500026216049, 125.3263798477330937 ) ) ;
#4939 = B_SPLINE_CURVE_WITH_KNOTS ( 'NONE', 3,
 ( #1590, #5054, #6299, #2095, #4467, #6258, #3305, #4389, #6829, #976, #3808, #5606, #3345, #7376, #3268, #936, #5721, #280, #2614, #3231, #860, #244, #1510, #3885, #2650, #397, #3966, #3196, #1472, #4978, #356, #3848, #5681, #2057 ),
 .UNSPECIFIED., .F., .F.,
 ( 4, 2, 2, 2, 2, 2, 2, 2, 2, 2, 2, 2, 2, 2, 2, 2, 4 ),
 ( 2.831399302760810050E-32, 0.01026368155256672347, 0.01539552232885008955, 0.01796144271699176564, 0.02052736310513344695, 0.02565920388141680608, 0.03079104465770016175, 0.03335696504584183264, 0.03592288543398351047, 0.04105472621026689389, 0.04362064659840855785, 0.04618656698655023568, 0.05131840776283361910, 0.06158208931540039288, 0.06671393009168379018, 0.07184577086796718748, 0.08210945242053396820 ),
 .UNSPECIFIED. ) ;
#4940 = CARTESIAN_POINT ( 'NONE',  ( -2.513185749686188242, 97.48144340458314616, 179.4348673913641221 ) ) ;
#4941 = CARTESIAN_POINT ( 'NONE',  ( 31.16846060470466284, 95.01353983942591697, 267.2914167803407963 ) ) ;
#4942 = FACE_OUTER_BOUND ( 'NONE', #5092, .T. ) ;
#4943 = CARTESIAN_POINT ( 'NONE',  ( -25.52774391306293111, -43.66297452453279249, 266.9869874374039682 ) ) ;
#4944 = ORIENTED_EDGE ( 'NONE', *, *, #3412, .F. ) ;
#4945 = CARTESIAN_POINT ( 'NONE',  ( -48.88063076035398069, 39.53206784289854170, 153.0612644410352630 ) ) ;
#4946 = CARTESIAN_POINT ( 'NONE',  ( -32.29684893949869462, 79.78054051480691555, 165.6274633899970183 ) ) ;
#4947 = CARTESIAN_POINT ( 'NONE',  ( 46.25621272292480057, -6.383648617673992831, 34.40075853113152959 ) ) ;
#4948 = CARTESIAN_POINT ( 'NONE',  ( -36.18514798360699558, 88.85666191873629316, 251.5829373975865906 ) ) ;
#4949 = LINE ( 'NONE', #870, #2685 ) ;
#4950 = CARTESIAN_POINT ( 'NONE',  ( -54.55680287322040556, -2.876702833450290431, 95.91849947604953286 ) ) ;
#4951 = CARTESIAN_POINT ( 'NONE',  ( 38.76857495613184312, 72.88904954653244772, 178.1175558386284195 ) ) ;
#4952 = CARTESIAN_POINT ( 'NONE',  ( -15.05292075244565275, 108.2812548561988706, 409.0779284778320743 ) ) ;
#4953 = CARTESIAN_POINT ( 'NONE',  ( -48.99249482762951402, -26.56238141412534048, 221.5246904950450073 ) ) ;
#4954 = CARTESIAN_POINT ( 'NONE',  ( -40.73725564626659690, 59.90120186028634208, 119.9999999999999858 ) ) ;
#4955 = CARTESIAN_POINT ( 'NONE',  ( -24.95555945333274650, 99.06241515001809717, 236.4709776834441755 ) ) ;
#4956 = CARTESIAN_POINT ( 'NONE',  ( 4.916895178511564879, -26.32632099639734236, 409.0779284778314491 ) ) ;
#4957 = CARTESIAN_POINT ( 'NONE',  ( -55.07226275192429199, 15.24633948222042790, 149.0492076321450838 ) ) ;
#4958 = CARTESIAN_POINT ( 'NONE',  ( 34.87471758965804725, 78.23160027888771140, 175.0190881956878002 ) ) ;
#4959 = CARTESIAN_POINT ( 'NONE',  ( 21.00817884523427281, 95.80823245542158872, 191.0809230158550349 ) ) ;
#4960 = DIRECTION ( 'NONE',  ( 5.602867245962735462E-30, -0.9812926639922454619, 0.1925219665259060575 ) ) ;
#4961 = CARTESIAN_POINT ( 'NONE',  ( -4.725889063929675338, -51.69817681154050604, 221.5349971465356020 ) ) ;
#4962 = CARTESIAN_POINT ( 'NONE',  ( 49.43156454098385666, -4.785056456049806783, 250.8428210327163868 ) ) ;
#4963 = EDGE_CURVE ( 'NONE', #3270, #2305, #3045, .T. ) ;
#4964 = CARTESIAN_POINT ( 'NONE',  ( -17.01694945280587135, 52.07942224627564087, 376.4268705064285427 ) ) ;
#4965 = CARTESIAN_POINT ( 'NONE',  ( 39.50329872222882699, 83.26369860490956398, 236.3612997938031128 ) ) ;
#4966 = CARTESIAN_POINT ( 'NONE',  ( 8.318425863522096009, 94.32995641035924450, 184.9748434340616541 ) ) ;
#4967 = CARTESIAN_POINT ( 'NONE',  ( 27.91881641712010520, 67.49829517790468003, 82.48170445250212879 ) ) ;
#4968 = CARTESIAN_POINT ( 'NONE',  ( 42.71619201083206718, 64.21978514093910917, 171.6678197847870990 ) ) ;
#4969 = CARTESIAN_POINT ( 'NONE',  ( 53.24634569583238175, 30.22829029357896147, 180.8739795047796122 ) ) ;
#4970 = ORIENTED_EDGE ( 'NONE', *, *, #6960, .F. ) ;
#4971 = CARTESIAN_POINT ( 'NONE',  ( -39.62928580740697271, 69.86474433507849824, 165.4572081450085363 ) ) ;
#4972 = CARTESIAN_POINT ( 'NONE',  ( 55.20887360703562763, 10.07038296553069401, 125.3230906374276117 ) ) ;
#4973 = VERTEX_POINT ( 'NONE', #2871 ) ;
#4974 = CARTESIAN_POINT ( 'NONE',  ( -8.314533211840512195, 83.40472712606613470, 130.3747019609064921 ) ) ;
#4975 = CARTESIAN_POINT ( 'NONE',  ( 44.35047980357051500, -35.52260093429034526, 221.5266786259768139 ) ) ;
#4976 = CARTESIAN_POINT ( 'NONE',  ( -7.462719098276234142, 82.68748672344398187, 127.5111161842289960 ) ) ;
#4977 = CARTESIAN_POINT ( 'NONE',  ( 20.09807841339267043, 93.33394144996130137, 354.1274526100551157 ) ) ;
#4978 = CARTESIAN_POINT ( 'NONE',  ( 47.65450871587086112, 40.70708190694329431, 120.0000000000000426 ) ) ;
#4979 = CARTESIAN_POINT ( 'NONE',  ( -8.715858336669997541, -38.76041907696732380, 335.7951720233636479 ) ) ;
#4980 = ORIENTED_EDGE ( 'NONE', *, *, #2348, .T. ) ;
#4981 = CARTESIAN_POINT ( 'NONE',  ( -47.83435628948128482, 44.35386273829760739, 141.1000998054713023 ) ) ;
#4982 = CARTESIAN_POINT ( 'NONE',  ( -31.33186216410400959, 84.04918184763735667, 187.9976912301289360 ) ) ;
#4983 = CARTESIAN_POINT ( 'NONE',  ( 51.21554295901498932, -6.319019771706812172, 61.09961917165641410 ) ) ;
#4984 = CARTESIAN_POINT ( 'NONE',  ( -37.51350736813993336, 86.56911634437325631, 251.5572037915497106 ) ) ;
#4985 = CARTESIAN_POINT ( 'NONE',  ( 0.000000000000000000, 90.70772130924328280, 162.3651403965925510 ) ) ;
#4986 = CARTESIAN_POINT ( 'NONE',  ( -53.13019399950979249, -5.219699555353019882, 211.2172979161361752 ) ) ;
#4987 = CARTESIAN_POINT ( 'NONE',  ( 39.53582109706522374, 71.17877910839973765, 174.9083802625069950 ) ) ;
#4988 = CARTESIAN_POINT ( 'NONE',  ( -9.602291562906549061, 106.6010458179829499, 251.8567759627173928 ) ) ;
#4989 = CARTESIAN_POINT ( 'NONE',  ( -39.89996979667748178, -33.20772315460196467, 34.37465671385912458 ) ) ;
#4990 = CARTESIAN_POINT ( 'NONE',  ( -23.61840475478644308, 76.57178103074178921, 120.0000000000000142 ) ) ;
#4991 = CARTESIAN_POINT ( 'NONE',  ( -30.50505002562583101, 92.62804473045471809, 211.2199622736310687 ) ) ;
#4992 = CARTESIAN_POINT ( 'NONE',  ( 3.898419312928217195, -26.71225214695256511, 409.0779284778320175 ) ) ;
#4993 = CARTESIAN_POINT ( 'NONE',  ( -53.66992419596931541, 13.24048594562303371, 95.91822421020050626 ) ) ;
#4994 = EDGE_CURVE ( 'NONE', #6459, #978, #1153, .T. ) ;
#4995 = CARTESIAN_POINT ( 'NONE',  ( 34.28840811631930308, 73.41635182065019194, 141.4480526676243528 ) ) ;
#4996 = CARTESIAN_POINT ( 'NONE',  ( -2.446430303705699139, 84.61590949274477680, 134.2015926103156573 ) ) ;
#4997 = CARTESIAN_POINT ( 'NONE',  ( -2.446430303705090292, 57.29324932177321728, -11.24048862569912011 ) ) ;
#4998 = CARTESIAN_POINT ( 'NONE',  ( -4.441863269600816899, -51.81114449858732485, 61.09565715812802011 ) ) ;
#4999 = CARTESIAN_POINT ( 'NONE',  ( 28.67371839224571772, -4.262896464442969879, 359.8020138128409826 ) ) ;
#5000 = CARTESIAN_POINT ( 'NONE',  ( -0.8156373678354608137, 83.71986271976525984, 130.3011341093877320 ) ) ;
#5001 = CARTESIAN_POINT ( 'NONE',  ( -10.93084631634155457, 48.85725801795256729, 394.4533557252201490 ) ) ;
#5002 = CARTESIAN_POINT ( 'NONE',  ( 40.87184795561313422, 80.44064576392099752, 236.3446074991473154 ) ) ;
#5003 = CARTESIAN_POINT ( 'NONE',  ( 46.75119144932619974, 46.92092200912554034, 129.7432129279375204 ) ) ;
#5004 = CARTESIAN_POINT ( 'NONE',  ( 0.000000000000000000, 54.40705163971920655, 33.92780340673608919 ) ) ;
#5005 = CARTESIAN_POINT ( 'NONE',  ( -24.50879369133619434, 89.86330558882323771, 190.3043980808889444 ) ) ;
#5006 = CARTESIAN_POINT ( 'NONE',  ( -40.00153071355166645, 63.49131027468511945, 129.9296326569741780 ) ) ;
#5007 = CARTESIAN_POINT ( 'NONE',  ( 50.80819246605242512, 17.81432778232971259, 236.0380795534699132 ) ) ;
#5008 = ORIENTED_EDGE ( 'NONE', *, *, #5782, .F. ) ;
#5009 = CARTESIAN_POINT ( 'NONE',  ( -4.348769656502936343, 88.88583275064520706, 153.7502060601422045 ) ) ;
#5010 = CARTESIAN_POINT ( 'NONE',  ( 30.76909686552671985, -43.10220792976829784, 251.3233365246024391 ) ) ;
#5011 = CARTESIAN_POINT ( 'NONE',  ( 2.777166075707182546, 94.27037922678776738, 162.0607171348221698 ) ) ;
#5012 = CARTESIAN_POINT ( 'NONE',  ( 32.64938940119282762, 92.98230387101767747, 236.4230273054047302 ) ) ;
#5013 = DIRECTION ( 'NONE',  ( -0.000000000000000000, 0.1901236471638787784, 0.9817601533924185109 ) ) ;
#5014 = CARTESIAN_POINT ( 'NONE',  ( -9.814459143467345825, -27.82893948785488902, 392.5008126009848866 ) ) ;
#5015 = EDGE_CURVE ( 'NONE', #6831, #2138, #3490, .T. ) ;
#5016 = ORIENTED_EDGE ( 'NONE', *, *, #7174, .F. ) ;
#5017 = CARTESIAN_POINT ( 'NONE',  ( -47.71951505564149443, 46.22792614315805793, 174.6746018415435344 ) ) ;
#5018 = CARTESIAN_POINT ( 'NONE',  ( 5.000000000000000000, 40.25609219126560134, 409.0779284778315059 ) ) ;
#5019 = CARTESIAN_POINT ( 'NONE',  ( -24.55006761577823937, 87.54210281178509945, 175.2110875442612326 ) ) ;
#5020 = CARTESIAN_POINT ( 'NONE',  ( 10.67309322115097281, -8.230310579629893653, 409.0779284778313922 ) ) ;
#5021 = CARTESIAN_POINT ( 'NONE',  ( -37.30859453507278545, 64.32863726323265041, 95.91574891239194756 ) ) ;
#5022 = LINE ( 'NONE', #2583, #5423 ) ;
#5023 = CARTESIAN_POINT ( 'NONE',  ( -37.25073617250676250, -5.996602668736216835, 10.00000000000000888 ) ) ;
#5024 = CARTESIAN_POINT ( 'NONE',  ( 39.63790368988734514, 69.84957596962819082, 165.4560469748649041 ) ) ;
#5025 = CARTESIAN_POINT ( 'NONE',  ( -8.178849805361936731, 112.3107840377418825, 335.0187708283351071 ) ) ;
#5026 = CARTESIAN_POINT ( 'NONE',  ( -37.26600642313018596, -26.66233840602092542, 17.37673148666031508 ) ) ;
#5027 = CARTESIAN_POINT ( 'NONE',  ( 50.07882159268373101, 27.10604614702785398, 173.8550355239896703 ) ) ;
#5028 = CARTESIAN_POINT ( 'NONE',  ( -35.77575921954836247, 73.72836747935096469, 153.4040566741492171 ) ) ;
#5029 = CARTESIAN_POINT ( 'NONE',  ( -21.80617979207999113, 96.10370779785638717, 335.6853096062209829 ) ) ;
#5030 = EDGE_CURVE ( 'NONE', #246, #479, #3504, .T. ) ;
#5031 = CARTESIAN_POINT ( 'NONE',  ( 9.930022098126988439, -54.48334566419777047, 106.4493512920322473 ) ) ;
#5032 = CARTESIAN_POINT ( 'NONE',  ( -55.48186347027866105, 6.898228795229248256, 149.0506369592136195 ) ) ;
#5033 = CARTESIAN_POINT ( 'NONE',  ( 34.11820963401563489, 76.77381018109021227, 159.4379578067784564 ) ) ;
#5034 = CYLINDRICAL_SURFACE ( 'NONE', #4846, 9.400000000000019895 ) ;
#5035 = CARTESIAN_POINT ( 'NONE',  ( -56.13732717205787992, -6.599514110593073468, 149.0516136338366948 ) ) ;
#5036 = CARTESIAN_POINT ( 'NONE',  ( 3.036433853232076707, 94.41166927658223074, 162.8339408744011507 ) ) ;
#5037 = CARTESIAN_POINT ( 'NONE',  ( -0.8578399856530698475, -43.22593047603809424, 17.33793795737609145 ) ) ;
#5038 = AXIS2_PLACEMENT_3D ( 'NONE', #2178, #5013, #5090 ) ;
#5039 = CARTESIAN_POINT ( 'NONE',  ( 54.55680287322040556, -2.876702833450290431, 95.91849947604953286 ) ) ;
#5040 = CARTESIAN_POINT ( 'NONE',  ( 1.923456409963021585, 96.29662166154919589, 178.5755526295241395 ) ) ;
#5041 = CARTESIAN_POINT ( 'NONE',  ( -36.49203619345381355, 53.23133605884224551, 309.2274345095315766 ) ) ;
#5042 = CARTESIAN_POINT ( 'NONE',  ( 42.65542015519199026, 65.27481856950309691, 125.2937365483975043 ) ) ;
#5043 = EDGE_CURVE ( 'NONE', #7416, #3085, #4066, .T. ) ;
#5044 = CARTESIAN_POINT ( 'NONE',  ( 46.70726557447925131, 51.22902976393930174, 174.7026501749484169 ) ) ;
#5045 = CARTESIAN_POINT ( 'NONE',  ( 0.000000000000000000, 105.7791907876932385, 236.5351059486960139 ) ) ;
#5046 = CARTESIAN_POINT ( 'NONE',  ( -3.036466787284055613, 94.47427980624667043, 163.1572553380289889 ) ) ;
#5047 = CARTESIAN_POINT ( 'NONE',  ( -39.88881249030603016, 72.13796994746742541, 191.1021313381986033 ) ) ;
#5048 = CARTESIAN_POINT ( 'NONE',  ( 36.41202474245180554, 12.47449941819381003, 322.2013886765478787 ) ) ;
#5049 = ORIENTED_EDGE ( 'NONE', *, *, #3412, .T. ) ;
#5050 = CARTESIAN_POINT ( 'NONE',  ( -2.166532512248742215, 95.90075831913182469, 191.5526903308526698 ) ) ;
#5051 = CARTESIAN_POINT ( 'NONE',  ( 34.78785974887372845, -46.90567950223356064, 192.4068496516668745 ) ) ;
#5052 = CARTESIAN_POINT ( 'NONE',  ( 50.25222631276126606, 45.26141521497445552, 120.0000000000000711 ) ) ;
#5053 = CARTESIAN_POINT ( 'NONE',  ( 32.79573330312808110, 89.46446962824461480, 201.7348627837917832 ) ) ;
#5054 = CARTESIAN_POINT ( 'NONE',  ( 3.461005296104225248, 81.13940464604831959, 120.0000000000000568 ) ) ;
#5055 = CARTESIAN_POINT ( 'NONE',  ( -10.16056220879665872, -35.36367275227340201, 354.7680532469146897 ) ) ;
#5056 = VERTEX_POINT ( 'NONE', #1226 ) ;
#5057 = CARTESIAN_POINT ( 'NONE',  ( -46.88876778181694505, 50.11318421560338265, 184.3291569565897419 ) ) ;
#5058 = CARTESIAN_POINT ( 'NONE',  ( 38.34150092816131661, 33.20862885269213649, 34.18470208331405047 ) ) ;
#5059 = CARTESIAN_POINT ( 'NONE',  ( -22.95662520336803425, 87.83839016181529757, 172.0838685576994465 ) ) ;
#5060 = CARTESIAN_POINT ( 'NONE',  ( 53.75327083678336493, -8.493862815941158217, 201.7386375963002081 ) ) ;
#5061 = CARTESIAN_POINT ( 'NONE',  ( -19.65509707699620634, 81.07117256864026444, 355.0959196464956449 ) ) ;
#5062 = DIRECTION ( 'NONE',  ( -1.000000000000000000, 6.789543220327658989E-16, 3.460659099941845052E-15 ) ) ;
#5063 = CARTESIAN_POINT ( 'NONE',  ( -40.57490537411622711, -5.214291584286022463, 309.1853924264085549 ) ) ;
#5064 = CARTESIAN_POINT ( 'NONE',  ( 38.13955649380175572, 63.75593100391991896, 119.2141324354590779 ) ) ;
#5065 = CARTESIAN_POINT ( 'NONE',  ( -11.85814001269010021, 109.2681809741752232, 297.9630213751139536 ) ) ;
#5066 = CARTESIAN_POINT ( 'NONE',  ( -32.79003073356015108, -27.82065042559732149, 321.8632430622822653 ) ) ;
#5067 = FACE_OUTER_BOUND ( 'NONE', #1931, .T. ) ;
#5068 = CARTESIAN_POINT ( 'NONE',  ( -34.86622554146871522, 78.24251539721225868, 175.0198613643334227 ) ) ;
#5069 = CARTESIAN_POINT ( 'NONE',  ( -27.82772401750143132, 74.92724985404815641, 106.4371432618511051 ) ) ;
#5070 = CARTESIAN_POINT ( 'NONE',  ( 6.051822722306520852, -33.07420827451994683, 373.3229159798571573 ) ) ;
#5071 = CARTESIAN_POINT ( 'NONE',  ( -53.15991088711161439, 5.320218428725753235, 82.46894297849196676 ) ) ;
#5072 = CARTESIAN_POINT ( 'NONE',  ( 34.43047336939542902, 80.10243781239128680, 184.6703580336805430 ) ) ;
#5073 = CARTESIAN_POINT ( 'NONE',  ( 6.946430303705541931, 82.71893810704847283, 127.4403157947021583 ) ) ;
#5074 = CARTESIAN_POINT ( 'NONE',  ( -11.76623058891217077, -6.615223873134758570, 405.9664766139601397 ) ) ;
#5075 = CARTESIAN_POINT ( 'NONE',  ( 49.08431831770043630, 35.28856251571792768, 183.1758581061168911 ) ) ;
#5076 = CARTESIAN_POINT ( 'NONE',  ( -0.4069521031848483683, -54.83989014612805590, 106.4482073099506465 ) ) ;
#5077 = CARTESIAN_POINT ( 'NONE',  ( 45.23928350534911402, -4.771368385267505730, 282.1655456823680197 ) ) ;
#5078 = PLANE ( 'NONE',  #4676 ) ;
#5079 = CARTESIAN_POINT ( 'NONE',  ( -50.84127088860925170, 48.09951774373319466, 192.3627255296877081 ) ) ;
#5080 = CARTESIAN_POINT ( 'NONE',  ( 41.78402531656561081, 71.09405487141324897, 149.0297326117815544 ) ) ;
#5081 = CARTESIAN_POINT ( 'NONE',  ( 46.26175764823754122, 53.21912058520732813, 174.7152718428983178 ) ) ;
#5082 = CARTESIAN_POINT ( 'NONE',  ( 0.000000000000000000, 111.3910238415857918, 298.0087188451853422 ) ) ;
#5083 = CARTESIAN_POINT ( 'NONE',  ( 0.9832416071556132620, 93.95772372953420870, 179.9926303174379996 ) ) ;
#5084 = CARTESIAN_POINT ( 'NONE',  ( -39.79206868888949344, 70.33099595552744177, 171.7520064592724793 ) ) ;
#5085 = CARTESIAN_POINT ( 'NONE',  ( 4.946233518939884277, 8.250245127363310615, 409.0779284778314491 ) ) ;
#5086 = CARTESIAN_POINT ( 'NONE',  ( -2.231695883054455987, 86.48971092332210731, 141.7601548360087520 ) ) ;
#5087 = CARTESIAN_POINT ( 'NONE',  ( 36.59935864669906636, -36.24285112336496439, 266.6241809227503836 ) ) ;
#5088 = CARTESIAN_POINT ( 'NONE',  ( 29.85604719301241872, 77.21594285293561200, 120.0000000000000711 ) ) ;
#5089 = CARTESIAN_POINT ( 'NONE',  ( 25.27001978183731623, 48.11528484928059157, 34.02652561710538492 ) ) ;
#5090 = DIRECTION ( 'NONE',  ( 0.000000000000000000, -0.9817601533924160684, 0.1901236471638911574 ) ) ;
#5091 = CARTESIAN_POINT ( 'NONE',  ( -20.12078840340810970, -53.20297600768003576, 106.4523864814851635 ) ) ;
#5092 = EDGE_LOOP ( 'NONE', ( #7505, #6339, #5105, #2266 ) ) ;
#5093 = EDGE_CURVE ( 'NONE', #7268, #5995, #1845, .T. ) ;
#5094 = CARTESIAN_POINT ( 'NONE',  ( -47.39432388718743994, 47.97623910876690445, 171.5360854075896384 ) ) ;
#5095 = CARTESIAN_POINT ( 'NONE',  ( 37.68235891402726168, 65.29599854072799303, 297.2711442240562860 ) ) ;
#5096 = CARTESIAN_POINT ( 'NONE',  ( -27.51627801515952143, 85.49767997704255151, 175.1636563872012573 ) ) ;
#5097 = CARTESIAN_POINT ( 'NONE',  ( 17.63476072579970833, -8.649244527318817433, 397.5891045901014422 ) ) ;
#5098 = CARTESIAN_POINT ( 'NONE',  ( -5.200930069614648765, 71.46035792127189268, 409.0779284778313354 ) ) ;
#5099 = CARTESIAN_POINT ( 'NONE',  ( -0.5000000000000006661, 90.70627013778776870, 162.3654251051128767 ) ) ;
#5100 = VECTOR ( 'NONE', #58, 1000.000000000000114 ) ;
#5101 = CARTESIAN_POINT ( 'NONE',  ( -34.34829908667956744, -4.965619043703797253, 338.9072658652136738 ) ) ;
#5102 = CARTESIAN_POINT ( 'NONE',  ( 39.59978366419519347, 72.09257804943342762, 184.5446155366922483 ) ) ;
#5103 = CARTESIAN_POINT ( 'NONE',  ( -10.53706282782355252, 101.7116274352887331, 211.2204253013513267 ) ) ;
#5104 = CARTESIAN_POINT ( 'NONE',  ( -48.77383573997332178, -31.90895690877947644, 201.7417783722397076 ) ) ;
#5105 = ORIENTED_EDGE ( 'NONE', *, *, #2018, .F. ) ;
#5106 = CARTESIAN_POINT ( 'NONE',  ( 1.999999999999997335, 96.21494918568888011, 178.0992207842987796 ) ) ;
#5107 = CARTESIAN_POINT ( 'NONE',  ( -36.08942277501381568, 66.43287450777994252, 119.2668836521293656 ) ) ;
#5108 = CARTESIAN_POINT ( 'NONE',  ( -16.18208375570045732, 35.82618134432504320, 9.999999999999998224 ) ) ;
#5109 = CARTESIAN_POINT ( 'NONE',  ( 0.8036387596417916557, -30.61944119913579954, 391.5667729875975738 ) ) ;
#5110 = CARTESIAN_POINT ( 'NONE',  ( -51.18002285847064314, 6.181292003424125880, 236.0104610861525032 ) ) ;
#5111 = VECTOR ( 'NONE', #5277, 1000.000000000000114 ) ;
#5112 = CARTESIAN_POINT ( 'NONE',  ( 19.32494019780196481, 92.62595738874937012, 191.4680052938425376 ) ) ;
#5113 = CARTESIAN_POINT ( 'NONE',  ( 34.31039428406979397, 71.06733905370747095, 130.0684277767225012 ) ) ;
#5114 = AXIS2_PLACEMENT_3D ( 'NONE', #4925, #3176, #4264 ) ;
#5115 = LINE ( 'NONE', #5588, #1236 ) ;
#5116 = CARTESIAN_POINT ( 'NONE',  ( -53.78523870204506352, -6.607670124925906663, 201.7386375963002081 ) ) ;
#5117 = CARTESIAN_POINT ( 'NONE',  ( -7.782945515261735281, 94.60517800146057255, 186.2521665693098498 ) ) ;
#5118 = CARTESIAN_POINT ( 'NONE',  ( 0.000000000000000000, -36.81024945201490794, 354.2041573336304623 ) ) ;
#5119 = CARTESIAN_POINT ( 'NONE',  ( 40.55766409033606124, -4.331508680072187367, 17.38773300449937054 ) ) ;
#5120 = CARTESIAN_POINT ( 'NONE',  ( 3.038240967837852136, 97.19915715014390400, 177.9263847027587246 ) ) ;
#5121 = CARTESIAN_POINT ( 'NONE',  ( 32.15833477106777849, 75.62106885309890458, 141.4990628432756523 ) ) ;
#5122 = CARTESIAN_POINT ( 'NONE',  ( -35.58600066911777304, 21.46437324119710865, 17.31043156484773959 ) ) ;
#5123 = CARTESIAN_POINT ( 'NONE',  ( 4.999999999999995559, 62.54111716964818868, 409.0779284778316764 ) ) ;
#5124 = CARTESIAN_POINT ( 'NONE',  ( 46.33184117904662713, 45.65446756776135828, 118.9855219269348794 ) ) ;
#5125 = CARTESIAN_POINT ( 'NONE',  ( 0.000000000000000000, 91.88541255089855042, 149.0192602527410770 ) ) ;
#5126 = CARTESIAN_POINT ( 'NONE',  ( -35.04902719951837753, 79.84392025674692661, 188.9956683491395495 ) ) ;
#5127 = CARTESIAN_POINT ( 'NONE',  ( -41.11288399866154464, 67.76654575106181255, 171.7144220189136377 ) ) ;
#5128 = CARTESIAN_POINT ( 'NONE',  ( 52.64353927810599032, 12.46793194850281061, 82.46964073403489692 ) ) ;
#5129 = CARTESIAN_POINT ( 'NONE',  ( -4.306950657758385148, 93.62315652943729560, 178.5325792025088560 ) ) ;
#5130 = CARTESIAN_POINT ( 'NONE',  ( 27.74925552164808806, -33.22797267977882996, 321.6228806003754244 ) ) ;
#5131 = CARTESIAN_POINT ( 'NONE',  ( 43.02623496292717675, 63.12309898197100466, 120.0000000000000142 ) ) ;
#5132 = CARTESIAN_POINT ( 'NONE',  ( 19.32408837528868517, 100.1210735848877391, 390.6459917747448571 ) ) ;
#5133 = CARTESIAN_POINT ( 'NONE',  ( 3.036967382061134479, 95.42612644101387787, 168.0724953901149945 ) ) ;
#5134 = CARTESIAN_POINT ( 'NONE',  ( -16.11961494458689970, -53.38223204408816969, 175.0336512417531765 ) ) ;
#5135 = ORIENTED_EDGE ( 'NONE', *, *, #3952, .F. ) ;
#5136 = CARTESIAN_POINT ( 'NONE',  ( -47.78719976097294619, 45.92010588048104580, 159.0845829815636421 ) ) ;
#5137 = CARTESIAN_POINT ( 'NONE',  ( 47.95162308707446641, 60.31351226665817222, 211.2187495458841511 ) ) ;
#5138 = CARTESIAN_POINT ( 'NONE',  ( -22.70028339897011094, 90.52700514690579325, 188.1288506573362724 ) ) ;
#5139 = CARTESIAN_POINT ( 'NONE',  ( 37.25453325313229413, -8.006426954955317754, 9.999999999999998224 ) ) ;
#5140 = CARTESIAN_POINT ( 'NONE',  ( -27.81510459493499710, 33.69460569634906477, 17.24261140536765780 ) ) ;
#5141 = CARTESIAN_POINT ( 'NONE',  ( -14.70232195613785287, 83.46396090937679446, 120.0000000000000284 ) ) ;
#5142 = CARTESIAN_POINT ( 'NONE',  ( -22.67306916224136870, -5.266321588223756400, 380.0888225131455442 ) ) ;
#5143 = ADVANCED_FACE ( 'NONE', ( #38 ), #2403, .F. ) ;
#5144 = CARTESIAN_POINT ( 'NONE',  ( 40.66598896556444487, 69.04404117076536807, 174.8760148702344566 ) ) ;
#5145 = CARTESIAN_POINT ( 'NONE',  ( -14.53392892707860540, 52.61194511000936558, 33.95898219624178438 ) ) ;
#5146 = CARTESIAN_POINT ( 'NONE',  ( -44.35047980357051500, -35.52260093429034526, 221.5266786259768139 ) ) ;
#5147 = ORIENTED_EDGE ( 'NONE', *, *, #1244, .F. ) ;
#5148 = CARTESIAN_POINT ( 'NONE',  ( -0.1666680310022400913, 93.25895547137743335, 161.8646081537814894 ) ) ;
#5149 = CARTESIAN_POINT ( 'NONE',  ( -36.52509281565785670, 68.47368485145689476, 130.0155196439101246 ) ) ;
#5150 = CARTESIAN_POINT ( 'NONE',  ( -27.91881641712010520, 67.49829517790468003, 82.48170445250212879 ) ) ;
#5151 = CARTESIAN_POINT ( 'NONE',  ( 4.950522647592374703, -53.51001096261204282, 192.4463605642451114 ) ) ;
#5152 = CARTESIAN_POINT ( 'NONE',  ( -53.58604024835115354, 5.690418614845323297, 201.7385314185953007 ) ) ;
#5153 = CARTESIAN_POINT ( 'NONE',  ( 16.08260158706798748, 87.08507191965540528, 153.7147472403794097 ) ) ;
#5154 = CARTESIAN_POINT ( 'NONE',  ( 37.40073835626570542, 73.43581071379368552, 165.5109973267831833 ) ) ;
#5155 = CARTESIAN_POINT ( 'NONE',  ( 53.69754052735140704, 27.10604614702786108, 124.4862521958181247 ) ) ;
#5156 = CARTESIAN_POINT ( 'NONE',  ( -17.00673660901613005, -7.404099092389644809, 397.6365478720514375 ) ) ;
#5157 = CARTESIAN_POINT ( 'NONE',  ( 1.506037355866771010, 94.30404942205110785, 162.0498156152917204 ) ) ;
#5158 = CARTESIAN_POINT ( 'NONE',  ( 0.000000000000000000, -41.51854769391206190, 320.9717399628283374 ) ) ;
#5159 = CARTESIAN_POINT ( 'NONE',  ( 53.55347313723164859, -5.442605374564880805, 82.46847200278909895 ) ) ;
#5160 = LINE ( 'NONE', #2247, #1692 ) ;
#5161 = CARTESIAN_POINT ( 'NONE',  ( 32.66736204819270029, 82.20634436562484382, 184.7080598758625740 ) ) ;
#5162 = CARTESIAN_POINT ( 'NONE',  ( -23.51603362702280009, 48.74175374812277539, 357.4055157832979717 ) ) ;
#5163 = CARTESIAN_POINT ( 'NONE',  ( 5.000000000000006217, 56.14993177050480000, 409.0779284778316196 ) ) ;
#5164 = CARTESIAN_POINT ( 'NONE',  ( 46.55315771325572882, 51.82332225799733294, 181.1157518863179519 ) ) ;
#5165 = CARTESIAN_POINT ( 'NONE',  ( 4.315972463396706260, 111.9264249699713503, 309.3069692714477128 ) ) ;
#5166 = FACE_OUTER_BOUND ( 'NONE', #4708, .T. ) ;
#5167 = B_SPLINE_CURVE_WITH_KNOTS ( 'NONE', 3,
 ( #1973, #2539, #2648, #7265, #2054, #3082, #751, #1937, #3735, #6718, #4314, #1391, #3663, #786 ),
 .UNSPECIFIED., .F., .F.,
 ( 4, 2, 2, 2, 2, 2, 4 ),
 ( 3.220080452281948169E-17, 0.0002929226573394849123, 0.0005858453146789376238, 0.0008787679720183902811, 0.001171690629357843155, 0.001757535944036685803, 0.002343381258715528884 ),
 .UNSPECIFIED. ) ;
#5168 = CARTESIAN_POINT ( 'NONE',  ( -38.64391193533512592, 73.82684093530498615, 184.5724546379175308 ) ) ;
#5169 = CARTESIAN_POINT ( 'NONE',  ( 54.08817850606153854, 5.564220918259667137, 192.3485954874197716 ) ) ;
#5170 = CARTESIAN_POINT ( 'NONE',  ( 7.946428739083739146, 86.26203852871280731, 142.7606671083215417 ) ) ;
#5171 = CARTESIAN_POINT ( 'NONE',  ( 33.24520902254579369, -39.87008860212530692, 34.35937563049589727 ) ) ;
#5172 = CARTESIAN_POINT ( 'NONE',  ( 23.39584952227717096, 80.74184153303275480, 120.0000000000000426 ) ) ;
#5173 = CARTESIAN_POINT ( 'NONE',  ( 16.07050646366812074, 107.1684641406035468, 371.7344176748466111 ) ) ;
#5174 = CARTESIAN_POINT ( 'NONE',  ( -2.000000000052071236, 95.46407769772309848, 168.0667042759463641 ) ) ;
#5175 = ORIENTED_EDGE ( 'NONE', *, *, #7210, .F. ) ;
#5176 = B_SPLINE_CURVE_WITH_KNOTS ( 'NONE', 3,
 ( #5190, #4605, #1444, #4519 ),
 .UNSPECIFIED., .F., .F.,
 ( 4, 4 ),
 ( 0.000000000000000000, 0.0005057440890656901816 ),
 .UNSPECIFIED. ) ;
#5177 = CARTESIAN_POINT ( 'NONE',  ( -46.54740251546856200, 51.84966350509336763, 181.1162664591962539 ) ) ;
#5178 = CARTESIAN_POINT ( 'NONE',  ( 50.04290335561049119, 47.90143442731719148, 125.3053020485911730 ) ) ;
#5179 = CARTESIAN_POINT ( 'NONE',  ( -24.50694001840066605, 88.08114300800025376, 178.3974048027415904 ) ) ;
#5180 = CARTESIAN_POINT ( 'NONE',  ( 42.04046055371542678, -15.01211487501360153, 296.6988238883604936 ) ) ;
#5181 = CARTESIAN_POINT ( 'NONE',  ( -33.82937984308858859, 71.88595083024148380, 309.2497927673927052 ) ) ;
#5182 = CARTESIAN_POINT ( 'NONE',  ( -18.26531871518585959, 82.57009208499808040, 120.0000000000000568 ) ) ;
#5183 = CARTESIAN_POINT ( 'NONE',  ( -49.33446537551563438, -5.728520701639228996, 250.8423997194465471 ) ) ;
#5184 = APPLICATION_CONTEXT ( 'automotive_design' ) ;
#5185 = CARTESIAN_POINT ( 'NONE',  ( 40.88173704467239133, 61.95415571945051880, 129.9037746565927307 ) ) ;
#5186 = CARTESIAN_POINT ( 'NONE',  ( 16.54042635564701769, 106.4485157680154543, 390.3800096164603701 ) ) ;
#5187 = CARTESIAN_POINT ( 'NONE',  ( -22.97910080184422554, 95.12909338343447985, 192.3878539251080042 ) ) ;
#5188 = CARTESIAN_POINT ( 'NONE',  ( -43.31596581334503782, -40.74570277972416221, 192.3881358799369252 ) ) ;
#5189 = ORIENTED_EDGE ( 'NONE', *, *, #3531, .T. ) ;
#5190 = CARTESIAN_POINT ( 'NONE',  ( -0.5057420188709232933, 94.04616428497631375, 160.6903502493982501 ) ) ;
#5191 = CARTESIAN_POINT ( 'NONE',  ( -36.14419532812490843, 77.38411172467050392, 181.4066710895642984 ) ) ;
#5192 = CARTESIAN_POINT ( 'NONE',  ( -21.55165213505841137, 38.78149817916895614, 17.20962238847535630 ) ) ;
#5193 = CARTESIAN_POINT ( 'NONE',  ( 2.662980237277245088, -50.60186288607863503, 236.3606088745235070 ) ) ;
#5194 = CARTESIAN_POINT ( 'NONE',  ( -12.47994127228410655, 1.935646108805006316, 397.5039107733113042 ) ) ;
#5195 = CARTESIAN_POINT ( 'NONE',  ( 17.89787809893395476, 87.71209480091160060, 159.6944403289412833 ) ) ;
#5196 = CARTESIAN_POINT ( 'NONE',  ( 34.99416274677195560, 79.36796786499088796, 184.6581136342818183 ) ) ;
#5197 = DIRECTION ( 'NONE',  ( 0.000000000000000000, -2.040851148208008491E-16, 1.000000000000000000 ) ) ;
#5198 = CARTESIAN_POINT ( 'NONE',  ( -53.54931451210967452, -6.606706142338157228, 82.46846619459346073 ) ) ;
#5199 = CARTESIAN_POINT ( 'NONE',  ( -0.8944626677098921341, -39.53408085530723071, 335.5805030320946116 ) ) ;
#5200 = CARTESIAN_POINT ( 'NONE',  ( 23.10790807300193350, -6.050989737802308532, 380.0924787308388204 ) ) ;
#5201 = PLANE ( 'NONE',  #4797 ) ;
#5202 = CARTESIAN_POINT ( 'NONE',  ( 32.50250324167247129, 83.24602975553310102, 191.2792971241056534 ) ) ;
#5203 = CARTESIAN_POINT ( 'NONE',  ( -49.98526609374781771, 49.67984677571020313, 211.2183938314661020 ) ) ;
#5204 = CARTESIAN_POINT ( 'NONE',  ( 29.36377119074981934, 32.00499231639761888, 17.25301837547245398 ) ) ;
#5205 = CARTESIAN_POINT ( 'NONE',  ( 47.98236187041576528, 43.88855644040901183, 184.2965990484795782 ) ) ;
#5206 = CARTESIAN_POINT ( 'NONE',  ( 3.860606970260060500, 114.7549911919456918, 402.6386434062359854 ) ) ;
#5207 = CARTESIAN_POINT ( 'NONE',  ( -1.168423213346944545, 94.05318241929715839, 160.7559595059871071 ) ) ;
#5208 = ADVANCED_FACE ( 'NONE', ( #4178 ), #6554, .F. ) ;
#5209 = CARTESIAN_POINT ( 'NONE',  ( -39.37905338363278673, 68.50979570464862434, 153.3198384505566310 ) ) ;
#5210 = CARTESIAN_POINT ( 'NONE',  ( 55.39680724797396039, 6.511398499391120254, 125.3239440966628706 ) ) ;
#5211 = CARTESIAN_POINT ( 'NONE',  ( -2.907108066916224587, 94.32512851819836897, 162.3647086599779072 ) ) ;
#5212 = FACE_OUTER_BOUND ( 'NONE', #7618, .T. ) ;
#5213 = CARTESIAN_POINT ( 'NONE',  ( 27.61600202523867864, -46.35352668173857182, 236.2471137054183998 ) ) ;
#5214 = CARTESIAN_POINT ( 'NONE',  ( 12.46911249434596236, 81.24912682878078840, 391.7446477091530141 ) ) ;
#5215 = CARTESIAN_POINT ( 'NONE',  ( 3.700615539443735003, 84.85777298126143364, 120.0000000015007799 ) ) ;
#5216 = CARTESIAN_POINT ( 'NONE',  ( 18.84408894594456996, 102.1676237330502772, 236.4997088844062318 ) ) ;
#5217 = VECTOR ( 'NONE', #3155, 1000.000000000000000 ) ;
#5218 = CARTESIAN_POINT ( 'NONE',  ( 49.80441542523542608, 28.74822672493824882, 179.1707062980969454 ) ) ;
#5219 = ORIENTED_EDGE ( 'NONE', *, *, #2963, .F. ) ;
#5220 = CARTESIAN_POINT ( 'NONE',  ( -46.41712537252526261, 52.33043633401452155, 165.2672912306265687 ) ) ;
#5221 = CARTESIAN_POINT ( 'NONE',  ( 48.30856235531596354, 51.77575164062806579, 236.1833888795036955 ) ) ;
#5222 = B_SPLINE_CURVE_WITH_KNOTS ( 'NONE', 3,
 ( #4640, #2186, #5689, #2272 ),
 .UNSPECIFIED., .F., .F.,
 ( 4, 4 ),
 ( 0.000000000000000000, 0.0005000024665977933222 ),
 .UNSPECIFIED. ) ;
#5223 = CARTESIAN_POINT ( 'NONE',  ( -15.87761402970160063, 93.33093129859665282, 188.1992981223521610 ) ) ;
#5224 = CARTESIAN_POINT ( 'NONE',  ( 50.80397607929121051, -27.11159803275184288, 201.7407403191748188 ) ) ;
#5225 = B_SPLINE_CURVE_WITH_KNOTS ( 'NONE', 3,
 ( #4856, #124, #7215, #1891, #7253, #4302 ),
 .UNSPECIFIED., .F., .F.,
 ( 4, 2, 4 ),
 ( 0.04830515086869936053, 0.07520289932918329534, 0.1021006477896672371 ),
 .UNSPECIFIED. ) ;
#5226 = CARTESIAN_POINT ( 'NONE',  ( -45.05813374385801495, 68.52585230248348580, 174.9416044359795706 ) ) ;
#5227 = DIRECTION ( 'NONE',  ( 0.005634605962269185336, 0.9999841254818249148, 0.000000000000000000 ) ) ;
#5228 = CARTESIAN_POINT ( 'NONE',  ( 40.17933870144479869, 70.34266642217403387, 178.0774338567331654 ) ) ;
#5229 = CARTESIAN_POINT ( 'NONE',  ( 17.36501309354383693, 101.1921716075065945, 221.6204302219562123 ) ) ;
#5230 = CARTESIAN_POINT ( 'NONE',  ( -16.07050646366812074, 107.1684641406035468, 371.7344176748466111 ) ) ;
#5231 = CARTESIAN_POINT ( 'NONE',  ( -29.36778770313278386, -36.26594778884934556, 17.36313527830163750 ) ) ;
#5232 = ORIENTED_EDGE ( 'NONE', *, *, #1221, .F. ) ;
#5233 = LINE ( 'NONE', #7592, #5870 ) ;
#5234 = CARTESIAN_POINT ( 'NONE',  ( -33.51538760268224593, 77.45003853872574950, 159.4531860424234253 ) ) ;
#5235 = CARTESIAN_POINT ( 'NONE',  ( -32.64938940119282762, 92.98230387101767747, 236.4230273054047302 ) ) ;
#5236 = CARTESIAN_POINT ( 'NONE',  ( 2.212683981822393786, -42.98539916776316261, 309.3070882317718997 ) ) ;
#5237 = CARTESIAN_POINT ( 'NONE',  ( -49.72833828866642136, 4.425022089082849774, 250.8598458643937477 ) ) ;
#5238 = CARTESIAN_POINT ( 'NONE',  ( 16.07442525568633584, 90.59210860443981517, 172.1516412868446082 ) ) ;
#5239 = CARTESIAN_POINT ( 'NONE',  ( 35.01817287109626875, 67.69278928090616887, 119.2911081981840766 ) ) ;
#5240 = CARTESIAN_POINT ( 'NONE',  ( 0.000000000000000000, 112.1035485132183425, 309.3073450306594623 ) ) ;
#5241 = CARTESIAN_POINT ( 'NONE',  ( -54.29805612819932747, -11.95279443607484460, 192.3483691150099162 ) ) ;
#5242 = CARTESIAN_POINT ( 'NONE',  ( 5.026073635634163154E-13, 85.78293093709331174, 133.9726321057809173 ) ) ;
#5243 = CARTESIAN_POINT ( 'NONE',  ( 54.38663311142379797, -4.916482986864352256, 192.3476141453412538 ) ) ;
#5244 = LINE ( 'NONE', #4030, #1428 ) ;
#5245 = CARTESIAN_POINT ( 'NONE',  ( 32.87800067598180220, 77.07140432596430912, 153.4720021714830693 ) ) ;
#5246 = CARTESIAN_POINT ( 'NONE',  ( -41.03070432933713363, 31.69812211976937633, 296.8672178467381286 ) ) ;
#5247 = AXIS2_PLACEMENT_3D ( 'NONE', #4997, #7360, #4490 ) ;
#5248 = CARTESIAN_POINT ( 'NONE',  ( 46.81082606069865903, 43.89844777290259970, 118.9720484411217711 ) ) ;
#5249 = CARTESIAN_POINT ( 'NONE',  ( 1.988064142389381006, 97.27166033059255312, 178.1079769603105944 ) ) ;
#5250 = CARTESIAN_POINT ( 'NONE',  ( 9.220591472505004660, 108.0989976888444914, 267.6145168357557509 ) ) ;
#5251 = CARTESIAN_POINT ( 'NONE',  ( -39.31763183019214836, 66.74348662529379794, 141.3294809527579901 ) ) ;
#5252 = CARTESIAN_POINT ( 'NONE',  ( 52.29412793052531327, 8.042072019475606126, 221.5258931918240819 ) ) ;
#5253 = ORIENTED_EDGE ( 'NONE', *, *, #5572, .T. ) ;
#5254 = CARTESIAN_POINT ( 'NONE',  ( -49.53366968640177248, 31.11796439121361502, 181.5779570334323409 ) ) ;
#5255 = CARTESIAN_POINT ( 'NONE',  ( 27.79996175085909371, -47.77033079538902172, 61.09688006876282884 ) ) ;
#5256 = CARTESIAN_POINT ( 'NONE',  ( 22.53352597700328985, 91.61916941003116222, 335.9100601082063804 ) ) ;
#5257 = CARTESIAN_POINT ( 'NONE',  ( 4.254405418667914773, 80.95738818507317092, 119.6138246344231675 ) ) ;
#5258 = CARTESIAN_POINT ( 'NONE',  ( 20.98555666414223353, 93.33908440664571060, 174.9453528995571503 ) ) ;
#5259 = CARTESIAN_POINT ( 'NONE',  ( 50.06450871079028531, 27.10604614702786819, 174.4260164983230084 ) ) ;
#5260 = ORIENTED_EDGE ( 'NONE', *, *, #3154, .T. ) ;
#5261 = CARTESIAN_POINT ( 'NONE',  ( -47.15885528478197131, 48.84674766236538090, 159.1014480550270775 ) ) ;
#5262 = CARTESIAN_POINT ( 'NONE',  ( 30.41892854942113189, 36.26981476518886183, 338.0774702365528128 ) ) ;
#5263 = CARTESIAN_POINT ( 'NONE',  ( -12.15169621344315587, 94.21721002099788222, 188.2221633226693882 ) ) ;
#5264 = CARTESIAN_POINT ( 'NONE',  ( 24.78263081033043491, -13.99965637921416217, 379.4587201523890485 ) ) ;
#5265 = CARTESIAN_POINT ( 'NONE',  ( 3.038263791277873160, 97.22791155026354204, 178.0901305025311103 ) ) ;
#5266 = CARTESIAN_POINT ( 'NONE',  ( 39.89714362369162615, 72.12113653222652943, 191.1018992051974692 ) ) ;
#5267 = CARTESIAN_POINT ( 'NONE',  ( 8.516755323339712191, 38.24380136745179470, 9.999999999999992895 ) ) ;
#5268 = CARTESIAN_POINT ( 'NONE',  ( -19.53414936047056827, 78.55065835295845034, 106.4338566239078006 ) ) ;
#5269 = CARTESIAN_POINT ( 'NONE',  ( -37.27287521075454180, -42.64205156870801261, 221.5289559395897641 ) ) ;
#5270 = CARTESIAN_POINT ( 'NONE',  ( -53.52984902553232160, 27.10604614702786463, 119.9999999999999858 ) ) ;
#5271 = CARTESIAN_POINT ( 'NONE',  ( -34.25072464607631417, 79.45604501680243459, 178.2220029631895954 ) ) ;
#5272 = CARTESIAN_POINT ( 'NONE',  ( -33.40652155030986137, 71.07424397024119855, 106.4401915952778523 ) ) ;
#5273 = CARTESIAN_POINT ( 'NONE',  ( 0.9737557189577743522, -44.41619298931090043, 297.8498342641724435 ) ) ;
#5274 = CARTESIAN_POINT ( 'NONE',  ( -33.48353253372156502, -0.2148876748458541375, 338.8827371371758659 ) ) ;
#5275 = CARTESIAN_POINT ( 'NONE',  ( 12.28909459761339029, 92.02389142924627663, 175.3208680523105158 ) ) ;
#5276 = CARTESIAN_POINT ( 'NONE',  ( 36.55332869614885993, 77.56880944812542111, 187.8881810902138341 ) ) ;
#5277 = DIRECTION ( 'NONE',  ( 5.602867245962734761E-30, -0.9812926639922453509, 0.1925219665259060575 ) ) ;
#5278 = CARTESIAN_POINT ( 'NONE',  ( -13.69578346457313422, -9.989204209172893201, 405.8633037638764449 ) ) ;
#5279 = CARTESIAN_POINT ( 'NONE',  ( 0.000000000000000000, -54.41040938837297603, 95.91147462393556111 ) ) ;
#5280 = CARTESIAN_POINT ( 'NONE',  ( 31.53619492481139019, 82.47667473748590794, 178.2784013074145832 ) ) ;
#5281 = CARTESIAN_POINT ( 'NONE',  ( -18.67827076007984743, 20.60619806868941239, 379.0760307240186080 ) ) ;
#5282 = CARTESIAN_POINT ( 'NONE',  ( 47.46612557934773236, 46.99881858216458852, 184.3118937958007280 ) ) ;
#5283 = CARTESIAN_POINT ( 'NONE',  ( 1.422194608002856686, 97.44740646223668534, 179.0671626153702221 ) ) ;
#5284 = CARTESIAN_POINT ( 'NONE',  ( 5.321258306415971973, 78.03212230797318227, 95.91467759725750852 ) ) ;
#5285 = CARTESIAN_POINT ( 'NONE',  ( -12.84977190268531899, -54.61974385972305868, 149.1121289288379046 ) ) ;
#5286 = CARTESIAN_POINT ( 'NONE',  ( -39.13573418431296602, 68.90107348151616407, 153.3263708548437023 ) ) ;
#5287 = CARTESIAN_POINT ( 'NONE',  ( 7.353900861210766138, 3.187494322710440642, 405.8900223721930729 ) ) ;
#5288 = ORIENTED_EDGE ( 'NONE', *, *, #6960, .T. ) ;
#5289 = CARTESIAN_POINT ( 'NONE',  ( 3.036466787284052060, 94.47427980624667043, 163.1572553380290458 ) ) ;
#5290 = CARTESIAN_POINT ( 'NONE',  ( 19.59418128329283704, -41.74488511344410568, 297.5739432275273089 ) ) ;
#5291 = CARTESIAN_POINT ( 'NONE',  ( 25.44340331845632619, 91.97056133792706589, 321.1400265303479955 ) ) ;
#5292 = CARTESIAN_POINT ( 'NONE',  ( 6.393694524163436199, 91.14371140020006123, 165.8895461684819281 ) ) ;
#5293 = CARTESIAN_POINT ( 'NONE',  ( 18.80488104658226334, 102.1605994490002729, 409.0779284778327565 ) ) ;
#5294 = CARTESIAN_POINT ( 'NONE',  ( 3.037553717035438527, 96.33331519224938688, 172.9957311930184858 ) ) ;
#5295 = ORIENTED_EDGE ( 'NONE', *, *, #6377, .T. ) ;
#5296 = CARTESIAN_POINT ( 'NONE',  ( -46.18827096759098794, 53.55191909055891841, 177.9035758295196104 ) ) ;
#5297 = CARTESIAN_POINT ( 'NONE',  ( 50.97814443026798870, 36.11245709995962727, 221.5444361254579348 ) ) ;
#5298 = CARTESIAN_POINT ( 'NONE',  ( -17.69789400981890282, 92.18861810202909624, 184.9212968578299296 ) ) ;
#5299 = CARTESIAN_POINT ( 'NONE',  ( 54.93396831683054415, -22.86206474702940028, 149.0574281582650258 ) ) ;
#5300 = VECTOR ( 'NONE', #5729, 1000.000000000000227 ) ;
#5301 = CARTESIAN_POINT ( 'NONE',  ( 2.956763898217531050, 97.31456816996482928, 178.5670239765723011 ) ) ;
#5302 = CARTESIAN_POINT ( 'NONE',  ( 44.04429649797081225, 60.91382130667469852, 174.7785872994726333 ) ) ;
#5303 = CARTESIAN_POINT ( 'NONE',  ( 16.86449848019995557, 76.20660751207844896, 95.91486233485673552 ) ) ;
#5304 = CARTESIAN_POINT ( 'NONE',  ( -17.10914371339296380, 105.5397445469658209, 409.0779284778308238 ) ) ;
#5305 = CARTESIAN_POINT ( 'NONE',  ( -42.63088955041609296, -41.14416827938739374, 82.47740216716883310 ) ) ;
#5306 = ORIENTED_EDGE ( 'NONE', *, *, #7210, .T. ) ;
#5307 = CARTESIAN_POINT ( 'NONE',  ( 31.59962214719359963, 84.03435494452170929, 189.5430219325262726 ) ) ;
#5308 = CARTESIAN_POINT ( 'NONE',  ( 7.207731705544231815, 82.69896106424069160, 127.4573686992948041 ) ) ;
#5309 = CARTESIAN_POINT ( 'NONE',  ( -33.71498193394785403, 79.64931751984262576, 175.0459791674230416 ) ) ;
#5310 = CARTESIAN_POINT ( 'NONE',  ( -34.49379548251269512, 75.04247835864086369, 125.2865635882103277 ) ) ;
#5311 = CARTESIAN_POINT ( 'NONE',  ( 0.2816841536668359680, -33.82651559785280426, 373.0243241031068351 ) ) ;
#5312 = CARTESIAN_POINT ( 'NONE',  ( -51.12104519766923971, 0.4201243269255702795, 61.09735886581338349 ) ) ;
#5313 = CARTESIAN_POINT ( 'NONE',  ( 20.55049206408502371, 77.78892707107499405, 119.5584896149513128 ) ) ;
#5314 = CARTESIAN_POINT ( 'NONE',  ( 36.09603829429968158, 77.86365478644255234, 184.6340632254662069 ) ) ;
#5315 = CARTESIAN_POINT ( 'NONE',  ( 0.000000000000000000, 96.50724633046549172, 179.5704703226415404 ) ) ;
#5316 = CARTESIAN_POINT ( 'NONE',  ( -34.79484428750806302, -7.907744462510787997, 338.9094986770033984 ) ) ;
#5317 = DIRECTION ( 'NONE',  ( 1.000000000000000000, -6.286854017118685007E-16, -3.348604628904795982E-15 ) ) ;
#5318 = B_SPLINE_CURVE_WITH_KNOTS ( 'NONE', 3,
 ( #2104, #2145, #4513, #1026 ),
 .UNSPECIFIED., .F., .F.,
 ( 4, 4 ),
 ( 0.0004405653058463500577, 0.01544147973765213656 ),
 .UNSPECIFIED. ) ;
#5319 = CARTESIAN_POINT ( 'NONE',  ( 12.46612832295578954, -52.97377829899706114, 192.4409145642689225 ) ) ;
#5320 = CARTESIAN_POINT ( 'NONE',  ( -30.41892854942113189, 36.26981476518886183, 338.0774702365528128 ) ) ;
#5321 = CARTESIAN_POINT ( 'NONE',  ( 47.03252960730477383, 43.00891640928975335, 118.9658299900038827 ) ) ;
#5322 = CARTESIAN_POINT ( 'NONE',  ( 1.949301285183544508, 97.30448504910404495, 178.2914212720810099 ) ) ;
#5323 = CARTESIAN_POINT ( 'NONE',  ( 10.75684176440502959, 85.69796128773216992, 125.2771082987701163 ) ) ;
#5324 = CARTESIAN_POINT ( 'NONE',  ( -5.109739151741559127, -27.46787512206858395, 403.4963269054233592 ) ) ;
#5325 = CARTESIAN_POINT ( 'NONE',  ( -38.57856773797489325, 73.57549541456074849, 181.3485213248132482 ) ) ;
#5326 = CARTESIAN_POINT ( 'NONE',  ( 51.11422127162909135, 8.287280167330475678, 236.0143575018415731 ) ) ;
#5327 = CARTESIAN_POINT ( 'NONE',  ( -1.802176842426759240, 93.36181395887173551, 162.6077536282666927 ) ) ;
#5328 = CARTESIAN_POINT ( 'NONE',  ( 7.946428739083905235, 93.03248005718580771, 176.9637940996658756 ) ) ;
#5329 = CARTESIAN_POINT ( 'NONE',  ( 24.33660262697240739, -49.63661395556268729, 211.1977722713742764 ) ) ;
#5330 = CARTESIAN_POINT ( 'NONE',  ( 36.68000673810178824, 85.13421970794340154, 201.7351259169355160 ) ) ;
#5331 = CARTESIAN_POINT ( 'NONE',  ( 2.219548093420810275, 83.83786981601647881, 130.3778194979480531 ) ) ;
#5332 = CARTESIAN_POINT ( 'NONE',  ( 26.94206524966221750, 97.79212057632568644, 236.4599258179368917 ) ) ;
#5333 = ORIENTED_EDGE ( 'NONE', *, *, #5015, .T. ) ;
#5334 = CARTESIAN_POINT ( 'NONE',  ( -46.92938035341803982, 49.80920315559818334, 159.1076440148399342 ) ) ;
#5335 = CARTESIAN_POINT ( 'NONE',  ( 52.10598756292789346, 34.88633212949510209, 201.7376634749646200 ) ) ;
#5336 = CARTESIAN_POINT ( 'NONE',  ( -16.01677640931823632, 91.71159254719258058, 178.4877893442581467 ) ) ;
#5337 = CARTESIAN_POINT ( 'NONE',  ( 30.09236226398421721, -15.46363169407038818, 359.3065941412086772 ) ) ;
#5338 = FACE_OUTER_BOUND ( 'NONE', #3401, .T. ) ;
#5339 = CARTESIAN_POINT ( 'NONE',  ( 44.79762801865111754, 57.98714300077597272, 165.3112565836573822 ) ) ;
#5340 = CARTESIAN_POINT ( 'NONE',  ( 18.05344409565291031, 98.42560364373090920, 201.7342441000753297 ) ) ;
#5341 = CARTESIAN_POINT ( 'NONE',  ( -13.83817304049488328, 42.24374588654093543, 17.18106271874457747 ) ) ;
#5342 = CARTESIAN_POINT ( 'NONE',  ( -18.07629115727031177, -27.03616238288233475, 375.8963292066485451 ) ) ;
#5343 = ORIENTED_EDGE ( 'NONE', *, *, #5805, .T. ) ;
#5344 = LINE ( 'NONE', #7232, #1379 ) ;
#5345 = CARTESIAN_POINT ( 'NONE',  ( 8.163451081931309972, 82.70002160839949568, 127.8593452789223193 ) ) ;
#5346 = CARTESIAN_POINT ( 'NONE',  ( -34.48021095628194388, 79.60783440869374772, 181.4431517517459156 ) ) ;
#5347 = CARTESIAN_POINT ( 'NONE',  ( -26.15128584824514490, 95.36013762576389752, 309.2798532602187151 ) ) ;
#5348 = EDGE_CURVE ( 'NONE', #4543, #6459, #2011, .T. ) ;
#5349 = CARTESIAN_POINT ( 'NONE',  ( 0.3996605748687314663, -54.41040938837300445, 95.91147462393556111 ) ) ;
#5350 = CARTESIAN_POINT ( 'NONE',  ( -54.14470804041079788, 3.783831681897257493, 192.3483384712029363 ) ) ;
#5351 = CARTESIAN_POINT ( 'NONE',  ( 26.76558908160833283, 27.96313976114281985, 9.999999999999998224 ) ) ;
#5352 = CARTESIAN_POINT ( 'NONE',  ( 24.39444142156023787, 89.14320466352477013, 184.8458508613683762 ) ) ;
#5353 = CARTESIAN_POINT ( 'NONE',  ( 37.06469933461863064, 67.79203565336057125, 130.0004692837462414 ) ) ;
#5354 = CARTESIAN_POINT ( 'NONE',  ( -5.699912222080151913, 91.75958175250083571, 149.0193599030136511 ) ) ;
#5355 = CARTESIAN_POINT ( 'NONE',  ( -56.16915725327315556, -8.567462097191317127, 149.0516136338366948 ) ) ;
#5356 = CARTESIAN_POINT ( 'NONE',  ( 554.2981223361939556, 27.10604614702785398, 173.8550355239896703 ) ) ;
#5357 = CARTESIAN_POINT ( 'NONE',  ( 6.969389416332742115, -25.22917316886741546, 409.0779284778317901 ) ) ;
#5358 = CARTESIAN_POINT ( 'NONE',  ( -52.67335366501364291, 28.99455723453675660, 106.4659600007578604 ) ) ;
#5359 = STYLED_ITEM ( 'NONE', ( #4125 ), #3095 ) ;
#5360 = CARTESIAN_POINT ( 'NONE',  ( 47.72464833253059879, 46.19954343288630838, 174.6738744595741935 ) ) ;
#5361 = CARTESIAN_POINT ( 'NONE',  ( 0.4999999999999940603, 96.50574888332657508, 179.5707641100899252 ) ) ;
#5362 = CARTESIAN_POINT ( 'NONE',  ( -12.72337372200117755, -54.69894830948782527, 125.3282520854518935 ) ) ;
#5363 = CARTESIAN_POINT ( 'NONE',  ( -37.30873131632434792, 69.69443259565531434, 141.3769940004214902 ) ) ;
#5364 = CARTESIAN_POINT ( 'NONE',  ( 27.11434045561395223, 1.646010197927771701, 359.7242175646101714 ) ) ;
#5365 = CARTESIAN_POINT ( 'NONE',  ( 11.38686813906620365, -22.89300478012107831, 404.2009417244211704 ) ) ;
#5366 = ADVANCED_FACE ( 'NONE', ( #1406 ), #3786, .F. ) ;
#5367 = CARTESIAN_POINT ( 'NONE',  ( -33.29483022562411776, 83.92563834338746176, 297.5269623833608534 ) ) ;
#5368 = CARTESIAN_POINT ( 'NONE',  ( 39.34331910949234157, 65.04004465220070585, 106.4445379168380299 ) ) ;
#5369 = CARTESIAN_POINT ( 'NONE',  ( 7.364873579279398008, 93.34301030149224232, 178.5258680193641112 ) ) ;
#5370 = CARTESIAN_POINT ( 'NONE',  ( 16.45553067387521651, 41.32086091039134601, 17.18945100695028216 ) ) ;
#5371 = VECTOR ( 'NONE', #5827, 1000.000000000000000 ) ;
#5372 = CARTESIAN_POINT ( 'NONE',  ( -2.517491263665994072, 97.48035899998147613, 179.4294284465410385 ) ) ;
#5373 = EDGE_LOOP ( 'NONE', ( #1713, #5735, #1644, #5175 ) ) ;
#5374 = CARTESIAN_POINT ( 'NONE',  ( -41.56378859624407340, 68.50455852065050522, 191.0517870389287509 ) ) ;
#5375 = CARTESIAN_POINT ( 'NONE',  ( 49.24209790291187971, 19.60489914474521100, 61.07037457041619177 ) ) ;
#5376 = CARTESIAN_POINT ( 'NONE',  ( -14.21696989628035013, 91.07551171056924488, 172.1635861990036460 ) ) ;
#5377 = CARTESIAN_POINT ( 'NONE',  ( 45.83774276201813791, -15.69917952931595906, 34.39745706046446116 ) ) ;
#5378 = CARTESIAN_POINT ( 'NONE',  ( 2.701173459777491015, 97.42800733046541950, 179.1637607426774821 ) ) ;
#5379 = CARTESIAN_POINT ( 'NONE',  ( 43.30477169508016999, 63.13929230632805911, 177.9864781645918583 ) ) ;
#5380 = CARTESIAN_POINT ( 'NONE',  ( -3.916475414986937853, 99.54972265623486294, 191.5696355819259793 ) ) ;
#5381 = CARTESIAN_POINT ( 'NONE',  ( -23.08692476348595335, -49.28023016844881710, 61.09653947420420650 ) ) ;
#5382 = ORIENTED_EDGE ( 'NONE', *, *, #7296, .T. ) ;
#5383 = CARTESIAN_POINT ( 'NONE',  ( 1.952226307078707812, 90.89787339514660403, 163.4609868998354330 ) ) ;
#5384 = DIRECTION ( 'NONE',  ( 0.000000000000000000, -0.1925219665259085000, -0.9812926639922450178 ) ) ;
#5385 = CARTESIAN_POINT ( 'NONE',  ( -33.40306783928630807, 72.01458574359593001, 130.0935408685380423 ) ) ;
#5386 = CARTESIAN_POINT ( 'NONE',  ( 53.55332400343804977, -5.160895536738340006, 82.46847511147034027 ) ) ;
#5387 = CARTESIAN_POINT ( 'NONE',  ( -7.536500856464525278, 75.14935617256300304, 403.5689128249438795 ) ) ;
#5388 = EDGE_CURVE ( 'NONE', #5775, #5968, #2671, .T. ) ;
#5389 = CARTESIAN_POINT ( 'NONE',  ( 0.3912785396924737258, -51.77078327003781055, 221.5351251701182491 ) ) ;
#5390 = CARTESIAN_POINT ( 'NONE',  ( -53.79588747919799374, -3.940359134284316500, 201.7386321133462275 ) ) ;
#5391 = CARTESIAN_POINT ( 'NONE',  ( 22.61637531110751453, 91.04427533873887057, 191.4296719529241670 ) ) ;
#5392 = CARTESIAN_POINT ( 'NONE',  ( 38.12960919610970478, 75.39329912239911380, 191.1532768409573180 ) ) ;
#5393 = CARTESIAN_POINT ( 'NONE',  ( -1.263025337073748089, 114.9108385403007304, 389.8678880722445683 ) ) ;
#5394 = CARTESIAN_POINT ( 'NONE',  ( -52.87915475485513639, -11.84542536063591278, 211.2170985286308849 ) ) ;
#5395 = DIRECTION ( 'NONE',  ( 0.000000000000000000, 0.9812926639922453509, -0.1925219665259060575 ) ) ;
#5396 = CARTESIAN_POINT ( 'NONE',  ( -20.06040618262090192, 103.1483155631122486, 320.9293604311895365 ) ) ;
#5397 = CARTESIAN_POINT ( 'NONE',  ( 10.16056220879665872, -35.36367275227340201, 354.7680532469146897 ) ) ;
#5398 = CARTESIAN_POINT ( 'NONE',  ( -50.97814443026798870, 36.11245709995962727, 221.5444361254579348 ) ) ;
#5399 = B_SPLINE_SURFACE_WITH_KNOTS ( 'NONE', 3, 3, ( 
 ( #3451, #5825, #2362, #7091, #497, #7015, #2323, #5240, #6360, #4653, #6440, #1768, #4140, #1113, #3488, #5865, #7636, #1332, #4257, #3132, #1298, #1915, #612, #649, #36, #7203, #1805 ),
 ( #4218, #6051, #5393, #6552, #3018, #2983, #1879, #6084, #763, #3713, #73, #5469, #5432, #184, #4844, #148, #7127, #3096, #4290, #2514, #3600, #113, #5978, #2552, #5506, #727, #4883 ),
 ( #4918, #4326, #2401, #4766, #7278, #6627, #3676, #6661, #2438, #4176, #6591, #1950, #4807, #1366, #6694, #1224, #7164, #5942, #5354, #7241, #1843, #1263, #3639, #6013, #690, #3058, #2476 ),
 ( #2625, #5656, #4362, #4439, #7426, #5025, #3859, #292, #2735, #6269, #2661, #4988, #797, #2028, #5103, #331, #6731, #3167, #2149, #3243, #1521, #5620, #7388, #3747, #2068, #6803, #6233 ),
 ( #2699, #7352, #947, #3896, #6118, #1484, #911, #3279, #5065, #2107, #4401, #3316, #1442, #7464, #4478, #5579, #6841, #5692, #367, #4516, #6879, #5540, #6157, #219, #2586, #7315, #6768 ),
 ( #4952, #3206, #1404, #835, #1985, #3784, #255, #3820, #6196, #873, #1104, #1065, #3515, #488, #3478, #2778, #6430, #7626, #5855, #6921, #5891, #562, #2859, #1682, #7042, #3936, #6963 ),
 ( #5304, #6467, #4680, #5230, #1601, #2933, #7590, #3976, #7663, #3442, #6349, #2350, #1721, #4055, #525, #2896, #5815, #1029, #2276, #4643, #5268, #3399, #2313, #1642, #5145, #4016, #3357 ),
 ( #1139, #6389, #7005, #4091, #4716, #5733, #987, #1562, #410, #5773, #450, #7502, #6310, #2189, #4560, #2818, #5187, #7547, #2232, #4602, #2971, #5930, #600, #3552, #23, #5341, #2386 ),
 ( #7079, #1757, #4128, #6506, #1175, #7168, #151, #6122, #2518, #4886, #652, #7244, #1918, #767, #800, #3642, #5435, #3170, #5545, #6630, #4293, #2555, #116, #2442, #3061, #693, #3716 ),
 ( #4260, #1846, #6664, #6054, #6017, #1301, #5396, #187, #3679, #2590, #2480, #730, #4955, #3136, #7282, #3099, #5509, #4848, #1266, #7206, #3021, #1335, #222, #7319, #3751, #1883, #4921 ),
 ( #6087, #76, #1953, #1989, #5472, #4330, #6697, #1370, #4366, #6734, #1407, #3787, #4811, #4221, #6594, #3863, #2193, #3361, #1566, #2784, #5069, #6274, #3941, #838, #6237, #6771, #5108 ),
 ( #2154, #1445, #6807, #4521, #3824, #7430, #993, #3247, #2665, #258, #7468, #6315, #4565, #2629, #4991, #5738, #2112, #6845, #6884, #5625, #7355, #4443, #5150, #877, #1606, #6926, #6200 ),
 ( #2031, #5583, #6160, #4404, #296, #5029, #7393, #7508, #3209, #2703, #2072, #1488, #372, #915, #1526, #415, #4482, #952, #3900, #3283, #5660, #3321, #335, #5697, #2740, #2977, #1687 ),
 ( #1647, #2824, #30, #4760, #7595, #606, #6473, #492, #2939, #5860, #5778, #5897, #5235, #6512, #4134, #6354, #532, #2901, #4097, #5310, #5272, #7669, #2864, #7122, #2281, #5192, #2318 ),
 ( #4648, #1032, #3521, #7010, #5936, #1069, #4059, #5347, #1146, #2356, #6435, #569, #3446, #4607, #5820, #3404, #7631, #1181, #3558, #7086, #6394, #4723, #3483, #2394, #4686, #1763, #7552 ),
 ( #7048, #1108, #1727, #3980, #454, #2238, #6967, #4021, #5501, #3090, #1910, #6046, #793, #4321, #722, #3053, #6547, #107, #3163, #7197, #4285, #4913, #643, #1293, #7272, #3671, #5464 ),
 ( #6008, #758, #143, #3595, #3708, #5427, #6689, #1945, #4171, #2509, #4878, #6656, #3127, #7236, #179, #684, #2582, #2471, #3013, #1327, #1874, #4801, #4839, #1218, #6079, #4252, #3743 ),
 ( #2547, #5387, #6622, #1362, #6114, #5536, #1258, #67, #215, #5973, #1838, #4948, #1800, #2433, #7159, #4212, #6586, #3634, #4358, #3275, #2731, #5021, #2695, #3816, #1438, #6836, #2024 ),
 ( #5098, #1981, #7384, #250, #6265, #3892, #5652, #3312, #2621, #287, #5688, #4984, #907, #2144, #4397, #6192, #1400, #943, #7460, #5728, #3780, #6152, #4512, #6228, #325, #363, #6764 ),
 ( #6875, #1517, #1557, #2064, #5061, #7422, #3932, #831, #6726, #404, #3202, #7348, #868, #5575, #6306, #2774, #3855, #983, #3239, #3352, #7311, #2102, #5615, #2657, #4435, #6799, #1479 ),
 ( #4474, #1856, #4011, #7138, #5769, #5850, #1238, #6425, #5367, #1678, #4231, #86, #4051, #6385, #2185, #3437, #6604, #2854, #48, #663, #3972, #4639, #3032, #7001, #1099, #5140, #3474 ),
 ( #6916, #1818, #1061, #2452, #5408, #7498, #521, #2892, #2414, #4191, #4779, #6564, #5811, #6026, #484, #6344, #3614, #5226, #445, #7586, #4556, #5990, #2271, #7178, #2227, #4821, #1275 ),
 ( #3652, #702, #1597, #4597, #1024, #3394, #2814, #5181, #7541, #6957, #1636, #268, #6781, #7364, #7290, #125, #6706, #6170, #775, #6131, #7254, #4895, #2599, #5481, #196, #1926, #2490 ),
 ( #3688, #2001, #7328, #1380, #6743, #6062, #3724, #1417, #740, #4338, #5593, #160, #4303, #4857, #4375, #3218, #1457, #7217, #1892, #2638, #1962, #3760, #3796, #2527, #4268, #1344, #2041 ),
 ( #3143, #810, #5001, #4964, #4416, #5517, #3182, #5554, #847, #6639, #1310, #3834, #3108, #6672, #6095, #2563, #6210, #3070, #231, #5444, #4929, #2797, #1498, #1578, #4577, #2167, #1005 ),
 ( #1538, #963, #6247, #3911, #5162, #6287, #3416, #5041, #5751, #925, #7403, #4618, #1658, #4494, #5203, #3374, #5079, #7522, #2753, #2676, #2205, #2124, #5790, #1043, #3257, #5122, #7480 ),
 ( #3293, #5670, #3954, #6856, #6938, #2250, #6327, #2713, #3991, #6896, #466, #427, #1617, #5635, #345, #2082, #4536, #4454, #3333, #6366, #2835, #7564, #7441, #6817, #6980, #307, #5709 ),
 ( #4032, #384, #887, #3874, #654, #5320, #616, #7606, #3569, #4770, #2987, #4070, #3023, #5398, #2, #6522, #4181, #1081, #4106, #7021, #5358, #40, #2366, #2407, #1700, #7057, #7131 ),
 ( #1228, #3492, #2910, #503, #1810, #6556, #4813, #2875, #5246, #3605, #4732, #7095, #5982, #5869, #2293, #4695, #1772, #78, #541, #4659, #2444, #5831, #6446, #2327, #1848, #1118, #7170 ),
 ( #6406, #4144, #3457, #5281, #5947, #7640, #1736, #6483, #1155, #3530, #1192, #5906, #578, #2948, #1920, #4850, #3172, #802, #189, #224, #7208, #4888, #2592, #1885, #5511, #6736, #1303 ),
 ( #1372, #769, #4262, #2557, #6089, #4332, #3682, #6699, #4296, #5437, #6666, #6019, #4368, #6124, #3789, #1337, #4923, #7284, #4957, #695, #3644, #4993, #3063, #6632, #6056, #118, #840 ),
 ( #3211, #3101, #5547, #732, #1955, #7321, #3753, #1991, #3138, #5585, #1409, #6163, #5474, #1268, #2520, #260, #3718, #2631, #7357, #2482, #4223, #6596, #153, #7246, #2034, #954, #3323 ),
 ( #3826, #3943, #3285, #4567, #2195, #4406, #6276, #3902, #2156, #995, #5699, #3363, #917, #2826, #5662, #879, #374, #7432, #5032, #2705, #6773, #1568, #5071, #3982, #6809, #2114, #6356 ),
 ( #2742, #1490, #4484, #1034, #4524, #5740, #337, #6886, #3865, #2667, #6239, #1448, #5110, #6928, #1608, #5152, #4446, #6317, #1529, #3406, #7470, #417, #3249, #2786, #7510, #5780, #7395 ),
 ( #6847, #456, #5194, #6202, #5627, #298, #2074, #3597, #4762, #2979, #3523, #5237, #6549, #1729, #7597, #1802, #5350, #7671, #2359, #4725, #4099, #2283, #5899, #6475, #7088, #4650, #1765 ),
 ( #2320, #1649, #32, #4136, #7124, #7633, #1148, #571, #608, #4023, #6969, #646, #6396, #7012, #1689, #1071, #4173, #3015, #2941, #1220, #6437, #6514, #494, #5312, #3560, #1183, #5938 ),
 ( #534, #4688, #4061, #2903, #2397, #5274, #5975, #3448, #7554, #1110, #5822, #2240, #4609, #3485, #2866, #5862, #7050, #4323, #7238, #7161, #7274, #6624, #217, #5538, #69, #1912, #4287 ),
 ( #109, #5429, #760, #1295, #1947, #6729, #3129, #7199, #795, #3710, #2584, #5503, #1364, #2435, #181, #1876, #6691, #6658, #1840, #3745, #3673, #4950, #7313, #4803, #1329, #6081, #2549 ),
 ( #2473, #4915, #6048, #6116, #1402, #3165, #4254, #1983, #4360, #3782, #6154, #833, #4214, #4841, #6588, #5390, #1260, #724, #3636, #6010, #687, #3092, #3055, #5466, #145, #2511, #4880 ),
 ( #5618, #2733, #2697, #5142, #2105, #5101, #4399, #365, #1560, #7462, #871, #7500, #2187, #4476, #3314, #985, #5577, #909, #3818, #2146, #4514, #6839, #6877, #6194, #3857, #3934, #3241 ),
 ( #6308, #5690, #3355, #5731, #7424, #289, #1519, #5063, #407, #2659, #2776, #3277, #6766, #5654, #4986, #4558, #6919, #1599, #328, #3894, #6267, #3974, #7350, #2623, #6347, #2026, #5023 ),
 ( #3204, #253, #945, #1440, #2066, #7386, #4437, #6801, #1482, #6231, #2229, #5183, #1639, #6959, #7543, #447, #1027, #4599, #4013, #3396, #5771, #2816, #6281, #6361, #5745, #2830, #1038 ),
 ( #6321, #5074, #6932, #882, #340, #1612, #7436, #5785, #3829, #2119, #4410, #3327, #5703, #4529, #2199, #7398, #1493, #4571, #3986, #2708, #378, #999, #3869, #6205, #6812, #4449, #7474 ),
 ( #4489, #3252, #2747, #6851, #2077, #1533, #1451, #3947, #3906, #3410, #6242, #958, #461, #6890, #3368, #5116, #1572, #920, #5035, #3288, #6776, #2161, #5198, #7558, #7515, #5665, #421 ),
 ( #2791, #5630, #5156, #301, #2670, #5316, #6441, #4065, #1769, #4654, #7054, #1114, #6974, #1152, #3527, #7637, #5979, #7128, #5355, #5903, #7601, #1225, #4103, #2287, #4177, #37, #2363 ),
 ( #1188, #2402, #650, #6400, #1076, #1806, #575, #2945, #613, #1695, #3452, #538, #3601, #7016, #5394, #3019, #5241, #3489, #2244, #4613, #7675, #6519, #1653, #5866, #2907, #4027, #3566 ),
 ( #6553, #5278, #4141, #2870, #4729, #5943, #7092, #2984, #6479, #5826, #4767, #498, #2324, #4692, #1733, #6732, #1916, #114, #1986, #3168, #185, #2553, #4919, #4291, #5433, #3714, #6662 ),
 ( #1333, #764, #6119, #7204, #6592, #6052, #1405, #2477, #3207, #836, #3059, #1880, #3785, #74, #6085, #4327, #2439, #4258, #6628, #4808, #6695, #798, #728, #4219, #2515, #5541, #3133 ),
 ( #5507, #7279, #1951, #6158, #2587, #1367, #1299, #7165, #3097, #1844, #5470, #3677, #149, #4953, #4884, #1264, #3640, #7242, #6014, #3748, #220, #7316, #4363, #4845, #691, #3358, #5734 ),
 ( #2108, #7427, #5693, #4517, #4479, #6880, #4440, #6350, #1485, #4402, #3897, #3280, #874, #6234, #2626, #5104, #912, #7503, #2662, #5657, #2190, #368, #1563, #3860, #2736, #5026, #6197 ),
 ( #6842, #411, #2779, #988, #293, #7465, #5066, #4561, #1522, #2150, #6769, #3937, #6311, #5146, #3244, #6922, #1602, #6270, #3977, #1030, #256, #332, #5621, #5580, #4989, #7389, #2069 ),
 ( #948, #7353, #2029, #6804, #2700, #1443, #3821, #3317, #1683, #7548, #5856, #1758, #2314, #4603, #4092, #1176, #5188, #7043, #4056, #3479, #1066, #6431, #5305, #1105, #1722, #6507, #3516 ),
 ( #526, #4755, #2819, #2897, #3400, #4681, #6468, #5892, #3553, #6390, #489, #5931, #601, #5269, #1140, #7664, #2860, #2233, #5816, #3443, #563, #4644, #2351, #7116, #2934, #5231, #2972 ),
 ( #451, #4717, #7627, #5342, #7591, #7080, #24, #4129, #2387, #1795, #4166, #2277, #4017, #7006, #5774, #6542, #6964, #1643, #4316, #3628, #753, #716, #3158, #137, #3122, #2427, #6074 ),
 ( #5420, #3047, #5496, #6002, #6039, #101, #5967, #2504, #4872, #6617, #4943, #6109, #6684, #7230, #6579, #210, #3084, #1252, #5531, #1357, #1322, #3703, #174, #5458, #678, #1904, #4279 ),
 ( #6651, #2542, #7267, #2465, #61, #7191, #2576, #4834, #4353, #1976, #3006, #1868, #4246, #4908, #1287, #1939, #7305, #3738, #3665, #788, #1213, #3588, #637, #5381, #4794, #7153, #1831 ),
 ( #4205, #5682, #5014, #6830, #6186, #7343, #3809, #1395, #319, #6869, #1551, #2137, #1432, #6259, #6222, #977, #5646, #937, #245, #3886, #5091, #3306, #4390, #3346, #5722, #2689, #1511 ),
 ( #4429, #2017, #357, #2725, #5055, #7454, #6758, #7377, #4506, #861, #7415, #3926, #3232, #5607, #826, #6300, #398, #5134, #3197, #5569, #2768, #2096, #4468, #7492, #281, #2615, #2058 ),
 ( #2179, #6793, #6721, #3775, #6147, #4979, #2651, #1473, #3849, #900, #3269, #4074, #1271, #5440, #1195, #3648, #3535, #6559, #5285, #5362, #658, #5950, #4774, #3572, #6022, #7173, #619 ),
 ( #1232, #5324, #2990, #81, #7134, #1813, #6526, #6599, #5985, #3066, #698, #4184, #1159, #3609, #44, #6450, #3027, #5910, #1851, #4817, #6910, #2410, #5402, #2447, #121, #4227, #4550 ),
 ( #1704, #6, #1122, #3496, #5874, #545, #2915, #7645, #2332, #4699, #7061, #1740, #582, #4110, #6488, #2952, #2370, #4737, #7100, #1777, #4147, #6703, #4335, #2596, #1414, #1376, #3793 ),
 ( #6092, #1306, #806, #192, #5477, #3141, #7212, #1996, #5514, #4412, #7250, #2560, #6778, #4961, #6167, #772, #7325, #1923, #3104, #4299, #4853, #3757, #2635, #4998, #5590, #4891, #4372 ),
 ( #6128, #1888, #3177, #264, #4926, #5551, #6669, #1340, #6740, #3722, #7287, #1958, #4265, #228, #844, #3215, #6207, #7361, #2038, #1453, #156, #3831, #884, #2523, #3254, #5632, #2485 ),
 ( #6635, #3685, #6059, #736, #4451, #5199, #6892, #1001, #6362, #7438, #6814, #6284, #6975, #2710, #3453, #1077, #3290, #2121, #1654, #303, #1574, #4573, #2673, #4491, #6853, #5037, #6933 ),
 ( #1495, #2749, #1039, #3949, #3871, #3370, #5786, #2079, #3908, #2831, #960, #4028, #7400, #3329, #6244, #6323, #5747, #423, #462, #5667, #5076, #7560, #2245, #5705, #2793, #2201, #1535 ),
 ( #2163, #1613, #380, #922, #5118, #342, #5158, #7476, #4532, #7518, #3987, #3411, #4614, #6401, #2908, #3528, #2440, #614, #4768, #4104, #5945, #5279, #6442, #7638, #499, #7093, #5980 ) ),
 .UNSPECIFIED., .F., .F., .F.,
 ( 4, 1, 1, 1, 1, 1, 1, 1, 1, 1, 1, 1, 1, 2, 1, 1, 1, 2, 1, 1, 1, 2, 1, 1, 1, 1, 1, 1, 1, 2, 1, 1, 1, 2, 1, 1, 1, 2, 1, 1, 1, 1, 1, 1, 1, 1, 1, 1, 1, 1, 1, 1, 1, 1, 1, 1, 1, 4 ),
 ( 4, 1, 1, 1, 1, 1, 1, 1, 1, 1, 1, 1, 1, 1, 1, 1, 1, 1, 1, 1, 1, 1, 1, 1, 4 ),
 ( 0.000000000000000000, 0.02540166409538497858, 0.05080332819076995715, 0.07620499228615493226, 0.08890582433384743022, 0.1016066563815399143, 0.1143074884292323845, 0.1270083204769248686, 0.1397091525246173804, 0.1524099845723098645, 0.1651108166200023764, 0.1778116486676948604, 0.1905124807153873723, 0.2032133127630798286, 0.2149060589727569415, 0.2265988051824340821, 0.2382915513921111950, 0.2499842976017883633, 0.2807342849841110710, 0.3114842723664338897, 0.3422342597487565419, 0.3729842471310793606, 0.4280735546070352782, 0.4556182083450131537, 0.4831628620829911402, 0.5107075158209690713, 0.5382521695589471689, 0.5657968232969250444, 0.5795691501659140377, 0.5933414770349030309, 0.6043852910936353684, 0.6154291051523675948, 0.6264729192111000433, 0.6375167332698323808, 0.6399596253890293962, 0.6424025175082263006, 0.6448454096274233160, 0.6472883017466202205, 0.6693327828874564567, 0.6913772640282924709, 0.7134217451691287071, 0.7354662263099649433, 0.7575107074508011795, 0.7795551885916375268, 0.8015996697324736520, 0.8236441508733099992, 0.8456886320141463464, 0.8677331131549824716, 0.8897775942958185968, 0.9118220754366550551, 0.9338665565774912913, 0.9448887971479090764, 0.9559110377183275276, 0.9669332782887456457, 0.9779555188591637638, 0.9889777594295816598, 0.9944888797147908299, 1.000000000000000000 ),
 ( 0.000000000000000000, 0.03125000000000000000, 0.06250000000000000000, 0.09375000000000000000, 0.1250000000000000000, 0.1562500000000000000, 0.1700202541018640545, 0.1875000000000000000, 0.2187500000000000000, 0.2500000000000000000, 0.2812500000000000000, 0.3125000000000000000, 0.3437500000000000000, 0.3750000000000000000, 0.3798720419360750999, 0.4062500000000000000, 0.4375000000000000000, 0.5000000000000000000, 0.5937500000000000000, 0.6250000000000000000, 0.6607583740006235384, 0.6875000000000000000, 0.7500000000000000000, 0.8750000000000000000, 1.000000000000000000 ),
 .UNSPECIFIED. ) ;
#5400 = CARTESIAN_POINT ( 'NONE',  ( 48.63104873831517949, 40.86055721651054284, 171.5008185513646879 ) ) ;
#5401 = CARTESIAN_POINT ( 'NONE',  ( -8.946430303705723119, 92.87690176152443655, 176.7384173059782313 ) ) ;
#5402 = CARTESIAN_POINT ( 'NONE',  ( -9.517231979967126776, -53.31027429329341061, 82.48953339436053511 ) ) ;
#5403 = CARTESIAN_POINT ( 'NONE',  ( -37.37385710094642377, 71.57305029326364831, 153.3676068480730805 ) ) ;
#5404 = CARTESIAN_POINT ( 'NONE',  ( 9.213453171591778457, -3.815751280140364798, 405.9573466041103984 ) ) ;
#5405 = ORIENTED_EDGE ( 'NONE', *, *, #1230, .T. ) ;
#5406 = CARTESIAN_POINT ( 'NONE',  ( 4.787583852156872724E-13, 84.43527717141196831, 127.1035834578351995 ) ) ;
#5407 = CARTESIAN_POINT ( 'NONE',  ( 16.39502008705262881, -44.54234491376151794, 283.3699090161411505 ) ) ;
#5408 = CARTESIAN_POINT ( 'NONE',  ( -20.99623477986060749, 73.49320201316027124, 355.6337695516447752 ) ) ;
#5409 = CARTESIAN_POINT ( 'NONE',  ( 21.74458720147291757, 32.56953410796824500, 9.999999999999989342 ) ) ;
#5410 = CARTESIAN_POINT ( 'NONE',  ( 4.266399756287346356, 95.27548686598908034, 188.2485682649039234 ) ) ;
#5411 = CARTESIAN_POINT ( 'NONE',  ( 23.88259262670533545, 98.27794754333719141, 221.6153852917683196 ) ) ;
#5412 = CARTESIAN_POINT ( 'NONE',  ( -2.000000000000011102, 93.49317265539254151, 163.3472525273978988 ) ) ;
#5413 = VERTEX_POINT ( 'NONE', #7280 ) ;
#5414 = CARTESIAN_POINT ( 'NONE',  ( -43.45264221440638863, 58.70495070277663530, 141.2176584765621783 ) ) ;
#5415 = CARTESIAN_POINT ( 'NONE',  ( 18.35383639128107447, 26.40889773872673274, 378.6675201545299956 ) ) ;
#5416 = CARTESIAN_POINT ( 'NONE',  ( -8.381286069793207005, 92.66288050049729463, 175.3358831310553398 ) ) ;
#5417 = CARTESIAN_POINT ( 'NONE',  ( 47.96407560477239684, -31.58713849747028135, 211.2114493149713610 ) ) ;
#5418 = CARTESIAN_POINT ( 'NONE',  ( 44.16390552422520699, 56.99826219157797169, 141.1964884155723325 ) ) ;
#5419 = CARTESIAN_POINT ( 'NONE',  ( -0.5061229637643304136, 97.68362273171800325, 180.3816332480687095 ) ) ;
#5420 = CARTESIAN_POINT ( 'NONE',  ( -10.43247938593119706, -21.76815507722417919, 409.0779284778325859 ) ) ;
#5421 = ORIENTED_EDGE ( 'NONE', *, *, #5782, .T. ) ;
#5422 = CARTESIAN_POINT ( 'NONE',  ( 27.53645651936597005, 87.68712229142730052, 190.0201455355833389 ) ) ;
#5423 = VECTOR ( 'NONE', #5576, 1000.000000000000114 ) ;
#5424 = CARTESIAN_POINT ( 'NONE',  ( -50.13796110298081743, 29.88792392458186598, 159.0223353261561101 ) ) ;
#5425 = CARTESIAN_POINT ( 'NONE',  ( -32.24905849638771116, 77.70962754755906587, 153.4873154668666757 ) ) ;
#5426 = CARTESIAN_POINT ( 'NONE',  ( 56.07762903108212527, -5.301034053071639107, 149.0516017359574619 ) ) ;
#5427 = CARTESIAN_POINT ( 'NONE',  ( -22.74968607341473970, 90.34327227380748582, 335.9725697426424063 ) ) ;
#5428 = CARTESIAN_POINT ( 'NONE',  ( 0.2992597794967298830, -39.54025308811204553, 335.5788767518578197 ) ) ;
#5429 = CARTESIAN_POINT ( 'NONE',  ( -9.213453171591778457, -3.815751280140364798, 405.9573466041103984 ) ) ;
#5430 = CARTESIAN_POINT ( 'NONE',  ( 26.08754124628176640, 86.56829800696274901, 175.1870112217635267 ) ) ;
#5431 = CARTESIAN_POINT ( 'NONE',  ( 38.27241817729594686, 73.71808918417228540, 178.1300031167142492 ) ) ;
#5432 = CARTESIAN_POINT ( 'NONE',  ( -1.744918392365842008, 105.7791907876932385, 236.5351059486960139 ) ) ;
#5433 = CARTESIAN_POINT ( 'NONE',  ( -45.83774276201813791, -15.69917952931595906, 34.39745706046446116 ) ) ;
#5434 = DIRECTION ( 'NONE',  ( 0.9999812450151033261, -0.006009936357350901051, 0.001179102635400783869 ) ) ;
#5435 = CARTESIAN_POINT ( 'NONE',  ( -25.20744145859664798, 93.96457281996649158, 192.3870700509336586 ) ) ;
#5436 = CARTESIAN_POINT ( 'NONE',  ( 10.53874472113350613, -39.85066355559018092, 10.00000000000000533 ) ) ;
#5437 = CARTESIAN_POINT ( 'NONE',  ( -44.61397983970723402, 18.55010459094474129, 282.2886037042842418 ) ) ;
#5438 = CARTESIAN_POINT ( 'NONE',  ( 48.55918722867154003, 41.47355157838016737, 153.0683731487407329 ) ) ;
#5439 = CARTESIAN_POINT ( 'NONE',  ( 1.164824629577992487, 93.27370938275544177, 162.0163996311924279 ) ) ;
#5440 = CARTESIAN_POINT ( 'NONE',  ( -11.89799049890116578, -51.20078992515209393, 221.5343238931062615 ) ) ;
#5441 = CARTESIAN_POINT ( 'NONE',  ( -38.32401484793292212, 66.05638111303817084, 129.9727418014741716 ) ) ;
#5442 = CARTESIAN_POINT ( 'NONE',  ( 46.03832394487827173, 0.3093118195566184614, 34.39269684296453278 ) ) ;
#5443 = FACE_OUTER_BOUND ( 'NONE', #1323, .T. ) ;
#5444 = CARTESIAN_POINT ( 'NONE',  ( -50.04290335561049119, 47.90143442731719148, 125.3053020485911730 ) ) ;
#5445 = CARTESIAN_POINT ( 'NONE',  ( 24.22660087102588733, 83.93403015350520491, 336.2347768212659957 ) ) ;
#5446 = CARTESIAN_POINT ( 'NONE',  ( 7.404984807383566014, 86.14774348668744608, 141.7537174802774587 ) ) ;
#5447 = CARTESIAN_POINT ( 'NONE',  ( 22.48739415181663048, 102.1302384031203729, 297.8185938657967426 ) ) ;
#5448 = CARTESIAN_POINT ( 'NONE',  ( -3.036466787284072488, 94.47427980624667043, 163.1572553380289889 ) ) ;
#5449 = CARTESIAN_POINT ( 'NONE',  ( 0.3373962979723256206, 97.68463617151297740, 180.3814307381666424 ) ) ;
#5450 = CARTESIAN_POINT ( 'NONE',  ( -43.51089505100203780, 60.92028423621472655, 159.2014624166797887 ) ) ;
#5451 = CARTESIAN_POINT ( 'NONE',  ( 52.54944766199449901, 34.33090772960261461, 192.3568199002841368 ) ) ;
#5452 = ORIENTED_EDGE ( 'NONE', *, *, #3624, .F. ) ;
#5453 = CARTESIAN_POINT ( 'NONE',  ( -11.32969986995807510, 85.63286172325977930, 141.7472935095537423 ) ) ;
#5454 = CARTESIAN_POINT ( 'NONE',  ( 41.92898332523650140, -28.90544385973850439, 266.3950399661268307 ) ) ;
#5455 = LINE ( 'NONE', #242, #5217 ) ;
#5456 = B_SPLINE_CURVE_WITH_KNOTS ( 'NONE', 3,
 ( #6629, #6663, #692, #3169, #1334, #5581, #729, #6086, #257, #6121, #4954, #766, #3750, #150, #1300, #2517, #6016, #4920, #6159, #837, #6733, #4990, #7354, #2030, #186, #3060, #1952, #4403, #3135, #1369, #4885, #5508, #7317, #6053 ),
 .UNSPECIFIED., .F., .F.,
 ( 4, 2, 2, 2, 2, 2, 2, 2, 2, 2, 2, 2, 2, 2, 2, 2, 4 ),
 ( 0.006137202286026255220, 0.01130201567555009709, 0.01646682906507394850, 0.02679645584412167561, 0.03712608262316939578, 0.04229089601269325066, 0.04745570940221711942, 0.05262052279174097430, 0.05520292948650290521, 0.05778533618126482918, 0.06295014957078866324, 0.06811496296031248343, 0.07069736965507439352, 0.07327977634983630362, 0.07844458973936015156, 0.08360940312888399950, 0.08877421651840783356 ),
 .UNSPECIFIED. ) ;
#5457 = CARTESIAN_POINT ( 'NONE',  ( -52.29131885302471971, 39.14545073695545341, 183.6796439292858167 ) ) ;
#5458 = CARTESIAN_POINT ( 'NONE',  ( -27.79996175085909371, -47.77033079538902172, 61.09688006876282884 ) ) ;
#5459 = ORIENTED_EDGE ( 'NONE', *, *, #119, .F. ) ;
#5460 = CARTESIAN_POINT ( 'NONE',  ( 1.999999999999984901, 90.95178140017274870, 163.7449187381635056 ) ) ;
#5461 = CARTESIAN_POINT ( 'NONE',  ( -49.18414395908823167, 35.31724883138501525, 181.0393156104095738 ) ) ;
#5462 = CARTESIAN_POINT ( 'NONE',  ( -28.61033398308107323, 87.06255528947069422, 191.3468034583123085 ) ) ;
#5463 = CARTESIAN_POINT ( 'NONE',  ( 23.78612841093408292, -7.572770304397582919, 380.0938751272109926 ) ) ;
#5464 = CARTESIAN_POINT ( 'NONE',  ( -21.06192298813587627, 33.05232068977414173, 10.00000000000000000 ) ) ;
#5465 = CARTESIAN_POINT ( 'NONE',  ( 0.000000000000000000, -53.06138260155653086, 201.7522653698673594 ) ) ;
#5466 = CARTESIAN_POINT ( 'NONE',  ( -51.23718394812782151, -4.526482675674823319, 61.09940707975938068 ) ) ;
#5467 = CARTESIAN_POINT ( 'NONE',  ( 24.31766423565377977, 89.67064507033396126, 188.1084842046512904 ) ) ;
#5468 = CARTESIAN_POINT ( 'NONE',  ( 38.33448427750658993, 68.23174123089643217, 141.3516100163454894 ) ) ;
#5469 = CARTESIAN_POINT ( 'NONE',  ( -1.680729374533285414, 107.4661037658447498, 251.8734979200430928 ) ) ;
#5470 = CARTESIAN_POINT ( 'NONE',  ( -43.82603686636004170, -24.73800725363787123, 266.2957455515905281 ) ) ;
#5471 = CARTESIAN_POINT ( 'NONE',  ( 1.999999999999997335, 96.21494918568888011, 178.0992207842987796 ) ) ;
#5472 = CARTESIAN_POINT ( 'NONE',  ( -20.08125557506235026, 98.19327604206822002, 353.8155806339892138 ) ) ;
#5473 = CARTESIAN_POINT ( 'NONE',  ( 15.22188014730071259, -52.72311171003833152, 82.48824992233798525 ) ) ;
#5474 = CARTESIAN_POINT ( 'NONE',  ( -50.98063166945263447, 12.51230549398993475, 236.0236881137701062 ) ) ;
#5475 = CARTESIAN_POINT ( 'NONE',  ( 49.24661468115272811, 36.66467835105106587, 141.0619204180868280 ) ) ;
#5476 = CARTESIAN_POINT ( 'NONE',  ( -3.038240967837851692, 97.19915715014390400, 177.9263847027587246 ) ) ;
#5477 = CARTESIAN_POINT ( 'NONE',  ( -3.358464669910064870, -36.64712630859212794, 354.2623262081801840 ) ) ;
#5478 = CARTESIAN_POINT ( 'NONE',  ( -37.65133169383524603, 75.50054920891859922, 184.5980063325561389 ) ) ;
#5479 = CARTESIAN_POINT ( 'NONE',  ( 55.62344055708990709, 1.689405328710131604, 125.3248204544771482 ) ) ;
#5480 = B_SPLINE_CURVE_WITH_KNOTS ( 'NONE', 3,
 ( #266, #6894, #2637, #3217, #1998, #6246, #6325, #2165, #924, #5040, #1537, #3910, #2081, #6286 ),
 .UNSPECIFIED., .F., .F.,
 ( 4, 2, 2, 2, 2, 2, 4 ),
 ( 4.336808689942017736E-19, 0.0005906521232989309566, 0.001181304246597862130, 0.001476630308247298823, 0.001771956369896735299, 0.002067282431546172208, 0.002362608493195608901 ),
 .UNSPECIFIED. ) ;
#5481 = CARTESIAN_POINT ( 'NONE',  ( -41.51408734125853073, 44.96807397517160609, 61.00267832873343821 ) ) ;
#5482 = CARTESIAN_POINT ( 'NONE',  ( 39.00383281021476023, 81.93677923823308618, 201.7353119251856128 ) ) ;
#5483 = CARTESIAN_POINT ( 'NONE',  ( 9.409975706104358295, 88.37732759345777822, 153.7400347117143440 ) ) ;
#5484 = CARTESIAN_POINT ( 'NONE',  ( 20.08125557506235026, 98.19327604206822002, 353.8155806339892138 ) ) ;
#5485 = CARTESIAN_POINT ( 'NONE',  ( -1.692915426558223801, 97.39711420778395734, 178.7992167809850628 ) ) ;
#5486 = CARTESIAN_POINT ( 'NONE',  ( -29.58245038350868938, 85.95490135526874553, 189.7938832484298075 ) ) ;
#5487 = CARTESIAN_POINT ( 'NONE',  ( -41.95165468253417629, 66.02889993583600869, 171.6904700591870494 ) ) ;
#5488 = CARTESIAN_POINT ( 'NONE',  ( 31.29988482061202149, 23.55405927531020538, 338.4597008190938823 ) ) ;
#5489 = EDGE_LOOP ( 'NONE', ( #789, #1243, #4236, #1396 ) ) ;
#5490 = CARTESIAN_POINT ( 'NONE',  ( -8.362890447940580785, 93.22627782958879550, 178.5236849144008033 ) ) ;
#5491 = CARTESIAN_POINT ( 'NONE',  ( 48.62258262510405160, -37.92862604289319961, 149.0720276706879872 ) ) ;
#5492 = AXIS2_PLACEMENT_3D ( 'NONE', #2985, #2364, #4809 ) ;
#5493 = CARTESIAN_POINT ( 'NONE',  ( -0.8358001576470164284, 97.67841400244635963, 180.3663293001851571 ) ) ;
#5494 = AXIS2_PLACEMENT_3D ( 'NONE', #7612, #1624, #1050 ) ;
#5495 = CARTESIAN_POINT ( 'NONE',  ( -42.18871958819718770, 75.27522985203333405, 188.3989070938692123 ) ) ;
#5496 = CARTESIAN_POINT ( 'NONE',  ( -13.31147768299727119, -25.19936701306930615, 393.4793302912000286 ) ) ;
#5497 = ORIENTED_EDGE ( 'NONE', *, *, #7531, .F. ) ;
#5498 = CARTESIAN_POINT ( 'NONE',  ( -48.62656952128671861, 40.89103062267145106, 171.5016387262791397 ) ) ;
#5499 = CARTESIAN_POINT ( 'NONE',  ( -31.66131946516659212, 79.36718954899563983, 159.4938247819405035 ) ) ;
#5500 = CARTESIAN_POINT ( 'NONE',  ( 51.21335624741463022, -6.615519407355551884, 61.09962439963114633 ) ) ;
#5501 = CARTESIAN_POINT ( 'NONE',  ( -28.50637985391423257, 94.58018343108543036, 297.6806696655019095 ) ) ;
#5502 = CARTESIAN_POINT ( 'NONE',  ( -25.16786885998132561, 79.89143074028962133, 120.0000000000000284 ) ) ;
#5503 = CARTESIAN_POINT ( 'NONE',  ( -49.64632811970438553, -2.112328273136557577, 250.8450886823452208 ) ) ;
#5504 = CARTESIAN_POINT ( 'NONE',  ( 28.98311311478532559, 80.65765798987250434, 153.5533327392928129 ) ) ;
#5505 = CARTESIAN_POINT ( 'NONE',  ( 38.52956372841179444, 74.02349723257582070, 184.5752194275790430 ) ) ;
#5506 = CARTESIAN_POINT ( 'NONE',  ( -1.490640655820990146, 54.40705163971920655, 33.92780340673608919 ) ) ;
#5507 = CARTESIAN_POINT ( 'NONE',  ( -12.37148435815167247, -12.80642019085374805, 409.0779284778318470 ) ) ;
#5508 = CARTESIAN_POINT ( 'NONE',  ( -3.481020114618822436, 81.08737674548223140, 119.9999999999999858 ) ) ;
#5509 = CARTESIAN_POINT ( 'NONE',  ( -27.34442258273469051, 92.66026539339068790, 192.3862245975744543 ) ) ;
#5510 = CARTESIAN_POINT ( 'NONE',  ( 4.274337377161197438, -30.10237481005392723, 391.7091028334472753 ) ) ;
#5511 = CARTESIAN_POINT ( 'NONE',  ( -44.72671483971683415, 11.81860775319216117, 34.34697984316981945 ) ) ;
#5512 = CARTESIAN_POINT ( 'NONE',  ( 48.17230553935792159, 42.03858694956809927, 187.5510806554768237 ) ) ;
#5513 = LINE ( 'NONE', #6058, #4364 ) ;
#5514 = CARTESIAN_POINT ( 'NONE',  ( -3.914601520363868659, -44.34843204132757677, 297.8379727068644343 ) ) ;
#5515 = CARTESIAN_POINT ( 'NONE',  ( 53.33435824399683156, 2.298823961024538676, 82.46873585070045465 ) ) ;
#5516 = CARTESIAN_POINT ( 'NONE',  ( -1.431996719796693407, 94.29292798914306672, 161.9881839559598973 ) ) ;
#5517 = CARTESIAN_POINT ( 'NONE',  ( -28.62573752494540358, 57.64919335446470683, 337.2890046032543410 ) ) ;
#5518 = CARTESIAN_POINT ( 'NONE',  ( 22.73322875105974461, 31.80644432252829290, 10.00000000000001066 ) ) ;
#5519 = CARTESIAN_POINT ( 'NONE',  ( 8.424651107673563288, 90.93900339569240998, 165.8855150507359895 ) ) ;
#5520 = CARTESIAN_POINT ( 'NONE',  ( 24.09047651053769101, 61.63273891392942261, 60.94179670390320069 ) ) ;
#5521 = CARTESIAN_POINT ( 'NONE',  ( -2.781444431671294737, 97.39983229587646463, 179.0183801997762032 ) ) ;
#5522 = ORIENTED_EDGE ( 'NONE', *, *, #6145, .F. ) ;
#5523 = CARTESIAN_POINT ( 'NONE',  ( -41.79773067447770529, 67.25175952692524106, 181.2553497606192252 ) ) ;
#5524 = CARTESIAN_POINT ( 'NONE',  ( 51.74126530205531793, 23.61871715008629025, 221.5344904689891052 ) ) ;
#5525 = ORIENTED_EDGE ( 'NONE', *, *, #2002, .F. ) ;
#5526 = CARTESIAN_POINT ( 'NONE',  ( -8.251956971386981365, 95.40005750491458514, 191.5401667082373365 ) ) ;
#5527 = CARTESIAN_POINT ( 'NONE',  ( 46.66482396516895648, -31.42332096708420153, 61.09870048795522024 ) ) ;
#5528 = CARTESIAN_POINT ( 'NONE',  ( 3.036433547498911256, 94.41107667612622834, 162.8308807465328130 ) ) ;
#5529 = CARTESIAN_POINT ( 'NONE',  ( 26.15128584824514490, 95.36013762576389752, 309.2798532602187151 ) ) ;
#5530 = CARTESIAN_POINT ( 'NONE',  ( 0.000000000000000000, 93.97680616000370435, 180.0669229464810712 ) ) ;
#5531 = CARTESIAN_POINT ( 'NONE',  ( -31.08754506729443889, -50.65714870691427762, 149.0959177819261470 ) ) ;
#5532 = ORIENTED_EDGE ( 'NONE', *, *, #4329, .F. ) ;
#5533 = CARTESIAN_POINT ( 'NONE',  ( -49.37907439393672604, 34.91958515271016950, 174.6276375078953151 ) ) ;
#5534 = CARTESIAN_POINT ( 'NONE',  ( -31.57229403251286826, 81.96547204360719263, 175.0906156398724818 ) ) ;
#5535 = CARTESIAN_POINT ( 'NONE',  ( 55.97434119395909136, -6.251349130238918583, 125.3254253630573203 ) ) ;
#5536 = CARTESIAN_POINT ( 'NONE',  ( -23.21972668657409500, 88.12142812019361315, 336.0689357517549070 ) ) ;
#5537 = CARTESIAN_POINT ( 'NONE',  ( 9.156231734339618434E-14, -40.43996528639333121, 10.00000000000000000 ) ) ;
#5538 = CARTESIAN_POINT ( 'NONE',  ( -51.19283341886868755, -1.418342443383782125, 61.09838254482392017 ) ) ;
#5539 = CARTESIAN_POINT ( 'NONE',  ( 38.58196107781721906, 74.27778457110422039, 187.8374570804551809 ) ) ;
#5540 = CARTESIAN_POINT ( 'NONE',  ( -13.94163277398604706, 76.89675565417566361, 95.91479512775394767 ) ) ;
#5541 = CARTESIAN_POINT ( 'NONE',  ( -39.65867568197285209, -18.73170549096267123, 17.38382516058653948 ) ) ;
#5542 = EDGE_CURVE ( 'NONE', #6148, #2428, #2588, .T. ) ;
#5543 = B_SPLINE_CURVE_WITH_KNOTS ( 'NONE', 3,
 ( #5664, #6775, #4408, #2118, #7359, #7397, #3828, #7323, #3287, #339, #300, #6320, #7473, #5702, #7435, #2036, #998, #4488, #881, #4528, #377, #3251, #6738, #1532, #2746, #4959, #1411, #3791, #2160, #6850, #3905, #957, #2669, #6165 ),
 .UNSPECIFIED., .F., .F.,
 ( 4, 2, 2, 2, 2, 2, 2, 2, 2, 2, 2, 2, 2, 2, 2, 2, 4 ),
 ( 6.938893903907228378E-18, 0.01165388530702578425, 0.02330777061405156156, 0.02913471326756446669, 0.03496165592107736836, 0.04078859857459027349, 0.04661554122810317863, 0.05244248388161608376, 0.05826942653512899584, 0.06118289786188545881, 0.06263963352526369377, 0.06409636918864194954, 0.06992331184215491713, 0.07575025449566788471, 0.07866372582242436851, 0.08157719714918085230, 0.09323108245620681522 ),
 .UNSPECIFIED. ) ;
#5544 = CARTESIAN_POINT ( 'NONE',  ( -6.831781996247945233E-13, 95.98659516296633853, 185.9811432973700107 ) ) ;
#5545 = CARTESIAN_POINT ( 'NONE',  ( -25.58253388331219469, 86.58191999750603429, 149.0225007454729109 ) ) ;
#5546 = CARTESIAN_POINT ( 'NONE',  ( 7.294455116933558081, -54.22601187904569997, 95.91164295319332211 ) ) ;
#5547 = CARTESIAN_POINT ( 'NONE',  ( -12.15845021759428946, 9.013626996040636996, 397.2670353353787505 ) ) ;
#5548 = CARTESIAN_POINT ( 'NONE',  ( 33.99576390264480352, 73.74118930596432619, 141.4555230992564248 ) ) ;
#5549 = CARTESIAN_POINT ( 'NONE',  ( 49.51867976109340219, 27.26346698965810589, 190.8124127203672913 ) ) ;
#5550 = CARTESIAN_POINT ( 'NONE',  ( -0.5990461399348870897, 96.50475676305694606, 179.5709587563481762 ) ) ;
#5551 = CARTESIAN_POINT ( 'NONE',  ( -2.075083960990001586, -39.49920103413424499, 335.5900574284863751 ) ) ;
#5552 = CARTESIAN_POINT ( 'NONE',  ( 52.43401693233246164, -2.266217458933043272, 221.5230710872884856 ) ) ;
#5553 = DIRECTION ( 'NONE',  ( 3.406996906818449528E-15, 0.1925219665259060853, 0.9812926639922454619 ) ) ;
#5554 = CARTESIAN_POINT ( 'NONE',  ( -35.68448203293556986, 59.94976216942366420, 309.2353357703608481 ) ) ;
#5555 = CARTESIAN_POINT ( 'NONE',  ( 32.19565720600628822, 86.95653885710478903, 297.5691759595453618 ) ) ;
#5556 = CARTESIAN_POINT ( 'NONE',  ( 11.36952899748841972, 88.08715671222735466, 153.7347231337500375 ) ) ;
#5557 = CARTESIAN_POINT ( 'NONE',  ( 31.31210757276888046, 89.66205485073353998, 192.3843648630540599 ) ) ;
#5558 = CARTESIAN_POINT ( 'NONE',  ( 44.70460248012762605, 58.67894846434457179, 171.6110745236217383 ) ) ;
#5559 = CARTESIAN_POINT ( 'NONE',  ( 53.37747058969056013, 29.08194891583810104, 179.6276340119201222 ) ) ;
#5560 = CARTESIAN_POINT ( 'NONE',  ( 0.000000000000000000, 97.68513765604485855, 180.3813305183697366 ) ) ;
#5561 = CARTESIAN_POINT ( 'NONE',  ( -40.78589115989365155, 66.94623826781038645, 159.2772048240769607 ) ) ;
#5562 = CARTESIAN_POINT ( 'NONE',  ( 12.15845021759428946, 9.013626996040636996, 397.2670353353787505 ) ) ;
#5563 = ORIENTED_EDGE ( 'NONE', *, *, #5093, .T. ) ;
#5564 = CARTESIAN_POINT ( 'NONE',  ( -9.418966864811229911, 89.61067007564895448, 159.7361707516600404 ) ) ;
#5565 = CARTESIAN_POINT ( 'NONE',  ( 36.51059073740194094, -25.74640818928212127, 309.2134994862242365 ) ) ;
#5566 = CARTESIAN_POINT ( 'NONE',  ( -7.078162144242454268, 82.70749795630824508, 127.4425602630434611 ) ) ;
#5567 = CARTESIAN_POINT ( 'NONE',  ( 34.14228423407340784, 89.16968703908464988, 211.2198130842378703 ) ) ;
#5568 = CARTESIAN_POINT ( 'NONE',  ( 0.000000000000000000, 90.70467873432286865, 144.0542152743731492 ) ) ;
#5569 = CARTESIAN_POINT ( 'NONE',  ( -16.17821145900701296, -54.30011201933653098, 125.3281443838336031 ) ) ;
#5570 = EDGE_LOOP ( 'NONE', ( #3198, #3589, #4740, #5532 ) ) ;
#5571 = CARTESIAN_POINT ( 'NONE',  ( -48.24794541775669643, 43.17479198806034191, 174.6596376585893609 ) ) ;
#5572 = EDGE_CURVE ( 'NONE', #6294, #7081, #5456, .T. ) ;
#5573 = CARTESIAN_POINT ( 'NONE',  ( -31.19538109398911985, 74.07526429904672227, 130.1448055490632782 ) ) ;
#5574 = CARTESIAN_POINT ( 'NONE',  ( 23.35794236809167401, -6.519943132523385643, 380.0936201873398090 ) ) ;
#5575 = CARTESIAN_POINT ( 'NONE',  ( -40.35171159620511361, 81.29509940040917115, 221.5923830886852386 ) ) ;
#5576 = DIRECTION ( 'NONE',  ( -5.602867245962734761E-30, -0.9812926639922453509, 0.1925219665259060020 ) ) ;
#5577 = CARTESIAN_POINT ( 'NONE',  ( -54.38663311142379797, -4.916482986864352256, 192.3476141453412538 ) ) ;
#5578 = CARTESIAN_POINT ( 'NONE',  ( 38.61986547230357303, 74.53322427364307146, 191.1399815560249635 ) ) ;
#5579 = CARTESIAN_POINT ( 'NONE',  ( -14.85058651285845599, 99.41953666087040631, 201.7341631534810062 ) ) ;
#5580 = CARTESIAN_POINT ( 'NONE',  ( -44.03386269118508523, -35.87400027546803472, 61.09835989339656948 ) ) ;
#5581 = CARTESIAN_POINT ( 'NONE',  ( -47.69511098890445311, 40.69025684908065443, 120.0000000000000284 ) ) ;
#5582 = EDGE_CURVE ( 'NONE', #1591, #3704, #6359, .T. ) ;
#5583 = CARTESIAN_POINT ( 'NONE',  ( -15.89033799229757093, 83.38418996675548556, 403.2451021366735517 ) ) ;
#5584 = CARTESIAN_POINT ( 'NONE',  ( 11.30898707701247474, -51.34916892683364154, 61.09587590204711915 ) ) ;
#5585 = CARTESIAN_POINT ( 'NONE',  ( -44.88534153908362612, 13.04764028497155159, 282.2439140212438815 ) ) ;
#5586 = AXIS2_PLACEMENT_3D ( 'NONE', #1151, #1611, #7514 ) ;
#5587 = CARTESIAN_POINT ( 'NONE',  ( 34.94260724926332529, 74.75233692673094765, 153.4225455573013051 ) ) ;
#5588 = CARTESIAN_POINT ( 'NONE',  ( 2.446430303705608544, 85.78293093709331174, 133.9726321057809173 ) ) ;
#5589 = DIRECTION ( 'NONE',  ( -1.000000000000000000, 6.286854017118685007E-16, 3.348604628904795588E-15 ) ) ;
#5590 = CARTESIAN_POINT ( 'NONE',  ( -3.943619378247300578, -47.86392954050926818, 34.31883831212976332 ) ) ;
#5591 = CARTESIAN_POINT ( 'NONE',  ( 51.18701134373822015, -2.181289994632192641, 235.9996318448313275 ) ) ;
#5592 = CARTESIAN_POINT ( 'NONE',  ( 3.036967348850402537, 95.42606266839514717, 168.0721660748050397 ) ) ;
#5593 = CARTESIAN_POINT ( 'NONE',  ( -43.00758650767800617, 65.02182500872734749, 266.8004057706122580 ) ) ;
#5594 = CARTESIAN_POINT ( 'NONE',  ( 42.18889565124386820, 77.12256936711389699, 211.2193486448351791 ) ) ;
#5595 = EDGE_CURVE ( 'NONE', #84, #1603, #4152, .T. ) ;
#5596 = CARTESIAN_POINT ( 'NONE',  ( 20.22956923294334075, 95.67267823121838433, 353.9675728057883362 ) ) ;
#5597 = CARTESIAN_POINT ( 'NONE',  ( 45.73867991728445759, 50.47261597115622322, 129.7705196083336148 ) ) ;
#5598 = CARTESIAN_POINT ( 'NONE',  ( 0.000000000000000000, 114.1269897751958524, 352.8396104960729076 ) ) ;
#5599 = CARTESIAN_POINT ( 'NONE',  ( -19.63209237003575325, 92.33974922510438432, 190.6278705603259027 ) ) ;
#5600 = CARTESIAN_POINT ( 'NONE',  ( -40.44715519742332077, 62.73682711641385623, 129.9176506096628714 ) ) ;
#5601 = CARTESIAN_POINT ( 'NONE',  ( 39.07135763585191057, 18.21393817808034754, 309.1944200641572706 ) ) ;
#5602 = CARTESIAN_POINT ( 'NONE',  ( -49.37443650853935395, 32.59505045148731739, 182.4074262497445034 ) ) ;
#5603 = CARTESIAN_POINT ( 'NONE',  ( 28.16270177033828048, -40.05185572161654761, 283.0108228544385156 ) ) ;
#5604 = CARTESIAN_POINT ( 'NONE',  ( 2.968371699418562937, 94.35060443838389688, 162.5062767158183590 ) ) ;
#5605 = CARTESIAN_POINT ( 'NONE',  ( 28.26870319210008375, 98.06994222814986983, 267.3541346117319790 ) ) ;
#5606 = CARTESIAN_POINT ( 'NONE',  ( 26.50282786559332138, 74.99319410515860795, 120.0000000000000711 ) ) ;
#5607 = CARTESIAN_POINT ( 'NONE',  ( -15.09914210338381046, -50.81352835109245092, 221.5338840944453977 ) ) ;
#5608 = ORIENTED_EDGE ( 'NONE', *, *, #5093, .F. ) ;
#5609 = EDGE_CURVE ( 'NONE', #5968, #2925, #4328, .T. ) ;
#5610 = DIRECTION ( 'NONE',  ( 0.000000000000000000, 0.000000000000000000, 1.000000000000000000 ) ) ;
#5611 = CARTESIAN_POINT ( 'NONE',  ( -47.05627410334802363, 48.62387370898077421, 190.8873781296898073 ) ) ;
#5612 = CARTESIAN_POINT ( 'NONE',  ( 5.000000000000000000, 45.82485989070251975, 409.0779284778315628 ) ) ;
#5613 = CARTESIAN_POINT ( 'NONE',  ( -22.11335235685203671, 77.10453667304223302, 119.5429898606973182 ) ) ;
#5614 = CARTESIAN_POINT ( 'NONE',  ( 38.20396427593795607, -10.47095840775856956, 322.2638471654591399 ) ) ;
#5615 = CARTESIAN_POINT ( 'NONE',  ( -38.28031500894724815, 58.72841237810130366, 82.47914786764185635 ) ) ;
#5616 = B_SPLINE_CURVE_WITH_KNOTS ( 'NONE', 3,
 ( #4068, #464, #6404, #7520, #1041, #7019, #6444, #1079, #7604, #2291, #4575, #1615, #3414, #6364, #4934, #2218, #3774, #1394, #1903, #209, #6073, #6038, #4278, #100 ),
 .UNSPECIFIED., .F., .F.,
 ( 4, 2, 2, 2, 2, 2, 2, 2, 2, 2, 2, 4 ),
 ( 0.000000000000000000, 0.001689100354243553348, 0.002533650531365339020, 0.003378200708487124910, 0.005067301062730750032, 0.005911851239852538090, 0.006756401416974326148, 0.008445501771217899661, 0.009290051948339652158, 0.01013460212546140292, 0.01182370247970498424, 0.01351280283394856556 ),
 .UNSPECIFIED. ) ;
#5617 = CARTESIAN_POINT ( 'NONE',  ( 0.000000000000000000, 94.04758353641028634, 160.6900679399676051 ) ) ;
#5618 = CARTESIAN_POINT ( 'NONE',  ( -8.390276566652163481, -5.548800609047006560, 409.0779284778315628 ) ) ;
#5619 = CARTESIAN_POINT ( 'NONE',  ( 39.25377303526897776, 72.04852868647405728, 178.1041057495298219 ) ) ;
#5620 = CARTESIAN_POINT ( 'NONE',  ( -10.14926726573863114, 77.55389713258183804, 95.91472809282537071 ) ) ;
#5621 = CARTESIAN_POINT ( 'NONE',  ( -46.10434698628334615, -37.06866126592985466, 82.47540446176114415 ) ) ;
#5622 = CARTESIAN_POINT ( 'NONE',  ( 0.000000000000000000, 93.25895547134788899, 161.8646081537872874 ) ) ;
#5623 = CARTESIAN_POINT ( 'NONE',  ( -37.70779070171543168, 75.02628142120914845, 181.3705228692801370 ) ) ;
#5624 = ADVANCED_FACE ( 'NONE', ( #6352 ), #6235, .F. ) ;
#5625 = CARTESIAN_POINT ( 'NONE',  ( -30.86130304168775140, 77.98023025200083680, 125.2842594564508261 ) ) ;
#5626 = CARTESIAN_POINT ( 'NONE',  ( 5.275726781593491843, -39.25647364483652524, 335.6585644834651703 ) ) ;
#5627 = CARTESIAN_POINT ( 'NONE',  ( -26.90210648195402854, 3.226057227960813290, 359.6912556370865559 ) ) ;
#5628 = CARTESIAN_POINT ( 'NONE',  ( 33.39930805077803910, 82.20079209863980907, 191.2611636638333437 ) ) ;
#5629 = CARTESIAN_POINT ( 'NONE',  ( 5.444480652423162148, 93.88924445841372801, 185.6792823656272446 ) ) ;
#5630 = CARTESIAN_POINT ( 'NONE',  ( -12.28725237858183483, -7.307018039198926118, 405.9665717087519852 ) ) ;
#5631 = FACE_OUTER_BOUND ( 'NONE', #2606, .T. ) ;
#5632 = CARTESIAN_POINT ( 'NONE',  ( -2.012852703318687819, -43.21139911610217865, 17.33808266339802273 ) ) ;
#5633 = CARTESIAN_POINT ( 'NONE',  ( 54.58506947058235426, -4.264369815400727681, 95.91850554754397251 ) ) ;
#5634 = CARTESIAN_POINT ( 'NONE',  ( 0.4999999999999796274, 112.5561834101171144, 176.4217940504122168 ) ) ;
#5635 = CARTESIAN_POINT ( 'NONE',  ( -50.22210946449671809, 44.40859734123340985, 221.5520418434187775 ) ) ;
#5636 = CARTESIAN_POINT ( 'NONE',  ( 27.55855469729336349, 85.57839053810371865, 321.2412688300743753 ) ) ;
#5637 = CARTESIAN_POINT ( 'NONE',  ( 46.93537845041861800, 49.78396391565107848, 159.1063454191655069 ) ) ;
#5638 = CARTESIAN_POINT ( 'NONE',  ( 52.70529934788626036, 35.28856251571792768, 183.1758581061168911 ) ) ;
#5639 = DIRECTION ( 'NONE',  ( 0.000000000000000000, 1.000000000000000000, 2.040851148208008491E-16 ) ) ;
#5640 = CARTESIAN_POINT ( 'NONE',  ( -39.20418646205497026, 73.46161363558682922, 191.1225895691320318 ) ) ;
#5641 = CARTESIAN_POINT ( 'NONE',  ( 50.65551780653783709, 7.294605552706046936, 61.09089521872208906 ) ) ;
#5642 = CARTESIAN_POINT ( 'NONE',  ( 0.000000000000000000, 88.97333299534510331, 153.7514512789615537 ) ) ;
#5643 = CARTESIAN_POINT ( 'NONE',  ( 33.04519734949823828, -45.30763743296669332, 221.5301126703144234 ) ) ;
#5644 = CARTESIAN_POINT ( 'NONE',  ( 12.78844163931076316, 83.83395024823560959, 120.0000000000000426 ) ) ;
#5645 = CARTESIAN_POINT ( 'NONE',  ( 15.02441665445972063, 83.62317879616006167, 391.4894318083639746 ) ) ;
#5646 = CARTESIAN_POINT ( 'NONE',  ( -20.03586529573157549, -51.87349189028677898, 192.4319962824284005 ) ) ;
#5647 = ORIENTED_EDGE ( 'NONE', *, *, #4001, .F. ) ;
#5648 = CARTESIAN_POINT ( 'NONE',  ( -47.62129008631931981, 45.29397008524492918, 141.1056835058935803 ) ) ;
#5649 = CARTESIAN_POINT ( 'NONE',  ( 17.36460173813738805, 45.92807766765083244, 377.0064863997602629 ) ) ;
#5650 = CARTESIAN_POINT ( 'NONE',  ( -27.60155534458721860, 83.88811757634184119, 165.7170452213081546 ) ) ;
#5651 = CARTESIAN_POINT ( 'NONE',  ( 54.54052933038873618, -12.03984347028004898, 95.91845513519180599 ) ) ;
#5652 = CARTESIAN_POINT ( 'NONE',  ( -27.03173457190878892, 87.29058637223411665, 321.2153398975817140 ) ) ;
#5653 = CARTESIAN_POINT ( 'NONE',  ( 8.946430303705071196, 57.29324932177321017, -11.24048862569914320 ) ) ;
#5654 = CARTESIAN_POINT ( 'NONE',  ( -52.32597050922916537, -5.202008083146234974, 221.5228245523272790 ) ) ;
#5655 = CARTESIAN_POINT ( 'NONE',  ( 39.21267900236987458, 73.44554973898694072, 191.1223539518080941 ) ) ;
#5656 = CARTESIAN_POINT ( 'NONE',  ( -8.173918826655913961, 113.4650493156208029, 402.6824908993031045 ) ) ;
#5657 = CARTESIAN_POINT ( 'NONE',  ( -51.25640472687538818, -33.32995947821867588, 125.3261231342875988 ) ) ;
#5658 = CARTESIAN_POINT ( 'NONE',  ( 6.831781996247945233E-13, 95.98659516296633853, 185.9811432973700107 ) ) ;
#5659 = CARTESIAN_POINT ( 'NONE',  ( -35.47481536981852912, 79.13988997415358995, 187.9126065736230657 ) ) ;
#5660 = CARTESIAN_POINT ( 'NONE',  ( -31.60921473805061765, 72.46978188367815221, 106.4391279693404329 ) ) ;
#5661 = CARTESIAN_POINT ( 'NONE',  ( 4.970002807748462814, -36.44990291196836552, 354.3382879149454538 ) ) ;
#5662 = CARTESIAN_POINT ( 'NONE',  ( -52.96733211029614807, 7.858284988440133567, 211.2173927472271657 ) ) ;
#5663 = CARTESIAN_POINT ( 'NONE',  ( 33.97144917263269548, 79.79944187094697838, 178.2278162937976447 ) ) ;
#5664 = CARTESIAN_POINT ( 'NONE',  ( 52.70529934788626036, 35.28856251571792768, 183.1758581061168911 ) ) ;
#5665 = CARTESIAN_POINT ( 'NONE',  ( -40.58129426609972512, -6.652567801314634544, 17.38835723003942846 ) ) ;
#5666 = CARTESIAN_POINT ( 'NONE',  ( 40.60914332800446402, 70.41367436153936410, 187.7638918706710456 ) ) ;
#5667 = CARTESIAN_POINT ( 'NONE',  ( -0.4169500522475685922, -55.30562586863182162, 125.3284483089479551 ) ) ;
#5668 = CARTESIAN_POINT ( 'NONE',  ( 22.67306916224136870, -5.266321588223756400, 380.0888225131455442 ) ) ;
#5669 = CARTESIAN_POINT ( 'NONE',  ( 0.000000000000000000, 83.71986271976525984, 130.3011341093877036 ) ) ;
#5670 = CARTESIAN_POINT ( 'NONE',  ( -7.036073936159557896, 35.72045551433386379, 405.0175480124228784 ) ) ;
#5671 = CARTESIAN_POINT ( 'NONE',  ( 6.656989329846575210, 68.09833089205979206, 403.8126699580142827 ) ) ;
#5672 = CARTESIAN_POINT ( 'NONE',  ( 46.95216797842484624, 48.06904154569065923, 141.1215248623484229 ) ) ;
#5673 = CARTESIAN_POINT ( 'NONE',  ( 0.000000000000000000, 107.4661037658447498, 251.8734979200430928 ) ) ;
#5674 = CARTESIAN_POINT ( 'NONE',  ( -2.905773320640654855, 94.32441173161532788, 162.3607814413018389 ) ) ;
#5675 = CARTESIAN_POINT ( 'NONE',  ( -40.69349865672523237, 68.63536865867470738, 171.7263979987769176 ) ) ;
#5676 = CARTESIAN_POINT ( 'NONE',  ( 45.25395573941621308, 8.161876146555426814, 34.36559907331182018 ) ) ;
#5677 = CARTESIAN_POINT ( 'NONE',  ( -4.346724873224276031, 86.40418277869162011, 141.7591720853402251 ) ) ;
#5678 = CARTESIAN_POINT ( 'NONE',  ( 43.54375879762299917, -41.69735384013383594, 95.91565193775846865 ) ) ;
#5679 = CARTESIAN_POINT ( 'NONE',  ( 44.82561757117645840, 59.89141621769459789, 119.9999999999999574 ) ) ;
#5680 = CARTESIAN_POINT ( 'NONE',  ( 17.38421708921468678, 87.62588582330330667, 373.0124606318696578 ) ) ;
#5681 = CARTESIAN_POINT ( 'NONE',  ( 49.48902352249825043, 30.53069219915583687, 120.0000000000000142 ) ) ;
#5682 = CARTESIAN_POINT ( 'NONE',  ( -8.734003575675011177, -25.47488139449234978, 403.7853512145564991 ) ) ;
#5683 = ORIENTED_EDGE ( 'NONE', *, *, #1230, .F. ) ;
#5684 = CARTESIAN_POINT ( 'NONE',  ( -46.98140695058369687, 49.37177268171534195, 187.5869831696542747 ) ) ;
#5685 = CARTESIAN_POINT ( 'NONE',  ( 43.00758650767800617, 65.02182500872734749, 266.8004057706122580 ) ) ;
#5686 = CARTESIAN_POINT ( 'NONE',  ( -22.84047888628576573, 82.13514575246001925, 141.6694718738735901 ) ) ;
#5687 = CARTESIAN_POINT ( 'NONE',  ( 54.60785415885319338, -8.536140296040141351, 95.91851009984731036 ) ) ;
#5688 = CARTESIAN_POINT ( 'NONE',  ( -35.91099493746460070, 87.90839339951611464, 267.1657194938003954 ) ) ;
#5689 = CARTESIAN_POINT ( 'NONE',  ( 0.3333358236618877424, 93.97629613567517026, 180.0670230092761415 ) ) ;
#5690 = CARTESIAN_POINT ( 'NONE',  ( -11.02122228260971148, -5.769970474066879795, 405.9653440898521808 ) ) ;
#5691 = CARTESIAN_POINT ( 'NONE',  ( 39.54368448047202378, 64.21776460295525624, 129.9396472513279832 ) ) ;
#5692 = CARTESIAN_POINT ( 'NONE',  ( -15.26363629011957279, 95.17499453668588671, 174.9457140544018898 ) ) ;
#5693 = CARTESIAN_POINT ( 'NONE',  ( -18.35250334499541935, -16.48168322511991590, 396.2369710545312955 ) ) ;
#5694 = ORIENTED_EDGE ( 'NONE', *, *, #5944, .F. ) ;
#5695 = CARTESIAN_POINT ( 'NONE',  ( 0.000000000000000000, 83.71986271976525984, 130.3011341093877036 ) ) ;
#5696 = CARTESIAN_POINT ( 'NONE',  ( -35.60231105141794927, 78.14244979696232463, 181.4185530724122088 ) ) ;
#5697 = CARTESIAN_POINT ( 'NONE',  ( -27.59661783500443377, 59.81117308466855320, 60.95000764652930059 ) ) ;
#5698 = CARTESIAN_POINT ( 'NONE',  ( 0.8944626677098921341, -39.53408085530723071, 335.5805030320946116 ) ) ;
#5699 = CARTESIAN_POINT ( 'NONE',  ( -47.63322717913059989, 8.629421723206728956, 266.1412494549499002 ) ) ;
#5700 = CARTESIAN_POINT ( 'NONE',  ( 10.35938437345656915, 92.38048373835407290, 175.3290089964016829 ) ) ;
#5701 = CARTESIAN_POINT ( 'NONE',  ( 34.69593080203251390, 76.09310674738216562, 159.4239315976223850 ) ) ;
#5702 = CARTESIAN_POINT ( 'NONE',  ( 38.68390851725538226, 81.03953737317962691, 189.1518395728427606 ) ) ;
#5703 = CARTESIAN_POINT ( 'NONE',  ( -50.89727975755803868, -6.257858417485031133, 235.9981632639484701 ) ) ;
#5704 = CARTESIAN_POINT ( 'NONE',  ( 1.642481686867077073, 94.32917671286826078, 162.1875240769721813 ) ) ;
#5705 = CARTESIAN_POINT ( 'NONE',  ( -0.3654756032216667783, -51.87957328486705677, 61.09561556252820935 ) ) ;
#5706 = CARTESIAN_POINT ( 'NONE',  ( 47.54092860712671609, -4.769143278758264159, 266.0954829559620975 ) ) ;
#5707 = CARTESIAN_POINT ( 'NONE',  ( 1.491096579443295767, 93.30382398962099444, 162.2326838177787636 ) ) ;
#5708 = CARTESIAN_POINT ( 'NONE',  ( 31.61792079123213028, 78.30906196728528812, 153.4994177905553840 ) ) ;
#5709 = CARTESIAN_POINT ( 'NONE',  ( -33.66078862291208651, 15.96815450586594487, 10.00000000000000533 ) ) ;
#5710 = CARTESIAN_POINT ( 'NONE',  ( 39.62806247357968203, 82.08507953138263247, 251.5076345405276470 ) ) ;
#5711 = CARTESIAN_POINT ( 'NONE',  ( 45.62326078271729557, 55.82487334867500550, 181.1427728066402381 ) ) ;
#5712 = CARTESIAN_POINT ( 'NONE',  ( 0.000000000000000000, 101.1357000780110127, 201.7340073341511584 ) ) ;
#5713 = CARTESIAN_POINT ( 'NONE',  ( -2.954917846818354121, 94.35318491965864496, 162.5177702100681643 ) ) ;
#5714 = CARTESIAN_POINT ( 'NONE',  ( -39.53511494867767340, 64.23179331350264931, 129.9419816067928650 ) ) ;
#5715 = CARTESIAN_POINT ( 'NONE',  ( 7.336759136128482517, 4.948364427552158773, 405.8657987737245776 ) ) ;
#5716 = ORIENTED_EDGE ( 'NONE', *, *, #671, .F. ) ;
#5717 = CARTESIAN_POINT ( 'NONE',  ( -4.252921376764986938, 80.95807592485225257, 119.6162455656062633 ) ) ;
#5718 = CARTESIAN_POINT ( 'NONE',  ( 34.67126991697035265, -40.56086413898772491, 251.2473737275443568 ) ) ;
#5719 = CARTESIAN_POINT ( 'NONE',  ( 18.14289135564911604, 82.60524856037105224, 119.9999999999999716 ) ) ;
#5720 = CARTESIAN_POINT ( 'NONE',  ( 16.53702835546345895, 106.3836801495342286, 283.7220995123229841 ) ) ;
#5721 = CARTESIAN_POINT ( 'NONE',  ( 32.68020987528113608, 70.25609586053930400, 119.9999999999999432 ) ) ;
#5722 = CARTESIAN_POINT ( 'NONE',  ( -16.44050713349748705, -46.52175804658430991, 34.33075391879994953 ) ) ;
#5723 = ORIENTED_EDGE ( 'NONE', *, *, #902, .T. ) ;
#5724 = CARTESIAN_POINT ( 'NONE',  ( -47.90908981587632809, 45.44649595626250971, 165.2264771659924918 ) ) ;
#5725 = CARTESIAN_POINT ( 'NONE',  ( 49.46721580709265709, 54.13372346069718333, 149.0368333872496862 ) ) ;
#5726 = CARTESIAN_POINT ( 'NONE',  ( -21.33555026758497775, 88.67993482077054068, 172.1048533226441464 ) ) ;
#5727 = CARTESIAN_POINT ( 'NONE',  ( 44.73042106892386016, -11.13762035954176355, 282.1757387574552922 ) ) ;
#5728 = CARTESIAN_POINT ( 'NONE',  ( -40.34114989046099709, 68.57934614558381270, 125.2913757575331317 ) ) ;
#5729 = DIRECTION ( 'NONE',  ( 3.406996906818447161E-15, 0.1925219665259060853, 0.9812926639922453509 ) ) ;
#5730 = AXIS2_PLACEMENT_3D ( 'NONE', #522, #1791, #3625 ) ;
#5731 = CARTESIAN_POINT ( 'NONE',  ( -22.84917658520099693, -5.571338551763408198, 380.0905840005646610 ) ) ;
#5732 = CARTESIAN_POINT ( 'NONE',  ( 39.65954156631987360, 71.64504656380056247, 181.3176583871689616 ) ) ;
#5733 = CARTESIAN_POINT ( 'NONE',  ( -17.17766706406745314, 106.2214506424371052, 335.2801007324607099 ) ) ;
#5734 = CARTESIAN_POINT ( 'NONE',  ( -35.65715690381956904, -21.68721720611483761, 9.999999999999980460 ) ) ;
#5735 = ORIENTED_EDGE ( 'NONE', *, *, #1196, .F. ) ;
#5736 = CARTESIAN_POINT ( 'NONE',  ( 5.424449430738714995, 57.29314487345126850, -11.24102100324514630 ) ) ;
#5737 = CARTESIAN_POINT ( 'NONE',  ( -34.93408252841033601, 74.76284276473958812, 153.4240918179052642 ) ) ;
#5738 = CARTESIAN_POINT ( 'NONE',  ( -30.95182506745895878, 91.13756162900149604, 201.7347565835676733 ) ) ;
#5739 = CARTESIAN_POINT ( 'NONE',  ( 2.012852703318687819, -43.21139911610217865, 17.33808266339802273 ) ) ;
#5740 = CARTESIAN_POINT ( 'NONE',  ( -32.76983522406306548, 5.670435660528351463, 338.8188088758602703 ) ) ;
#5741 = CARTESIAN_POINT ( 'NONE',  ( 13.99215308325958240, 94.34904027522790670, 191.5129268092411223 ) ) ;
#5742 = CARTESIAN_POINT ( 'NONE',  ( 35.66804990035446110, 77.63389721304461943, 178.1900816204808677 ) ) ;
#5743 =( GEOMETRIC_REPRESENTATION_CONTEXT ( 3 ) GLOBAL_UNCERTAINTY_ASSIGNED_CONTEXT ( ( #750 ) ) GLOBAL_UNIT_ASSIGNED_CONTEXT ( ( #1289, #4131, #1941 ) ) REPRESENTATION_CONTEXT ( 'NONE', 'WORKASPACE' ) );
#5744 = CARTESIAN_POINT ( 'NONE',  ( 0.000000000000000000, 83.00713624293385351, 127.3837735684064398 ) ) ;
#5745 = CARTESIAN_POINT ( 'NONE',  ( -46.25855562237949670, -6.049066128962394373, 34.40069820618213470 ) ) ;
#5746 = CARTESIAN_POINT ( 'NONE',  ( 44.42679382061977122, 60.18112027045110324, 186.4273180862626305 ) ) ;
#5747 = CARTESIAN_POINT ( 'NONE',  ( -0.4106634285905240156, -53.59492887231032654, 192.4473961570816130 ) ) ;
#5748 = CARTESIAN_POINT ( 'NONE',  ( 29.28177289259470228, -5.963536147518752273, 359.8091805143566262 ) ) ;
#5749 = CARTESIAN_POINT ( 'NONE',  ( 0.6964710909158278174, 93.25712422625336728, 161.8748704665385674 ) ) ;
#5750 = CARTESIAN_POINT ( 'NONE',  ( 32.05164829845801222, 82.87437450137302619, 184.7202355418515367 ) ) ;
#5751 = CARTESIAN_POINT ( 'NONE',  ( -39.23918078978176283, 53.72053326484898861, 297.1192524415544653 ) ) ;
#5752 = CARTESIAN_POINT ( 'NONE',  ( 33.82937984308858859, 71.88595083024148380, 309.2497927673927052 ) ) ;
#5753 = CARTESIAN_POINT ( 'NONE',  ( 46.76378723241409574, 50.93748792026546113, 171.5530205188730974 ) ) ;
#5754 = CARTESIAN_POINT ( 'NONE',  ( 4.816355271901699098, 66.20054176447335692, 60.91666669461543648 ) ) ;
#5755 = CARTESIAN_POINT ( 'NONE',  ( 2.000000000000011102, 93.72754587117670155, 178.7890553991898344 ) ) ;
#5756 = CARTESIAN_POINT ( 'NONE',  ( -38.69780593953700532, 65.51344516445151100, 129.9639387057393378 ) ) ;
#5757 = CARTESIAN_POINT ( 'NONE',  ( 40.23318569873402595, 1.053690713738919538, 17.38153833288447103 ) ) ;
#5758 = ORIENTED_EDGE ( 'NONE', *, *, #6901, .T. ) ;
#5759 = CARTESIAN_POINT ( 'NONE',  ( 0.000000000000000000, 83.83837160416707945, 130.3799267475536112 ) ) ;
#5760 = CARTESIAN_POINT ( 'NONE',  ( 38.05646016402686627, -43.21728254639256761, 211.2046107931723213 ) ) ;
#5761 = CARTESIAN_POINT ( 'NONE',  ( -8.946430303705575682, 82.99156353808132280, 129.4249567559108129 ) ) ;
#5762 = CARTESIAN_POINT ( 'NONE',  ( 21.69345142625344991, 77.80374889943513494, 106.4345828827380700 ) ) ;
#5763 = CARTESIAN_POINT ( 'NONE',  ( 49.37571091156276282, 32.58239833489783166, 182.4155360101837573 ) ) ;
#5764 = ORIENTED_EDGE ( 'NONE', *, *, #429, .T. ) ;
#5765 = CARTESIAN_POINT ( 'NONE',  ( -47.25960763687848498, 48.52501018839369351, 177.8728669585007651 ) ) ;
#5766 = CARTESIAN_POINT ( 'NONE',  ( 10.93084631634155457, 48.85725801795256729, 394.4533557252201490 ) ) ;
#5767 = CARTESIAN_POINT ( 'NONE',  ( -28.04931886856010337, 73.85931077182749505, 119.4521131901610147 ) ) ;
#5768 = CARTESIAN_POINT ( 'NONE',  ( 46.92791527024799336, -11.35144820700280910, 266.1047947544036560 ) ) ;
#5769 = CARTESIAN_POINT ( 'NONE',  ( -20.24503059268333871, 78.00341912710229053, 355.3126149482030769 ) ) ;
#5770 = DIRECTION ( 'NONE',  ( 2.724931817389501210E-14, 0.1901236471638483860, 0.9817601533924242840 ) ) ;
#5771 = CARTESIAN_POINT ( 'NONE',  ( -55.22324670743307706, -5.805412337438995429, 106.4752856519447164 ) ) ;
#5772 = CARTESIAN_POINT ( 'NONE',  ( 41.03498924596703290, 68.58877694806545833, 178.0525801347851882 ) ) ;
#5773 = CARTESIAN_POINT ( 'NONE',  ( -18.29335931135465643, 105.3985775637422790, 283.6948008825505099 ) ) ;
#5774 = CARTESIAN_POINT ( 'NONE',  ( -33.72833465485998516, -45.91809224404134682, 211.2022321768951656 ) ) ;
#5775 = VERTEX_POINT ( 'NONE', #5106 ) ;
#5776 = CARTESIAN_POINT ( 'NONE',  ( -0.1685636624767425373, 94.24097403978264254, 161.6719437704512643 ) ) ;
#5777 = CARTESIAN_POINT ( 'NONE',  ( -35.04333270247823862, 78.87809171887801085, 181.4307958734466979 ) ) ;
#5778 = CARTESIAN_POINT ( 'NONE',  ( -30.03862308970131423, 96.31016027820800218, 267.3170911456854810 ) ) ;
#5779 = CARTESIAN_POINT ( 'NONE',  ( 4.839447448594202505, -54.33575981942648525, 95.91154762386875632 ) ) ;
#5780 = CARTESIAN_POINT ( 'NONE',  ( -40.31902259092927920, 0.02794902781589224394, 17.38317744587284608 ) ) ;
#5781 = CARTESIAN_POINT ( 'NONE',  ( 14.26030143298594943, 89.93956195535874087, 165.8645370290598464 ) ) ;
#5782 = EDGE_CURVE ( 'NONE', #1288, #1585, #3689, .T. ) ;
#5783 = CARTESIAN_POINT ( 'NONE',  ( 36.00270585845633065, 69.13273721108957659, 130.0259428487778450 ) ) ;
#5784 = CARTESIAN_POINT ( 'NONE',  ( -5.444550662983410838, 94.81671802589580977, 186.2106640665421367 ) ) ;
#5785 = CARTESIAN_POINT ( 'NONE',  ( -40.58314131358760335, -6.340630059754228220, 309.1853510374405687 ) ) ;
#5786 = CARTESIAN_POINT ( 'NONE',  ( -0.3078513340561995215, -41.51854769391206190, 320.9717399628283374 ) ) ;
#5787 = CARTESIAN_POINT ( 'NONE',  ( 42.82872051788243795, -5.776769520821631865, 296.6510037834297577 ) ) ;
#5788 = CARTESIAN_POINT ( 'NONE',  ( -0.4999999999999904521, 93.25755166443106248, 161.8648835697545394 ) ) ;
#5789 = CARTESIAN_POINT ( 'NONE',  ( 31.24736437344736473, 84.56560957845444193, 191.3024828558915829 ) ) ;
#5790 = CARTESIAN_POINT ( 'NONE',  ( -48.64907237358033143, 37.39901881174431253, 82.47391483263560019 ) ) ;
#5791 = CARTESIAN_POINT ( 'NONE',  ( 43.35910743106603604, 71.03135462591906446, 251.3870017941989374 ) ) ;
#5792 = CARTESIAN_POINT ( 'NONE',  ( 48.05839152172269024, 41.43116100928317991, 129.7084601967477795 ) ) ;
#5793 = AXIS2_PLACEMENT_3D ( 'NONE', #4670, #515, #4082 ) ;
#5794 = CARTESIAN_POINT ( 'NONE',  ( 3.679665041062774034, 44.12903582109174749, 17.16316977442196645 ) ) ;
#5795 = CARTESIAN_POINT ( 'NONE',  ( -2.173859591715074036, 94.13925449601468642, 161.2979164454431782 ) ) ;
#5796 = CARTESIAN_POINT ( 'NONE',  ( -38.92047456677242678, 70.19159388993773518, 159.3277839423718945 ) ) ;
#5797 = CARTESIAN_POINT ( 'NONE',  ( 53.15991088711161439, 5.320218428725753235, 82.46894297849196676 ) ) ;
#5798 = CARTESIAN_POINT ( 'NONE',  ( -1.848201532181219520, 93.37577284738306105, 162.6927736887316485 ) ) ;
#5799 = DIRECTION ( 'NONE',  ( -0.005634605962284038039, 0.9999841254818246927, 0.000000000000000000 ) ) ;
#5800 = CARTESIAN_POINT ( 'NONE',  ( 29.59061247604364908, -48.56709143404245310, 201.7479667655092328 ) ) ;
#5801 = CARTESIAN_POINT ( 'NONE',  ( 37.28582960928007140, 85.35479600680550050, 211.2196583466347874 ) ) ;
#5802 = CARTESIAN_POINT ( 'NONE',  ( 32.08528939820466519, 75.56885977720425274, 120.0000000000000284 ) ) ;
#5803 = CARTESIAN_POINT ( 'NONE',  ( 17.32179091454261766, 105.6369705196713369, 353.4132490572954453 ) ) ;
#5804 = CARTESIAN_POINT ( 'NONE',  ( 49.63176870128960161, 30.22850548119905056, 180.8741717479776980 ) ) ;
#5805 = EDGE_CURVE ( 'NONE', #1087, #6543, #6843, .T. ) ;
#5806 = ORIENTED_EDGE ( 'NONE', *, *, #3592, .T. ) ;
#5807 = CARTESIAN_POINT ( 'NONE',  ( -46.74493439087680002, 46.94459423639744955, 129.7454887288993746 ) ) ;
#5808 = CARTESIAN_POINT ( 'NONE',  ( 11.44951166116591779, 29.98920633154339654, 396.0021658397528768 ) ) ;
#5809 = CARTESIAN_POINT ( 'NONE',  ( -17.82580561686749832, 90.55601481822669996, 175.2862090824503412 ) ) ;
#5810 = CARTESIAN_POINT ( 'NONE',  ( 47.42311299082387421, -26.06454106322092557, 236.0542629271719477 ) ) ;
#5811 = CARTESIAN_POINT ( 'NONE',  ( -42.63671776123251078, 76.22344487085828746, 236.3198685812823499 ) ) ;
#5812 = CARTESIAN_POINT ( 'NONE',  ( 554.2981223361939556, 35.28856251571792768, 183.1758581061168911 ) ) ;
#5813 = CARTESIAN_POINT ( 'NONE',  ( 40.79427210184174868, 66.93010855833399830, 159.2758359151513616 ) ) ;
#5814 = CARTESIAN_POINT ( 'NONE',  ( 13.97509443968651333, 109.3711075514724484, 353.1960512656522724 ) ) ;
#5815 = CARTESIAN_POINT ( 'NONE',  ( -20.67086393471050343, 96.15052449382882571, 192.3885722426588245 ) ) ;
#5816 = CARTESIAN_POINT ( 'NONE',  ( -40.79405075677990311, -45.63226302627482056, 149.0839727263069960 ) ) ;
#5817 = EDGE_CURVE ( 'NONE', #1977, #6260, #2404, .T. ) ;
#5818 = CARTESIAN_POINT ( 'NONE',  ( -8.946430303705781739, 95.98659516296633853, 185.9811432973699823 ) ) ;
#5819 = CARTESIAN_POINT ( 'NONE',  ( -34.70589564796026849, 79.74926934094811770, 184.6646058655361742 ) ) ;
#5820 = CARTESIAN_POINT ( 'NONE',  ( -35.26354501835374577, 87.88505419592711121, 211.2197602364632303 ) ) ;
#5821 = CARTESIAN_POINT ( 'NONE',  ( 1.986043150954370784, -36.75481172116197826, 354.2229766753966942 ) ) ;
#5822 = CARTESIAN_POINT ( 'NONE',  ( -47.85534582234424050, 0.3731277230375850684, 266.1050650612654636 ) ) ;
#5823 = CARTESIAN_POINT ( 'NONE',  ( 17.77767463508386214, 84.11669143483622690, 141.7160526211642662 ) ) ;
#5824 = CARTESIAN_POINT ( 'NONE',  ( 35.15387171447314074, 77.86802737865545510, 175.0128711521193736 ) ) ;
#5825 = CARTESIAN_POINT ( 'NONE',  ( 0.000000000000000000, 114.9777999077163315, 402.6283615271067333 ) ) ;
#5826 = CARTESIAN_POINT ( 'NONE',  ( -44.11414584183997079, -15.46038235363510616, 282.2216683827899715 ) ) ;
#5827 = DIRECTION ( 'NONE',  ( -1.000000000000000000, 0.000000000000000000, 0.000000000000000000 ) ) ;
#5828 = CARTESIAN_POINT ( 'NONE',  ( 56.05901895453044403, -4.988790032442620870, 149.0515953679359313 ) ) ;
#5829 = CARTESIAN_POINT ( 'NONE',  ( -2.446430303705581011, 85.01284307098968895, 130.0474614498119195 ) ) ;
#5830 = CARTESIAN_POINT ( 'NONE',  ( 32.59299066408146217, 82.72433049466195598, 187.9737348083412769 ) ) ;
#5831 = CARTESIAN_POINT ( 'NONE',  ( -52.69580721207303498, 23.14111823609577812, 95.91789738967905521 ) ) ;
#5832 = CARTESIAN_POINT ( 'NONE',  ( 47.46226389705459070, 47.48267853755053380, 177.8665920368852653 ) ) ;
#5833 = DIRECTION ( 'NONE',  ( 1.000000000000000000, 0.000000000000000000, 0.000000000000000000 ) ) ;
#5834 = CARTESIAN_POINT ( 'NONE',  ( 8.861555408228094066, 109.4269310454697859, 283.8049806235394499 ) ) ;
#5835 = CARTESIAN_POINT ( 'NONE',  ( -38.82667767470083930, 67.49966667785534469, 141.3419104224284126 ) ) ;
#5836 = CARTESIAN_POINT ( 'NONE',  ( 50.87623757684188774, 4.381805678095517464, 61.09408426076865339 ) ) ;
#5837 = CARTESIAN_POINT ( 'NONE',  ( -50.00029325813019909, 27.36232629566492847, 176.1068430947219667 ) ) ;
#5838 = CARTESIAN_POINT ( 'NONE',  ( 25.52774391306293111, -43.66297452453279249, 266.9869874374039682 ) ) ;
#5839 = ADVANCED_FACE ( 'NONE', ( #3861 ), #2405, .T. ) ;
#5840 = CARTESIAN_POINT ( 'NONE',  ( 35.62902936542073462, 73.95812813780807460, 125.2873797872261719 ) ) ;
#5841 = CARTESIAN_POINT ( 'NONE',  ( -1.952209223110509484, 93.42258402861189381, 162.9655897345473363 ) ) ;
#5842 = CARTESIAN_POINT ( 'NONE',  ( 16.10707433725307425, 52.16592338488624847, 33.96672556285927413 ) ) ;
#5843 = CIRCLE ( 'NONE', #5586, 0.9999999999999948930 ) ;
#5844 = CARTESIAN_POINT ( 'NONE',  ( 50.07882159268373101, 27.10604614702785398, 173.8550355239896703 ) ) ;
#5845 = ORIENTED_EDGE ( 'NONE', *, *, #2374, .F. ) ;
#5846 = CARTESIAN_POINT ( 'NONE',  ( -44.99135083808045010, 58.14031960253822717, 184.3850420278981233 ) ) ;
#5847 = CARTESIAN_POINT ( 'NONE',  ( 39.90373976707076054, 47.15182131616348471, 297.0368385496761903 ) ) ;
#5848 = CARTESIAN_POINT ( 'NONE',  ( -16.11104317664713292, 89.46551892624060542, 165.8549063113746627 ) ) ;
#5849 = CARTESIAN_POINT ( 'NONE',  ( 54.12869287039397648, -17.34020814767666252, 95.91822840598773325 ) ) ;
#5850 = CARTESIAN_POINT ( 'NONE',  ( -25.00449939259151577, 80.86690352233090096, 336.3577205658255593 ) ) ;
#5851 = SURFACE_STYLE_FILL_AREA ( #6502 ) ;
#5852 = EDGE_CURVE ( 'NONE', #5056, #4006, #1486, .T. ) ;
#5853 = CARTESIAN_POINT ( 'NONE',  ( 41.21651725203438588, 66.08966063700322024, 159.2641305391937294 ) ) ;
#5854 = CARTESIAN_POINT ( 'NONE',  ( 9.271376694352385428, 43.39728263992847701, 17.17007554756550292 ) ) ;
#5855 = CARTESIAN_POINT ( 'NONE',  ( -18.57086248286109154, 89.44977339474097278, 149.0209146251993957 ) ) ;
#5856 = CARTESIAN_POINT ( 'NONE',  ( -36.59935864669906636, -36.24285112336496439, 266.6241809227503836 ) ) ;
#5857 = ORIENTED_EDGE ( 'NONE', *, *, #6345, .F. ) ;
#5858 = CARTESIAN_POINT ( 'NONE',  ( 8.266476870891896311, 82.70925717730953863, 127.9434466229583336 ) ) ;
#5859 = CARTESIAN_POINT ( 'NONE',  ( -33.09489215785011140, 72.31881634715944074, 130.1009599382300053 ) ) ;
#5860 = CARTESIAN_POINT ( 'NONE',  ( -28.39588886671507950, 97.12669430414052840, 283.4839804962942935 ) ) ;
#5861 = CARTESIAN_POINT ( 'NONE',  ( 0.8326586840841655457, -33.81514786224870051, 373.0277760323177176 ) ) ;
#5862 = CARTESIAN_POINT ( 'NONE',  ( -53.74420247166402476, -0.04925432039388796118, 201.7386062644539777 ) ) ;
#5863 = CARTESIAN_POINT ( 'NONE',  ( 14.20246103919762959, 91.64163064075408727, 175.3120290309897484 ) ) ;
#5864 = CARTESIAN_POINT ( 'NONE',  ( 35.56703900504204086, 67.06466641949086238, 119.2773496933372570 ) ) ;
#5865 = CARTESIAN_POINT ( 'NONE',  ( 0.000000000000000000, 101.1357000780110127, 201.7340073341511584 ) ) ;
#5866 = CARTESIAN_POINT ( 'NONE',  ( -51.11048281929388537, -11.70604995283074068, 61.09959308059134742 ) ) ;
#5867 = DIRECTION ( 'NONE',  ( 1.000000000000000000, -0.000000000000000000, 0.000000000000000000 ) ) ;
#5868 = CARTESIAN_POINT ( 'NONE',  ( 32.30520707402597225, 79.77179826557551223, 165.6263646415431765 ) ) ;
#5869 = CARTESIAN_POINT ( 'NONE',  ( -51.41114762766839164, 29.86905734781515775, 221.5391877582983398 ) ) ;
#5870 = VECTOR ( 'NONE', #2279, 1000.000000000000227 ) ;
#5871 = CARTESIAN_POINT ( 'NONE',  ( 47.83999754398865889, 44.32768928372889405, 141.0982053228875088 ) ) ;
#5872 = CARTESIAN_POINT ( 'NONE',  ( -1.491122586220642310, 96.42122425162069987, 179.2104478884764376 ) ) ;
#5873 = CARTESIAN_POINT ( 'NONE',  ( 4.569552120206468615, 110.1986871790139588, 283.8268821520093184 ) ) ;
#5874 = CARTESIAN_POINT ( 'NONE',  ( -4.970002807748462814, -36.44990291196836552, 354.3382879149454538 ) ) ;
#5875 = CARTESIAN_POINT ( 'NONE',  ( -38.25454408618299595, 63.59371486519850691, 119.2137851703688654 ) ) ;
#5876 = CARTESIAN_POINT ( 'NONE',  ( 53.08207952645622640, 3.994840972008240954, 211.2173510419876834 ) ) ;
#5877 = CARTESIAN_POINT ( 'NONE',  ( 1.999999999999996225, 96.23079019919192945, 178.1970192555082235 ) ) ;
#5878 = CARTESIAN_POINT ( 'NONE',  ( 21.49987447001116081, -37.19104895231556895, 321.3825181384673897 ) ) ;
#5879 = CARTESIAN_POINT ( 'NONE',  ( 19.11394196962814007, 87.47861814996817031, 354.6337648437792041 ) ) ;
#5880 = CARTESIAN_POINT ( 'NONE',  ( 4.308481604196597203, 93.62300885736033251, 178.5321113219924882 ) ) ;
#5881 = CARTESIAN_POINT ( 'NONE',  ( 23.33226205077124149, 92.32417911577387315, 174.9451696663910525 ) ) ;
#5882 = CARTESIAN_POINT ( 'NONE',  ( -7.946428739083739146, 86.26203852871280731, 142.7606671083215417 ) ) ;
#5883 = ORIENTED_EDGE ( 'NONE', *, *, #5348, .T. ) ;
#5884 = CARTESIAN_POINT ( 'NONE',  ( -45.76030778624847528, 55.20146315840513296, 174.7300816691010255 ) ) ;
#5885 = CARTESIAN_POINT ( 'NONE',  ( 51.30170168173668799, 42.90986448928869379, 201.7373212536312224 ) ) ;
#5886 = CARTESIAN_POINT ( 'NONE',  ( -19.56642433305217565, 90.50199640889807995, 178.4575224410382646 ) ) ;
#5887 = CARTESIAN_POINT ( 'NONE',  ( 43.99127747113517017, -24.74142687066074231, 34.38799734219207238 ) ) ;
#5888 = CARTESIAN_POINT ( 'NONE',  ( 3.021689711177308890, 97.25675622536944331, 178.2509558519280972 ) ) ;
#5889 = CARTESIAN_POINT ( 'NONE',  ( 44.56724552234734205, 53.90049941467353278, 129.8025793472742464 ) ) ;
#5890 = CARTESIAN_POINT ( 'NONE',  ( 17.75503191869857034, 99.78188058349924461, 211.2203142535571487 ) ) ;
#5891 = CARTESIAN_POINT ( 'NONE',  ( -17.32396092534494514, 79.19717261653121909, 106.4332006678653784 ) ) ;
#5892 = CARTESIAN_POINT ( 'NONE',  ( -29.07438431616404984, -34.73063028847926148, 309.2464229228809813 ) ) ;
#5893 = ORIENTED_EDGE ( 'NONE', *, *, #1446, .F. ) ;
#5894 = CARTESIAN_POINT ( 'NONE',  ( 24.55060498750412989, 89.83825126163628738, 190.3011254906238321 ) ) ;
#5895 = DIRECTION ( 'NONE',  ( 5.602867245962734761E-30, -0.9812926639922453509, 0.1925219665259060575 ) ) ;
#5896 = CARTESIAN_POINT ( 'NONE',  ( -34.35900419406207362, 75.43782213936727032, 153.4381978323770852 ) ) ;
#5897 = CARTESIAN_POINT ( 'NONE',  ( -31.45588548181833133, 94.87172885796802291, 251.6582443507715539 ) ) ;
#5898 = CARTESIAN_POINT ( 'NONE',  ( 0.000000000000000000, -54.42922362320734919, 175.0446952262756781 ) ) ;
#5899 = CARTESIAN_POINT ( 'NONE',  ( -53.33435824399683156, 2.298823961024538676, 82.46873585070045465 ) ) ;
#5900 = CARTESIAN_POINT ( 'NONE',  ( 22.89562668500693121, 88.92573914644900412, 178.4176506581617048 ) ) ;
#5901 = CARTESIAN_POINT ( 'NONE',  ( 36.25903181455996105, 71.07879591226979699, 141.3995781292511822 ) ) ;
#5902 = FACE_OUTER_BOUND ( 'NONE', #2180, .T. ) ;
#5903 = CARTESIAN_POINT ( 'NONE',  ( -56.00095982825008889, -8.572013787218459413, 125.3254267621806690 ) ) ;
#5904 = DIRECTION ( 'NONE',  ( -3.526633008609951085E-15, -0.1925219665259060853, -0.9812926639922453509 ) ) ;
#5905 = CARTESIAN_POINT ( 'NONE',  ( 11.57478406612963440, -40.42895401719788850, 321.1027311457725091 ) ) ;
#5906 = CARTESIAN_POINT ( 'NONE',  ( -48.98507188219060282, 24.69120148064141773, 250.9595270541216223 ) ) ;
#5907 = CARTESIAN_POINT ( 'NONE',  ( 47.22254623966505704, 45.11151405888548993, 129.7306224130747978 ) ) ;
#5908 = CARTESIAN_POINT ( 'NONE',  ( 1.802208491335625551, 96.34599931629463754, 178.8387254671389144 ) ) ;
#5909 = CARTESIAN_POINT ( 'NONE',  ( 5.699912222080151913, 91.75958175250083571, 149.0193599030136511 ) ) ;
#5910 = CARTESIAN_POINT ( 'NONE',  ( -10.12861248630140132, -54.03486940291464435, 175.0400578250080912 ) ) ;
#5911 = CARTESIAN_POINT ( 'NONE',  ( -39.14979248500877418, 70.67934755145027736, 165.4704588887365446 ) ) ;
#5912 = CARTESIAN_POINT ( 'NONE',  ( 47.63322717913059989, 8.629421723206728956, 266.1412494549499002 ) ) ;
#5913 = CARTESIAN_POINT ( 'NONE',  ( -50.07236694888138828, 27.10604614702784332, 124.4859861928525220 ) ) ;
#5914 = CARTESIAN_POINT ( 'NONE',  ( 18.86661086191058345, -40.24747038855384318, 309.2793463595356229 ) ) ;
#5915 = CARTESIAN_POINT ( 'NONE',  ( 32.68411370033201280, 64.25050017953809345, 82.48070104110963996 ) ) ;
#5916 = CARTESIAN_POINT ( 'NONE',  ( 2.232504500004193648, 86.48932716826483613, 141.7584078877867739 ) ) ;
#5917 = ADVANCED_FACE ( 'NONE', ( #3281 ), #1524, .T. ) ;
#5918 = CARTESIAN_POINT ( 'NONE',  ( 20.06040618262090192, 103.1483155631122486, 320.9293604311895365 ) ) ;
#5919 = B_SPLINE_CURVE_WITH_KNOTS ( 'NONE', 3,
 ( #2076, #4448, #2594, #1492 ),
 .UNSPECIFIED., .F., .F.,
 ( 4, 4 ),
 ( 2.602085213965210642E-18, 0.002514066000459882263 ),
 .UNSPECIFIED. ) ;
#5920 = CARTESIAN_POINT ( 'NONE',  ( 49.14565175632280614, 34.72556274243966357, 183.1023192094843353 ) ) ;
#5921 = ORIENTED_EDGE ( 'NONE', *, *, #2237, .F. ) ;
#5922 = EDGE_CURVE ( 'NONE', #358, #246, #5176, .T. ) ;
#5923 = CARTESIAN_POINT ( 'NONE',  ( -46.02585282282409906, 54.17739096205084337, 184.3545568715201455 ) ) ;
#5924 = CARTESIAN_POINT ( 'NONE',  ( 50.22210946449671809, 44.40859734123340985, 221.5520418434187775 ) ) ;
#5925 = CARTESIAN_POINT ( 'NONE',  ( -14.16943780833337740, 92.19956672796720909, 178.4996492519441631 ) ) ;
#5926 = CARTESIAN_POINT ( 'NONE',  ( 49.89176661724400219, -21.69498464732459553, 61.09926423067267365 ) ) ;
#5927 = LINE ( 'NONE', #4202, #3736 ) ;
#5928 = CARTESIAN_POINT ( 'NONE',  ( 44.08856534367603786, 60.55357780558599501, 171.6285934728201994 ) ) ;
#5929 = CARTESIAN_POINT ( 'NONE',  ( 16.91427915246674729, 105.8544636939744379, 402.8484212796498696 ) ) ;
#5930 = CARTESIAN_POINT ( 'NONE',  ( -21.10036642176008925, 74.91045965998117140, 95.91498212023905978 ) ) ;
#5931 = CARTESIAN_POINT ( 'NONE',  ( -34.67126991697035265, -40.56086413898772491, 251.2473737275443568 ) ) ;
#5932 = ORIENTED_EDGE ( 'NONE', *, *, #685, .T. ) ;
#5933 = CARTESIAN_POINT ( 'NONE',  ( 19.71302674634576135, 92.34344978294890893, 190.6283539263123998 ) ) ;
#5934 = CARTESIAN_POINT ( 'NONE',  ( -0.5000000000000013323, 109.3795709624396579, 160.2304650945401647 ) ) ;
#5935 = CARTESIAN_POINT ( 'NONE',  ( -33.55269488112940479, 81.17932148799769720, 184.6897283064992052 ) ) ;
#5936 = CARTESIAN_POINT ( 'NONE',  ( -19.53317628069275003, 89.92290282611246255, 354.4104276830854019 ) ) ;
#5937 = CARTESIAN_POINT ( 'NONE',  ( 0.000000000000000000, -47.92900152199584340, 34.31797925651743242 ) ) ;
#5938 = CARTESIAN_POINT ( 'NONE',  ( -37.13126860191107426, -2.256588849178703615, 10.00000000000000178 ) ) ;
#5939 = CARTESIAN_POINT ( 'NONE',  ( 41.64594192190568123, 54.17772022599797310, 82.47792921848625269 ) ) ;
#5940 = CARTESIAN_POINT ( 'NONE',  ( 24.55745578756744507, 87.53766465035408828, 175.2103992867718887 ) ) ;
#5941 = CARTESIAN_POINT ( 'NONE',  ( 38.80475941422166386, 70.37571080703628468, 159.3293841663526109 ) ) ;
#5942 = CARTESIAN_POINT ( 'NONE',  ( -5.662385102398588721, 96.67716219721829418, 174.9460562189175903 ) ) ;
#5943 = CARTESIAN_POINT ( 'NONE',  ( -34.88737886981567726, -13.49183996841204802, 338.7761436975787319 ) ) ;
#5944 = EDGE_CURVE ( 'NONE', #2049, #2532, #4810, .T. ) ;
#5945 = CARTESIAN_POINT ( 'NONE',  ( 0.000000000000000000, -54.83989014612802748, 106.4482073099506465 ) ) ;
#5946 = CARTESIAN_POINT ( 'NONE',  ( 9.204064769206167895, -32.14212571159134768, 373.7354215205707533 ) ) ;
#5947 = CARTESIAN_POINT ( 'NONE',  ( -25.28125781294334828, 22.20427770572650417, 359.0174740022101787 ) ) ;
#5948 = CARTESIAN_POINT ( 'NONE',  ( 47.44024900632578579, 44.19578668587373471, 129.7248332765158239 ) ) ;
#5949 = CARTESIAN_POINT ( 'NONE',  ( 1.952239127152215703, 96.27976587745331472, 178.4818964790308939 ) ) ;
#5950 = CARTESIAN_POINT ( 'NONE',  ( -12.26382615175871216, -53.84365027192447428, 95.91193151763495450 ) ) ;
#5951 = CARTESIAN_POINT ( 'NONE',  ( -37.29724770192780170, 74.86916074408759414, 174.9655978036403496 ) ) ;
#5952 = CARTESIAN_POINT ( 'NONE',  ( 49.76483704125869423, 2.755868857559590435, 250.8549693821909727 ) ) ;
#5953 = CARTESIAN_POINT ( 'NONE',  ( 25.04499221433097844, -44.13947109209942710, 34.34409454713278365 ) ) ;
#5954 = CARTESIAN_POINT ( 'NONE',  ( 33.72191568916900906, 92.27162107436684835, 251.6243654412140245 ) ) ;
#5955 = CARTESIAN_POINT ( 'NONE',  ( 7.296771048009687455, 94.99009103046746816, 188.2415424019749821 ) ) ;
#5956 = CARTESIAN_POINT ( 'NONE',  ( 25.20744145859664798, 93.96457281996649158, 192.3870700509336586 ) ) ;
#5957 = CARTESIAN_POINT ( 'NONE',  ( 0.000000000000000000, 90.70772130924328280, 162.3651403965925510 ) ) ;
#5958 = ORIENTED_EDGE ( 'NONE', *, *, #6727, .F. ) ;
#5959 = ADVANCED_FACE ( 'NONE', ( #5067 ), #3822, .F. ) ;
#5960 = CARTESIAN_POINT ( 'NONE',  ( -42.78873587025135095, 63.46028473276228965, 165.3685621254982436 ) ) ;
#5961 = CARTESIAN_POINT ( 'NONE',  ( 50.44327984135584586, 48.87434187380578265, 201.7370402385690227 ) ) ;
#5962 = CARTESIAN_POINT ( 'NONE',  ( -21.22916112010507206, 82.91045496146563210, 141.6898259255568462 ) ) ;
#5963 = CARTESIAN_POINT ( 'NONE',  ( 55.57577356164397742, -17.53946417828941051, 125.3255477420808717 ) ) ;
#5964 = CARTESIAN_POINT ( 'NONE',  ( 0.4999999999999796274, 96.50574888332657508, 179.5707641100899821 ) ) ;
#5965 = CARTESIAN_POINT ( 'NONE',  ( 43.75976658253465956, 62.38805495931297429, 187.6829881219852041 ) ) ;
#5966 = CARTESIAN_POINT ( 'NONE',  ( 13.92866094768820240, 108.9788397689274149, 320.8250726920634293 ) ) ;
#5967 = CARTESIAN_POINT ( 'NONE',  ( -21.49987447001116081, -37.19104895231556895, 321.3825181384673897 ) ) ;
#5968 = VERTEX_POINT ( 'NONE', #2663 ) ;
#5969 = CARTESIAN_POINT ( 'NONE',  ( 1.802184030392925962, 90.83200932529069860, 163.1040940686676777 ) ) ;
#5970 = CARTESIAN_POINT ( 'NONE',  ( -50.36415022418614740, 26.07934570005880914, 165.1600049773803391 ) ) ;
#5971 = CARTESIAN_POINT ( 'NONE',  ( -34.61438762776139555, 78.09957576371363075, 171.8753425853930139 ) ) ;
#5972 = CARTESIAN_POINT ( 'NONE',  ( 40.57963596126745642, -5.907837129994319980, 17.38827416203088205 ) ) ;
#5973 = CARTESIAN_POINT ( 'NONE',  ( -32.59479498174828649, 91.05921717750824484, 283.3622188215772439 ) ) ;
#5974 = CARTESIAN_POINT ( 'NONE',  ( 0.3078513340561995215, -41.51854769391206190, 320.9717399628283374 ) ) ;
#5975 = CARTESIAN_POINT ( 'NONE',  ( -37.51192545773428577, 0.04642203474689934189, 322.2636881841734748 ) ) ;
#5976 = CARTESIAN_POINT ( 'NONE',  ( 27.60937811894257976, 83.88218056153668556, 165.7159866086330453 ) ) ;
#5977 = CARTESIAN_POINT ( 'NONE',  ( 38.28272897134016972, 74.44528542002663585, 184.5816490538605024 ) ) ;
#5978 = CARTESIAN_POINT ( 'NONE',  ( -1.790062670483652640, 73.89364767014448887, 82.48426016609995770 ) ) ;
#5979 = CARTESIAN_POINT ( 'NONE',  ( -54.39253933577555244, -8.510541513731373797, 192.3475893745212488 ) ) ;
#5980 = CARTESIAN_POINT ( 'NONE',  ( -9.156231734339618434E-14, -40.43996528639333121, 10.00000000000000000 ) ) ;
#5981 = CARTESIAN_POINT ( 'NONE',  ( 19.46835611935138388, -50.80687543801126083, 211.1958396456478511 ) ) ;
#5982 = CARTESIAN_POINT ( 'NONE',  ( -50.23826425333585632, 30.58972356725297104, 236.0837281518339239 ) ) ;
#5983 = CARTESIAN_POINT ( 'NONE',  ( 49.79029646094875261, 30.70029311325658483, 174.6152519390321913 ) ) ;
#5984 = CARTESIAN_POINT ( 'NONE',  ( 0.5062636870534338307, 97.50932227321872858, 179.3738708389336409 ) ) ;
#5985 = CARTESIAN_POINT ( 'NONE',  ( -7.858321011058714056, -44.07994640706726841, 297.7997521333163036 ) ) ;
#5986 = CARTESIAN_POINT ( 'NONE',  ( -38.38858427827545228, 73.52752994909010908, 178.1275962733764118 ) ) ;
#5987 = CARTESIAN_POINT ( 'NONE',  ( 37.18756071555992548, -3.414351176970585211, 9.999999999999992895 ) ) ;
#5988 = CARTESIAN_POINT ( 'NONE',  ( -0.6973469811581617384, 93.25569834744480602, 161.8652471760912022 ) ) ;
#5989 = CARTESIAN_POINT ( 'NONE',  ( 9.814459143467345825, -27.82893948785488902, 392.5008126009848866 ) ) ;
#5990 = CARTESIAN_POINT ( 'NONE',  ( -42.84470329415308498, 56.98334315772650172, 95.91620674547424130 ) ) ;
#5991 = CARTESIAN_POINT ( 'NONE',  ( 39.04585500349920579, 70.23130505925075795, 125.2901501658454890 ) ) ;
#5992 = CARTESIAN_POINT ( 'NONE',  ( 4.327480471501139014, 92.47971473114735375, 172.1935888899991767 ) ) ;
#5993 = CARTESIAN_POINT ( 'NONE',  ( 21.71490357244795177, 103.1809278980007605, 283.6328806230999930 ) ) ;
#5994 = CARTESIAN_POINT ( 'NONE',  ( -0.1687350763447384439, 97.51083311036101975, 179.3735744244768568 ) ) ;
#5995 = VERTEX_POINT ( 'NONE', #5027 ) ;
#5996 = CARTESIAN_POINT ( 'NONE',  ( -44.20511441240334705, 59.14598590586118121, 159.1821734112505169 ) ) ;
#5997 = CARTESIAN_POINT ( 'NONE',  ( 48.50473078586230713, 23.89607912256062860, 61.06101456906107217 ) ) ;
#5998 = CARTESIAN_POINT ( 'NONE',  ( -11.32854570137830663, 92.21581206010742449, 175.3258856655138231 ) ) ;
#5999 = CARTESIAN_POINT ( 'NONE',  ( 30.45323396565800067, -30.69059096660388164, 321.7449694699137126 ) ) ;
#6000 = CARTESIAN_POINT ( 'NONE',  ( 43.49905832465193356, 60.16268493923818994, 153.2053114575699624 ) ) ;
#6001 = CARTESIAN_POINT ( 'NONE',  ( -24.43320002187130058, 94.16241643839133246, 190.8659469187106481 ) ) ;
#6002 = CARTESIAN_POINT ( 'NONE',  ( -16.00663297944399588, -28.66083063176040824, 375.2542703734056317 ) ) ;
#6003 = ORIENTED_EDGE ( 'NONE', *, *, #6745, .T. ) ;
#6004 = CARTESIAN_POINT ( 'NONE',  ( -1.810446348956046059, 93.82835268979897592, 179.3374094095736950 ) ) ;
#6005 = CARTESIAN_POINT ( 'NONE',  ( -49.07971652737549562, 35.51799739061685557, 184.2641033253633793 ) ) ;
#6006 = CARTESIAN_POINT ( 'NONE',  ( -33.47945734524583372, 81.69297930211750725, 187.9555328277786828 ) ) ;
#6007 = CARTESIAN_POINT ( 'NONE',  ( 47.43963092232718992, -5.736623016275592235, 266.0948517749184816 ) ) ;
#6008 = CARTESIAN_POINT ( 'NONE',  ( -7.679521375320601528, 75.98791333050874641, 409.0779284778311649 ) ) ;
#6009 = CARTESIAN_POINT ( 'NONE',  ( 0.000000000000000000, -28.42617189643529230, 403.3873918172317872 ) ) ;
#6010 = CARTESIAN_POINT ( 'NONE',  ( -55.89191142596130391, -4.143773072572185079, 125.3253686025048381 ) ) ;
#6011 = CARTESIAN_POINT ( 'NONE',  ( 23.01698772458525966, 86.73616930742844033, 165.7865740849868530 ) ) ;
#6012 = CARTESIAN_POINT ( 'NONE',  ( 38.34934102188319827, 72.79482760122991181, 171.7896298096181908 ) ) ;
#6013 = CARTESIAN_POINT ( 'NONE',  ( -4.816355271901699098, 66.20054176447335692, 60.91666669461543648 ) ) ;
#6014 = CARTESIAN_POINT ( 'NONE',  ( -53.53557479834217503, -28.13667817857233189, 149.0615994475289199 ) ) ;
#6015 = B_SPLINE_CURVE_WITH_KNOTS ( 'NONE', 3,
 ( #4503, #2093, #7451, #3846 ),
 .UNSPECIFIED., .F., .F.,
 ( 4, 4 ),
 ( 0.000000000000000000, 0.01501864421996832594 ),
 .UNSPECIFIED. ) ;
#6016 = CARTESIAN_POINT ( 'NONE',  ( -32.16557639439073313, 70.72981498169153269, 119.9999999999999432 ) ) ;
#6017 = CARTESIAN_POINT ( 'NONE',  ( -19.55637348887145421, 100.7953155608507956, 353.6721080090476335 ) ) ;
#6018 = CARTESIAN_POINT ( 'NONE',  ( 16.44050713349748705, -46.52175804658430991, 34.33075391879994953 ) ) ;
#6019 = CARTESIAN_POINT ( 'NONE',  ( -49.24520057352417268, 18.18834733288076322, 250.9189297485089867 ) ) ;
#6020 = CARTESIAN_POINT ( 'NONE',  ( 49.38274991840543748, 34.88628820634632888, 174.6269521787030499 ) ) ;
#6021 = LINE ( 'NONE', #1887, #2264 ) ;
#6022 = CARTESIAN_POINT ( 'NONE',  ( -10.09171726141619096, -47.43112126551242369, 34.32335593399706397 ) ) ;
#6023 = CARTESIAN_POINT ( 'NONE',  ( -37.50009258742051088, 76.46431861439359068, 191.1698821609104755 ) ) ;
#6024 = CARTESIAN_POINT ( 'NONE',  ( 53.12325803186411122, 2.390169230206173445, 211.2173360042524166 ) ) ;
#6025 = LINE ( 'NONE', #1854, #6156 ) ;
#6026 = CARTESIAN_POINT ( 'NONE',  ( -43.55744019765623420, 74.43881131015170638, 221.5844429870857368 ) ) ;
#6027 = CARTESIAN_POINT ( 'NONE',  ( 25.01256157150197268, 36.29937112354632234, 17.22611734552172891 ) ) ;
#6028 = CARTESIAN_POINT ( 'NONE',  ( 11.34897877311842862, 91.64370330770414341, 172.1757122848928816 ) ) ;
#6029 = CARTESIAN_POINT ( 'NONE',  ( 27.34442258273469051, 92.66026539339068790, 192.3862245975744543 ) ) ;
#6030 = CARTESIAN_POINT ( 'NONE',  ( -1.258153899515872087, 97.46830854886235329, 179.1760443399730605 ) ) ;
#6031 = ORIENTED_EDGE ( 'NONE', *, *, #2788, .T. ) ;
#6032 = CARTESIAN_POINT ( 'NONE',  ( -43.20943451600323471, 57.22120618399888770, 129.8421140868343286 ) ) ;
#6033 = CARTESIAN_POINT ( 'NONE',  ( 7.148528748372136477, 23.35390047273355663, 405.4345288823532201 ) ) ;
#6034 = ORIENTED_EDGE ( 'NONE', *, *, #671, .T. ) ;
#6035 = CARTESIAN_POINT ( 'NONE',  ( -11.36567572325266973, 88.08808155585812472, 153.7360754388586770 ) ) ;
#6036 = CARTESIAN_POINT ( 'NONE',  ( 51.25640472687538818, -33.32995947821867588, 125.3261231342875988 ) ) ;
#6037 = CARTESIAN_POINT ( 'NONE',  ( -2.173592585295222257, 97.55213594620303752, 179.7834603994279234 ) ) ;
#6038 = CARTESIAN_POINT ( 'NONE',  ( -53.65773282787984755, 27.15863774507117867, 174.9970401267753175 ) ) ;
#6039 = CARTESIAN_POINT ( 'NONE',  ( -18.30989347636729292, -31.97438889485761848, 355.9724911199479038 ) ) ;
#6040 = VERTEX_POINT ( 'NONE', #7428 ) ;
#6041 = CARTESIAN_POINT ( 'NONE',  ( -0.9832416071556603354, 93.95772372953420870, 179.9926303174378290 ) ) ;
#6042 = VECTOR ( 'NONE', #2886, 1000.000000000000114 ) ;
#6043 = CARTESIAN_POINT ( 'NONE',  ( -48.40919328279862555, 36.72189726929482134, 118.9298816411031225 ) ) ;
#6044 = CARTESIAN_POINT ( 'NONE',  ( -29.03380271856512351, 81.75374918873744434, 159.5466161232249931 ) ) ;
#6045 = CARTESIAN_POINT ( 'NONE',  ( 29.77220967921197925, -7.747180500851279739, 359.8102681608411331 ) ) ;
#6046 = CARTESIAN_POINT ( 'NONE',  ( -33.72191568916900906, 92.27162107436684835, 251.6243654412140245 ) ) ;
#6047 = CARTESIAN_POINT ( 'NONE',  ( 0.000000000000000000, -51.77078327003781055, 221.5351251701182491 ) ) ;
#6048 = CARTESIAN_POINT ( 'NONE',  ( -15.08066135017003440, -4.769072312348520803, 397.6273485648173391 ) ) ;
#6049 = CARTESIAN_POINT ( 'NONE',  ( 23.01123796314582393, 85.60851390010742534, 159.6422889127080964 ) ) ;
#6050 = CARTESIAN_POINT ( 'NONE',  ( 37.89192004690900006, 64.10174811587575050, 119.2202120729661345 ) ) ;
#6051 = CARTESIAN_POINT ( 'NONE',  ( -1.240478388667810128, 114.9777999077163315, 402.6283615271067333 ) ) ;
#6052 = CARTESIAN_POINT ( 'NONE',  ( -34.40879171024704419, -16.81073289365518875, 338.6102631134156695 ) ) ;
#6053 = CARTESIAN_POINT ( 'NONE',  ( 0.000000000000000000, 81.13940464604829117, 119.9999999999999858 ) ) ;
#6054 = CARTESIAN_POINT ( 'NONE',  ( -19.58293520568070534, 98.75171170351238459, 372.2132772590443892 ) ) ;
#6055 = CARTESIAN_POINT ( 'NONE',  ( 14.11584708883676775, -48.40876859996338766, 251.5710068941758379 ) ) ;
#6056 = CARTESIAN_POINT ( 'NONE',  ( -45.25395573941621308, 8.161876146555426814, 34.36559907331182018 ) ) ;
#6057 = CARTESIAN_POINT ( 'NONE',  ( 48.45401373806912915, 42.41914446804574368, 165.2107062725999640 ) ) ;
#6058 = CARTESIAN_POINT ( 'NONE',  ( 554.2981223361939556, 27.10604614702786819, 120.0000000000000000 ) ) ;
#6059 = CARTESIAN_POINT ( 'NONE',  ( -0.8036387596417916557, -30.61944119913579954, 391.5667729875975738 ) ) ;
#6060 = CARTESIAN_POINT ( 'NONE',  ( -38.46576623834501163, 72.60738699190902423, 171.7875138351490136 ) ) ;
#6061 = CARTESIAN_POINT ( 'NONE',  ( 5.011671903651335747, 0.05558751713613985235, 409.0779284778308806 ) ) ;
#6062 = CARTESIAN_POINT ( 'NONE',  ( -28.11650136522681365, 62.35597269328396663, 337.1027709802646086 ) ) ;
#6063 = CARTESIAN_POINT ( 'NONE',  ( 35.91099493746460070, 87.90839339951611464, 267.1657194938003954 ) ) ;
#6064 = CARTESIAN_POINT ( 'NONE',  ( 10.33753884369741982, 92.94200467714924230, 178.5166938873041431 ) ) ;
#6065 = CARTESIAN_POINT ( 'NONE',  ( 24.15675854404307898, 69.39091564946019730, 82.48237391050807332 ) ) ;
#6066 = CARTESIAN_POINT ( 'NONE',  ( -0.8880323032306662867, 96.49201667091271872, 179.5247771777927994 ) ) ;
#6067 = CARTESIAN_POINT ( 'NONE',  ( -26.75078854732514699, 88.29682388966035944, 190.0997846134966096 ) ) ;
#6068 = CARTESIAN_POINT ( 'NONE',  ( -43.91789776002396906, 55.59243270793942315, 129.8225837616738829 ) ) ;
#6069 = CARTESIAN_POINT ( 'NONE',  ( 41.03070432933713363, 31.69812211976937633, 296.8672178467381286 ) ) ;
#6070 = CARTESIAN_POINT ( 'NONE',  ( -11.15812355344518103, 94.93925599360211720, 191.5283101358054978 ) ) ;
#6071 = CARTESIAN_POINT ( 'NONE',  ( 22.83288421869230334, -21.06669408704793156, 377.8639288569135601 ) ) ;
#6072 = CARTESIAN_POINT ( 'NONE',  ( -1.623060411895478561, 97.62669326715622731, 180.1372322454935784 ) ) ;
#6073 = CARTESIAN_POINT ( 'NONE',  ( -53.61249812960360117, 27.36229841453095091, 176.1067228358097907 ) ) ;
#6074 = CARTESIAN_POINT ( 'NONE',  ( -23.91657030289227137, -36.18142365468393251, 9.999999999999968026 ) ) ;
#6075 = VERTEX_POINT ( 'NONE', #5695 ) ;
#6076 = CARTESIAN_POINT ( 'NONE',  ( -48.55698626037568033, 41.12111820493201719, 174.6508777821211424 ) ) ;
#6077 = CARTESIAN_POINT ( 'NONE',  ( -31.84541540783568436, 73.51252745699252955, 130.1304009373561144 ) ) ;
#6078 = CARTESIAN_POINT ( 'NONE',  ( 49.24600904007698432, -6.621245555623374912, 250.8422388099025966 ) ) ;
#6079 = CARTESIAN_POINT ( 'NONE',  ( -28.07020404206933506, 46.13271314289264780, 34.04953921801384809 ) ) ;
#6080 = CARTESIAN_POINT ( 'NONE',  ( -34.29908748513854277, 73.77215523561569910, 120.0000000000000142 ) ) ;
#6081 = CARTESIAN_POINT ( 'NONE',  ( -40.55766409033606124, -4.331508680072187367, 17.38773300449937054 ) ) ;
#6082 = CARTESIAN_POINT ( 'NONE',  ( 29.04707417159226068, 82.81963708337742958, 165.6908049780082024 ) ) ;
#6083 = CARTESIAN_POINT ( 'NONE',  ( 38.37538589346087292, 74.96533080976477947, 191.1466416944410867 ) ) ;
#6084 = CARTESIAN_POINT ( 'NONE',  ( -1.454959031366928723, 112.1035485132183425, 309.3073450306594623 ) ) ;
#6085 = CARTESIAN_POINT ( 'NONE',  ( -51.41146413729850906, -21.93314472317522146, 211.2150172393875778 ) ) ;
#6086 = CARTESIAN_POINT ( 'NONE',  ( -44.95185064588087442, 50.54298170554718439, 120.0000000000000142 ) ) ;
#6087 = CARTESIAN_POINT ( 'NONE',  ( -19.37803388232741142, 89.40657730727727426, 409.0779284778312785 ) ) ;
#6088 = CARTESIAN_POINT ( 'NONE',  ( 7.858321011058714056, -44.07994640706726841, 297.7997521333163036 ) ) ;
#6089 = CARTESIAN_POINT ( 'NONE',  ( -25.72963332187655183, 16.11943870049362815, 359.2918860454653895 ) ) ;
#6090 = CARTESIAN_POINT ( 'NONE',  ( 49.35489170752853028, 31.40733696017736065, 187.5148406042992235 ) ) ;
#6091 = CARTESIAN_POINT ( 'NONE',  ( 0.000000000000000000, 82.39220660150681397, 124.8911945694937060 ) ) ;
#6092 = CARTESIAN_POINT ( 'NONE',  ( -2.769446020169073819, -27.02749646804235439, 409.0779284778312217 ) ) ;
#6093 = CARTESIAN_POINT ( 'NONE',  ( 53.47994356829577356, -0.9901617947834970845, 82.46857306851686076 ) ) ;
#6094 = AXIS2_PLACEMENT_3D ( 'NONE', #4752, #1136, #7113 ) ;
#6095 = CARTESIAN_POINT ( 'NONE',  ( -48.85985849388055868, 55.89683446289389934, 211.2185997944496592 ) ) ;
#6096 = CARTESIAN_POINT ( 'NONE',  ( 32.59479498174828649, 91.05921717750824484, 283.3622188215772439 ) ) ;
#6097 = CARTESIAN_POINT ( 'NONE',  ( 8.422496142614578574, 88.51088086460171667, 153.7424533652092578 ) ) ;
#6098 = CARTESIAN_POINT ( 'NONE',  ( 23.98422086890823834, 100.6049492024704932, 297.7889848568651132 ) ) ;
#6099 = CARTESIAN_POINT ( 'NONE',  ( -1.172513097821089589, 97.47719479104449647, 179.2216302303528437 ) ) ;
#6100 = CARTESIAN_POINT ( 'NONE',  ( 0.1687350763450751467, 97.51083311035294798, 179.3735744244745831 ) ) ;
#6101 = CARTESIAN_POINT ( 'NONE',  ( -42.04999606068741258, 57.18253194388196192, 119.1100056151532129 ) ) ;
#6102 = CARTESIAN_POINT ( 'NONE',  ( 38.61008745920732110, 11.69598173585932166, 17.35235604267437282 ) ) ;
#6103 = VERTEX_POINT ( 'NONE', #7391 ) ;
#6104 = CARTESIAN_POINT ( 'NONE',  ( -9.383101345858872122, 91.94855580779957904, 172.1830420499805712 ) ) ;
#6105 = CARTESIAN_POINT ( 'NONE',  ( 12.25719182303174826, -17.42971488072853603, 409.0779284778304259 ) ) ;
#6106 = CARTESIAN_POINT ( 'NONE',  ( -1.768168133609161696, 97.61067384276923065, 180.0627323364187475 ) ) ;
#6107 = CIRCLE ( 'NONE', #5114, 0.9999999999999996669 ) ;
#6108 = CARTESIAN_POINT ( 'NONE',  ( -13.47238193307636145, 98.18843782545097554, 191.3918248758178606 ) ) ;
#6109 = CARTESIAN_POINT ( 'NONE',  ( -26.60363149801769822, -45.11586077863044864, 251.3969254842509145 ) ) ;
#6110 = ORIENTED_EDGE ( 'NONE', *, *, #4215, .F. ) ;
#6111 = CARTESIAN_POINT ( 'NONE',  ( -47.74523697050942417, 44.43251554115995106, 190.8667320659963025 ) ) ;
#6112 = CARTESIAN_POINT ( 'NONE',  ( -32.49407979255417445, 83.25539250193247653, 191.2794431023093580 ) ) ;
#6113 = CARTESIAN_POINT ( 'NONE',  ( 53.55003698899556497, -6.286450079849238648, 82.46846664451251741 ) ) ;
#6114 = CARTESIAN_POINT ( 'NONE',  ( -19.13206306754865338, 85.25606391147253760, 354.8036153839083795 ) ) ;
#6115 = CARTESIAN_POINT ( 'NONE',  ( -48.72271022652954997, 50.50279905477508180, 120.0000000000000426 ) ) ;
#6116 = CARTESIAN_POINT ( 'NONE',  ( -22.23942341908861309, -4.517477641715570869, 380.0832776198726606 ) ) ;
#6117 = CARTESIAN_POINT ( 'NONE',  ( 38.73957224877376859, 74.31651883932174485, 191.1364276504222630 ) ) ;
#6118 = CARTESIAN_POINT ( 'NONE',  ( -11.44901981013037329, 111.2473621027540815, 353.0741896992451530 ) ) ;
#6119 = CARTESIAN_POINT ( 'NONE',  ( -18.57920417521961909, -12.54445907286658191, 397.0909501296287090 ) ) ;
#6120 = B_SPLINE_CURVE_WITH_KNOTS ( 'NONE', 3,
 ( #1698, #2833, #7562, #5788 ),
 .UNSPECIFIED., .F., .F.,
 ( 4, 4 ),
 ( 0.000000000000000000, 0.0005000020465236170320 ),
 .UNSPECIFIED. ) ;
#6121 = CARTESIAN_POINT ( 'NONE',  ( -41.55371611890305417, 58.37928579955492836, 120.0000000000000284 ) ) ;
#6122 = CARTESIAN_POINT ( 'NONE',  ( -19.00078485949160978, 104.9225855111754697, 309.2951258468611968 ) ) ;
#6123 = CARTESIAN_POINT ( 'NONE',  ( 9.208333800143218895, -50.29698218119050779, 236.3464691478035604 ) ) ;
#6124 = CARTESIAN_POINT ( 'NONE',  ( -51.99501039311935813, 17.37301885791549338, 221.5304394140707700 ) ) ;
#6125 = CARTESIAN_POINT ( 'NONE',  ( 34.06980925273584404, 80.97044347728557057, 187.9427544286488967 ) ) ;
#6126 = CARTESIAN_POINT ( 'NONE',  ( 50.30203930565880199, 28.85134287709484369, 141.0354537515617324 ) ) ;
#6127 = CARTESIAN_POINT ( 'NONE',  ( 0.000000000000000000, 81.13940464604829117, 119.9999999999999858 ) ) ;
#6128 = CARTESIAN_POINT ( 'NONE',  ( -1.713832773923573471, -27.21458912211225467, 409.0779284778319607 ) ) ;
#6129 = CARTESIAN_POINT ( 'NONE',  ( 53.78468062388315474, -2.382324169322974861, 201.7386248006254732 ) ) ;
#6130 = CARTESIAN_POINT ( 'NONE',  ( -0.7069296045105037951, 94.23855797610706020, 161.6731886231791577 ) ) ;
#6131 = CARTESIAN_POINT ( 'NONE',  ( -47.00718219043898216, 56.92988138965807821, 125.2994818174823735 ) ) ;
#6132 = CARTESIAN_POINT ( 'NONE',  ( 40.55889195497087485, 78.54731742978322018, 192.3780077443595928 ) ) ;
#6133 = CARTESIAN_POINT ( 'NONE',  ( 9.325534109107856295, 93.63508464686154298, 181.7456472105409091 ) ) ;
#6134 = CARTESIAN_POINT ( 'NONE',  ( 17.72162667113882861, 85.39357902044312709, 409.0779284778311080 ) ) ;
#6135 = CARTESIAN_POINT ( 'NONE',  ( 42.79650972537717735, 63.44151450656183755, 165.3674206779693066 ) ) ;
#6136 = EDGE_CURVE ( 'NONE', #237, #3347, #3229, .T. ) ;
#6137 = CARTESIAN_POINT ( 'NONE',  ( 0.000000000000000000, 114.9108385403007304, 389.8678880722445683 ) ) ;
#6138 = ORIENTED_EDGE ( 'NONE', *, *, #902, .F. ) ;
#6139 = CARTESIAN_POINT ( 'NONE',  ( -40.34336629068154423, 67.77295875504702849, 159.2894433870328328 ) ) ;
#6140 = CARTESIAN_POINT ( 'NONE',  ( 51.41114762766839164, 29.86905734781515775, 221.5391877582983398 ) ) ;
#6141 = CARTESIAN_POINT ( 'NONE',  ( -10.36401559539919681, 85.78386925854560729, 141.7497597637495232 ) ) ;
#6142 = CARTESIAN_POINT ( 'NONE',  ( 28.39427083609857405, -28.78341202211975158, 337.5564335199119341 ) ) ;
#6143 = DIRECTION ( 'NONE',  ( 1.000000000000000000, 6.286854017118685007E-16, 3.348604628904795588E-15 ) ) ;
#6144 = CARTESIAN_POINT ( 'NONE',  ( 24.01456423347065794, 95.77979707400206166, 321.0657245214281375 ) ) ;
#6145 = EDGE_CURVE ( 'NONE', #3704, #16, #4721, .T. ) ;
#6146 = CARTESIAN_POINT ( 'NONE',  ( -38.64237597317216455, 81.09995309761814042, 189.1597310604158224 ) ) ;
#6147 = CARTESIAN_POINT ( 'NONE',  ( -8.112766541931305753, -35.86961359037464803, 354.5682260543427446 ) ) ;
#6148 = VERTEX_POINT ( 'NONE', #2070 ) ;
#6149 = CARTESIAN_POINT ( 'NONE',  ( -47.97776523562709627, 43.91880884996701440, 184.2969641159418757 ) ) ;
#6150 = CARTESIAN_POINT ( 'NONE',  ( -29.89531246629598726, 75.20073798315507929, 130.1736147724775492 ) ) ;
#6151 = CARTESIAN_POINT ( 'NONE',  ( 40.58129426609972512, -6.652567801314634544, 17.38835723003942846 ) ) ;
#6152 = CARTESIAN_POINT ( 'NONE',  ( -38.61439460506126409, 62.84341535738197138, 95.91584484251931997 ) ) ;
#6153 = CARTESIAN_POINT ( 'NONE',  ( -52.21435615209486514, 36.24206597836353438, 120.0000000000000426 ) ) ;
#6154 = CARTESIAN_POINT ( 'NONE',  ( -47.63676112757550385, -3.733940665973783712, 266.0964401832982276 ) ) ;
#6155 = CARTESIAN_POINT ( 'NONE',  ( 39.29993577428797380, 71.59885742631946925, 174.9150960365394383 ) ) ;
#6156 = VECTOR ( 'NONE', #4230, 1000.000000000000114 ) ;
#6157 = CARTESIAN_POINT ( 'NONE',  ( -13.41626447492274465, 72.71622590736956226, 82.48372866140874748 ) ) ;
#6158 = CARTESIAN_POINT ( 'NONE',  ( -24.47942708741916107, -16.41860524380745190, 379.0030654965391932 ) ) ;
#6159 = CARTESIAN_POINT ( 'NONE',  ( -30.16248017735630071, 72.41754535975486817, 120.0000000000000853 ) ) ;
#6160 = CARTESIAN_POINT ( 'NONE',  ( -16.86907247042176650, 86.07258866666285257, 391.3031625815582402 ) ) ;
#6161 = EDGE_CURVE ( 'NONE', #2388, #6040, #604, .T. ) ;
#6162 = CARTESIAN_POINT ( 'NONE',  ( 7.001698426487832805, -39.03804204972453107, 335.7195499923483908 ) ) ;
#6163 = CARTESIAN_POINT ( 'NONE',  ( -49.43431826732843604, 12.79072845539855763, 250.8912901494613266 ) ) ;
#6164 = CARTESIAN_POINT ( 'NONE',  ( 33.56587010068904675, 69.22273437980059896, 119.3278937886495328 ) ) ;
#6165 = CARTESIAN_POINT ( 'NONE',  ( 0.000000000000000000, 99.54972265623483452, 191.5696355819259509 ) ) ;
#6166 = CARTESIAN_POINT ( 'NONE',  ( -7.946428739083892800, 94.45973366132490412, 185.5673568338704911 ) ) ;
#6167 = CARTESIAN_POINT ( 'NONE',  ( -4.815563508100485279, -52.39540719700739402, 211.1921880980029300 ) ) ;
#6168 = CARTESIAN_POINT ( 'NONE',  ( 37.98629331643679308, -4.880569643597515217, 322.2731591139782950 ) ) ;
#6169 = LINE ( 'NONE', #5829, #458 ) ;
#6170 = CARTESIAN_POINT ( 'NONE',  ( -47.35693498923539124, 62.68961510592969688, 174.9408108824709416 ) ) ;
#6171 = CARTESIAN_POINT ( 'NONE',  ( 25.00449939259151577, 80.86690352233090096, 336.3577205658255593 ) ) ;
#6172 = ADVANCED_FACE ( 'NONE', ( #1760 ), #1067, .F. ) ;
#6173 = CARTESIAN_POINT ( 'NONE',  ( 20.73067091077735924, 50.49342910426879172, 33.99402430722559387 ) ) ;
#6174 = CARTESIAN_POINT ( 'NONE',  ( 46.63713833919234020, 51.52373461081550232, 177.8902324561335888 ) ) ;
#6175 = CARTESIAN_POINT ( 'NONE',  ( -2.000000000000000888, 96.21494918568889432, 178.0992207842988080 ) ) ;
#6176 = CARTESIAN_POINT ( 'NONE',  ( -17.04226252292603050, 93.31094984820046534, 190.7547285549846663 ) ) ;
#6177 = CARTESIAN_POINT ( 'NONE',  ( -39.84925029496626792, 67.71586412975261737, 153.3071021499093263 ) ) ;
#6178 = CARTESIAN_POINT ( 'NONE',  ( 19.37840039667223024, 10.02821343584255054, 379.6682004846153404 ) ) ;
#6179 = EDGE_LOOP ( 'NONE', ( #5608, #6570, #5806, #5525 ) ) ;
#6180 = CARTESIAN_POINT ( 'NONE',  ( -2.206084097169695113, 93.14815773545518596, 175.3461956397777612 ) ) ;
#6181 = CARTESIAN_POINT ( 'NONE',  ( 23.18571629111074373, -33.25716159874180988, 336.9319419089480903 ) ) ;
#6182 = CARTESIAN_POINT ( 'NONE',  ( 2.697814537164003212, 94.24499329649317758, 161.9170093472500014 ) ) ;
#6183 = CARTESIAN_POINT ( 'NONE',  ( 26.78196359422627282, 98.89693495956190361, 283.5239600868661114 ) ) ;
#6184 = ADVANCED_FACE ( 'NONE', ( #7008 ), #3444, .F. ) ;
#6185 = CARTESIAN_POINT ( 'NONE',  ( 3.036466787284055169, 94.47427980624665622, 163.1572553380290742 ) ) ;
#6186 = CARTESIAN_POINT ( 'NONE',  ( -12.66118006060273871, -34.58348779304731124, 355.0691627151733201 ) ) ;
#6187 = ORIENTED_EDGE ( 'NONE', *, *, #965, .T. ) ;
#6188 = CARTESIAN_POINT ( 'NONE',  ( -46.68226321329842676, 51.13541915528492865, 184.3352238358643262 ) ) ;
#6189 = CARTESIAN_POINT ( 'NONE',  ( 28.11650136522681365, 62.35597269328396663, 337.1027709802646086 ) ) ;
#6190 = CARTESIAN_POINT ( 'NONE',  ( -24.57770013915109431, 86.99684550286006868, 172.0628837927547465 ) ) ;
#6191 = CARTESIAN_POINT ( 'NONE',  ( 53.78523870204506352, -6.607670124925906663, 201.7386375963002081 ) ) ;
#6192 = CARTESIAN_POINT ( 'NONE',  ( -40.29024091396184559, 79.89207714507222136, 201.7354274667993650 ) ) ;
#6193 = CARTESIAN_POINT ( 'NONE',  ( -44.84836107108539949, 59.84725914993141060, 119.9999999999999716 ) ) ;
#6194 = CARTESIAN_POINT ( 'NONE',  ( -51.23212749492333273, -5.279767752902567501, 61.09952078720553459 ) ) ;
#6195 = CARTESIAN_POINT ( 'NONE',  ( 39.05397688243083820, 69.97606186601133516, 159.3235390723976366 ) ) ;
#6196 = CARTESIAN_POINT ( 'NONE',  ( -14.30807639787205865, 108.1000796720965695, 297.9392819932400016 ) ) ;
#6197 = CARTESIAN_POINT ( 'NONE',  ( -34.38493172786118635, -25.33418586899665570, 10.00000000000001954 ) ) ;
#6198 = CARTESIAN_POINT ( 'NONE',  ( -0.5000000000000006661, 90.70627013778776870, 162.3654251051128767 ) ) ;
#6199 = CARTESIAN_POINT ( 'NONE',  ( -37.90364313083848202, 72.68135375648392937, 165.5004707096161098 ) ) ;
#6200 = CARTESIAN_POINT ( 'NONE',  ( -17.32654004859512398, 35.28083778521709490, 9.999999999999998224 ) ) ;
#6201 = CARTESIAN_POINT ( 'NONE',  ( 7.102195459171437797, -53.46846619629948805, 82.48993615754748987 ) ) ;
#6202 = CARTESIAN_POINT ( 'NONE',  ( -19.98990858838654461, 2.568934615765285479, 379.9410785533530657 ) ) ;
#6203 = CARTESIAN_POINT ( 'NONE',  ( 34.20070244338788967, 79.95286427917380934, 181.4489995047119351 ) ) ;
#6204 = CARTESIAN_POINT ( 'NONE',  ( 2.319615833345588740, 83.00713624293385351, 127.3837735684064683 ) ) ;
#6205 = CARTESIAN_POINT ( 'NONE',  ( -51.21554295901498932, -6.319019771706812172, 61.09961917165641410 ) ) ;
#6206 = CARTESIAN_POINT ( 'NONE',  ( 2.000333272079694691, 94.47472947464063964, 162.9608885971851748 ) ) ;
#6207 = CARTESIAN_POINT ( 'NONE',  ( -2.881711039834468302, -53.56836269825922869, 192.4470611123404353 ) ) ;
#6208 = CARTESIAN_POINT ( 'NONE',  ( 42.92219345457534985, -2.128929811702501507, 296.6545445183719494 ) ) ;
#6209 = CARTESIAN_POINT ( 'NONE',  ( 4.284092949226407931, 84.56420216763288522, 134.2117371841819136 ) ) ;
#6210 = CARTESIAN_POINT ( 'NONE',  ( -49.66596614699262346, 54.11733623626795975, 192.3655671401465668 ) ) ;
#6211 = CARTESIAN_POINT ( 'NONE',  ( 41.70226867826577433, 74.72893549098699850, 174.9424679987538696 ) ) ;
#6212 = CARTESIAN_POINT ( 'NONE',  ( 46.57687760458115633, 44.78289521426883368, 118.9786028136212224 ) ) ;
#6213 = CARTESIAN_POINT ( 'NONE',  ( 53.52564676503280339, 27.91244090006178169, 177.7063633512593412 ) ) ;
#6214 = CARTESIAN_POINT ( 'NONE',  ( 1.810446348956032292, 93.82835268979896171, 179.3374094095736098 ) ) ;
#6215 = CARTESIAN_POINT ( 'NONE',  ( -39.71078357278000937, 71.21338332417323613, 178.0914132248193198 ) ) ;
#6216 = CARTESIAN_POINT ( 'NONE',  ( 53.96202126689342293, 9.097275874053339706, 95.91832724551802869 ) ) ;
#6217 = CARTESIAN_POINT ( 'NONE',  ( 0.000000000000000000, 93.14815773545518596, 175.3461956397777612 ) ) ;
#6218 = CARTESIAN_POINT ( 'NONE',  ( 31.95901764059488315, -44.29808656351775653, 236.2140840141175318 ) ) ;
#6219 = CARTESIAN_POINT ( 'NONE',  ( 41.53631168622369785, 65.48426929633917837, 120.0000000000000711 ) ) ;
#6220 = CARTESIAN_POINT ( 'NONE',  ( 28.39588886671507950, 97.12669430414052840, 283.4839804962942935 ) ) ;
#6221 = CARTESIAN_POINT ( 'NONE',  ( 0.000000000000000000, 95.82498339813868427, 191.0831110200132059 ) ) ;
#6222 = CARTESIAN_POINT ( 'NONE',  ( -19.46835611935138388, -50.80687543801126083, 211.1958396456478511 ) ) ;
#6223 = ORIENTED_EDGE ( 'NONE', *, *, #7143, .T. ) ;
#6224 = CARTESIAN_POINT ( 'NONE',  ( -47.33379094887796157, 48.24908189921385571, 174.6855155836059055 ) ) ;
#6225 = CARTESIAN_POINT ( 'NONE',  ( 6.989103928958764200, 41.10620806404239858, 404.8149488265061109 ) ) ;
#6226 = CARTESIAN_POINT ( 'NONE',  ( -27.41721731429960229, 79.47713864406861717, 141.5978213190596193 ) ) ;
#6227 = CARTESIAN_POINT ( 'NONE',  ( 52.34642570645172555, -16.90674228334584939, 211.2162808792859892 ) ) ;
#6228 = CARTESIAN_POINT ( 'NONE',  ( -35.08104861779400352, 53.84555609758953665, 60.97238916559658151 ) ) ;
#6229 = VECTOR ( 'NONE', #2559, 1000.000000000000114 ) ;
#6230 = CARTESIAN_POINT ( 'NONE',  ( -46.07477516137006290, 57.35173415495592053, 119.9999999999999858 ) ) ;
#6231 = CARTESIAN_POINT ( 'NONE',  ( -45.15791532030914368, -5.753152317812995520, 282.1648644729027069 ) ) ;
#6232 = CARTESIAN_POINT ( 'NONE',  ( 38.49786404325804767, 74.75044021545802764, 191.1433136396173040 ) ) ;
#6233 = CARTESIAN_POINT ( 'NONE',  ( -6.303430275480061518, 38.62335299514724340, 10.00000000000001243 ) ) ;
#6234 = CARTESIAN_POINT ( 'NONE',  ( -46.98621402359567156, -31.20695353092797930, 221.5256303387582477 ) ) ;
#6235 = PLANE ( 'NONE',  #1761 ) ;
#6236 = CARTESIAN_POINT ( 'NONE',  ( -35.39056369774322519, 79.64588345769894318, 191.2190137348302130 ) ) ;
#6237 = CARTESIAN_POINT ( 'NONE',  ( -20.73067091077735924, 50.49342910426879172, 33.99402430722559387 ) ) ;
#6238 = CARTESIAN_POINT ( 'NONE',  ( 5.965149425158230656, -47.76747919259910446, 34.31996013769409615 ) ) ;
#6239 = CARTESIAN_POINT ( 'NONE',  ( -47.72957038536790719, 6.461706748972217085, 266.1300385262940722 ) ) ;
#6240 = CARTESIAN_POINT ( 'NONE',  ( 32.95721764175304003, 69.82433888321740767, 119.3429369537412583 ) ) ;
#6241 = CARTESIAN_POINT ( 'NONE',  ( -2.446430303705628084, 84.30979740387633115, 132.9027353257253310 ) ) ;
#6242 = CARTESIAN_POINT ( 'NONE',  ( -47.34790448748402980, -6.627606575959478441, 266.0946107118872987 ) ) ;
#6243 = CARTESIAN_POINT ( 'NONE',  ( 1.491100546653505665, 93.30382429382750331, 162.2326861292814613 ) ) ;
#6244 = CARTESIAN_POINT ( 'NONE',  ( -0.3990577282667757131, -52.47315856824186397, 211.1919248396908415 ) ) ;
#6245 = CARTESIAN_POINT ( 'NONE',  ( 56.01101704036391737, -4.087861282351882508, 149.0515753223775448 ) ) ;
#6246 = CARTESIAN_POINT ( 'NONE',  ( 1.630199185391150385, 96.39287256666348469, 179.0742754233273217 ) ) ;
#6247 = CARTESIAN_POINT ( 'NONE',  ( -11.10028871453714316, 42.97374276991504871, 394.9564990126257840 ) ) ;
#6248 = CARTESIAN_POINT ( 'NONE',  ( 42.80750725574684168, 74.57084001723440281, 192.3758988077698575 ) ) ;
#6249 = CARTESIAN_POINT ( 'NONE',  ( 46.26845561626912229, 48.71812121683392149, 129.7561626300794160 ) ) ;
#6250 = CARTESIAN_POINT ( 'NONE',  ( 53.67661924671071461, 27.10604614702786108, 174.4259821148957315 ) ) ;
#6251 = CARTESIAN_POINT ( 'NONE',  ( -47.00376818487187336, 49.66890142155588705, 185.0542145576299333 ) ) ;
#6252 = CARTESIAN_POINT ( 'NONE',  ( -39.56125460628498303, 70.75110542179788808, 171.7585409265354599 ) ) ;
#6253 = CARTESIAN_POINT ( 'NONE',  ( 47.22648301004725369, 18.44997667373677785, 266.2095035247426154 ) ) ;
#6254 = CARTESIAN_POINT ( 'NONE',  ( -4.311754529045436435, 83.75471182307587981, 130.3791501500647030 ) ) ;
#6255 = CARTESIAN_POINT ( 'NONE',  ( 23.24272143932821066, -28.32616246752712996, 357.0072127472366788 ) ) ;
#6256 = CARTESIAN_POINT ( 'NONE',  ( 25.07736226674873592, 79.97124958177712983, 119.9999999999999716 ) ) ;
#6257 = CARTESIAN_POINT ( 'NONE',  ( 33.40652155030986137, 71.07424397024119855, 106.4401915952778523 ) ) ;
#6258 = CARTESIAN_POINT ( 'NONE',  ( 16.15513929304202279, 79.27824005533076956, 120.0000000000000568 ) ) ;
#6259 = CARTESIAN_POINT ( 'NONE',  ( -19.09819653612084522, -50.14414477850793617, 221.5332213841347482 ) ) ;
#6260 = VERTEX_POINT ( 'NONE', #5270 ) ;
#6261 = CARTESIAN_POINT ( 'NONE',  ( -47.78270664238643661, 45.96744941419287755, 171.5252269496931774 ) ) ;
#6262 = CARTESIAN_POINT ( 'NONE',  ( 46.07735558292419853, 45.23492779525122387, 82.47568147737229083 ) ) ;
#6263 = CARTESIAN_POINT ( 'NONE',  ( -22.94961459178005470, 84.45324848638537674, 153.6521683983382616 ) ) ;
#6264 = CARTESIAN_POINT ( 'NONE',  ( 55.24125157666991015, -8.553994493770428420, 106.4752925735672449 ) ) ;
#6265 = CARTESIAN_POINT ( 'NONE',  ( -19.37506647294833684, 82.78595863828012114, 354.9775582430780787 ) ) ;
#6266 = DIRECTION ( 'NONE',  ( -5.602867245962734761E-30, -0.9812926639922453509, 0.1925219665259060575 ) ) ;
#6267 = CARTESIAN_POINT ( 'NONE',  ( -55.21426324191770618, -5.369002633712923078, 106.4752762601930272 ) ) ;
#6268 = CARTESIAN_POINT ( 'NONE',  ( 38.89803813404758159, 69.28014978066489959, 153.3309441653885585 ) ) ;
#6269 = CARTESIAN_POINT ( 'NONE',  ( -8.861555408228094066, 109.4269310454697859, 283.8049806235394499 ) ) ;
#6270 = CARTESIAN_POINT ( 'NONE',  ( -47.76901115036158529, -37.30337731564588211, 174.9695317976333797 ) ) ;
#6271 = EDGE_LOOP ( 'NONE', ( #3382, #6351, #4196, #5232, #7336, #638, #4671, #3850, #53, #4311, #5893 ) ) ;
#6272 = CARTESIAN_POINT ( 'NONE',  ( 0.000000000000000000, 90.70772130924328280, 162.3651403965925510 ) ) ;
#6273 = CARTESIAN_POINT ( 'NONE',  ( -36.01782393692901962, 78.37188679838661187, 187.9006820580514159 ) ) ;
#6274 = CARTESIAN_POINT ( 'NONE',  ( -27.10007804365329420, 72.25123874553018766, 95.91520400758626863 ) ) ;
#6275 = CARTESIAN_POINT ( 'NONE',  ( 0.9226100849970726436, -41.51396910380941563, 320.9723758423571667 ) ) ;
#6276 = CARTESIAN_POINT ( 'NONE',  ( -36.75994203086202816, 8.185796779730333483, 322.2279236166048690 ) ) ;
#6277 = CARTESIAN_POINT ( 'NONE',  ( 10.41241843791700816, 89.47417493773936314, 159.7324217215528108 ) ) ;
#6278 = CARTESIAN_POINT ( 'NONE',  ( 34.68567870694057120, 77.08780812825297346, 165.5724252574628395 ) ) ;
#6279 = B_SPLINE_CURVE_WITH_KNOTS ( 'NONE', 3,
 ( #4243, #6539, #98, #5964 ),
 .UNSPECIFIED., .F., .F.,
 ( 4, 4 ),
 ( 0.000000000000000000, 0.0005000023286535556924 ),
 .UNSPECIFIED. ) ;
#6280 = DIRECTION ( 'NONE',  ( -1.000000000000000000, 0.000000000000000000, 0.000000000000000000 ) ) ;
#6281 = CARTESIAN_POINT ( 'NONE',  ( -53.55235010265169393, -5.856155835417935052, 82.46846865896040413 ) ) ;
#6282 = EDGE_CURVE ( 'NONE', #6432, #4006, #7083, .T. ) ;
#6283 = LINE ( 'NONE', #2748, #6484 ) ;
#6284 = CARTESIAN_POINT ( 'NONE',  ( -1.096416134463319425, -49.28920418735288678, 251.6521130056177356 ) ) ;
#6285 = CARTESIAN_POINT ( 'NONE',  ( 10.14353148620779699, -4.912194116059293236, 405.9626187462250755 ) ) ;
#6286 = CARTESIAN_POINT ( 'NONE',  ( 1.999999999999997335, 96.21494918568888011, 178.0992207842987796 ) ) ;
#6287 = CARTESIAN_POINT ( 'NONE',  ( -29.27626651897852383, 51.09199784637081621, 337.5451439369414288 ) ) ;
#6288 = CARTESIAN_POINT ( 'NONE',  ( 36.67214156698695149, 86.27350929578477690, 267.1394861918234369 ) ) ;
#6289 = CARTESIAN_POINT ( 'NONE',  ( 47.16472458188605543, 48.82100447041317182, 159.1001535388897423 ) ) ;
#6290 = CARTESIAN_POINT ( 'NONE',  ( -1.997277911376977633, 97.27178422550166204, 178.1093653199248195 ) ) ;
#6291 = CARTESIAN_POINT ( 'NONE',  ( -34.50306008275502023, 80.57520364049477735, 189.0911884109921459 ) ) ;
#6292 = CARTESIAN_POINT ( 'NONE',  ( -41.02680411791386206, 68.60613650422367016, 178.0532843824632891 ) ) ;
#6293 = CARTESIAN_POINT ( 'NONE',  ( 32.19126658993886281, 11.95363630981926661, 338.7213878598635119 ) ) ;
#6294 = VERTEX_POINT ( 'NONE', #64 ) ;
#6295 = CARTESIAN_POINT ( 'NONE',  ( 0.000000000000000000, 91.41503161577540482, 165.8955190576878636 ) ) ;
#6296 = CARTESIAN_POINT ( 'NONE',  ( 19.92709132600696975, -25.22010027183121750, 376.5590996151598802 ) ) ;
#6297 = CARTESIAN_POINT ( 'NONE',  ( 36.91797157591338419, 71.23123787757121761, 120.0000000000000284 ) ) ;
#6298 = CARTESIAN_POINT ( 'NONE',  ( 30.85591794426941448, 69.94994071318365059, 95.91537600613030179 ) ) ;
#6299 = CARTESIAN_POINT ( 'NONE',  ( 6.890997669208760890, 80.93661869546004084, 120.0000000000000711 ) ) ;
#6300 = CARTESIAN_POINT ( 'NONE',  ( -15.62248562907905658, -52.05205849479897040, 201.7508946074868561 ) ) ;
#6301 = VERTEX_POINT ( 'NONE', #2430 ) ;
#6302 = CARTESIAN_POINT ( 'NONE',  ( -47.08346369095910688, 49.08636237872089936, 184.3234178538419314 ) ) ;
#6303 = CARTESIAN_POINT ( 'NONE',  ( 47.24916662496393371, 58.24961157336290540, 236.2181653803020254 ) ) ;
#6304 = CARTESIAN_POINT ( 'NONE',  ( -26.10794889888061832, 86.03228704697026785, 172.0392124280468522 ) ) ;
#6305 = CARTESIAN_POINT ( 'NONE',  ( 40.52096955739399675, -10.70442327610797939, 17.38796313704354191 ) ) ;
#6306 = CARTESIAN_POINT ( 'NONE',  ( -40.77524959447785591, 79.81440899752286100, 211.2194475045459967 ) ) ;
#6307 = CARTESIAN_POINT ( 'NONE',  ( -52.70529934788626036, 35.28856251571792768, 183.1758581061168911 ) ) ;
#6308 = CARTESIAN_POINT ( 'NONE',  ( -8.662126782780298129, -5.798196466636451163, 409.0779284778321880 ) ) ;
#6309 = CARTESIAN_POINT ( 'NONE',  ( 39.80061189663746291, 70.31535677205508250, 171.7510689233925802 ) ) ;
#6310 = CARTESIAN_POINT ( 'NONE',  ( -20.91707784828886219, 101.2330489380440781, 236.4909178937897138 ) ) ;
#6311 = CARTESIAN_POINT ( 'NONE',  ( -42.86752894240916589, -34.76204864421595175, 236.1128639923851438 ) ) ;
#6312 = ORIENTED_EDGE ( 'NONE', *, *, #6377, .F. ) ;
#6313 = CARTESIAN_POINT ( 'NONE',  ( 0.000000000000000000, 95.82498339813868427, 191.0831110200132059 ) ) ;
#6314 = CARTESIAN_POINT ( 'NONE',  ( -36.08745445808543195, 77.87598602331694053, 184.6344811076735652 ) ) ;
#6315 = CARTESIAN_POINT ( 'NONE',  ( -27.72386743182303803, 98.20962113889419243, 251.7066239371664267 ) ) ;
#6316 = CARTESIAN_POINT ( 'NONE',  ( 2.734427874153456894, -53.62467348290692826, 82.49038859486083197 ) ) ;
#6317 = CARTESIAN_POINT ( 'NONE',  ( -54.84875265079958240, 5.345334317541089675, 174.9351553658538023 ) ) ;
#6318 = CARTESIAN_POINT ( 'NONE',  ( 19.67898138157901755, 87.12980188167314566, 159.6808054923840530 ) ) ;
#6319 = CARTESIAN_POINT ( 'NONE',  ( 35.22317867502226818, 74.40729049791212901, 153.4158699749240498 ) ) ;
#6320 = CARTESIAN_POINT ( 'NONE',  ( 41.76281712018811021, 76.09943652710511230, 188.5065647739587575 ) ) ;
#6321 = CARTESIAN_POINT ( 'NONE',  ( -9.450897867443625699, -6.630376324146094014, 409.0779284778318470 ) ) ;
#6322 = CARTESIAN_POINT ( 'NONE',  ( -2.446430303705618758, 83.68617293130459700, 130.3077437831010457 ) ) ;
#6323 = CARTESIAN_POINT ( 'NONE',  ( -0.4052993165811991649, -53.06138260155652375, 201.7522653698673594 ) ) ;
#6324 = CARTESIAN_POINT ( 'NONE',  ( 22.84917658520099693, -5.571338551763408198, 380.0905840005646610 ) ) ;
#6325 = CARTESIAN_POINT ( 'NONE',  ( 1.693495010441017579, 96.37750731606060128, 178.9986262687684757 ) ) ;
#6326 = CARTESIAN_POINT ( 'NONE',  ( 31.20380273065049792, 74.06751047460301152, 130.1425122097846838 ) ) ;
#6327 = CARTESIAN_POINT ( 'NONE',  ( -34.03696302607745139, 46.00964064787180519, 321.8398993681790330 ) ) ;
#6328 = CARTESIAN_POINT ( 'NONE',  ( 43.15948104918934547, 72.24535119634704472, 174.9421200764166997 ) ) ;
#6329 = CARTESIAN_POINT ( 'NONE',  ( 46.99255936585473847, 46.02232240527134621, 129.7367380768665726 ) ) ;
#6330 = CARTESIAN_POINT ( 'NONE',  ( 3.409132713362472700, 38.92228236740488256, 9.999999999999991118 ) ) ;
#6331 = CARTESIAN_POINT ( 'NONE',  ( 0.8880350320064889225, 93.96378262211453603, 180.0207963207101614 ) ) ;
#6332 = CARTESIAN_POINT ( 'NONE',  ( -38.81572518126944971, 73.86245664455142901, 187.8309998670165726 ) ) ;
#6333 = CARTESIAN_POINT ( 'NONE',  ( 4.969399662952201702, 12.56197045733627071, 409.0779284778313922 ) ) ;
#6334 = CARTESIAN_POINT ( 'NONE',  ( -4.246507763095243249, 95.80698827808279816, 191.5504896043240706 ) ) ;
#6335 = CARTESIAN_POINT ( 'NONE',  ( 40.11145221864956767, -44.86715700630711723, 174.9897969731160288 ) ) ;
#6336 = CARTESIAN_POINT ( 'NONE',  ( -0.6981328593717179842, 93.25569096724217388, 161.8652486240294479 ) ) ;
#6337 = CARTESIAN_POINT ( 'NONE',  ( 22.66618655282875139, 96.53617894195254223, 201.7343883737954400 ) ) ;
#6338 = CARTESIAN_POINT ( 'NONE',  ( 5.444527326388620914, 94.77845530019402531, 185.9803919565432579 ) ) ;
#6339 = ORIENTED_EDGE ( 'NONE', *, *, #1205, .T. ) ;
#6340 = CARTESIAN_POINT ( 'NONE',  ( -47.13501883246903645, 49.25708791300723988, 174.6911371175998227 ) ) ;
#6341 = CARTESIAN_POINT ( 'NONE',  ( 43.79357508851284564, 60.24723152880473975, 266.7276539269826685 ) ) ;
#6342 = CARTESIAN_POINT ( 'NONE',  ( -27.41088449678707661, 86.56090613581056914, 181.5761410281455426 ) ) ;
#6343 = CARTESIAN_POINT ( 'NONE',  ( 37.92795983529013171, -14.13918712946742851, 322.2218791165552716 ) ) ;
#6344 = CARTESIAN_POINT ( 'NONE',  ( -44.37674555058315207, 71.88154214309506074, 201.7358633554244705 ) ) ;
#6345 = EDGE_CURVE ( 'NONE', #4973, #3270, #2494, .T. ) ;
#6346 = CARTESIAN_POINT ( 'NONE',  ( 0.1685813630219025194, 94.04758353641028634, 160.6900679399676051 ) ) ;
#6347 = CARTESIAN_POINT ( 'NONE',  ( -46.25998668811937620, -5.730389643057775650, 34.40059807139103754 ) ) ;
#6348 = CARTESIAN_POINT ( 'NONE',  ( 39.62546743439222041, 68.09995181997790326, 153.3118382905171302 ) ) ;
#6349 = CARTESIAN_POINT ( 'NONE',  ( -17.24497560433223953, 105.2293931483611544, 267.5377225618441344 ) ) ;
#6350 = CARTESIAN_POINT ( 'NONE',  ( -36.51059073740194094, -25.74640818928212127, 309.2134994862242365 ) ) ;
#6351 = ORIENTED_EDGE ( 'NONE', *, *, #5817, .F. ) ;
#6352 = FACE_OUTER_BOUND ( 'NONE', #7117, .T. ) ;
#6353 = CARTESIAN_POINT ( 'NONE',  ( -36.25043106752579547, 71.09006896655685637, 141.4015237351336225 ) ) ;
#6354 = CARTESIAN_POINT ( 'NONE',  ( -34.54607103907135723, 87.67022905357863749, 201.7349738036295150 ) ) ;
#6355 = CARTESIAN_POINT ( 'NONE',  ( 4.815563508100485279, -52.39540719700739402, 211.1921880980029300 ) ) ;
#6356 = CARTESIAN_POINT ( 'NONE',  ( -36.95249142713322499, 0.2541063640927146983, 10.00000000000000178 ) ) ;
#6357 = CARTESIAN_POINT ( 'NONE',  ( 18.91286824149987211, 78.37620192679383990, 119.5719707322377872 ) ) ;
#6358 = CARTESIAN_POINT ( 'NONE',  ( 37.41503908004651180, 72.49971394326129825, 159.3615791101638877 ) ) ;
#6359 = CIRCLE ( 'NONE', #7096, 1.000000000000003553 ) ;
#6360 = CARTESIAN_POINT ( 'NONE',  ( 0.000000000000000000, 111.3910238415857918, 298.0087188451853422 ) ) ;
#6361 = CARTESIAN_POINT ( 'NONE',  ( -51.22278939850089330, -5.922292296042086512, 61.09959576415398885 ) ) ;
#6362 = CARTESIAN_POINT ( 'NONE',  ( -0.9737557189577743522, -44.41619298931090043, 297.8498342641724435 ) ) ;
#6363 = CARTESIAN_POINT ( 'NONE',  ( 15.85629843593228472, -5.699012627778171414, 397.6336909657812839 ) ) ;
#6364 = CARTESIAN_POINT ( 'NONE',  ( -53.37784564540691434, 29.07522038672310671, 179.6397703968176529 ) ) ;
#6365 = CARTESIAN_POINT ( 'NONE',  ( 33.45646517172691858, 79.47125355117826473, 171.9010320907465825 ) ) ;
#6366 = CARTESIAN_POINT ( 'NONE',  ( -52.44237169841118629, 37.45579318041402672, 125.3114638394002895 ) ) ;
#6367 = CARTESIAN_POINT ( 'NONE',  ( 46.60057834953546774, 65.70037083974305858, 201.7361916587062467 ) ) ;
#6368 = CARTESIAN_POINT ( 'NONE',  ( 48.16847114932580354, 43.92229186771068328, 159.0732406633819949 ) ) ;
#6369 = CARTESIAN_POINT ( 'NONE',  ( 5.316818507498569879, 103.7954597091291475, 221.6253752850881256 ) ) ;
#6370 = CARTESIAN_POINT ( 'NONE',  ( -2.777763228893249448, 94.27055870129476034, 162.0617382320404261 ) ) ;
#6371 = CARTESIAN_POINT ( 'NONE',  ( -39.04971834926462293, 72.02991905937956574, 174.9227677874067126 ) ) ;
#6372 = CARTESIAN_POINT ( 'NONE',  ( 39.91874722076038040, 6.262376983311979117, 309.1881451167366208 ) ) ;
#6373 = CARTESIAN_POINT ( 'NONE',  ( -0.4999999999999470979, 93.06502969790518875, 160.8835909057623610 ) ) ;
#6374 = CARTESIAN_POINT ( 'NONE',  ( 13.31147768299727119, -25.19936701306930615, 393.4793302912000286 ) ) ;
#6375 = CARTESIAN_POINT ( 'NONE',  ( 32.22518415999918062, 93.71432748158407833, 267.2663362157514939 ) ) ;
#6376 = CARTESIAN_POINT ( 'NONE',  ( -1.802146406117805411, 93.36180568762630116, 162.6077026320442940 ) ) ;
#6377 = EDGE_CURVE ( 'NONE', #3085, #1087, #5233, .T. ) ;
#6378 = CARTESIAN_POINT ( 'NONE',  ( 21.10036642176008925, 74.91045965998117140, 95.91498212023905978 ) ) ;
#6379 = CARTESIAN_POINT ( 'NONE',  ( 49.48237978271528448, 31.59211354915559511, 181.8733672780586801 ) ) ;
#6380 = ORIENTED_EDGE ( 'NONE', *, *, #656, .F. ) ;
#6381 = CARTESIAN_POINT ( 'NONE',  ( -44.59131169713690923, 59.39625695622726909, 177.9495936122715136 ) ) ;
#6382 = CARTESIAN_POINT ( 'NONE',  ( 47.30903502164390062, 29.55385884981798483, 61.04745043982720176 ) ) ;
#6383 = CARTESIAN_POINT ( 'NONE',  ( -12.25984989282756210, 92.58399465300865927, 178.5087644650496657 ) ) ;
#6384 = CARTESIAN_POINT ( 'NONE',  ( 51.11048281929388537, -11.70604995283074068, 61.09959308059134742 ) ) ;
#6385 = CARTESIAN_POINT ( 'NONE',  ( -41.74976436219365894, 78.54693865945114339, 221.5891840870766600 ) ) ;
#6386 = CARTESIAN_POINT ( 'NONE',  ( -3.708625332604054581, 84.80114865916729627, 120.0000000000000284 ) ) ;
#6387 = CARTESIAN_POINT ( 'NONE',  ( 40.41974016896178057, 70.77752989990048604, 187.7831787575216538 ) ) ;
#6388 = CARTESIAN_POINT ( 'NONE',  ( 9.789273028547555100, 73.33036981719459391, 82.48400406546033992 ) ) ;
#6389 = CARTESIAN_POINT ( 'NONE',  ( -18.58940281578481191, 102.6263283900802747, 402.9030739255282469 ) ) ;
#6390 = CARTESIAN_POINT ( 'NONE',  ( -31.69427151984416469, -37.67075881567572537, 282.8772093989214795 ) ) ;
#6391 = ORIENTED_EDGE ( 'NONE', *, *, #4771, .T. ) ;
#6392 = CARTESIAN_POINT ( 'NONE',  ( -50.24587038757336899, 23.66897115434160881, 118.8808184818014979 ) ) ;
#6393 = CARTESIAN_POINT ( 'NONE',  ( -35.65950192400926966, 77.64560931259016741, 178.1907350038679283 ) ) ;
#6394 = CARTESIAN_POINT ( 'NONE',  ( -34.56280767720724612, 70.06594073540556167, 106.4409287811792808 ) ) ;
#6395 = CARTESIAN_POINT ( 'NONE',  ( 5.035331092257887775, -55.22284529727035363, 125.3284169574496190 ) ) ;
#6396 = CARTESIAN_POINT ( 'NONE',  ( -51.26822792134864670, 2.638863574291300029, 236.0047765466693477 ) ) ;
#6397 = CARTESIAN_POINT ( 'NONE',  ( 16.01425512862618206, 84.66644031866607634, 141.7280913901412305 ) ) ;
#6398 = CARTESIAN_POINT ( 'NONE',  ( 37.26200815829101032, 75.33216901284055211, 178.1543813486156864 ) ) ;
#6399 = CARTESIAN_POINT ( 'NONE',  ( 6.831781996247945233E-13, 94.02400983498185383, 186.3661872304218150 ) ) ;
#6400 = CARTESIAN_POINT ( 'NONE',  ( -24.30780700225570001, -9.150766308196548238, 380.0386442598349959 ) ) ;
#6401 = CARTESIAN_POINT ( 'NONE',  ( 0.000000000000000000, -51.77078327003781055, 221.5351251701182491 ) ) ;
#6402 = ADVANCED_FACE ( 'NONE', ( #3556 ), #4211, .T. ) ;
#6403 = CARTESIAN_POINT ( 'NONE',  ( 55.28373483263883514, -5.271923369213519450, 174.9349028357782174 ) ) ;
#6404 = CARTESIAN_POINT ( 'NONE',  ( -52.82396385353134605, 34.17734331993359120, 182.9792332755353925 ) ) ;
#6405 = CARTESIAN_POINT ( 'NONE',  ( 33.39175252161782481, 74.37930784460596101, 141.4701823511686598 ) ) ;
#6406 = CARTESIAN_POINT ( 'NONE',  ( -4.986098137038260880, 17.71934921875136482, 409.0779284778315059 ) ) ;
#6407 = CARTESIAN_POINT ( 'NONE',  ( 46.86955792656335973, 49.63517629998604264, 190.8929644906706642 ) ) ;
#6408 = CARTESIAN_POINT ( 'NONE',  ( 1.165428142871584027, 96.46792984267307247, 179.4231478858180537 ) ) ;
#6409 = CARTESIAN_POINT ( 'NONE',  ( 8.598137392621424624, 110.4082190529456682, 297.9866999401868952 ) ) ;
#6410 = CARTESIAN_POINT ( 'NONE',  ( -3.020034312319919145, 94.41250014241350641, 162.8353185558677296 ) ) ;
#6411 = CARTESIAN_POINT ( 'NONE',  ( -38.70186408103539577, 73.36543362157811998, 181.3453498384228340 ) ) ;
#6412 = CARTESIAN_POINT ( 'NONE',  ( 26.90210648195402854, 3.226057227960813290, 359.6912556370865559 ) ) ;
#6413 = CARTESIAN_POINT ( 'NONE',  ( -49.60650193358136306, 30.45751743633157105, 181.0560101696866582 ) ) ;
#6414 = CARTESIAN_POINT ( 'NONE',  ( 23.86414586649357972, -48.98696500680991761, 221.5322815404220194 ) ) ;
#6415 = EDGE_CURVE ( 'NONE', #6103, #1433, #7390, .T. ) ;
#6416 = CARTESIAN_POINT ( 'NONE',  ( 34.77815672562671523, 62.46191952994708885, 82.48019500840464957 ) ) ;
#6417 = CARTESIAN_POINT ( 'NONE',  ( 2.206885252164329625, 93.14805355655597907, 175.3456130339460231 ) ) ;
#6418 = CARTESIAN_POINT ( 'NONE',  ( 15.81185131131532629, 107.4957017761192049, 309.2993027770937715 ) ) ;
#6419 = CARTESIAN_POINT ( 'NONE',  ( -3.037553716479230115, 96.33331519227044737, 172.9957311930154447 ) ) ;
#6420 = ORIENTED_EDGE ( 'NONE', *, *, #4237, .F. ) ;
#6421 = CARTESIAN_POINT ( 'NONE',  ( -45.96255427396052085, 53.62363492664054121, 159.1338317970234471 ) ) ;
#6422 = CARTESIAN_POINT ( 'NONE',  ( 52.76857316536685971, 39.22998837049475185, 149.0424158530961734 ) ) ;
#6423 = CARTESIAN_POINT ( 'NONE',  ( -19.27258375646829691, 81.04723660896168269, 130.3319183701397321 ) ) ;
#6424 = CARTESIAN_POINT ( 'NONE',  ( 49.98315695056953700, -26.85977981629717348, 211.2133819406969906 ) ) ;
#6425 = CARTESIAN_POINT ( 'NONE',  ( -31.00483026633205341, 83.39734083586438373, 309.2640635646434930 ) ) ;
#6426 = CARTESIAN_POINT ( 'NONE',  ( 0.5057420188709403908, 94.04616428497629954, 160.6903502493981080 ) ) ;
#6427 = ADVANCED_FACE ( 'NONE', ( #7065 ), #548, .F. ) ;
#6428 = CARTESIAN_POINT ( 'NONE',  ( 39.52713425012088777, 72.54500399924006615, 187.8098049340491400 ) ) ;
#6429 = CARTESIAN_POINT ( 'NONE',  ( 11.85814001269010021, 109.2681809741752232, 297.9630213751139536 ) ) ;
#6430 = CARTESIAN_POINT ( 'NONE',  ( -18.29418708406168648, 97.02926449536130349, 192.3892210261480216 ) ) ;
#6431 = CARTESIAN_POINT ( 'NONE',  ( -43.54375879762299917, -41.69735384013383594, 95.91565193775846865 ) ) ;
#6432 = VERTEX_POINT ( 'NONE', #4702 ) ;
#6433 = CARTESIAN_POINT ( 'NONE',  ( 8.946430303705591669, 82.92909360579481870, 129.1679103791822740 ) ) ;
#6434 = CARTESIAN_POINT ( 'NONE',  ( -33.25478343226693312, 81.52477482944905773, 184.6959715839878697 ) ) ;
#6435 = CARTESIAN_POINT ( 'NONE',  ( -31.16846060470466284, 95.01353983942591697, 267.2914167803407963 ) ) ;
#6436 = CARTESIAN_POINT ( 'NONE',  ( 1.805632922421429587, -30.54549135333975940, 391.5841935676888852 ) ) ;
#6437 = CARTESIAN_POINT ( 'NONE',  ( -54.97514622480936453, 1.449166137214354722, 106.4747449602005815 ) ) ;
#6438 = CARTESIAN_POINT ( 'NONE',  ( 17.85418354904911808, 89.99339194125379038, 172.1369805168288565 ) ) ;
#6439 = CARTESIAN_POINT ( 'NONE',  ( 35.81923140101689995, 74.69496450263274312, 159.3975384909903994 ) ) ;
#6440 = CARTESIAN_POINT ( 'NONE',  ( 0.000000000000000000, 108.9964298403724428, 267.6395684617824600 ) ) ;
#6441 = CARTESIAN_POINT ( 'NONE',  ( -38.17434164725789714, -8.019602869098644504, 322.2740212379210334 ) ) ;
#6442 = CARTESIAN_POINT ( 'NONE',  ( 0.000000000000000000, -53.64666704428778843, 82.49046243477845053 ) ) ;
#6443 = CARTESIAN_POINT ( 'NONE',  ( 55.93928030950834795, -5.330569180139000274, 125.3254087003052035 ) ) ;
#6444 = CARTESIAN_POINT ( 'NONE',  ( -53.01888171227244584, 32.33793812371777676, 182.2851705083787408 ) ) ;
#6445 = CARTESIAN_POINT ( 'NONE',  ( 32.17112380178691211, 81.83728629153073086, 178.2661111648536973 ) ) ;
#6446 = CARTESIAN_POINT ( 'NONE',  ( -51.62471637621193565, 21.94716662649708638, 82.47098343250931407 ) ) ;
#6447 = CARTESIAN_POINT ( 'NONE',  ( 47.62707049038551332, 45.26823827010922940, 141.1037850220389203 ) ) ;
#6448 = CARTESIAN_POINT ( 'NONE',  ( 0.5061229637643419599, 97.68362273171797483, 180.3816332480686810 ) ) ;
#6449 = CARTESIAN_POINT ( 'NONE',  ( 3.957108396339393597, 114.4045939806013905, 371.1720236380202778 ) ) ;
#6450 = CARTESIAN_POINT ( 'NONE',  ( -9.824390195812002347, -52.68724648062529070, 201.7516897827515834 ) ) ;
#6451 = CARTESIAN_POINT ( 'NONE',  ( -38.81970405350003972, 65.33188949225717579, 129.9607663849522226 ) ) ;
#6452 = CARTESIAN_POINT ( 'NONE',  ( 47.81238189221625845, 4.512608345308288804, 266.1209883264183418 ) ) ;
#6453 = CARTESIAN_POINT ( 'NONE',  ( -50.19454247544835823, 27.10604614702788595, 128.9749898764678164 ) ) ;
#6454 = CARTESIAN_POINT ( 'NONE',  ( 23.91657030289227137, -36.18142365468393251, 9.999999999999968026 ) ) ;
#6455 = CARTESIAN_POINT ( 'NONE',  ( 22.74968607341473970, 90.34327227380748582, 335.9725697426424063 ) ) ;
#6456 = CARTESIAN_POINT ( 'NONE',  ( 4.295291915579395159, 94.17764942329893074, 181.7582914240853995 ) ) ;
#6457 = CARTESIAN_POINT ( 'NONE',  ( 15.74407498641786063, 107.6601837212099753, 353.2991265592645505 ) ) ;
#6458 = CARTESIAN_POINT ( 'NONE',  ( 2.000000000000007994, 96.21494918568892274, 178.0992207842988080 ) ) ;
#6459 = VERTEX_POINT ( 'NONE', #4665 ) ;
#6460 = CARTESIAN_POINT ( 'NONE',  ( -44.44431082132589950, 60.10500490907737969, 184.4011942850912646 ) ) ;
#6461 = CARTESIAN_POINT ( 'NONE',  ( 50.84127088860925170, 48.09951774373319466, 192.3627255296877081 ) ) ;
#6462 = CARTESIAN_POINT ( 'NONE',  ( -15.97415052738814012, 92.25487289717723627, 181.7123323115065432 ) ) ;
#6463 = CARTESIAN_POINT ( 'NONE',  ( 50.85316943093211961, -27.50472058816160015, 82.47186014571587975 ) ) ;
#6464 = CARTESIAN_POINT ( 'NONE',  ( 1.316946439873620811, 94.06244238085579923, 160.8161781839390585 ) ) ;
#6465 = CARTESIAN_POINT ( 'NONE',  ( 41.66348193149497803, 68.06204870411342256, 187.7459277752109870 ) ) ;
#6466 = CARTESIAN_POINT ( 'NONE',  ( 14.72007979938563160, 107.2851225326936486, 283.7467555996641408 ) ) ;
#6467 = CARTESIAN_POINT ( 'NONE',  ( -16.91427915246674729, 105.8544636939744379, 402.8484212796498696 ) ) ;
#6468 = CARTESIAN_POINT ( 'NONE',  ( -27.74925552164808806, -33.22797267977882996, 321.6228806003754244 ) ) ;
#6469 = ORIENTED_EDGE ( 'NONE', *, *, #1196, .T. ) ;
#6470 = FACE_OUTER_BOUND ( 'NONE', #1177, .T. ) ;
#6471 = CARTESIAN_POINT ( 'NONE',  ( -50.03057695392659809, 30.22151376046870652, 165.1690022471351540 ) ) ;
#6472 = CARTESIAN_POINT ( 'NONE',  ( -33.44803450735754780, 79.48094384737781581, 171.9019138716439556 ) ) ;
#6473 = CARTESIAN_POINT ( 'NONE',  ( -24.01456423347065794, 95.77979707400206166, 321.0657245214281375 ) ) ;
#6474 = CARTESIAN_POINT ( 'NONE',  ( 0.3234059236387126779, -47.92900152199584340, 34.31797925651743242 ) ) ;
#6475 = CARTESIAN_POINT ( 'NONE',  ( -51.05548360758395887, 1.611758280311446745, 61.09649104659100516 ) ) ;
#6476 = CARTESIAN_POINT ( 'NONE',  ( 15.97944803120706503, 92.25330728582511597, 181.7119469250282293 ) ) ;
#6477 = CARTESIAN_POINT ( 'NONE',  ( 36.81118648192403953, 75.14474696789201857, 171.8253825964671933 ) ) ;
#6478 = CARTESIAN_POINT ( 'NONE',  ( 554.2981223361939556, 27.10604614702787885, 71.85503552398968452 ) ) ;
#6479 = CARTESIAN_POINT ( 'NONE',  ( -42.04046055371542678, -15.01211487501360153, 296.6988238883604936 ) ) ;
#6480 = CARTESIAN_POINT ( 'NONE',  ( 8.946430303705071196, 55.33066399378871836, -10.85544469264733003 ) ) ;
#6481 = EDGE_CURVE ( 'NONE', #6831, #6881, #1558, .T. ) ;
#6482 = CARTESIAN_POINT ( 'NONE',  ( 30.33983545610248811, 82.70373227977914610, 171.9650382607612755 ) ) ;
#6483 = CARTESIAN_POINT ( 'NONE',  ( -38.65890254230112788, 24.78133956945886851, 309.1992227063497012 ) ) ;
#6484 = VECTOR ( 'NONE', #5589, 1000.000000000000000 ) ;
#6485 = CARTESIAN_POINT ( 'NONE',  ( 47.60060664826413301, 46.33642897574934238, 153.0938024167116964 ) ) ;
#6486 = CARTESIAN_POINT ( 'NONE',  ( 1.776433764063481746, 97.60971224126500090, 180.0582361423329019 ) ) ;
#6487 = CARTESIAN_POINT ( 'NONE',  ( 4.217717990304033826, 54.31187965992819500, 33.92926017718782816 ) ) ;
#6488 = CARTESIAN_POINT ( 'NONE',  ( -7.242624897172640352, -52.28073218356374241, 211.1925318823869020 ) ) ;
#6489 = CARTESIAN_POINT ( 'NONE',  ( -38.13088582035116048, 63.76872571418763869, 119.2167652342924811 ) ) ;
#6490 = CARTESIAN_POINT ( 'NONE',  ( 53.64049804136175936, 3.885630021910046583, 201.7385585421835685 ) ) ;
#6491 = CARTESIAN_POINT ( 'NONE',  ( -50.07882159268373101, 27.10604614702785398, 173.8550355239896703 ) ) ;
#6492 = CARTESIAN_POINT ( 'NONE',  ( 29.25289845498673458, -42.28502481532009938, 34.35161381037506345 ) ) ;
#6493 = CARTESIAN_POINT ( 'NONE',  ( 38.28759819107455797, 79.81448031202029370, 174.9432100267429178 ) ) ;
#6494 = CARTESIAN_POINT ( 'NONE',  ( 0.000000000000000000, 94.82502526449772517, 184.9865012665755444 ) ) ;
#6495 = CARTESIAN_POINT ( 'NONE',  ( 14.53392892707860540, 52.61194511000936558, 33.95898219624178438 ) ) ;
#6496 = CARTESIAN_POINT ( 'NONE',  ( 6.946430303705569465, 84.43527717141196831, 127.1035834578351995 ) ) ;
#6497 = ORIENTED_EDGE ( 'NONE', *, *, #6136, .F. ) ;
#6498 = CARTESIAN_POINT ( 'NONE',  ( -45.81158321413573731, 54.88331299080060433, 171.5804366271471793 ) ) ;
#6499 = CARTESIAN_POINT ( 'NONE',  ( 51.59836496145894813, 35.67867893975901694, 106.4626813480985561 ) ) ;
#6500 = CARTESIAN_POINT ( 'NONE',  ( -16.06910091647208816, 90.59371455191283928, 172.1523719889198958 ) ) ;
#6501 = CARTESIAN_POINT ( 'NONE',  ( 14.18143333923613980, -11.65757035206549830, 405.7348485153734146 ) ) ;
#6502 = FILL_AREA_STYLE ('',( #7150 ) ) ;
#6503 = CARTESIAN_POINT ( 'NONE',  ( 43.21708662727104411, 57.20320143378722832, 129.8397955123669192 ) ) ;
#6504 = AXIS2_PLACEMENT_3D ( 'NONE', #2288, #4655, #5395 ) ;
#6505 = CARTESIAN_POINT ( 'NONE',  ( 10.21188983691131646, 37.86406561602583309, 9.999999999999992895 ) ) ;
#6506 = CARTESIAN_POINT ( 'NONE',  ( -18.88371068411270315, 101.8672128300566300, 372.0408263861291971 ) ) ;
#6507 = CARTESIAN_POINT ( 'NONE',  ( -32.55658113277404908, -33.57066378714582555, 17.36786439425246087 ) ) ;
#6508 = ORIENTED_EDGE ( 'NONE', *, *, #6745, .F. ) ;
#6509 = CARTESIAN_POINT ( 'NONE',  ( 29.63146378943382331, 85.92095053662895054, 189.7894486005648389 ) ) ;
#6510 = CARTESIAN_POINT ( 'NONE',  ( 8.893261641567887565, 82.87306944033977629, 128.9110514164181609 ) ) ;
#6511 = CARTESIAN_POINT ( 'NONE',  ( -34.67720132803714250, 77.09832868526468985, 165.5735464485628654 ) ) ;
#6512 = CARTESIAN_POINT ( 'NONE',  ( -33.61216619382846460, 90.81070111988846350, 221.6042128827891702 ) ) ;
#6513 = CARTESIAN_POINT ( 'NONE',  ( 0.000000000000000000, -53.64666704428778843, 82.49046243477845053 ) ) ;
#6514 = CARTESIAN_POINT ( 'NONE',  ( -54.40355638020238160, 1.278366087764094550, 95.91846264262643729 ) ) ;
#6515 = CARTESIAN_POINT ( 'NONE',  ( 45.26421899945542293, 52.37729001117786964, 95.91647932411274269 ) ) ;
#6516 = CARTESIAN_POINT ( 'NONE',  ( 20.94889279447173180, 80.42066469400675999, 130.3149670153365491 ) ) ;
#6517 = CARTESIAN_POINT ( 'NONE',  ( 38.69014987024124252, 72.63953288144841736, 174.9314952466804129 ) ) ;
#6518 = LINE ( 'NONE', #4064, #1480 ) ;
#6519 = CARTESIAN_POINT ( 'NONE',  ( -54.54052933038873618, -12.03984347028004898, 95.91845513519180599 ) ) ;
#6520 = LINE ( 'NONE', #6480, #2759 ) ;
#6521 = CARTESIAN_POINT ( 'NONE',  ( 15.38754713704739530, -51.48652428397339520, 211.1944768967387347 ) ) ;
#6522 = CARTESIAN_POINT ( 'NONE',  ( -52.10598756292789346, 34.88633212949510209, 201.7376634749646200 ) ) ;
#6523 = EDGE_CURVE ( 'NONE', #1433, #6294, #1100, .T. ) ;
#6524 = CARTESIAN_POINT ( 'NONE',  ( 47.17984733380399831, 48.31003293178365254, 187.5809488963813862 ) ) ;
#6525 = CARTESIAN_POINT ( 'NONE',  ( 2.000000000000010658, 91.92166779101239626, 168.7513052204910480 ) ) ;
#6526 = CARTESIAN_POINT ( 'NONE',  ( -7.336799794340819858, -41.09403741802664456, 321.0267435420739730 ) ) ;
#6527 = CARTESIAN_POINT ( 'NONE',  ( -36.98930308796151678, 77.28266147306329970, 191.1825378832581919 ) ) ;
#6528 = CARTESIAN_POINT ( 'NONE',  ( 52.46023485645889650, 0.1087216946607219847, 221.5234830454974428 ) ) ;
#6529 = CARTESIAN_POINT ( 'NONE',  ( 8.197260635695020170, -24.31061072176135340, 409.0779284778317901 ) ) ;
#6530 = CARTESIAN_POINT ( 'NONE',  ( 37.67534074973654867, 71.83610583426705887, 125.2889534084088439 ) ) ;
#6531 = CARTESIAN_POINT ( 'NONE',  ( 2.222127884042246038, 91.41485717656475174, 165.8945968953573242 ) ) ;
#6532 = CARTESIAN_POINT ( 'NONE',  ( 19.55637348887145421, 100.7953155608507956, 353.6721080090476335 ) ) ;
#6533 = CARTESIAN_POINT ( 'NONE',  ( -1.999999999999999556, 96.24651349678163115, 178.2940909787748751 ) ) ;
#6534 = VERTEX_POINT ( 'NONE', #5289 ) ;
#6535 = CARTESIAN_POINT ( 'NONE',  ( -45.14600302181830926, 52.20731036485839383, 129.7888477510018674 ) ) ;
#6536 = CARTESIAN_POINT ( 'NONE',  ( 37.12147561054237599, 46.70345403764706305, 309.2200303658550524 ) ) ;
#6537 = CARTESIAN_POINT ( 'NONE',  ( -15.80258460944966892, 82.09028406908613817, 130.3538076308305449 ) ) ;
#6538 = CARTESIAN_POINT ( 'NONE',  ( 54.78102531090722493, -17.44094450407095209, 106.4742081050046920 ) ) ;
#6539 = CARTESIAN_POINT ( 'NONE',  ( 0.1666674428845184852, 96.50724633046549172, 179.5704703226415404 ) ) ;
#6540 = CARTESIAN_POINT ( 'NONE',  ( 45.07396523251985343, 57.77655181629172176, 181.1588091657534676 ) ) ;
#6541 = CARTESIAN_POINT ( 'NONE',  ( 14.60064225581740160, 108.8426889953673822, 390.2651342448174887 ) ) ;
#6542 = CARTESIAN_POINT ( 'NONE',  ( -34.29075387861428226, -46.43321792631310529, 201.7467290868561349 ) ) ;
#6543 = VERTEX_POINT ( 'NONE', #1707 ) ;
#6544 = CARTESIAN_POINT ( 'NONE',  ( 14.50359531893152010, 94.08531367727663053, 190.8558757743711567 ) ) ;
#6545 = CARTESIAN_POINT ( 'NONE',  ( -7.946428739083883031, 95.85182978639821272, 185.2942384325753835 ) ) ;
#6546 = CARTESIAN_POINT ( 'NONE',  ( -33.55716059182394417, 69.23207783154830963, 119.3305334987922635 ) ) ;
#6547 = CARTESIAN_POINT ( 'NONE',  ( -36.98445890151187143, 83.68998281861220789, 192.3808651540942094 ) ) ;
#6548 = CARTESIAN_POINT ( 'NONE',  ( 1.167433747677212530, -53.64366002886354323, 82.49045169442678116 ) ) ;
#6549 = CARTESIAN_POINT ( 'NONE',  ( -51.23557240075587060, 4.287019323785258074, 236.0073156428206858 ) ) ;
#6550 = CARTESIAN_POINT ( 'NONE',  ( 24.57543833835662639, 83.64284231530396596, 153.6299214596843967 ) ) ;
#6551 = CARTESIAN_POINT ( 'NONE',  ( 38.39788368939055374, 70.05436238918787240, 153.3426798501889152 ) ) ;
#6552 = CARTESIAN_POINT ( 'NONE',  ( -1.298331277339349388, 114.6144342979059587, 371.1444589219916566 ) ) ;
#6553 = CARTESIAN_POINT ( 'NONE',  ( -11.45741348935695747, -9.728842535240199041, 409.0779284778313354 ) ) ;
#6554 = PLANE ( 'NONE',  #3010 ) ;
#6555 = CARTESIAN_POINT ( 'NONE',  ( 12.97966572296515686, -45.17680288858266380, 283.4464583916976039 ) ) ;
#6556 = CARTESIAN_POINT ( 'NONE',  ( -30.85849556943834315, 29.90836142689224886, 338.2791750152354666 ) ) ;
#6557 = CARTESIAN_POINT ( 'NONE',  ( 48.31977768888771863, 42.90307978509903819, 171.5095168055595991 ) ) ;
#6558 = CARTESIAN_POINT ( 'NONE',  ( 1.252661508093234399, 96.45761877071041113, 179.3776543325460011 ) ) ;
#6559 = CARTESIAN_POINT ( 'NONE',  ( -12.69174555215957767, -53.79370146483483239, 175.0375648867540690 ) ) ;
#6560 = CARTESIAN_POINT ( 'NONE',  ( -38.33131440417854918, 73.99374815597128929, 181.3548489466333535 ) ) ;
#6561 = CARTESIAN_POINT ( 'NONE',  ( 46.19014890246730687, -2.249010260804599426, 34.39757154221828728 ) ) ;
#6562 = CARTESIAN_POINT ( 'NONE',  ( 5.444550662983409062, 94.02400983498185383, 186.3661872304217866 ) ) ;
#6563 = CARTESIAN_POINT ( 'NONE',  ( 15.72810622412806936, -42.83883545364133028, 297.6653211504931846 ) ) ;
#6564 = CARTESIAN_POINT ( 'NONE',  ( -41.33395753221566338, 77.76891483934041105, 251.4601220063464382 ) ) ;
#6565 = CARTESIAN_POINT ( 'NONE',  ( 28.07020404206933506, 46.13271314289264780, 34.04953921801384809 ) ) ;
#6566 = CARTESIAN_POINT ( 'NONE',  ( 0.000000000000000000, 93.71466757035386763, 178.5339627005494094 ) ) ;
#6567 = CARTESIAN_POINT ( 'NONE',  ( 19.58293520568070534, 98.75171170351238459, 372.2132772590443892 ) ) ;
#6568 = B_SPLINE_SURFACE_WITH_KNOTS ( 'NONE', 3, 3, ( 
 ( #2302, #3616, #6494, #4668, #6566, #4781, #4743, #7105, #1783, #1165, #7031, #589, #3541 ),
 ( #1710, #4154, #2338, #513, #7068, #6417, #7140, #6531, #1240, #4705, #5916, #5331, #1128 ),
 ( #3502, #5410, #1091, #6456, #5880, #4042, #5992, #88, #2959, #665, #551, #1201, #5257 ),
 ( #2922, #2884, #1670, #13, #3034, #1820, #2376, #5292, #3466, #7651, #4631, #3577, #1746 ),
 ( #4116, #5955, #625, #2997, #5369, #2454, #1346, #3726, #2565, #233, #5446, #7219, #2602 ),
 ( #4897, #4931, #4966, #1894, #4233, #4859, #2492, #5519, #3324, #6097, #3110, #198, #4270 ),
 ( #777, #7433, #7292, #6133, #4823, #6607, #2115, #4305, #6674, #5483, #3145, #1964, #4340 ),
 ( #1277, #3184, #1858, #6641, #6064, #5700, #3072, #4485, #6277, #6848, #6709, #7180, #1312 ),
 ( #3654, #1382, #162, #7256, #2529, #3763, #6028, #1928, #812, #5556, #1530, #3691, #704 ),
 ( #127, #742, #3903, #955, #996, #5275, #4100, #4689, #4610, #3524, #2787, #535, #7634 ),
 ( #5741, #2321, #7051, #6971, #495, #5863, #2743, #5781, #3364, #7013, #4651, #4024, #4062 ),
 ( #1730, #2241, #418, #6476, #3486, #2867, #5238, #7598, #1650, #5153, #6397, #1072, #2284 ),
 ( #1691, #457, #1569, #2827, #2158, #2904, #6438, #1149, #5195, #3449, #5823, #4568, #375 ),
 ( #5112, #4526, #7511, #2196, #7471, #6887, #3944, #1111, #6318, #6929, #1609, #3983, #6357 ),
 ( #1035, #3407, #7555, #4881, #725, #2436, #7125, #2942, #4174, #7239, #2474, #6516, #5313 ),
 ( #5391, #3674, #70, #4805, #5900, #7162, #1841, #6011, #6049, #1185, #2981, #3093, #4763 ),
 ( #688, #5467, #5352, #7672, #610, #5940, #1261, #6659, #4216, #6550, #3637, #34, #1296 ),
 ( #2360, #4288, #6589, #146, #3056, #5430, #572, #111, #4842, #7201, #2512, #3563, #2399 ),
 ( #1803, #647, #1877, #1913, #1222, #4726, #3598, #5976, #4255, #1330, #6625, #3016, #7089 ),
 ( #1766, #4138, #4324, #2550, #7275, #3711, #3130, #6082, #1948, #5504, #4916, #6692, #761 ),
 ( #182, #2166, #4069, #2752, #3373, #6937, #6482, #3953, #540, #7056, #7639, #7563, #3332 ),
 ( #5789, #1699, #7605, #1004, #5280, #2326, #2249, #3456, #1117, #5708, #1042, #6326, #2292 ),
 ( #6979, #7020, #5750, #3990, #6445, #426, #4617, #5868, #2796, #7521, #5121, #4658, #3491 ),
 ( #5202, #5830, #5161, #502, #3415, #4535, #465, #7479, #2909, #5245, #4694, #2834, #1657 ),
 ( #2204, #1735, #4576, #4105, #6895, #1616, #6365, #1577, #383, #4031, #6405, #1080, #2874 ),
 ( #5628, #225, #7396, #4486, #803, #2668, #7358, #6774, #4369, #2035, #918, #4407, #6240 ),
 ( #7434, #2116, #880, #6810, #5663, #3250, #3866, #3754, #5033, #2075, #5548, #4447, #1449 ),
 ( #3827, #6125, #3286, #6203, #956, #3790, #299, #3325, #1491, #338, #4995, #2706, #6164 ),
 ( #841, #1373, #5072, #6849, #1531, #3904, #1410, #6278, #5701, #376, #2744, #5113, #7472 ),
 ( #2159, #6700, #6737, #3173, #2593, #4958, #7322, #1993, #3212, #5587, #261, #2632, #1112 ),
 ( #536, #7513, #5196, #2905, #2197, #5824, #7052, #1610, #1036, #6319, #3487, #4690, #2943 ),
 ( #4652, #3984, #7014, #2242, #5742, #6972, #997, #1731, #6439, #4101, #4611, #496, #5239 ),
 ( #1150, #3408, #5314, #3365, #4569, #6930, #3945, #3525, #7673, #1074, #5901, #5783, #5864 ),
 ( #7599, #5276, #2868, #1693, #3450, #573, #6477, #2285, #459, #1570, #2828, #4527, #7635 ),
 ( #419, #6888, #4025, #2322, #6398, #4063, #2789, #5154, #6358, #7556, #1651, #5353, #7126 ),
 ( #1223, #4217, #2361, #1262, #3638, #2475, #147, #35, #1804, #2513, #3599, #4806, #4843 ),
 ( #4175, #4139, #4765, #2400, #5431, #3131, #6012, #3017, #112, #6551, #5468, #689, #7240 ),
 ( #5392, #4289, #5977, #72, #6660, #7202, #1297, #648, #1878, #2437, #2982, #7163, #4727 ),
 ( #4882, #1914, #1331, #1842, #4256, #6590, #3712, #726, #6626, #3057, #3675, #3094, #6050 ),
 ( #6083, #762, #5505, #7090, #1767, #6517, #1186, #3564, #5941, #611, #3819, #3858, #3166 ),
 ( #6232, #5539, #1441, #2698, #4951, #4361, #1949, #6802, #329, #6268, #4325, #6693, #5064 ),
 ( #5578, #1365, #2624, #3746, #7425, #2067, #2106, #254, #6195, #872, #6730, #4477, #1403 ),
 ( #6117, #218, #2585, #7277, #6840, #946, #4400, #1520, #3783, #4438, #796, #3242, #910 ),
 ( #291, #6767, #3895, #3315, #5619, #6155, #4917, #834, #183, #1483, #7314, #1984, #2551 ),
 ( #5655, #7351, #2660, #3278, #3205, #4987, #2027, #5024, #7387, #6348, #1640, #4600, #7588 ),
 ( #4515, #6428, #5102, #5732, #1600, #1137, #6309, #2894, #1719, #2311, #2230, #5691, #409 ),
 ( #5266, #1063, #2188, #7501, #5228, #2777, #2817, #4559, #2734, #6961, #4014, #3398, #4089 ),
 ( #1102, #6387, #3356, #4678, #7545, #5144, #7624, #3476, #5813, #486, #2857, #3440, #6920 ),
 ( #2274, #4641, #3975, #7003, #5772, #6878, #449, #7463, #5853, #1680, #7040, #5185, #4053 ),
 ( #1028, #6465, #523, #366, #2148, #1561, #3935, #986, #235, #4378, #59, #2604, #2384 ),
 ( #4126, #4203, #7189, #4792, #3626, #2425, #4968, #6135, #7151, #4753, #560, #1793, #7331 ),
 ( #2931, #2005, #3004, #1384, #5379, #1829, #3513, #6577, #1250, #6000, #3765, #6503, #598 ),
 ( #7114, #5965, #675, #814, #2969, #5302, #5928, #3550, #3044, #6747, #5418, #4164, #99 ),
 ( #6711, #2463, #3186, #1966, #1173, #4832, #5558, #5339, #21, #7661, #4342, #5889, #2347 ),
 ( #4714, #7077, #1755, #6540, #1211, #3586, #635, #7405, #430, #3836, #4579, #2207, #927 ),
 ( #4418, #850, #2715, #5711, #1420, #890, #309, #3799, #386, #2169, #2084, #5597, #3876 ),
 ( #347, #2640, #2126, #6898, #3221, #5081, #4457, #1500, #6783, #6819, #3335, #6249, #966 ),
 ( #7443, #3295, #271, #5164, #6174, #5044, #5753, #3914, #5637, #2755, #5672, #5003, #5124 ),
 ( #7366, #1460, #4538, #1580, #4496, #1540, #7482, #6858, #6289, #2044, #3956, #6329, #6212 ),
 ( #1007, #3259, #3376, #2678, #2799, #7524, #1193, #4033, #4660, #3570, #1737, #5907, #5248 ),
 ( #6407, #7567, #1082, #1619, #542, #7097, #1774, #2367, #1661, #6485, #6447, #5948, #5321 ),
 ( #4145, #6524, #2329, #3458, #5832, #1156, #505, #4071, #2876, #3993, #5871, #2911, #7022 ),
 ( #617, #4734, #5282, #4621, #2988, #5360, #4107, #7607, #579, #1119, #1045, #3532, #2294 ),
 ( #2252, #3, #42, #3493, #7058, #2949, #7641, #2408, #6368, #4696, #6940, #5792, #3418 ),
 ( #468, #2837, #5205, #6982, #1701, #7171, #6557, #6057, #655, #5438, #734, #3683, #6667 ),
 ( #3607, #5512, #4182, #4815, #696, #226, #5400, #1956, #804, #1374, #1304, #4772, #1849 ),
 ( #4333, #154, #1269, #6597, #4297, #4224, #1886, #3645, #1811, #3102, #5475, #2483, #3175 ),
 ( #190, #2521, #2445, #3755, #6633, #6020, #6701, #2558, #4889, #7248, #1921, #1338, #3064 ),
 ( #3719, #6090, #120, #770, #4851, #5983, #7209, #1229, #4924, #3139, #6126, #4263, #7285 ),
 ( #5549, #7132, #3025, #79, #4370, #262, #2633, #1994, #6889, #3367, #6811, #1571, #1450 ) ),
 .UNSPECIFIED., .F., .F., .F.,
 ( 4, 3, 3, 3, 3, 3, 3, 3, 3, 3, 3, 3, 3, 3, 3, 3, 3, 3, 3, 3, 3, 3, 3, 4 ),
 ( 4, 3, 3, 3, 4 ),
 ( -1.119113674927774940E-12, 0.03043068831052722981, 0.04564603246635039885, 0.06086137662217357136, 0.09129206493381991638, 0.1217227532454662614, 0.1521534415571126064, 0.1825841298687589376, 0.1977994740245821170, 0.2054071461024937206, 0.2130148181804052965, 0.2282301623362284482, 0.2434455064920516276, 0.2472493425310074433, 0.2510531785699632312, 0.2586608506478748071, 0.2738761948036979588, 0.3043068831153443177, 0.3347375714269906766, 0.3651682597386369800, 0.3803836038944601317, 0.3955989480502833389, 0.4260296363619296978, 0.4868910129852223601 ),
 ( 0.4112127954972095156, 0.4337913648613782591, 0.4563699342255470581, 0.5015270729538846561, 0.5918413504105598522 ),
 .UNSPECIFIED. ) ;
#6569 = CARTESIAN_POINT ( 'NONE',  ( 0.000000000000000000, 96.50724633046546330, 179.5704703226414836 ) ) ;
#6570 = ORIENTED_EDGE ( 'NONE', *, *, #2237, .T. ) ;
#6571 = CARTESIAN_POINT ( 'NONE',  ( -40.96431208138003655, 69.03247264272060590, 181.2798168305483841 ) ) ;
#6572 = CARTESIAN_POINT ( 'NONE',  ( 34.76805405516773817, 12.46554703327072922, 9.999999999999994671 ) ) ;
#6573 = CARTESIAN_POINT ( 'NONE',  ( -9.281979864043805151, 83.28082165236229173, 130.3729550410648130 ) ) ;
#6574 = CARTESIAN_POINT ( 'NONE',  ( 43.82603686636004170, -24.73800725363787123, 266.2957455515905281 ) ) ;
#6575 = CARTESIAN_POINT ( 'NONE',  ( 2.047454639681954625, 97.57284600410716280, 179.8832432313689367 ) ) ;
#6576 = VECTOR ( 'NONE', #420, 1000.000000000000000 ) ;
#6577 = CARTESIAN_POINT ( 'NONE',  ( 43.48680638023182610, 61.63730265498521277, 165.3480132487423191 ) ) ;
#6578 = CARTESIAN_POINT ( 'NONE',  ( -43.52359838932500935, 72.70038732371931189, 188.0625817745316226 ) ) ;
#6579 = CARTESIAN_POINT ( 'NONE',  ( -29.11591826869958410, -48.03321862105997297, 211.1999278923750012 ) ) ;
#6580 = VERTEX_POINT ( 'NONE', #7529 ) ;
#6581 = CARTESIAN_POINT ( 'NONE',  ( 1.422774265354689316, 90.75375234622201503, 162.6632116168404991 ) ) ;
#6582 = CARTESIAN_POINT ( 'NONE',  ( -47.63332812457637289, 45.99139850250947603, 184.3071684554535636 ) ) ;
#6583 = EDGE_CURVE ( 'NONE', #358, #440, #1881, .T. ) ;
#6584 = CARTESIAN_POINT ( 'NONE',  ( -33.09191923923871315, 82.55905234620756517, 191.2673613159545596 ) ) ;
#6585 = CARTESIAN_POINT ( 'NONE',  ( 55.22324670743307706, -5.805412337438995429, 106.4752856519447164 ) ) ;
#6586 = CARTESIAN_POINT ( 'NONE',  ( -39.28177702882064892, 80.54473882113477146, 192.3791025872763498 ) ) ;
#6587 = CARTESIAN_POINT ( 'NONE',  ( 0.2659805302817203621, -40.43996528639332411, 9.999999999999998224 ) ) ;
#6588 = CARTESIAN_POINT ( 'NONE',  ( -53.15628205813288787, -3.904638847132464452, 211.2173005124139991 ) ) ;
#6589 = CARTESIAN_POINT ( 'NONE',  ( 25.92166669295703230, 88.16880116260624334, 184.8237867169931690 ) ) ;
#6590 = CARTESIAN_POINT ( 'NONE',  ( 38.56638294616826812, 72.84651994737451730, 174.9345774463824910 ) ) ;
#6591 = CARTESIAN_POINT ( 'NONE',  ( -4.760228615938128627, 108.8359205272448094, 267.6348099031594643 ) ) ;
#6592 = CARTESIAN_POINT ( 'NONE',  ( -30.09236226398421721, -15.46363169407038818, 359.3065941412086772 ) ) ;
#6593 = CARTESIAN_POINT ( 'NONE',  ( 8.946430303705737330, 91.15249141788011400, 167.2247603757526235 ) ) ;
#6594 = CARTESIAN_POINT ( 'NONE',  ( -28.55940038131904402, 94.15217527198373659, 211.2200316147843466 ) ) ;
#6595 = CARTESIAN_POINT ( 'NONE',  ( 14.41834025962064203, -50.98981693799635195, 61.09601879516655742 ) ) ;
#6596 = CARTESIAN_POINT ( 'NONE',  ( -53.96202126689342293, 9.097275874053339706, 95.91832724551802869 ) ) ;
#6597 = CARTESIAN_POINT ( 'NONE',  ( 48.64981052006798734, 39.46801635883611681, 181.0546239418604273 ) ) ;
#6598 = CARTESIAN_POINT ( 'NONE',  ( 0.9005416616442125655, 94.24660397177783011, 161.7228072958475877 ) ) ;
#6599 = CARTESIAN_POINT ( 'NONE',  ( -7.600543596426097004, -42.63511865777557830, 309.3023390856781134 ) ) ;
#6600 = CARTESIAN_POINT ( 'NONE',  ( -37.99678698754198791, 75.61939370359469592, 191.1567683060460752 ) ) ;
#6601 = CARTESIAN_POINT ( 'NONE',  ( 53.68664550436785277, 2.298154064835253418, 201.7385804371572817 ) ) ;
#6602 = CARTESIAN_POINT ( 'NONE',  ( -1.627978807425103813, 94.08180500400051471, 160.9421151251136450 ) ) ;
#6603 = VECTOR ( 'NONE', #3359, 1000.000000000000000 ) ;
#6604 = CARTESIAN_POINT ( 'NONE',  ( -42.80750725574684168, 74.57084001723440281, 192.3758988077698575 ) ) ;
#6605 = EDGE_CURVE ( 'NONE', #16, #3423, #1835, .T. ) ;
#6606 = CARTESIAN_POINT ( 'NONE',  ( 38.70094938569437204, 84.80791996645861275, 236.3704173123007592 ) ) ;
#6607 = CARTESIAN_POINT ( 'NONE',  ( 9.371785390380082958, 92.52145269076173406, 175.3321508804529856 ) ) ;
#6608 = CARTESIAN_POINT ( 'NONE',  ( 20.64122102234113854, 100.2593745959623845, 335.5083666441049672 ) ) ;
#6609 = FACE_OUTER_BOUND ( 'NONE', #3657, .T. ) ;
#6610 = ORIENTED_EDGE ( 'NONE', *, *, #4185, .F. ) ;
#6611 = CARTESIAN_POINT ( 'NONE',  ( -41.73330528032968090, 67.66377770591799390, 184.4816947762182622 ) ) ;
#6612 = CARTESIAN_POINT ( 'NONE',  ( 51.62471637621193565, 21.94716662649708638, 82.47098343250931407 ) ) ;
#6613 = CARTESIAN_POINT ( 'NONE',  ( -12.32069106758063981, 87.90731679083367567, 153.7325601800861250 ) ) ;
#6614 = CARTESIAN_POINT ( 'NONE',  ( 48.77383573997332178, -31.90895690877947644, 201.7417783722397076 ) ) ;
#6615 =( NAMED_UNIT ( * ) SI_UNIT ( $, .STERADIAN. ) SOLID_ANGLE_UNIT ( ) );
#6616 = CARTESIAN_POINT ( 'NONE',  ( -40.74543986220064085, 77.80531144285235712, 188.7293857501853154 ) ) ;
#6617 = CARTESIAN_POINT ( 'NONE',  ( -24.38374426688051244, -41.96915947846640194, 283.1402608894696300 ) ) ;
#6618 = ORIENTED_EDGE ( 'NONE', *, *, #448, .T. ) ;
#6619 = CARTESIAN_POINT ( 'NONE',  ( -50.19146244588630168, 29.55339909634631468, 153.0273195244366491 ) ) ;
#6620 = CARTESIAN_POINT ( 'NONE',  ( -28.98145868439022266, 83.89003130664768548, 171.9903595690935560 ) ) ;
#6621 = CARTESIAN_POINT ( 'NONE',  ( 51.22278939850089330, -5.922292296042086512, 61.09959576415398885 ) ) ;
#6622 = CARTESIAN_POINT ( 'NONE',  ( -10.42884335373778981, 77.83166070051220231, 392.0567325905846587 ) ) ;
#6623 = CARTESIAN_POINT ( 'NONE',  ( 0.000000000000000000, -49.29133392571988281, 251.6525086451857476 ) ) ;
#6624 = CARTESIAN_POINT ( 'NONE',  ( -54.48987182972246046, -0.7893723974652042674, 95.91848408612047194 ) ) ;
#6625 = CARTESIAN_POINT ( 'NONE',  ( 27.42501896182210430, 79.47140435046041773, 141.5959312512379142 ) ) ;
#6626 = CARTESIAN_POINT ( 'NONE',  ( 38.68021485137361282, 70.57418331653177290, 159.3323309847653775 ) ) ;
#6627 = CARTESIAN_POINT ( 'NONE',  ( -4.126440626136170131, 113.2637705917363178, 334.9668236710422775 ) ) ;
#6628 = CARTESIAN_POINT ( 'NONE',  ( -54.93396831683054415, -22.86206474702940028, 149.0574281582650258 ) ) ;
#6629 = CARTESIAN_POINT ( 'NONE',  ( -49.90177573649053500, 27.10604614702781490, 120.0000000000000284 ) ) ;
#6630 = CARTESIAN_POINT ( 'NONE',  ( -24.78722789602745280, 81.59293376058032266, 125.2812312085348481 ) ) ;
#6631 = CARTESIAN_POINT ( 'NONE',  ( 14.63259340316777823, -49.70587240792393402, 236.3252484590367430 ) ) ;
#6632 = CARTESIAN_POINT ( 'NONE',  ( -50.33070789804374101, 10.93091134073469561, 61.08597647312799239 ) ) ;
#6633 = CARTESIAN_POINT ( 'NONE',  ( 49.29220882058504571, 35.08302198004106032, 177.8139575547094182 ) ) ;
#6634 = CARTESIAN_POINT ( 'NONE',  ( 0.8880516377194853650, 93.26090426964870517, 161.9129119172880849 ) ) ;
#6635 = CARTESIAN_POINT ( 'NONE',  ( -0.7751191789501495899, -27.30100470207349872, 409.0779284778314491 ) ) ;
#6636 = CARTESIAN_POINT ( 'NONE',  ( -37.14062000840236522, 76.30655595377022848, 184.6103242468545318 ) ) ;
#6637 = CARTESIAN_POINT ( 'NONE',  ( 54.40355638020238160, 1.278366087764094550, 95.91846264262643729 ) ) ;
#6638 = CARTESIAN_POINT ( 'NONE',  ( 0.000000000000000000, 83.00713624293385351, 127.3837735684064398 ) ) ;
#6639 = CARTESIAN_POINT ( 'NONE',  ( -41.19132808344209451, 60.64087943332545194, 282.8478235383603874 ) ) ;
#6640 = CARTESIAN_POINT ( 'NONE',  ( 31.53739920108943906, 88.64884562895842635, 297.5922334881632310 ) ) ;
#6641 = CARTESIAN_POINT ( 'NONE',  ( 10.30896254117283739, 93.49227157201511318, 181.7422675594083330 ) ) ;
#6642 = CARTESIAN_POINT ( 'NONE',  ( 24.44036881724092680, 96.79165610574744960, 211.2201583485591527 ) ) ;
#6643 = CARTESIAN_POINT ( 'NONE',  ( -1.419672857288341472, 97.44776347562046226, 179.0690347446466433 ) ) ;
#6644 = CARTESIAN_POINT ( 'NONE',  ( 0.000000000000000000, 95.82498339813868427, 191.0831110200132059 ) ) ;
#6645 = CARTESIAN_POINT ( 'NONE',  ( -41.86215606862573679, 66.83974134793250244, 178.0290047450201882 ) ) ;
#6646 = CARTESIAN_POINT ( 'NONE',  ( 53.19221855796364906, 33.33229518221101983, 174.9372533031896069 ) ) ;
#6647 = CARTESIAN_POINT ( 'NONE',  ( -10.24155960902019835, 94.58214580799112525, 188.2314341355464649 ) ) ;
#6648 = CARTESIAN_POINT ( 'NONE',  ( 34.44581191650112828, -29.07558892614283153, 309.2238775260408943 ) ) ;
#6649 = CYLINDRICAL_SURFACE ( 'NONE', #869, 1.500000000000012879 ) ;
#6650 = CARTESIAN_POINT ( 'NONE',  ( -19.06122042941101569, 96.53443641349619497, 191.1757796043329733 ) ) ;
#6651 = CARTESIAN_POINT ( 'NONE',  ( -9.425226401539550380, -23.08678139245468941, 409.0779284778305964 ) ) ;
#6652 = ORIENTED_EDGE ( 'NONE', *, *, #7559, .T. ) ;
#6653 = CARTESIAN_POINT ( 'NONE',  ( -49.71620013187808240, 32.05520557456972597, 129.6676387133053083 ) ) ;
#6654 = CARTESIAN_POINT ( 'NONE',  ( -31.52789970190991653, 82.48509378450438589, 178.2790282880529276 ) ) ;
#6655 = CARTESIAN_POINT ( 'NONE',  ( 40.58314131358760335, -6.340630059754228220, 309.1853510374405687 ) ) ;
#6656 = CARTESIAN_POINT ( 'NONE',  ( -34.74398796772088360, 90.97589098158741194, 251.6080655741938585 ) ) ;
#6657 = CARTESIAN_POINT ( 'NONE',  ( 6.615499055743740087, 94.72692958404188346, 186.2282798584779471 ) ) ;
#6658 = CARTESIAN_POINT ( 'NONE',  ( -55.16715119996527505, -2.509351106467649473, 174.9349296488375387 ) ) ;
#6659 = CARTESIAN_POINT ( 'NONE',  ( 24.64035926577686553, 85.90188585399489796, 165.7654460854154195 ) ) ;
#6660 = CARTESIAN_POINT ( 'NONE',  ( 38.39729738111672219, 73.51304021904127239, 178.1269124689979719 ) ) ;
#6661 = CARTESIAN_POINT ( 'NONE',  ( -4.315972463396706260, 111.9264249699713503, 309.3069692714477128 ) ) ;
#6662 = CARTESIAN_POINT ( 'NONE',  ( -36.94988337622576324, -14.18024447757694340, 10.00000000000000178 ) ) ;
#6663 = CARTESIAN_POINT ( 'NONE',  ( -49.69576777236998311, 28.81531465514443369, 120.0000000000000142 ) ) ;
#6664 = CARTESIAN_POINT ( 'NONE',  ( -19.78815078269127170, 96.37773382686131640, 390.7956900492628165 ) ) ;
#6665 = CARTESIAN_POINT ( 'NONE',  ( 7.108585503518783710, -51.58846227470526458, 221.5348299627981703 ) ) ;
#6666 = CARTESIAN_POINT ( 'NONE',  ( -47.22648301004725369, 18.44997667373677785, 266.2095035247426154 ) ) ;
#6667 = CARTESIAN_POINT ( 'NONE',  ( 48.06049010221069295, 38.51954016878779896, 118.9371038936319565 ) ) ;
#6668 = FACE_OUTER_BOUND ( 'NONE', #7183, .T. ) ;
#6669 = CARTESIAN_POINT ( 'NONE',  ( -2.149444958817648299, -41.48690857944581722, 320.9761116345891878 ) ) ;
#6670 = CARTESIAN_POINT ( 'NONE',  ( -38.63994489725425296, 69.68376866465244746, 153.3383579469405333 ) ) ;
#6671 = CARTESIAN_POINT ( 'NONE',  ( 55.06818507497453652, -0.6667840732742152943, 106.4749923987092899 ) ) ;
#6672 = CARTESIAN_POINT ( 'NONE',  ( -48.30980686918767475, 56.90479038402592238, 221.5649520357075630 ) ) ;
#6673 = CARTESIAN_POINT ( 'NONE',  ( 37.30859453507278545, 64.32863726323265041, 95.91574891239194756 ) ) ;
#6674 = CARTESIAN_POINT ( 'NONE',  ( 9.422198324895489918, 89.61000411045463920, 159.7350253899931545 ) ) ;
#6675 = CARTESIAN_POINT ( 'NONE',  ( 17.32654004859512398, 35.28083778521709490, 9.999999999999998224 ) ) ;
#6676 = CARTESIAN_POINT ( 'NONE',  ( -1.800477785228092875, 97.36796292696647015, 178.6411139798959766 ) ) ;
#6677 = CARTESIAN_POINT ( 'NONE',  ( 0.5062636870534272804, 97.50932227321871437, 179.3738708389336978 ) ) ;
#6678 = CARTESIAN_POINT ( 'NONE',  ( -43.75268856613767099, 62.40978287188941920, 187.6833065980598008 ) ) ;
#6679 = CARTESIAN_POINT ( 'NONE',  ( 52.69580721207303498, 23.14111823609577812, 95.91789738967905521 ) ) ;
#6680 = CARTESIAN_POINT ( 'NONE',  ( -8.400655820325152234, 86.04168336849774334, 141.7538537458244718 ) ) ;
#6681 = CARTESIAN_POINT ( 'NONE',  ( 39.51842698025227918, -32.77656021831736410, 266.5057914284956269 ) ) ;
#6682 = CARTESIAN_POINT ( 'NONE',  ( -2.699453549447483169, 97.42858801215646736, 179.1667480938345136 ) ) ;
#6683 = CARTESIAN_POINT ( 'NONE',  ( 0.8156373678354608137, 83.71986271976525984, 130.3011341093877320 ) ) ;
#6684 = CARTESIAN_POINT ( 'NONE',  ( -27.61600202523867864, -46.35352668173857182, 236.2471137054183998 ) ) ;
#6685 = ORIENTED_EDGE ( 'NONE', *, *, #2820, .T. ) ;
#6686 = CARTESIAN_POINT ( 'NONE',  ( -48.27926517605873613, 41.82842494932189226, 184.2879833401046596 ) ) ;
#6687 = CARTESIAN_POINT ( 'NONE',  ( -30.13653549008720134, 84.81434285651614857, 184.7563082156291614 ) ) ;
#6688 = CARTESIAN_POINT ( 'NONE',  ( 9.450897867443625699, -6.630376324146094014, 409.0779284778318470 ) ) ;
#6689 = CARTESIAN_POINT ( 'NONE',  ( -25.44340331845632619, 91.97056133792706589, 321.1400265303479955 ) ) ;
#6690 = CARTESIAN_POINT ( 'NONE',  ( 0.1685622607409392182, 94.04758353641311430, 160.6900679399819865 ) ) ;
#6691 = CARTESIAN_POINT ( 'NONE',  ( -54.33605767996435532, -2.430861836592444813, 192.3477106230807863 ) ) ;
#6692 = CARTESIAN_POINT ( 'NONE',  ( 28.53502491026118193, 76.23237128706351484, 130.1995125660070300 ) ) ;
#6693 = CARTESIAN_POINT ( 'NONE',  ( 38.58194232005721602, 65.68286260120102327, 129.9645089919216048 ) ) ;
#6694 = CARTESIAN_POINT ( 'NONE',  ( -5.421227344103089152, 102.3717906167731542, 211.2204670723332640 ) ) ;
#6695 = CARTESIAN_POINT ( 'NONE',  ( -53.93841309625607749, -22.78503734964061778, 106.4728591319141628 ) ) ;
#6696 = DIRECTION ( 'NONE',  ( 5.602867245962734761E-30, -0.9812926639922453509, 0.1925219665259060575 ) ) ;
#6697 = CARTESIAN_POINT ( 'NONE',  ( -21.23951168041989490, 101.3752840621368563, 320.9607903728701785 ) ) ;
#6698 = CARTESIAN_POINT ( 'NONE',  ( 2.837047195623215057, -28.14814678199874010, 403.4141533273362938 ) ) ;
#6699 = CARTESIAN_POINT ( 'NONE',  ( -39.07135763585191057, 18.21393817808034754, 309.1944200641572706 ) ) ;
#6700 = CARTESIAN_POINT ( 'NONE',  ( 34.64290047557454955, 80.24484447614793226, 187.9304444429724867 ) ) ;
#6701 = CARTESIAN_POINT ( 'NONE',  ( 49.45956936554014760, 34.69204588963603442, 171.4777603066036988 ) ) ;
#6702 = CARTESIAN_POINT ( 'NONE',  ( -0.8880413588170005257, 96.49201610605884127, 179.5247749390744900 ) ) ;
#6703 = CARTESIAN_POINT ( 'NONE',  ( -7.294455116933558081, -54.22601187904569997, 95.91164295319332211 ) ) ;
#6704 = CARTESIAN_POINT ( 'NONE',  ( 42.89866677384057425, -3.773409384126030996, 296.6523999009182262 ) ) ;
#6705 = CARTESIAN_POINT ( 'NONE',  ( -0.5000000000000073275, 93.25755166443107669, 161.8648835697545110 ) ) ;
#6706 = CARTESIAN_POINT ( 'NONE',  ( -46.92827751025426863, 64.63670587781983556, 192.3707664564144864 ) ) ;
#6707 = ADVANCED_FACE ( 'NONE', ( #5212 ), #3692, .T. ) ;
#6708 = CARTESIAN_POINT ( 'NONE',  ( 32.46490322674036122, 56.32352007971361019, 60.96333779806906250 ) ) ;
#6709 = CARTESIAN_POINT ( 'NONE',  ( 10.36752893294840128, 85.78297309146272198, 141.7480047315527258 ) ) ;
#6710 = CARTESIAN_POINT ( 'NONE',  ( 29.74965023833557254, 73.75301923896574863, 106.4381105177280347 ) ) ;
#6711 = CARTESIAN_POINT ( 'NONE',  ( 44.26197845202495529, 60.80777532473499747, 190.9707148541761796 ) ) ;
#6712 = CARTESIAN_POINT ( 'NONE',  ( 0.000000000000000000, 102.5138913959915783, 211.2204768672874309 ) ) ;
#6713 = ORIENTED_EDGE ( 'NONE', *, *, #1527, .F. ) ;
#6714 = CARTESIAN_POINT ( 'NONE',  ( -42.30784939550798640, 66.62752602225447163, 191.0293454368530490 ) ) ;
#6715 = CARTESIAN_POINT ( 'NONE',  ( 54.55795246661001840, 19.84954235937014744, 125.3198407787387509 ) ) ;
#6716 = CARTESIAN_POINT ( 'NONE',  ( -11.20011570252887978, 83.01205074087972946, 130.3690876536128656 ) ) ;
#6717 = CARTESIAN_POINT ( 'NONE',  ( 17.04426550751732705, -20.25389168816818852, 395.1694972106601540 ) ) ;
#6718 = CARTESIAN_POINT ( 'NONE',  ( -1.698631977781032365, 90.80143380647110973, 162.9349700586461722 ) ) ;
#6719 = CARTESIAN_POINT ( 'NONE',  ( 20.29149846066628271, 39.51805268472739385, 17.20420638519892975 ) ) ;
#6720 = CARTESIAN_POINT ( 'NONE',  ( -15.35169374736705805, 97.73179170558650242, 191.3321778681275873 ) ) ;
#6721 = CARTESIAN_POINT ( 'NONE',  ( -6.653954257080989088, -29.34135037536032087, 391.9581800636833577 ) ) ;
#6722 = EDGE_LOOP ( 'NONE', ( #2089, #6034, #6988, #5343 ) ) ;
#6723 = CARTESIAN_POINT ( 'NONE',  ( -48.44261805952221778, 39.60414696384544442, 129.7004368388708997 ) ) ;
#6724 = CARTESIAN_POINT ( 'NONE',  ( -30.05929010371010790, 85.34026382108189068, 188.0210731092157914 ) ) ;
#6725 = CARTESIAN_POINT ( 'NONE',  ( 55.32701486754594100, -6.602804974401107252, 174.9348987199571752 ) ) ;
#6726 = CARTESIAN_POINT ( 'NONE',  ( -32.19565720600628822, 86.95653885710478903, 297.5691759595453618 ) ) ;
#6727 = EDGE_CURVE ( 'NONE', #4391, #1056, #823, .T. ) ;
#6728 = CARTESIAN_POINT ( 'NONE',  ( -36.30144126655077486, 71.82649003169275659, 120.0000000000000000 ) ) ;
#6729 = CARTESIAN_POINT ( 'NONE',  ( -33.88285192895106235, -2.527735841406076212, 338.8985694783581835 ) ) ;
#6730 = CARTESIAN_POINT ( 'NONE',  ( 38.96051646275007840, 67.29561587410150025, 141.3371085160563894 ) ) ;
#6731 = CARTESIAN_POINT ( 'NONE',  ( -10.83233969770155625, 98.93591998410435906, 192.3907531197693572 ) ) ;
#6732 = CARTESIAN_POINT ( 'NONE',  ( -53.13400347411742786, -17.02376125221865877, 201.7391832395782103 ) ) ;
#6733 = CARTESIAN_POINT ( 'NONE',  ( -26.63511516660856770, 74.91248726345065734, 120.0000000000000284 ) ) ;
#6734 = CARTESIAN_POINT ( 'NONE',  ( -23.41826700613355783, 101.9100176553720019, 283.5985613071160287 ) ) ;
#6735 = CARTESIAN_POINT ( 'NONE',  ( 3.170806626810142692, -33.61970539896461929, 373.0976775988401073 ) ) ;
#6736 = CARTESIAN_POINT ( 'NONE',  ( -39.21964169347970142, 8.684385459207861757, 17.36266684596982302 ) ) ;
#6737 = CARTESIAN_POINT ( 'NONE',  ( 34.71440454334006631, 79.73821733714569859, 184.6641923238025811 ) ) ;
#6738 = CARTESIAN_POINT ( 'NONE',  ( 28.19649472005364643, 91.76593426476220827, 190.5529189865284820 ) ) ;
#6739 = CARTESIAN_POINT ( 'NONE',  ( 0.6727307102195068111, 94.04522384019341530, 160.6905373182784729 ) ) ;
#6740 = CARTESIAN_POINT ( 'NONE',  ( -2.277844224798792006, -44.39780077475531783, 297.8463929481632704 ) ) ;
#6741 = CARTESIAN_POINT ( 'NONE',  ( 55.92973637764376349, -2.603946628213003933, 149.0515242256481372 ) ) ;
#6742 = CARTESIAN_POINT ( 'NONE',  ( -3.036466787284048063, 94.47427980624667043, 163.1572553380290174 ) ) ;
#6743 = CARTESIAN_POINT ( 'NONE',  ( -22.60891924985031309, 59.71032824636433389, 356.6258084329347184 ) ) ;
#6744 = CARTESIAN_POINT ( 'NONE',  ( 10.05038579194489579, 70.68800456558881251, 392.6240025159520428 ) ) ;
#6745 = EDGE_CURVE ( 'NONE', #7154, #2925, #733, .T. ) ;
#6746 = CARTESIAN_POINT ( 'NONE',  ( 17.74391418465200587, 40.78159070478828596, 17.19410021733877514 ) ) ;
#6747 = CARTESIAN_POINT ( 'NONE',  ( 44.19624753370467118, 58.41648234991329502, 153.1860525963685120 ) ) ;
#6748 = CARTESIAN_POINT ( 'NONE',  ( 53.17414353511385627, 30.88899763934704978, 181.3974299947533098 ) ) ;
#6749 = ORIENTED_EDGE ( 'NONE', *, *, #4994, .T. ) ;
#6750 = CARTESIAN_POINT ( 'NONE',  ( -40.32308346619577577, 71.23988141565078536, 191.0890840627642149 ) ) ;
#6751 = CARTESIAN_POINT ( 'NONE',  ( 32.56694944330950392, 7.760619002982344306, 338.7901106084835305 ) ) ;
#6752 = ORIENTED_EDGE ( 'NONE', *, *, #2963, .T. ) ;
#6753 = CARTESIAN_POINT ( 'NONE',  ( -49.20468067135770696, 34.17745294362699582, 182.9792587661318350 ) ) ;
#6754 = CARTESIAN_POINT ( 'NONE',  ( 20.88924587872852001, -30.27925202095545743, 356.4816398571844616 ) ) ;
#6755 = CARTESIAN_POINT ( 'NONE',  ( -3.038286613341346420, 97.25666421611776968, 178.2538664262958434 ) ) ;
#6756 = CARTESIAN_POINT ( 'NONE',  ( 32.62699455477484634, 93.57277667424875744, 251.6411067150267513 ) ) ;
#6757 = FACE_OUTER_BOUND ( 'NONE', #5489, .T. ) ;
#6758 = CARTESIAN_POINT ( 'NONE',  ( -11.57478406612963440, -40.42895401719788850, 321.1027311457725091 ) ) ;
#6759 = ORIENTED_EDGE ( 'NONE', *, *, #1792, .T. ) ;
#6760 = CARTESIAN_POINT ( 'NONE',  ( -47.53256306528688668, 47.24107588542047154, 174.6798940496119883 ) ) ;
#6761 = CARTESIAN_POINT ( 'NONE',  ( 48.38750450243541223, 44.15798751594012117, 95.91693488816352442 ) ) ;
#6762 = CARTESIAN_POINT ( 'NONE',  ( -28.70699239320899920, 86.53556068595449347, 188.0431039274654950 ) ) ;
#6763 = CARTESIAN_POINT ( 'NONE',  ( 54.60752785499584405, -6.602985082792540261, 95.91851009984731036 ) ) ;
#6764 = CARTESIAN_POINT ( 'NONE',  ( -23.67820652331032960, 31.01273538854801615, 9.999999999999987566 ) ) ;
#6765 = CARTESIAN_POINT ( 'NONE',  ( -50.32992135438949788, 45.24794235772481699, 120.0000000000000284 ) ) ;
#6766 = CARTESIAN_POINT ( 'NONE',  ( -50.99211171418993871, -5.178879092419948371, 235.9983454327831964 ) ) ;
#6767 = CARTESIAN_POINT ( 'NONE',  ( 39.06425237727904687, 73.41705684784190566, 187.8235531709518398 ) ) ;
#6768 = CARTESIAN_POINT ( 'NONE',  ( -8.516755323339712191, 38.24380136745179470, 9.999999999999992895 ) ) ;
#6769 = CARTESIAN_POINT ( 'NONE',  ( -39.51842698025227918, -32.77656021831736410, 266.5057914284956269 ) ) ;
#6770 = DIRECTION ( 'NONE',  ( 0.000000000000000000, 0.1925219665259060298, 0.9812926639922454619 ) ) ;
#6771 = CARTESIAN_POINT ( 'NONE',  ( -17.74391418465200587, 40.78159070478828596, 17.19410021733877514 ) ) ;
#6772 = CARTESIAN_POINT ( 'NONE',  ( 7.242624897172640352, -52.28073218356374241, 211.1925318823869020 ) ) ;
#6773 = CARTESIAN_POINT ( 'NONE',  ( -54.74136690963599960, 6.076549765076105558, 106.4739534392445961 ) ) ;
#6774 = CARTESIAN_POINT ( 'NONE',  ( 33.81612457946299344, 78.11873185184772694, 165.5929516690034689 ) ) ;
#6775 = CARTESIAN_POINT ( 'NONE',  ( 52.29208774871610643, 39.13828724792148250, 183.6787082360499994 ) ) ;
#6776 = CARTESIAN_POINT ( 'NONE',  ( -55.23342831807677555, -6.601006543191121345, 106.4752925735672449 ) ) ;
#6777 = CARTESIAN_POINT ( 'NONE',  ( 43.31607478207504158, 63.64497556217320096, 186.8797660415519033 ) ) ;
#6778 = CARTESIAN_POINT ( 'NONE',  ( -4.579321043888742615, -50.55581858949593510, 236.3580561766070502 ) ) ;
#6779 = CARTESIAN_POINT ( 'NONE',  ( 53.17236517019791364, -2.328851787389715433, 211.2173055348805804 ) ) ;
#6780 = CARTESIAN_POINT ( 'NONE',  ( 1.960170158800770057, 93.42094542241706279, 162.9588810752809991 ) ) ;
#6781 = CARTESIAN_POINT ( 'NONE',  ( -44.73795073683756129, 69.63358936272844346, 236.2817962083018699 ) ) ;
#6782 = CARTESIAN_POINT ( 'NONE',  ( 42.63671776123251078, 76.22344487085828746, 236.3198685812823499 ) ) ;
#6783 = CARTESIAN_POINT ( 'NONE',  ( 46.47668618748375735, 51.70988280612687760, 159.1187291797170644 ) ) ;
#6784 = CARTESIAN_POINT ( 'NONE',  ( 0.000000000000000000, 44.21636641687423008, 17.16247404122409037 ) ) ;
#6785 = CARTESIAN_POINT ( 'NONE',  ( -0.8380832787380302351, 94.04429260798373491, 160.6907225455487378 ) ) ;
#6786 = CARTESIAN_POINT ( 'NONE',  ( -41.20824630193268945, 66.10626516127743457, 159.2654967807622768 ) ) ;
#6787 = CARTESIAN_POINT ( 'NONE',  ( 7.300917271894824978, 8.461803804137028706, 405.8077913600234297 ) ) ;
#6788 = CARTESIAN_POINT ( 'NONE',  ( -2.218746323332354997, 83.83837160416707945, 130.3799267475536112 ) ) ;
#6789 = CARTESIAN_POINT ( 'NONE',  ( 11.23459225180336318, -20.37521825269859477, 409.0779284778303690 ) ) ;
#6790 = CARTESIAN_POINT ( 'NONE',  ( 34.23491259592739056, 73.78778737207744598, 120.0000000000000000 ) ) ;
#6791 = CARTESIAN_POINT ( 'NONE',  ( 33.14203216115605954, 87.98592762996698013, 192.3833585367695491 ) ) ;
#6792 = DIRECTION ( 'NONE',  ( 1.000000000000000000, -1.391551562390515095E-16, -7.092797587629866267E-16 ) ) ;
#6793 = CARTESIAN_POINT ( 'NONE',  ( -6.112347877062834556, -27.03407736614546764, 403.5548873863585868 ) ) ;
#6794 = ORIENTED_EDGE ( 'NONE', *, *, #2289, .T. ) ;
#6795 = CARTESIAN_POINT ( 'NONE',  ( -47.38698139449257241, 47.32755684559957388, 153.1008309781079788 ) ) ;
#6796 = CARTESIAN_POINT ( 'NONE',  ( 35.68448203293556986, 59.94976216942366420, 309.2353357703608481 ) ) ;
#6797 = CARTESIAN_POINT ( 'NONE',  ( -24.45179665246645939, 81.35983654345439220, 141.6491178221903056 ) ) ;
#6798 = CARTESIAN_POINT ( 'NONE',  ( 18.25862263015162767, -10.57948356840636706, 397.3934010520585502 ) ) ;
#6799 = CARTESIAN_POINT ( 'NONE',  ( -26.67976758179353070, 34.80898646091281279, 17.23558942435739993 ) ) ;
#6800 = CARTESIAN_POINT ( 'NONE',  ( -7.946428739083892800, 94.45973366132490412, 185.5673568338704911 ) ) ;
#6801 = CARTESIAN_POINT ( 'NONE',  ( -40.58130672043027687, -5.802917149096558980, 309.1853665976517505 ) ) ;
#6802 = CARTESIAN_POINT ( 'NONE',  ( 38.91285473450872701, 71.07210950326518173, 165.4755779903765358 ) ) ;
#6803 = CARTESIAN_POINT ( 'NONE',  ( -6.841799772672400692, 43.80795613496468377, 17.16613675703128550 ) ) ;
#6804 = CARTESIAN_POINT ( 'NONE',  ( -21.52397368388716359, -23.22045527268080889, 377.2218700236675772 ) ) ;
#6805 = CARTESIAN_POINT ( 'NONE',  ( -0.5057420188709553788, 94.04616428497627112, 160.6903502493981080 ) ) ;
#6806 = CARTESIAN_POINT ( 'NONE',  ( -35.21464142545634246, 74.41801766961005171, 153.4174134366532485 ) ) ;
#6807 = CARTESIAN_POINT ( 'NONE',  ( -18.42512312564783272, 89.08269247613822017, 391.1249797087298816 ) ) ;
#6808 = CARTESIAN_POINT ( 'NONE',  ( 10.09171726141619096, -47.43112126551242369, 34.32335593399706397 ) ) ;
#6809 = CARTESIAN_POINT ( 'NONE',  ( -45.84628360621288579, 2.645876161464983944, 34.38649416360274813 ) ) ;
#6810 = CARTESIAN_POINT ( 'NONE',  ( 33.91271015747271633, 80.30864834987359302, 181.4553819267657389 ) ) ;
#6811 = CARTESIAN_POINT ( 'NONE',  ( 50.66653827868795901, 24.88360732069508074, 141.0267030281628422 ) ) ;
#6812 = CARTESIAN_POINT ( 'NONE',  ( -46.25621272292480057, -6.383648617673992831, 34.40075853113152959 ) ) ;
#6813 = CARTESIAN_POINT ( 'NONE',  ( 2.700814380291732153, 94.24588435948717802, 161.9220782050905996 ) ) ;
#6814 = CARTESIAN_POINT ( 'NONE',  ( -1.053052637887983645, -47.77231239940648777, 267.3975316513553366 ) ) ;
#6815 = CARTESIAN_POINT ( 'NONE',  ( 21.57454147650843979, -3.231631090555954877, 380.0691435206085202 ) ) ;
#6816 = CARTESIAN_POINT ( 'NONE',  ( 0.9833010827499910622, 93.26424244529363250, 161.9416284322891784 ) ) ;
#6817 = CARTESIAN_POINT ( 'NONE',  ( -47.30903502164390062, 29.55385884981798483, 61.04745043982720176 ) ) ;
#6818 = CARTESIAN_POINT ( 'NONE',  ( 40.35171159620511361, 81.29509940040917115, 221.5923830886852386 ) ) ;
#6819 = CARTESIAN_POINT ( 'NONE',  ( 46.47730602158468827, 51.11257803353385043, 153.1238333819036654 ) ) ;
#6820 = CARTESIAN_POINT ( 'NONE',  ( 52.82489114916437956, 34.16860959118097441, 182.9771099948600579 ) ) ;
#6821 = CARTESIAN_POINT ( 'NONE',  ( -42.67902729239433768, 65.43200796030059507, 187.1131877888462611 ) ) ;
#6822 = CARTESIAN_POINT ( 'NONE',  ( -39.30190706624068042, 64.60203483291141424, 129.9481560817022512 ) ) ;
#6823 = CARTESIAN_POINT ( 'NONE',  ( 54.94641901291687702, 14.51867888629100456, 125.3217742706964941 ) ) ;
#6824 = ORIENTED_EDGE ( 'NONE', *, *, #3174, .T. ) ;
#6825 = CARTESIAN_POINT ( 'NONE',  ( -6.325350819793740698, 93.99003618126599235, 181.7543095003452152 ) ) ;
#6826 = CARTESIAN_POINT ( 'NONE',  ( 35.51058463742986504, -47.66345437325118439, 175.0000903955842091 ) ) ;
#6827 = CARTESIAN_POINT ( 'NONE',  ( 40.45931023273829652, 66.98708444940551487, 120.0000000000000568 ) ) ;
#6828 = CARTESIAN_POINT ( 'NONE',  ( 18.46168286918542378, 34.68130976356373196, 9.999999999999998224 ) ) ;
#6829 = CARTESIAN_POINT ( 'NONE',  ( 19.46430644549192124, 78.27007486212355047, 120.0000000000000142 ) ) ;
#6830 = CARTESIAN_POINT ( 'NONE',  ( -11.33694322187388615, -31.29984670399591806, 374.1151337337796576 ) ) ;
#6831 = VERTEX_POINT ( 'NONE', #3459 ) ;
#6832 = CARTESIAN_POINT ( 'NONE',  ( -47.45702738118968966, 47.51076650326717044, 177.8672083286458019 ) ) ;
#6833 = CARTESIAN_POINT ( 'NONE',  ( 48.85985849388055868, 55.89683446289389934, 211.2185997944496592 ) ) ;
#6834 = CARTESIAN_POINT ( 'NONE',  ( -24.44700845056278027, 88.61437527908648804, 181.6217929093483292 ) ) ;
#6835 = CARTESIAN_POINT ( 'NONE',  ( 42.72730732956232202, -8.168101842121428646, 296.6507919032117684 ) ) ;
#6836 = CARTESIAN_POINT ( 'NONE',  ( -25.01256157150197268, 36.29937112354632234, 17.22611734552172891 ) ) ;
#6837 = VECTOR ( 'NONE', #5833, 1000.000000000000000 ) ;
#6838 = CARTESIAN_POINT ( 'NONE',  ( 0.000000000000000000, 94.04758353641027213, 160.6900679399675766 ) ) ;
#6839 = CARTESIAN_POINT ( 'NONE',  ( -54.59648486690694114, -5.105454710055357559, 95.91850792942825876 ) ) ;
#6840 = CARTESIAN_POINT ( 'NONE',  ( 39.01259931763986799, 72.46806391979943385, 178.1110069372284954 ) ) ;
#6841 = CARTESIAN_POINT ( 'NONE',  ( -15.04183034435971855, 98.01952586339622542, 192.3899880554668016 ) ) ;
#6842 = CARTESIAN_POINT ( 'NONE',  ( -12.48533750611587223, -15.90385599061559496, 409.0779284778325291 ) ) ;
#6843 = LINE ( 'NONE', #6924, #4118 ) ;
#6844 = CARTESIAN_POINT ( 'NONE',  ( -35.23975968720996121, 76.39164785999354024, 165.5605339195040813 ) ) ;
#6845 = CARTESIAN_POINT ( 'NONE',  ( -31.72126840173047313, 86.85945032912920283, 174.9442796534904119 ) ) ;
#6846 = CARTESIAN_POINT ( 'NONE',  ( 4.416867084770659702, -49.23159169255457357, 251.6441013043655346 ) ) ;
#6847 = CARTESIAN_POINT ( 'NONE',  ( -4.880880583966709985, 1.472894287428911708, 409.0779284778315628 ) ) ;
#6848 = CARTESIAN_POINT ( 'NONE',  ( 10.39745526959413802, 88.24377432231382556, 153.7376160582194586 ) ) ;
#6849 = CARTESIAN_POINT ( 'NONE',  ( 34.48869472930306301, 79.59708020847401144, 181.4426170826581313 ) ) ;
#6850 = CARTESIAN_POINT ( 'NONE',  ( 13.55876401977821644, 98.14242696862096693, 191.3858149486296441 ) ) ;
#6851 = CARTESIAN_POINT ( 'NONE',  ( -23.43233451584169202, -6.709742368002325819, 380.0938751272109926 ) ) ;
#6852 = CARTESIAN_POINT ( 'NONE',  ( 1.266694257965182979, 94.27301211291036509, 161.8764594234494041 ) ) ;
#6853 = CARTESIAN_POINT ( 'NONE',  ( -0.9732328113256151214, -47.92628355087512659, 34.31801968266389480 ) ) ;
#6854 = CARTESIAN_POINT ( 'NONE',  ( 54.33605767996435532, -2.430861836592444813, 192.3477106230807863 ) ) ;
#6855 = DIRECTION ( 'NONE',  ( 1.000000000000000000, 0.000000000000000000, 0.000000000000000000 ) ) ;
#6856 = CARTESIAN_POINT ( 'NONE',  ( -17.66276167086731519, 40.03734164848755483, 377.5496350749327803 ) ) ;
#6857 = CARTESIAN_POINT ( 'NONE',  ( 25.32534655339211938, 29.47446468552367449, 10.00000000000000000 ) ) ;
#6858 = CARTESIAN_POINT ( 'NONE',  ( 47.10358486816588908, 49.37866186831795545, 165.2475424753673963 ) ) ;
#6859 = CARTESIAN_POINT ( 'NONE',  ( 53.14939801856781543, 31.11757846573028274, 181.5624861712362303 ) ) ;
#6860 = CARTESIAN_POINT ( 'NONE',  ( 1.491121751102785220, 93.89945199738986048, 179.7052004242958390 ) ) ;
#6861 = CARTESIAN_POINT ( 'NONE',  ( -41.12614674726572872, 63.62891410151692639, 141.2810553472573645 ) ) ;
#6862 = CARTESIAN_POINT ( 'NONE',  ( 54.54256619498364245, 9.487386946559070111, 106.4731826001435024 ) ) ;
#6863 = ORIENTED_EDGE ( 'NONE', *, *, #2788, .F. ) ;
#6864 = CARTESIAN_POINT ( 'NONE',  ( -4.342580067150224821, 91.32553354305493087, 165.8939966374026938 ) ) ;
#6865 = CARTESIAN_POINT ( 'NONE',  ( 39.27525082723539640, -44.14926309889921185, 192.3974927658011040 ) ) ;
#6866 = CARTESIAN_POINT ( 'NONE',  ( -0.4999999999999904521, 112.2674004603282469, 174.9498550544238356 ) ) ;
#6867 = CARTESIAN_POINT ( 'NONE',  ( 24.51324036979135101, 94.49722811776791787, 321.0911010022998084 ) ) ;
#6868 = CARTESIAN_POINT ( 'NONE',  ( 0.000000000000000000, 93.57970969347572066, 158.3145944284812288 ) ) ;
#6869 = CARTESIAN_POINT ( 'NONE',  ( -16.39502008705262881, -44.54234491376151794, 283.3699090161411505 ) ) ;
#6870 = ORIENTED_EDGE ( 'NONE', *, *, #1527, .T. ) ;
#6871 = CARTESIAN_POINT ( 'NONE',  ( -47.59443572759030872, 46.97443992272705771, 171.5304916173741674 ) ) ;
#6872 = CARTESIAN_POINT ( 'NONE',  ( 17.01694945280587135, 52.07942224627564087, 376.4268705064285427 ) ) ;
#6873 = CARTESIAN_POINT ( 'NONE',  ( -21.00350525385496425, 91.89892479831965488, 191.4494390075516890 ) ) ;
#6874 = CARTESIAN_POINT ( 'NONE',  ( 42.56251616080142242, -10.91310051774627432, 296.6601639978746334 ) ) ;
#6875 = CARTESIAN_POINT ( 'NONE',  ( -5.000000000000000888, 69.81523483854793710, 409.0779284778315628 ) ) ;
#6876 = CARTESIAN_POINT ( 'NONE',  ( 0.4999999999999863443, 93.25755166443106248, 161.8648835697545394 ) ) ;
#6877 = CARTESIAN_POINT ( 'NONE',  ( -53.55332400343804977, -5.160895536738340006, 82.46847511147034027 ) ) ;
#6878 = CARTESIAN_POINT ( 'NONE',  ( 41.08444158393829326, 68.16753067459323745, 174.8639652100083879 ) ) ;
#6879 = CARTESIAN_POINT ( 'NONE',  ( -14.30626260628566904, 79.93169766535595500, 106.4324251587397612 ) ) ;
#6880 = CARTESIAN_POINT ( 'NONE',  ( -32.22087439635961914, -23.16949445140409480, 338.1418944051917492 ) ) ;
#6881 = VERTEX_POINT ( 'NONE', #1738 ) ;
#6882 = CARTESIAN_POINT ( 'NONE',  ( -2.319615833345588740, 83.00713624293385351, 127.3837735684064683 ) ) ;
#6883 = CARTESIAN_POINT ( 'NONE',  ( -34.63438065035715852, 80.25593570874519855, 187.9307345605378998 ) ) ;
#6884 = CARTESIAN_POINT ( 'NONE',  ( -31.71773244107405887, 82.50805170409937261, 149.0244955398865443 ) ) ;
#6885 = CARTESIAN_POINT ( 'NONE',  ( 2.576730528929166653, -51.85870406261567922, 61.09562901992813977 ) ) ;
#6886 = CARTESIAN_POINT ( 'NONE',  ( -39.91874722076038040, 6.262376983311979117, 309.1881451167366208 ) ) ;
#6887 = CARTESIAN_POINT ( 'NONE',  ( 19.60977683030839103, 89.95167836450391974, 175.2706699707474343 ) ) ;
#6888 = CARTESIAN_POINT ( 'NONE',  ( 37.08024384280665942, 76.77812272698760410, 187.8759774710091790 ) ) ;
#6889 = CARTESIAN_POINT ( 'NONE',  ( 50.48241822677096025, 25.75409017989080951, 159.0122604730255773 ) ) ;
#6890 = CARTESIAN_POINT ( 'NONE',  ( -52.25396733722869413, -6.612042309701993581, 221.5227867090615348 ) ) ;
#6891 = CARTESIAN_POINT ( 'NONE',  ( 2.969190795002150107, 94.35125371435307784, 162.5097780795195774 ) ) ;
#6892 = CARTESIAN_POINT ( 'NONE',  ( -0.9226100849970726436, -41.51396910380941563, 320.9723758423571667 ) ) ;
#6893 = CARTESIAN_POINT ( 'NONE',  ( 16.18877599945571077, -6.135064327980093601, 397.6353357116028633 ) ) ;
#6894 = CARTESIAN_POINT ( 'NONE',  ( 0.6980916626227614552, 96.50376464897017570, 179.5711534013936159 ) ) ;
#6895 = CARTESIAN_POINT ( 'NONE',  ( 33.38127958721489108, 80.48996266026951218, 178.2407658928865715 ) ) ;
#6896 = CARTESIAN_POINT ( 'NONE',  ( -42.80426965877578027, 47.31331191360531818, 282.6386352690501553 ) ) ;
#6897 = CARTESIAN_POINT ( 'NONE',  ( 38.30184225791245467, 84.97696430072946328, 251.5396930656709173 ) ) ;
#6898 = CARTESIAN_POINT ( 'NONE',  ( 46.11308963526565208, 53.83931364602417347, 181.1285434821199942 ) ) ;
#6899 = CARTESIAN_POINT ( 'NONE',  ( 8.294113013362347075, 111.6844666644203414, 320.7717496856966477 ) ) ;
#6900 = CARTESIAN_POINT ( 'NONE',  ( 0.5990423806838850451, 93.97465223105753296, 180.0673455305395123 ) ) ;
#6901 = EDGE_CURVE ( 'NONE', #6260, #6294, #1120, .T. ) ;
#6902 = CARTESIAN_POINT ( 'NONE',  ( -40.04971371072821995, 71.24025099694615903, 184.5316002880905728 ) ) ;
#6903 = CARTESIAN_POINT ( 'NONE',  ( 19.03795554514134025, 14.82636737648967262, 379.4283400332574274 ) ) ;
#6904 = ORIENTED_EDGE ( 'NONE', *, *, #7516, .T. ) ;
#6905 = CARTESIAN_POINT ( 'NONE',  ( 0.000000000000000000, 86.48971092332210731, 141.7601548360087520 ) ) ;
#6906 = CARTESIAN_POINT ( 'NONE',  ( 13.22448011375671761, -19.92701231880928248, 404.6769817629927957 ) ) ;
#6907 = CYLINDRICAL_SURFACE ( 'NONE', #3839, 1.500000000000012879 ) ;
#6908 = CARTESIAN_POINT ( 'NONE',  ( 18.62150499329587916, 103.3229898742605144, 353.5377868453520591 ) ) ;
#6909 = CARTESIAN_POINT ( 'NONE',  ( 0.3333353987592223011, 93.25849076869472754, 161.8646993248230785 ) ) ;
#6910 = CARTESIAN_POINT ( 'NONE',  ( -9.930022098126988439, -54.48334566419777047, 106.4493512920322473 ) ) ;
#6911 = EDGE_LOOP ( 'NONE', ( #4865, #2222, #717, #6187, #2131 ) ) ;
#6912 = CARTESIAN_POINT ( 'NONE',  ( -47.36759349064548275, 47.78515352255278970, 181.0924435398699757 ) ) ;
#6913 = CARTESIAN_POINT ( 'NONE',  ( 48.72147261076205638, 58.38475533444464105, 192.3676332164626217 ) ) ;
#6914 = CARTESIAN_POINT ( 'NONE',  ( -21.16040881688897457, 90.85081795235903712, 184.8870312320215135 ) ) ;
#6915 = CARTESIAN_POINT ( 'NONE',  ( 30.31161395342575204, -12.56933439469724512, 359.5858047390486263 ) ) ;
#6916 = CARTESIAN_POINT ( 'NONE',  ( -4.999999999999995559, 62.54111716964818868, 409.0779284778316764 ) ) ;
#6917 = B_SPLINE_CURVE_WITH_KNOTS ( 'NONE', 3,
 ( #6949, #5215, #3266, #5644, #4003, #5719, #7489, #5172, #6256, #2686, #5088, #5802, #3883, #6790, #7577, #6297, #974, #6827, #6219, #5131, #3385, #934, #5679, #3428, #354, #897, #2134, #5052, #3343, #7533, #1469, #2722, #2219, #2846 ),
 .UNSPECIFIED., .F., .F.,
 ( 4, 2, 2, 2, 2, 2, 2, 2, 2, 2, 2, 2, 2, 2, 2, 2, 4 ),
 ( 5.720981356574189015E-14, 0.01096257957861813612, 0.01644386936789860032, 0.02192515915717906452, 0.02740644894645952526, 0.03288773873573998946, 0.03562838363038020595, 0.03836902852502042244, 0.04385031831430084848, 0.04933160810358127452, 0.05207225299822150488, 0.05481289789286173525, 0.06577547747142258039, 0.06851612236606278994, 0.07125676726070299949, 0.07673805704998343247, 0.08770063662854427067 ),
 .UNSPECIFIED. ) ;
#6918 = CARTESIAN_POINT ( 'NONE',  ( 8.946430303705575682, 84.82032110446378681, 129.0661687858196842 ) ) ;
#6919 = CARTESIAN_POINT ( 'NONE',  ( -54.39280207165834469, -5.248918101624107990, 192.3476055095170807 ) ) ;
#6920 = CARTESIAN_POINT ( 'NONE',  ( 40.00618502486241823, 60.90911095542344356, 119.1645409033511385 ) ) ;
#6921 = CARTESIAN_POINT ( 'NONE',  ( -18.01952697559340066, 84.12944063669036154, 125.2788233586929749 ) ) ;
#6922 = CARTESIAN_POINT ( 'NONE',  ( -46.06458377756364797, -36.36839824077023309, 201.7429362006575673 ) ) ;
#6923 = ORIENTED_EDGE ( 'NONE', *, *, #3762, .T. ) ;
#6924 = CARTESIAN_POINT ( 'NONE',  ( 5.026073635634163154E-13, 83.82034560910882703, 134.3576760388327216 ) ) ;
#6925 = CARTESIAN_POINT ( 'NONE',  ( -36.33924588371613851, 74.94794886379818877, 165.5356997385430304 ) ) ;
#6926 = CARTESIAN_POINT ( 'NONE',  ( -19.02238089006189270, 40.18290070593162255, 17.19902550245420159 ) ) ;
#6927 = CARTESIAN_POINT ( 'NONE',  ( 1.217039077580357898, -53.05785347359048387, 201.7522587156810232 ) ) ;
#6928 = CARTESIAN_POINT ( 'NONE',  ( -52.35555930434267680, 5.977372304225366584, 221.5251464616521844 ) ) ;
#6929 = CARTESIAN_POINT ( 'NONE',  ( 19.63301896823319126, 85.94218210478422293, 153.6885416123184882 ) ) ;
#6930 = CARTESIAN_POINT ( 'NONE',  ( 36.25341986594185073, 76.39225957265078648, 174.9885391520826374 ) ) ;
#6931 = CARTESIAN_POINT ( 'NONE',  ( 1.999999999999997335, 112.2674004603282469, 174.9498550544238356 ) ) ;
#6932 = CARTESIAN_POINT ( 'NONE',  ( -16.51082527735587746, -6.579994903228536529, 397.6363265681047210 ) ) ;
#6933 = CARTESIAN_POINT ( 'NONE',  ( -0.7999048500538491480, -40.43807339941766088, 9.999999999999998224 ) ) ;
#6934 = CARTESIAN_POINT ( 'NONE',  ( 11.02122228260971148, -5.769970474066879795, 405.9653440898521808 ) ) ;
#6935 = CARTESIAN_POINT ( 'NONE',  ( 2.446430303705608544, 83.82034560910882703, 134.3576760388327216 ) ) ;
#6936 = EDGE_CURVE ( 'NONE', #1512, #711, #7120, .T. ) ;
#6937 = CARTESIAN_POINT ( 'NONE',  ( 30.31074678246872267, 83.23005613850499174, 175.1148326777332329 ) ) ;
#6938 = CARTESIAN_POINT ( 'NONE',  ( -23.94329863777483425, 42.60165058648324532, 357.8285716998943258 ) ) ;
#6939 = CARTESIAN_POINT ( 'NONE',  ( 34.16818497459771464, 39.95006829759443434, 34.11739089674451009 ) ) ;
#6940 = CARTESIAN_POINT ( 'NONE',  ( 48.23090105715996856, 42.42993730995656421, 141.0880223545539423 ) ) ;
#6941 = CARTESIAN_POINT ( 'NONE',  ( 4.760228615938128627, 108.8359205272448094, 267.6348099031594643 ) ) ;
#6942 = CARTESIAN_POINT ( 'NONE',  ( -6.946430303705576570, 82.85773577647930210, 129.4512127188714885 ) ) ;
#6943 = CARTESIAN_POINT ( 'NONE',  ( -38.63627774535716242, 73.11248940481141290, 178.1213665794807639 ) ) ;
#6944 = CARTESIAN_POINT ( 'NONE',  ( 54.83115611105644405, 4.371132744905328771, 106.4742753376999360 ) ) ;
#6945 = EDGE_CURVE ( 'NONE', #7081, #237, #1456, .T. ) ;
#6946 = CARTESIAN_POINT ( 'NONE',  ( -49.63018431642100126, 30.24479924491654259, 180.8719194357863387 ) ) ;
#6947 = CARTESIAN_POINT ( 'NONE',  ( 30.00921015918430967, -49.05615399652651831, 192.4159141348477817 ) ) ;
#6948 = CARTESIAN_POINT ( 'NONE',  ( 15.29830378656524204, 83.95077033315688197, 373.4479193365207266 ) ) ;
#6949 = CARTESIAN_POINT ( 'NONE',  ( 0.000000000000000000, 84.85777298089909948, 120.0000000015958506 ) ) ;
#6950 = CARTESIAN_POINT ( 'NONE',  ( 16.86111406771200549, 64.20439202885953023, 60.92819953871347138 ) ) ;
#6951 = CARTESIAN_POINT ( 'NONE',  ( 49.08431831770043630, 35.28856251571792768, 183.1758581061168911 ) ) ;
#6952 = ORIENTED_EDGE ( 'NONE', *, *, #95, .T. ) ;
#6953 = CARTESIAN_POINT ( 'NONE',  ( -45.14341464556151351, 57.45955157230115162, 177.9336553326353680 ) ) ;
#6954 = CARTESIAN_POINT ( 'NONE',  ( 7.036073936159557896, 35.72045551433386379, 405.0175480124228784 ) ) ;
#6955 = CARTESIAN_POINT ( 'NONE',  ( -21.27021410618585051, 89.77787746617676135, 178.4390101139500189 ) ) ;
#6956 = CARTESIAN_POINT ( 'NONE',  ( 48.15710821802984043, -16.24473466856665382, 250.8746812544798104 ) ) ;
#6957 = CARTESIAN_POINT ( 'NONE',  ( -39.03546664207393491, 72.57611113819305615, 283.0454161068720396 ) ) ;
#6958 = CARTESIAN_POINT ( 'NONE',  ( -0.3333358236618926274, 93.97629613567518447, 180.0670230092761130 ) ) ;
#6959 = CARTESIAN_POINT ( 'NONE',  ( -52.29861167526561161, -5.729493552835315029, 221.5228027656295353 ) ) ;
#6960 = EDGE_CURVE ( 'NONE', #440, #2532, #6021, .T. ) ;
#6961 = CARTESIAN_POINT ( 'NONE',  ( 40.32258097534748487, 66.90284455339639180, 153.2929091090772999 ) ) ;
#6962 = CARTESIAN_POINT ( 'NONE',  ( 14.85335222316819248, 84.94359829957943475, 125.2779647288901401 ) ) ;
#6963 = CARTESIAN_POINT ( 'NONE',  ( -10.21188983691131646, 37.86406561602583309, 9.999999999999992895 ) ) ;
#6964 = CARTESIAN_POINT ( 'NONE',  ( -34.78785974887372845, -46.90567950223356064, 192.4068496516668745 ) ) ;
#6965 = CARTESIAN_POINT ( 'NONE',  ( 8.543615007383966287, 82.74534806200071557, 128.2180747317699456 ) ) ;
#6966 = CARTESIAN_POINT ( 'NONE',  ( -36.72716668314231470, 76.11879560435207281, 178.1669551531139177 ) ) ;
#6967 = CARTESIAN_POINT ( 'NONE',  ( -24.97342314724765089, 93.25564319209817654, 321.1158905719347558 ) ) ;
#6968 = CARTESIAN_POINT ( 'NONE',  ( 2.075083960990001586, -39.49920103413424499, 335.5900574284863751 ) ) ;
#6969 = CARTESIAN_POINT ( 'NONE',  ( -47.86211181343607279, 2.828033218373551261, 266.1136827337720092 ) ) ;
#6970 = B_SPLINE_CURVE_WITH_KNOTS ( 'NONE', 3,
 ( #3817, #2510, #6657, #1481 ),
 .UNSPECIFIED., .F., .F.,
 ( 4, 4 ),
 ( 1.481031279455223204E-16, 0.003522060310536985483 ),
 .UNSPECIFIED. ) ;
#6971 = CARTESIAN_POINT ( 'NONE',  ( 14.13620133400068823, 92.74423189739492557, 181.7241513474241685 ) ) ;
#6972 = CARTESIAN_POINT ( 'NONE',  ( 35.71217996410332773, 77.14088157819094249, 175.0004370649825773 ) ) ;
#6973 = CARTESIAN_POINT ( 'NONE',  ( -5.444550662983409062, 95.98659516296633853, 185.9811432973699823 ) ) ;
#6974 = CARTESIAN_POINT ( 'NONE',  ( -50.76087498454309355, -8.417531247165385366, 235.9981479677553864 ) ) ;
#6975 = CARTESIAN_POINT ( 'NONE',  ( -1.137836804402037272, -50.61864019638241530, 236.3616521510632822 ) ) ;
#6976 = EDGE_CURVE ( 'NONE', #1056, #2388, #2211, .T. ) ;
#6977 = CARTESIAN_POINT ( 'NONE',  ( 54.39280207165834469, -5.248918101624107990, 192.3476055095170807 ) ) ;
#6978 = DIRECTION ( 'NONE',  ( 3.526633008609951085E-15, -0.1925219665259060853, -0.9812926639922453509 ) ) ;
#6979 = CARTESIAN_POINT ( 'NONE',  ( 31.88480668433021847, 83.91835956366242044, 191.2910548537604427 ) ) ;
#6980 = CARTESIAN_POINT ( 'NONE',  ( -42.07296872470030991, 23.79077414461788109, 34.26631120588811541 ) ) ;
#6981 = CARTESIAN_POINT ( 'NONE',  ( 47.55693021831975642, 59.81683989507677524, 149.0345229489985002 ) ) ;
#6982 = CARTESIAN_POINT ( 'NONE',  ( 48.07710212314124476, 43.63923625329769607, 181.0714024049782722 ) ) ;
#6983 = CARTESIAN_POINT ( 'NONE',  ( 0.7048442432696809812, 97.50799541016942840, 179.3732909840620096 ) ) ;
#6984 = CARTESIAN_POINT ( 'NONE',  ( 1.225955861159480964, 39.00533594361594680, 10.00000000000000000 ) ) ;
#6985 = CARTESIAN_POINT ( 'NONE',  ( -2.000167315988105710, 94.49299565537467060, 163.0550900910195082 ) ) ;
#6986 = CARTESIAN_POINT ( 'NONE',  ( -39.08307639451267335, 71.57972855673646961, 171.7719981545166661 ) ) ;
#6987 = CARTESIAN_POINT ( 'NONE',  ( 45.95100053034951770, 1.417004366451256825, 34.38992624270394316 ) ) ;
#6988 = ORIENTED_EDGE ( 'NONE', *, *, #4215, .T. ) ;
#6989 = CARTESIAN_POINT ( 'NONE',  ( -49.86010938815436333, 28.30837629863141558, 178.4634329994376571 ) ) ;
#6990 = CARTESIAN_POINT ( 'NONE',  ( 22.45741342551448128, -38.79919264584551541, 309.2689683197198178 ) ) ;
#6991 = CARTESIAN_POINT ( 'NONE',  ( 35.26354501835374577, 87.88505419592711121, 211.2197602364632303 ) ) ;
#6992 = CARTESIAN_POINT ( 'NONE',  ( -1.990281420559786740, 93.45666728000827561, 163.1541888061801728 ) ) ;
#6993 = CARTESIAN_POINT ( 'NONE',  ( 20.39298250971555859, 97.54897825839712766, 201.7343125678803517 ) ) ;
#6994 = B_SPLINE_CURVE_WITH_KNOTS ( 'NONE', 3,
 ( #1356, #5380, #2464, #6108, #6720, #4793, #6650, #3664, #3083, #6001, #4352, #7190, #7266, #2540, #1321, #3702, #136, #1830, #6146, #3005, #6616, #752, #5495, #6578, #3121, #787, #676, #4833, #3157, #1867, #5457, #173 ),
 .UNSPECIFIED., .F., .F.,
 ( 4, 2, 2, 2, 2, 2, 2, 2, 2, 2, 2, 2, 2, 2, 2, 4 ),
 ( 0.000000000000000000, 0.01158058509649276258, 0.01737087764473915080, 0.02026602391886234839, 0.02316117019298554597, 0.02895146274123196195, 0.03184660901535516647, 0.03474175528947837099, 0.04053204783772474534, 0.04632234038597112663, 0.04921748666009431034, 0.05211263293421748016, 0.05790292548246384063, 0.06948351057895650607, 0.08106409567544919925, 0.09264468077194187856 ),
 .UNSPECIFIED. ) ;
#6995 = CARTESIAN_POINT ( 'NONE',  ( -7.946428739083853721, 91.48060568004525805, 168.3850191525723687 ) ) ;
#6996 = ORIENTED_EDGE ( 'NONE', *, *, #889, .F. ) ;
#6997 = CARTESIAN_POINT ( 'NONE',  ( -46.47099806528044752, 51.13649342459981995, 153.1253439253165141 ) ) ;
#6998 = CARTESIAN_POINT ( 'NONE',  ( 29.80362724442815292, 44.74890497749085938, 337.7851679620802656 ) ) ;
#6999 = CARTESIAN_POINT ( 'NONE',  ( -12.30239645296527051, 91.45484514157713818, 172.1721440849855753 ) ) ;
#7000 = CARTESIAN_POINT ( 'NONE',  ( 53.53557479834217503, -28.13667817857233189, 149.0615994475289199 ) ) ;
#7001 = CARTESIAN_POINT ( 'NONE',  ( -37.27194495173093713, 51.34134472910444202, 60.98121051407752446 ) ) ;
#7002 = CARTESIAN_POINT ( 'NONE',  ( 6.946430303705576570, 82.85773577647930210, 129.4512127188714885 ) ) ;
#7003 = CARTESIAN_POINT ( 'NONE',  ( 40.97247685848827103, 69.01498859624783222, 181.2792296617163004 ) ) ;
#7004 = CARTESIAN_POINT ( 'NONE',  ( 18.56878409532550123, 94.20570554236424243, 174.9455183955175528 ) ) ;
#7005 = CARTESIAN_POINT ( 'NONE',  ( -18.17817208881700353, 103.5299418106218070, 390.5071968784588989 ) ) ;
#7006 = CARTESIAN_POINT ( 'NONE',  ( -33.04519734949823828, -45.30763743296669332, 221.5301126703144234 ) ) ;
#7007 = EDGE_LOOP ( 'NONE', ( #5260, #5452, #4317, #1750 ) ) ;
#7008 = FACE_OUTER_BOUND ( 'NONE', #2861, .T. ) ;
#7009 = CARTESIAN_POINT ( 'NONE',  ( -33.98718917944935924, 73.75082778997443711, 141.4574902405259706 ) ) ;
#7010 = CARTESIAN_POINT ( 'NONE',  ( -16.61706207014481151, 86.33788977857967950, 373.1611835217290718 ) ) ;
#7011 = CARTESIAN_POINT ( 'NONE',  ( 2.928582613051547767, -55.27970433259148564, 125.3284381658162090 ) ) ;
#7012 = CARTESIAN_POINT ( 'NONE',  ( -52.44365113487421581, 2.496250032803407848, 221.5240570457676768 ) ) ;
#7013 = CARTESIAN_POINT ( 'NONE',  ( 14.23546914143916986, 87.54445534972951748, 153.7241683373797230 ) ) ;
#7014 = CARTESIAN_POINT ( 'NONE',  ( 35.55367915363572706, 78.62746892068125248, 184.6459562552402645 ) ) ;
#7015 = CARTESIAN_POINT ( 'NONE',  ( 0.000000000000000000, 113.4534268831262835, 334.9546424867822907 ) ) ;
#7016 = CARTESIAN_POINT ( 'NONE',  ( -51.97371130511168502, -11.77933393273072049, 221.5228831032883932 ) ) ;
#7017 = LINE ( 'NONE', #1115, #530 ) ;
#7018 = CARTESIAN_POINT ( 'NONE',  ( 54.40056800729996667, -5.740453619285426967, 192.3475962204593941 ) ) ;
#7019 = CARTESIAN_POINT ( 'NONE',  ( -52.99163090325357928, 32.59484658603479801, 182.4073335597399250 ) ) ;
#7020 = CARTESIAN_POINT ( 'NONE',  ( 31.97651297170871132, 83.39474915004691979, 187.9857335145906347 ) ) ;
#7021 = CARTESIAN_POINT ( 'NONE',  ( -53.46141027002447998, 30.45402774185642158, 125.3150939048543222 ) ) ;
#7022 = CARTESIAN_POINT ( 'NONE',  ( 47.25423315391088153, 42.11938504567691410, 118.9596115388859801 ) ) ;
#7023 = CIRCLE ( 'NONE', #29, 0.9999999999999954481 ) ;
#7024 = CARTESIAN_POINT ( 'NONE',  ( 1.920661761451934346, 97.32090064373740290, 178.3825073089562920 ) ) ;
#7025 = CARTESIAN_POINT ( 'NONE',  ( 1.490640655820990146, 54.40705163971920655, 33.92780340673608919 ) ) ;
#7026 = CARTESIAN_POINT ( 'NONE',  ( -38.77975014886595062, 71.28847916665600337, 165.4796935547790895 ) ) ;
#7027 = CARTESIAN_POINT ( 'NONE',  ( 37.02534058801362704, -0.6692307771683108086, 10.00000000000000000 ) ) ;
#7028 = CARTESIAN_POINT ( 'NONE',  ( 1.999999999999994449, 96.21494918568888011, 178.0992207842987796 ) ) ;
#7029 = CARTESIAN_POINT ( 'NONE',  ( 20.74731562368533133, -45.52299165000608383, 34.33706039764805951 ) ) ;
#7030 = CARTESIAN_POINT ( 'NONE',  ( 34.91342819990006063, 66.69714654339590254, 95.91559447630081081 ) ) ;
#7031 = CARTESIAN_POINT ( 'NONE',  ( 0.000000000000000000, 86.48932716826483613, 141.7584078877867739 ) ) ;
#7032 = CARTESIAN_POINT ( 'NONE',  ( 16.06751618836076290, 107.1090662586570517, 297.9192022927325070 ) ) ;
#7033 = CARTESIAN_POINT ( 'NONE',  ( 49.32049666363787566, 33.09854001051912320, 182.6336865235431617 ) ) ;
#7034 = ORIENTED_EDGE ( 'NONE', *, *, #971, .T. ) ;
#7035 = CARTESIAN_POINT ( 'NONE',  ( -44.79696480163673300, 58.83786203031007744, 190.9547172374251147 ) ) ;
#7036 = CARTESIAN_POINT ( 'NONE',  ( 48.25249968333858419, 37.71559643073383228, 251.0591966126242198 ) ) ;
#7037 = CARTESIAN_POINT ( 'NONE',  ( -19.67596274936430589, 88.28323458598147511, 165.8265998371687999 ) ) ;
#7038 = CARTESIAN_POINT ( 'NONE',  ( 53.33577864821938874, -28.22758290619524502, 125.3258929774047061 ) ) ;
#7039 = CARTESIAN_POINT ( 'NONE',  ( 0.6719082697301113072, 94.04522847114205319, 160.6905363925678785 ) ) ;
#7040 = CARTESIAN_POINT ( 'NONE',  ( 41.13445315177833095, 63.61306711736945374, 141.2790835312191575 ) ) ;
#7041 = CARTESIAN_POINT ( 'NONE',  ( 11.44901981013037329, 111.2473621027540815, 353.0741896992451530 ) ) ;
#7042 = CARTESIAN_POINT ( 'NONE',  ( -12.93255168702731872, 53.01099583676300853, 33.95198839746039710 ) ) ;
#7043 = CARTESIAN_POINT ( 'NONE',  ( -44.25292717907949225, -41.40433089504063702, 174.9795035506496106 ) ) ;
#7044 = ORIENTED_EDGE ( 'NONE', *, *, #5595, .F. ) ;
#7045 = CARTESIAN_POINT ( 'NONE',  ( 2.779537319469212342, 94.27122466963304248, 162.0654637787133368 ) ) ;
#7046 = CARTESIAN_POINT ( 'NONE',  ( -50.19394334903218891, 26.37674427281098488, 171.4577545985625306 ) ) ;
#7047 = CARTESIAN_POINT ( 'NONE',  ( -34.27983946848150509, 73.42619186970854628, 141.4500181568257915 ) ) ;
#7048 = CARTESIAN_POINT ( 'NONE',  ( -9.151614894151858692, 77.16747646279294770, 409.0779284778315628 ) ) ;
#7049 = CARTESIAN_POINT ( 'NONE',  ( 0.3646494413089462761, -49.29133392571988281, 251.6525086451857476 ) ) ;
#7050 = CARTESIAN_POINT ( 'NONE',  ( -54.26972371131335393, -0.1159415445578819426, 192.3478862671160812 ) ) ;
#7051 = CARTESIAN_POINT ( 'NONE',  ( 14.09820506408536467, 93.29010371834253590, 184.9491469565824673 ) ) ;
#7052 = CARTESIAN_POINT ( 'NONE',  ( 35.18533765216522369, 77.37223678655965386, 171.8617197123379583 ) ) ;
#7053 = DIRECTION ( 'NONE',  ( -3.343261070905212782E-15, 0.000000000000000000, -1.000000000000000000 ) ) ;
#7054 = CARTESIAN_POINT ( 'NONE',  ( -47.21193612845348042, -8.313957729109382910, 266.0946107118872987 ) ) ;
#7055 = DIRECTION ( 'NONE',  ( -0.0001000150855773373549, 0.1925219655630057980, 0.9812926590843017438 ) ) ;
#7056 = CARTESIAN_POINT ( 'NONE',  ( 30.33884611679712506, 79.52507692466026867, 153.5266712465037813 ) ) ;
#7057 = CARTESIAN_POINT ( 'NONE',  ( -37.87168520576146591, 14.67672638910219085, 17.34083559378404971 ) ) ;
#7058 = CARTESIAN_POINT ( 'NONE',  ( 47.82244426834161288, 45.43855633981689834, 177.8562466251646299 ) ) ;
#7059 = CARTESIAN_POINT ( 'NONE',  ( -5.444480652423141720, 94.70166484779477400, 185.5198918221648228 ) ) ;
#7060 = CARTESIAN_POINT ( 'NONE',  ( 1.875714450201865668, 81.23719565832706735, 106.4309323311144624 ) ) ;
#7061 = CARTESIAN_POINT ( 'NONE',  ( -6.388269702700899444, -47.62124436672880279, 267.3669795238054121 ) ) ;
#7062 = CARTESIAN_POINT ( 'NONE',  ( -38.90403832496644299, 71.08668044857266466, 165.4767124441978012 ) ) ;
#7063 = CARTESIAN_POINT ( 'NONE',  ( 36.94768383544862900, 6.048733712955052688, 322.2390044714872488 ) ) ;
#7064 = CARTESIAN_POINT ( 'NONE',  ( -1.855303513781723979, 94.38891104685791333, 162.5089293320260140 ) ) ;
#7065 = FACE_OUTER_BOUND ( 'NONE', #7007, .T. ) ;
#7066 = CARTESIAN_POINT ( 'NONE',  ( 17.05485596061238596, -36.44741500845820781, 336.3464810236683320 ) ) ;
#7067 = CARTESIAN_POINT ( 'NONE',  ( 24.97342314724765089, 93.25564319209817654, 321.1158905719347558 ) ) ;
#7068 = CARTESIAN_POINT ( 'NONE',  ( 2.200668586557799955, 93.71466757035386763, 178.5339627005494094 ) ) ;
#7069 = CARTESIAN_POINT ( 'NONE',  ( 22.59686100366538852, 82.56110665758815514, 125.2803537222235377 ) ) ;
#7070 = CARTESIAN_POINT ( 'NONE',  ( -53.69098103248670384, 27.10604614702785398, 173.8550355239896703 ) ) ;
#7071 = VERTEX_POINT ( 'NONE', #5476 ) ;
#7072 = CARTESIAN_POINT ( 'NONE',  ( -45.83524399382864800, 47.41962778514211863, 119.0019677140351746 ) ) ;
#7073 = CARTESIAN_POINT ( 'NONE',  ( 33.66078862291208651, 15.96815450586594487, 10.00000000000000533 ) ) ;
#7074 = B_SPLINE_CURVE_WITH_KNOTS ( 'NONE', 3,
 ( #4683, #5117, #1573, #2634 ),
 .UNSPECIFIED., .F., .F.,
 ( 4, 4 ),
 ( 1.481031279455223204E-16, 0.003522060310536985483 ),
 .UNSPECIFIED. ) ;
#7075 = CARTESIAN_POINT ( 'NONE',  ( -15.51041025736189383, 79.36507978992935364, 119.5941938932258211 ) ) ;
#7076 = CARTESIAN_POINT ( 'NONE',  ( 45.24725200538979664, -20.37245133536299946, 266.2117272008276814 ) ) ;
#7077 = CARTESIAN_POINT ( 'NONE',  ( 44.90804272367336125, 58.46203687060480547, 187.6486863081690046 ) ) ;
#7078 = CARTESIAN_POINT ( 'NONE',  ( 11.79227378438647023, 111.3774366457178218, 390.1293219445124691 ) ) ;
#7079 = CARTESIAN_POINT ( 'NONE',  ( -19.89420547407568662, 98.18442496282838761, 409.0779284778304259 ) ) ;
#7080 = CARTESIAN_POINT ( 'NONE',  ( -23.18571629111074373, -33.25716159874180988, 336.9319419089480903 ) ) ;
#7081 = VERTEX_POINT ( 'NONE', #6127 ) ;
#7082 = CARTESIAN_POINT ( 'NONE',  ( -0.8880350320065187875, 93.96378262211453603, 180.0207963207103603 ) ) ;
#7083 = LINE ( 'NONE', #5818, #405 ) ;
#7084 = CARTESIAN_POINT ( 'NONE',  ( -34.19223806848757619, 79.96336462163229442, 181.4495347403066035 ) ) ;
#7085 = COLOUR_RGB ( '',0.7921568627450980005, 0.8196078431372548767, 0.9333333333333333481 ) ;
#7086 = CARTESIAN_POINT ( 'NONE',  ( -35.62902936542073462, 73.95812813780807460, 125.2873797872261719 ) ) ;
#7087 = CARTESIAN_POINT ( 'NONE',  ( 0.000000000000000000, -54.83989014612802748, 106.4482073099506465 ) ) ;
#7088 = CARTESIAN_POINT ( 'NONE',  ( -46.03832394487827173, 0.3093118195566184614, 34.39269684296453278 ) ) ;
#7089 = CARTESIAN_POINT ( 'NONE',  ( 26.62346868110969567, 74.73888879866720458, 119.4747446514033413 ) ) ;
#7090 = CARTESIAN_POINT ( 'NONE',  ( 38.58729220020826034, 73.56058714338358584, 181.3479492822561951 ) ) ;
#7091 = CARTESIAN_POINT ( 'NONE',  ( 0.000000000000000000, 114.6144342979059587, 371.1444589219916566 ) ) ;
#7092 = CARTESIAN_POINT ( 'NONE',  ( -37.92795983529013171, -14.13918712946742851, 322.2218791165552716 ) ) ;
#7093 = CARTESIAN_POINT ( 'NONE',  ( 0.000000000000000000, -43.22824026788681806, 17.33791332656385009 ) ) ;
#7094 = CARTESIAN_POINT ( 'NONE',  ( 12.46094042359123932, -54.25894763497413464, 106.4499662650586203 ) ) ;
#7095 = CARTESIAN_POINT ( 'NONE',  ( -48.66317009526044046, 31.20510909691258661, 251.0066005432430245 ) ) ;
#7096 = AXIS2_PLACEMENT_3D ( 'NONE', #2554, #5434, #115 ) ;
#7097 = CARTESIAN_POINT ( 'NONE',  ( 47.33920763484553618, 48.22161301978307790, 174.6847803117575779 ) ) ;
#7098 = CARTESIAN_POINT ( 'NONE',  ( -5.444503989532075039, 94.74010432748885080, 185.7501344924549187 ) ) ;
#7099 = CARTESIAN_POINT ( 'NONE',  ( 11.02331427408897468, 91.18493998554916402, 149.0197848656658266 ) ) ;
#7100 = CARTESIAN_POINT ( 'NONE',  ( -7.664988434405163531, -55.04052527748910961, 149.1147833856423404 ) ) ;
#7101 = CARTESIAN_POINT ( 'NONE',  ( -38.54643643502605954, 70.78462711534096741, 159.3366195726208048 ) ) ;
#7102 = CARTESIAN_POINT ( 'NONE',  ( 53.58604024835115354, 5.690418614845323297, 201.7385314185953007 ) ) ;
#7103 = CARTESIAN_POINT ( 'NONE',  ( 30.87395897151770896, -50.79625094942323216, 125.3274952233953172 ) ) ;
#7104 = CARTESIAN_POINT ( 'NONE',  ( 37.64094996380931946, 83.89228966627402428, 201.7351991018959723 ) ) ;
#7105 = CARTESIAN_POINT ( 'NONE',  ( 0.000000000000000000, 91.41485717656475174, 165.8945968953573242 ) ) ;
#7106 = CARTESIAN_POINT ( 'NONE',  ( 27.10007804365329420, 72.25123874553018766, 95.91520400758626863 ) ) ;
#7107 = CARTESIAN_POINT ( 'NONE',  ( 2.000000000000002665, 97.23829072087822567, 177.9195124834041337 ) ) ;
#7108 = VERTEX_POINT ( 'NONE', #771 ) ;
#7109 = CARTESIAN_POINT ( 'NONE',  ( -46.32553695263561622, 45.67749973177040346, 118.9881218753651808 ) ) ;
#7110 = CARTESIAN_POINT ( 'NONE',  ( 32.61100185019126485, 18.52587481360840371, 10.00000000000000000 ) ) ;
#7111 = CARTESIAN_POINT ( 'NONE',  ( -20.94236922357346486, 80.42374739693998720, 130.3171374327864100 ) ) ;
#7112 = CARTESIAN_POINT ( 'NONE',  ( 18.60711686139725174, -14.52072254644064664, 396.6995430535432092 ) ) ;
#7113 = DIRECTION ( 'NONE',  ( -0.006009940535094300540, 0.9999819401443030831, 0.000000000000000000 ) ) ;
#7114 = CARTESIAN_POINT ( 'NONE',  ( 43.66048176243380396, 62.76846346634589224, 190.9887147270527521 ) ) ;
#7115 = CARTESIAN_POINT ( 'NONE',  ( 13.79761745775982362, 103.9846072189197486, 236.5170360360187374 ) ) ;
#7116 = CARTESIAN_POINT ( 'NONE',  ( -36.75418557684559318, -43.11329065600710209, 61.09761998107961034 ) ) ;
#7117 = EDGE_LOOP ( 'NONE', ( #1897, #1905, #4018, #2315 ) ) ;
#7118 = CARTESIAN_POINT ( 'NONE',  ( -2.000000000000001332, 93.49317265539255573, 163.3472525273979272 ) ) ;
#7119 = CARTESIAN_POINT ( 'NONE',  ( -6.946430303705541931, 82.71893810704847283, 127.4403157947021583 ) ) ;
#7120 = B_SPLINE_CURVE_WITH_KNOTS ( 'NONE', 3,
 ( #2368, #2253, #2877, #4735, #506, #5872, #1194, #4852, #1305, #3140, #6702, #4334, #5550, #3792 ),
 .UNSPECIFIED., .F., .F.,
 ( 4, 2, 2, 2, 2, 2, 4 ),
 ( 0.000000000000000000, 0.0005906679308242809498, 0.001181335861648561683, 0.001476669827060673101, 0.001772003792472784519, 0.002067337757884896588, 0.002362671723297008874 ),
 .UNSPECIFIED. ) ;
#7121 = CARTESIAN_POINT ( 'NONE',  ( -33.67043207960129081, 80.15748739211241514, 178.2350056380887793 ) ) ;
#7122 = CARTESIAN_POINT ( 'NONE',  ( -29.31018508552083190, 58.72787640479717908, 60.95440797836437241 ) ) ;
#7123 = CARTESIAN_POINT ( 'NONE',  ( 0.3883685771087636573, -53.64666704428780974, 82.49046243477845053 ) ) ;
#7124 = CARTESIAN_POINT ( 'NONE',  ( -27.11434045561395223, 1.646010197927771701, 359.7242175646101714 ) ) ;
#7125 = CARTESIAN_POINT ( 'NONE',  ( 21.34228033024690774, 88.67680648108901664, 172.1040822183720991 ) ) ;
#7126 = CARTESIAN_POINT ( 'NONE',  ( 36.62893754428031912, 65.77919621238675063, 119.2511556164107560 ) ) ;
#7127 = CARTESIAN_POINT ( 'NONE',  ( -1.892811877726348735, 99.71049082051534640, 192.3914645597634774 ) ) ;
#7128 = CARTESIAN_POINT ( 'NONE',  ( -55.34105535633817397, -8.537765581089276523, 174.9348987199571752 ) ) ;
#7129 = CARTESIAN_POINT ( 'NONE',  ( 8.946430303705538378, 85.27620183336654236, 138.8256071879462752 ) ) ;
#7130 = CARTESIAN_POINT ( 'NONE',  ( 5.842918442561731318, -25.88345271190880581, 409.0779284778313354 ) ) ;
#7131 = CARTESIAN_POINT ( 'NONE',  ( -34.76805405516773817, 12.46554703327072922, 9.999999999999994671 ) ) ;
#7132 = CARTESIAN_POINT ( 'NONE',  ( 49.66054901630432283, 27.10290388037715559, 187.5051115769550165 ) ) ;
#7133 = CARTESIAN_POINT ( 'NONE',  ( 2.909024185590975975, 97.34307033859921887, 178.7197423242570835 ) ) ;
#7134 = CARTESIAN_POINT ( 'NONE',  ( -6.553433381993212237, -36.18977351236559770, 354.4409388700333920 ) ) ;
#7135 = CARTESIAN_POINT ( 'NONE',  ( -36.46190385289850866, 78.07807011719435764, 191.1948143355495802 ) ) ;
#7136 = CARTESIAN_POINT ( 'NONE',  ( 55.72819568694810499, -0.4965851816812080766, 125.3250944139585812 ) ) ;
#7137 = CARTESIAN_POINT ( 'NONE',  ( 12.66118006060273871, -34.58348779304731124, 355.0691627151733201 ) ) ;
#7138 = CARTESIAN_POINT ( 'NONE',  ( -15.19115879784430945, 74.51265384113496282, 374.3194744203620985 ) ) ;
#7139 = CARTESIAN_POINT ( 'NONE',  ( 40.29024091396184559, 79.89207714507222136, 201.7354274667993650 ) ) ;
#7140 = CARTESIAN_POINT ( 'NONE',  ( 2.211966129456968577, 92.57032142989223189, 172.1952743210831045 ) ) ;
#7141 = VECTOR ( 'NONE', #3795, 1000.000000000000114 ) ;
#7142 = CARTESIAN_POINT ( 'NONE',  ( 26.98401477211433885, 94.10283604523122847, 201.7345603209578542 ) ) ;
#7143 = EDGE_CURVE ( 'NONE', #2535, #7654, #5513, .T. ) ;
#7144 = CARTESIAN_POINT ( 'NONE',  ( -2.179011972061736468, 97.55119032133835333, 179.7788745456693675 ) ) ;
#7145 = ORIENTED_EDGE ( 'NONE', *, *, #965, .F. ) ;
#7146 = CARTESIAN_POINT ( 'NONE',  ( -44.11693525333716082, 52.42852645285376667, 119.0510158052276495 ) ) ;
#7147 = CARTESIAN_POINT ( 'NONE',  ( 53.32206331123330756, 23.93850581397895638, 106.4682224529067724 ) ) ;
#7148 = CARTESIAN_POINT ( 'NONE',  ( -12.10123460787933070, 94.74289940872115778, 191.5231865057991456 ) ) ;
#7149 = CARTESIAN_POINT ( 'NONE',  ( 53.83654869146771205, -17.13195426765633300, 192.3515855445265288 ) ) ;
#7150 = FILL_AREA_STYLE_COLOUR ( '', #7085 ) ;
#7151 = CARTESIAN_POINT ( 'NONE',  ( 42.82448002591737435, 62.67609083058818698, 159.2193966962392153 ) ) ;
#7152 = CARTESIAN_POINT ( 'NONE',  ( -0.4999999999999904521, 112.5561834101171144, 176.4217940504122168 ) ) ;
#7153 = CARTESIAN_POINT ( 'NONE',  ( -18.29232991099631178, -41.19134559348568558, 17.34953906994293504 ) ) ;
#7154 = VERTEX_POINT ( 'NONE', #843 ) ;
#7155 = CARTESIAN_POINT ( 'NONE',  ( -1.413936580348631900, 93.91175246753910244, 179.7672897993329286 ) ) ;
#7156 = CARTESIAN_POINT ( 'NONE',  ( -48.05522202552675282, 38.54612868185601116, 118.9396725112234918 ) ) ;
#7157 = CARTESIAN_POINT ( 'NONE',  ( -33.39083896258098605, 82.21088226834511659, 191.2613204227771746 ) ) ;
#7158 = CARTESIAN_POINT ( 'NONE',  ( 55.30409840741105398, -5.747419563016480382, 174.9349004662641107 ) ) ;
#7159 = CARTESIAN_POINT ( 'NONE',  ( -38.66842865355992842, 83.36391026768444590, 211.2195808582209793 ) ) ;
#7160 = CARTESIAN_POINT ( 'NONE',  ( 0.3501515911744078613, -47.77431481950398506, 267.3981681540126374 ) ) ;
#7161 = CARTESIAN_POINT ( 'NONE',  ( -55.72819568694810499, -0.4965851816812080766, 125.3250944139585812 ) ) ;
#7162 = CARTESIAN_POINT ( 'NONE',  ( 22.93703409562048989, 88.38382399577830029, 175.2313357860254541 ) ) ;
#7163 = CARTESIAN_POINT ( 'NONE',  ( 38.20762589450766455, 66.22197113326342333, 129.9734017851203589 ) ) ;
#7164 = CARTESIAN_POINT ( 'NONE',  ( -5.572846004278805054, 99.57364106496748946, 192.3913294216725944 ) ) ;
#7165 = CARTESIAN_POINT ( 'NONE',  ( -38.12949699467273490, -22.17783943128567969, 309.2041950367357686 ) ) ;
#7166 = DIRECTION ( 'NONE',  ( -5.602867245962734761E-30, -0.9812926639922453509, 0.1925219665259060020 ) ) ;
#7167 = ADVANCED_FACE ( 'NONE', ( #6668 ), #805, .T. ) ;
#7168 = CARTESIAN_POINT ( 'NONE',  ( -18.57151974048692367, 104.3724981310350017, 335.3507582034912957 ) ) ;
#7169 = CARTESIAN_POINT ( 'NONE',  ( 15.09914210338381046, -50.81352835109245092, 221.5338840944453977 ) ) ;
#7170 = CARTESIAN_POINT ( 'NONE',  ( -35.46291016281881525, 9.800172617254936824, 9.999999999999991118 ) ) ;
#7171 = CARTESIAN_POINT ( 'NONE',  ( 48.25265966429701336, 43.14504744362569255, 174.6589220720393882 ) ) ;
#7172 = CARTESIAN_POINT ( 'NONE',  ( 0.5990440281214797213, 93.25662152612106581, 161.8650660556358787 ) ) ;
#7173 = CARTESIAN_POINT ( 'NONE',  ( -8.888335071208341986, -42.80991350118557648, 17.34118922459229495 ) ) ;
#7174 = EDGE_CURVE ( 'NONE', #1512, #7628, #2446, .T. ) ;
#7175 = CARTESIAN_POINT ( 'NONE',  ( -38.57697205416997832, 67.87487249178872162, 141.3477232001048947 ) ) ;
#7176 = CARTESIAN_POINT ( 'NONE',  ( 47.86211181343607279, 2.828033218373551261, 266.1136827337720092 ) ) ;
#7177 = CARTESIAN_POINT ( 'NONE',  ( -1.630156380975447572, 93.32438922119588653, 162.3703564106681654 ) ) ;
#7178 = CARTESIAN_POINT ( 'NONE',  ( -39.13723516444454731, 48.88963246323980627, 60.98966584903971011 ) ) ;
#7179 = CARTESIAN_POINT ( 'NONE',  ( 5.000000000000000888, 69.81523483854793710, 409.0779284778315628 ) ) ;
#7180 = CARTESIAN_POINT ( 'NONE',  ( 10.25287389855441056, 83.15592364425523897, 130.3690939946021103 ) ) ;
#7181 = CARTESIAN_POINT ( 'NONE',  ( 19.78815078269127170, 96.37773382686131640, 390.7956900492628165 ) ) ;
#7182 = CARTESIAN_POINT ( 'NONE',  ( -1.691565604371893849, 96.37801345475060089, 179.0011534897433876 ) ) ;
#7183 = EDGE_LOOP ( 'NONE', ( #5405, #5459, #2019, #629 ) ) ;
#7184 = CARTESIAN_POINT ( 'NONE',  ( -42.48202467317472752, 65.81564278494998632, 184.4593906391825726 ) ) ;
#7185 = CARTESIAN_POINT ( 'NONE',  ( 54.10305109530477097, 21.76058106459345609, 174.9361716169431418 ) ) ;
#7186 = CARTESIAN_POINT ( 'NONE',  ( -10.35583305438663260, 92.38115143259011575, 175.3296041406858023 ) ) ;
#7187 = CARTESIAN_POINT ( 'NONE',  ( 47.07491761464021351, -37.56440568170774696, 95.91629090187896622 ) ) ;
#7188 = DIRECTION ( 'NONE',  ( -5.602867245962735462E-30, -0.9812926639922454619, 0.1925219665259060298 ) ) ;
#7189 = CARTESIAN_POINT ( 'NONE',  ( 42.48966849891881026, 65.79604399236208678, 184.4589343256460552 ) ) ;
#7190 = CARTESIAN_POINT ( 'NONE',  ( -28.51551562320039324, 91.54910532935502943, 190.5245968424981129 ) ) ;
#7191 = CARTESIAN_POINT ( 'NONE',  ( -17.05485596061238596, -36.44741500845820781, 336.3464810236683320 ) ) ;
#7192 = EDGE_LOOP ( 'NONE', ( #2898, #5522, #2457, #4280 ) ) ;
#7193 = CARTESIAN_POINT ( 'NONE',  ( 0.8949238729011533833, 90.71088847634695185, 162.4050845495478939 ) ) ;
#7194 = CARTESIAN_POINT ( 'NONE',  ( -49.85136542391630599, 27.45196183396574341, 118.8908892903002368 ) ) ;
#7195 = CARTESIAN_POINT ( 'NONE',  ( -28.95265331351503235, 84.42188146323159970, 175.1396007860347481 ) ) ;
#7196 = CARTESIAN_POINT ( 'NONE',  ( 9.981387508113654050, -7.265923587815605877, 409.0779284778315059 ) ) ;
#7197 = CARTESIAN_POINT ( 'NONE',  ( -36.69556287623428403, 72.88101314840888278, 125.2881771090629854 ) ) ;
#7198 = CARTESIAN_POINT ( 'NONE',  ( 0.000000000000000000, -43.01113364881287282, 309.3074982836325262 ) ) ;
#7199 = CARTESIAN_POINT ( 'NONE',  ( -40.49243157231375534, -2.212373920540819938, 309.1856847007001647 ) ) ;
#7200 = EDGE_CURVE ( 'NONE', #1512, #7071, #6107, .T. ) ;
#7201 = CARTESIAN_POINT ( 'NONE',  ( 26.10439305522445252, 82.71661396655468934, 153.6053007894156792 ) ) ;
#7202 = CARTESIAN_POINT ( 'NONE',  ( 38.44203673093513629, 73.05160549812657678, 174.9376483789373253 ) ) ;
#7203 = CARTESIAN_POINT ( 'NONE',  ( 0.000000000000000000, 44.21636641687423008, 17.16247404122409037 ) ) ;
#7204 = CARTESIAN_POINT ( 'NONE',  ( -24.78263081033043491, -13.99965637921416217, 379.4587201523890485 ) ) ;
#7205 = CARTESIAN_POINT ( 'NONE',  ( 1.999999999999997113, 109.3795709624396579, 160.2304650945401647 ) ) ;
#7206 = CARTESIAN_POINT ( 'NONE',  ( -26.89853194538487458, 80.50223968645782691, 125.2821776279656802 ) ) ;
#7207 = CARTESIAN_POINT ( 'NONE',  ( 18.34409965216532967, -50.36660947648148579, 61.09623411356567857 ) ) ;
#7208 = CARTESIAN_POINT ( 'NONE',  ( -53.84325384234791301, 18.85351027157320303, 106.4702473478821787 ) ) ;
#7209 = CARTESIAN_POINT ( 'NONE',  ( 49.87149388814227535, 30.52921599382650442, 171.4661652469052626 ) ) ;
#7210 = EDGE_CURVE ( 'NONE', #6148, #6432, #3606, .T. ) ;
#7211 = CARTESIAN_POINT ( 'NONE',  ( 0.000000000000000000, 81.76955014652187970, 122.4299130279491408 ) ) ;
#7212 = CARTESIAN_POINT ( 'NONE',  ( -3.679238610717980418, -41.41978176773010034, 320.9852524028163430 ) ) ;
#7213 = CARTESIAN_POINT ( 'NONE',  ( -37.63369656774549554, 64.45508563922638245, 119.2289733073426561 ) ) ;
#7214 = CARTESIAN_POINT ( 'NONE',  ( 40.36274323637901063, 0.1981979157013219472, 309.1861730890131525 ) ) ;
#7215 = CARTESIAN_POINT ( 'NONE',  ( 50.39212070191315718, 27.10604614702778292, 137.9306186781746533 ) ) ;
#7216 = PRODUCT_DEFINITION_FORMATION_WITH_SPECIFIED_SOURCE ( 'ANY', '', #2600, .NOT_KNOWN. ) ;
#7217 = CARTESIAN_POINT ( 'NONE',  ( -49.19867497242078969, 56.65995086438273631, 174.9400116350131782 ) ) ;
#7218 = CARTESIAN_POINT ( 'NONE',  ( 28.42817128026775819, 90.59853457111134389, 309.2729718572772413 ) ) ;
#7219 = CARTESIAN_POINT ( 'NONE',  ( 7.332326619899158793, 83.50682801974194547, 130.3739509825802827 ) ) ;
#7220 = CARTESIAN_POINT ( 'NONE',  ( 28.55940038131904402, 94.15217527198373659, 211.2200316147843466 ) ) ;
#7221 = CARTESIAN_POINT ( 'NONE',  ( -0.7038126082303231001, 97.50621180371041419, 179.3636153591203595 ) ) ;
#7222 = FACE_OUTER_BOUND ( 'NONE', #7192, .T. ) ;
#7223 = CARTESIAN_POINT ( 'NONE',  ( -42.66831863033844741, 64.62810613940399662, 174.8188249304474766 ) ) ;
#7224 = CARTESIAN_POINT ( 'NONE',  ( 54.07130086926690637, 25.16433383077506392, 125.3175988513186496 ) ) ;
#7225 = CARTESIAN_POINT ( 'NONE',  ( -11.92261187634536057, 80.08451699685375047, 119.6053217250756688 ) ) ;
#7226 = CARTESIAN_POINT ( 'NONE',  ( 48.84540299131885632, -32.46164915079560842, 82.47353564057377184 ) ) ;
#7227 = CARTESIAN_POINT ( 'NONE',  ( -8.266476870891896311, 82.70925717730953863, 127.9434466229583336 ) ) ;
#7228 = B_SPLINE_CURVE_WITH_KNOTS ( 'NONE', 3,
 ( #4415, #1003, #6780, #886, #1416, #5707, #3372, #4534, #382, #6816, #7478, #5749, #1497, #425 ),
 .UNSPECIFIED., .F., .F.,
 ( 4, 2, 2, 2, 2, 2, 4 ),
 ( 0.000000000000000000, 0.0005907805764849534749, 0.001181561152969906950, 0.001476951441212385422, 0.001772341729454864111, 0.002067732017697342366, 0.002363122305939821272 ),
 .UNSPECIFIED. ) ;
#7229 = CARTESIAN_POINT ( 'NONE',  ( 0.000000000000000000, 84.85777298089909948, 120.0000000015958506 ) ) ;
#7230 = CARTESIAN_POINT ( 'NONE',  ( -28.53805590149006832, -47.40004139201266042, 221.5312332532022594 ) ) ;
#7231 = ORIENTED_EDGE ( 'NONE', *, *, #4548, .T. ) ;
#7232 = CARTESIAN_POINT ( 'NONE',  ( 7.946428739083676085, 85.78293093709329753, 133.9726321057808605 ) ) ;
#7233 = CARTESIAN_POINT ( 'NONE',  ( -48.47369619582617162, 41.35401425710449530, 177.8379755631138721 ) ) ;
#7234 = CARTESIAN_POINT ( 'NONE',  ( -31.96814819430095156, 83.40364086091510387, 187.9860002905855367 ) ) ;
#7235 = CARTESIAN_POINT ( 'NONE',  ( 49.27252186394640887, -6.266194160315891715, 250.8422681871332998 ) ) ;
#7236 = CARTESIAN_POINT ( 'NONE',  ( -36.82132204911098228, 86.96241479493188820, 221.5992057283343399 ) ) ;
#7237 = CARTESIAN_POINT ( 'NONE',  ( -43.51712104528756697, 62.29269417355699545, 120.0000000000000142 ) ) ;
#7238 = CARTESIAN_POINT ( 'NONE',  ( -55.80836230846325918, -0.3626554633323218479, 149.0513947064584386 ) ) ;
#7239 = CARTESIAN_POINT ( 'NONE',  ( 21.33785213849458273, 85.25611962432827795, 153.6715554972076347 ) ) ;
#7240 = CARTESIAN_POINT ( 'NONE',  ( 37.64231211810137268, 64.44282705377789000, 119.2263419081038762 ) ) ;
#7241 = CARTESIAN_POINT ( 'NONE',  ( -5.594488293769353859, 86.23048762109060306, 125.2764631735094838 ) ) ;
#7242 = CARTESIAN_POINT ( 'NONE',  ( -52.61454457209055846, -27.72284007574966225, 174.9518399777679747 ) ) ;
#7243 = CARTESIAN_POINT ( 'NONE',  ( -6.117730595444795583, 84.45177572106980790, 134.2337943760637131 ) ) ;
#7244 = CARTESIAN_POINT ( 'NONE',  ( -21.93792601775920659, 101.9035002209877376, 251.7702077062204467 ) ) ;
#7245 = CARTESIAN_POINT ( 'NONE',  ( 8.715858336669997541, -38.76041907696732380, 335.7951720233636479 ) ) ;
#7246 = CARTESIAN_POINT ( 'NONE',  ( -50.65551780653783709, 7.294605552706046936, 61.09089521872208906 ) ) ;
#7247 = B_SPLINE_CURVE_WITH_KNOTS ( 'NONE', 3,
 ( #230, #739, #3181, #159 ),
 .UNSPECIFIED., .F., .F.,
 ( 4, 4 ),
 ( 0.000000000000000000, 0.01500095446741579221 ),
 .UNSPECIFIED. ) ;
#7248 = CARTESIAN_POINT ( 'NONE',  ( 49.75672796804089870, 33.54563397536170299, 153.0371590601027663 ) ) ;
#7249 = DIRECTION ( 'NONE',  ( 1.000000000000000000, 0.000000000000000000, 0.000000000000000000 ) ) ;
#7250 = CARTESIAN_POINT ( 'NONE',  ( -4.244359048069945572, -47.71655536383978813, 267.3846424725452948 ) ) ;
#7251 = CARTESIAN_POINT ( 'NONE',  ( -37.80823860134071879, 74.08226232175626080, 174.9537034345561892 ) ) ;
#7252 = CARTESIAN_POINT ( 'NONE',  ( 45.45204770596637900, 0.3727522723604285715, 282.1758872807046714 ) ) ;
#7253 = CARTESIAN_POINT ( 'NONE',  ( 50.30400217131076346, 27.10604614702782911, 164.8719511149416519 ) ) ;
#7254 = CARTESIAN_POINT ( 'NONE',  ( -46.01272026839473739, 54.13724013350747555, 106.4518592600333164 ) ) ;
#7255 = CARTESIAN_POINT ( 'NONE',  ( 14.67942190797045932, 79.27549649708511481, 373.8893052669305916 ) ) ;
#7256 = CARTESIAN_POINT ( 'NONE',  ( 11.27793773593444016, 93.32466989339854990, 181.7382743523826321 ) ) ;
#7257 = CARTESIAN_POINT ( 'NONE',  ( 29.38068608746426946, 91.22333787487198720, 192.3853215424684890 ) ) ;
#7258 = CARTESIAN_POINT ( 'NONE',  ( -1.628123112360930547, 97.62618242120591106, 180.1348727327757331 ) ) ;
#7259 = ORIENTED_EDGE ( 'NONE', *, *, #5817, .T. ) ;
#7260 = CARTESIAN_POINT ( 'NONE',  ( -42.05295658601076525, 64.42631894821151661, 159.2420806941329658 ) ) ;
#7261 = CARTESIAN_POINT ( 'NONE',  ( 50.92809235136057566, 26.64313019232611168, 82.47178895346226568 ) ) ;
#7262 = ORIENTED_EDGE ( 'NONE', *, *, #1221, .T. ) ;
#7263 = CARTESIAN_POINT ( 'NONE',  ( -10.27685979077599399, 94.04315149062959733, 184.9680839507977907 ) ) ;
#7264 = CARTESIAN_POINT ( 'NONE',  ( 14.25133133970866162, -16.70220385457432855, 405.1530218015644778 ) ) ;
#7265 = CARTESIAN_POINT ( 'NONE',  ( -0.8880379925224476390, 90.71234519250917572, 162.4129158045787449 ) ) ;
#7266 = CARTESIAN_POINT ( 'NONE',  ( -29.29630789306337491, 90.96899505487566273, 190.4488229762636706 ) ) ;
#7267 = CARTESIAN_POINT ( 'NONE',  ( -11.65817291200361261, -26.58944595774277531, 392.9633845999943560 ) ) ;
#7268 = VERTEX_POINT ( 'NONE', #80 ) ;
#7269 = CARTESIAN_POINT ( 'NONE',  ( -49.28857139080096772, 35.11650027215316783, 177.8145278954557398 ) ) ;
#7270 = CARTESIAN_POINT ( 'NONE',  ( -32.77549655010363949, 75.01997371327321673, 141.4866836620015818 ) ) ;
#7271 = CARTESIAN_POINT ( 'NONE',  ( 45.08272435111971532, -6.635469327985107135, 282.1646043028291047 ) ) ;
#7272 = CARTESIAN_POINT ( 'NONE',  ( -27.19960249455521151, 46.78363760469443378, 34.04206357472319411 ) ) ;
#7273 = CARTESIAN_POINT ( 'NONE',  ( 0.3371429451200866900, 94.04711379996625453, 160.6901613809364449 ) ) ;
#7274 = CARTESIAN_POINT ( 'NONE',  ( -55.06818507497453652, -0.6667840732742152943, 106.4749923987092899 ) ) ;
#7275 = CARTESIAN_POINT ( 'NONE',  ( 28.91613991226027736, 84.94479142095497082, 178.3265514143232906 ) ) ;
#7276 = ADVANCED_FACE ( 'NONE', ( #4816 ), #2141, .T. ) ;
#7277 = CARTESIAN_POINT ( 'NONE',  ( 38.95410145706993887, 72.92609226526870714, 181.3381399504306728 ) ) ;
#7278 = CARTESIAN_POINT ( 'NONE',  ( -4.032201004869074623, 113.9274010577589706, 352.8610805221231885 ) ) ;
#7279 = CARTESIAN_POINT ( 'NONE',  ( -14.42890996252267222, -13.34443095794518541, 405.5686123114280122 ) ) ;
#7280 = CARTESIAN_POINT ( 'NONE',  ( -5.444480652423162148, 93.88924445841372801, 185.6792823656272446 ) ) ;
#7281 = ADVANCED_FACE ( 'NONE', ( #5631 ), #883, .F. ) ;
#7282 = CARTESIAN_POINT ( 'NONE',  ( -26.53569185140803555, 95.53849288200086676, 211.2200970691899613 ) ) ;
#7283 = CARTESIAN_POINT ( 'NONE',  ( 5.510387536433372979, -41.28500612334945430, 321.0028980597419945 ) ) ;
#7284 = CARTESIAN_POINT ( 'NONE',  ( -54.41550006706624032, 15.96211480042130226, 174.9357310255751088 ) ) ;
#7285 = CARTESIAN_POINT ( 'NONE',  ( 49.85513188206935808, 27.42043719284960446, 118.8883678778861679 ) ) ;
#7286 = CARTESIAN_POINT ( 'NONE',  ( -8.946430303705575682, 82.99156353808132280, 129.4249567559108129 ) ) ;
#7287 = CARTESIAN_POINT ( 'NONE',  ( -2.466582652647010931, -47.75786443674275006, 267.3937921982437160 ) ) ;
#7288 = CARTESIAN_POINT ( 'NONE',  ( 37.27056617082715206, 2.462225255952091629, 322.2551704974248423 ) ) ;
#7289 = CARTESIAN_POINT ( 'NONE',  ( -0.9081567153438457884, 94.24509922982876731, 161.7150442625604967 ) ) ;
#7290 = CARTESIAN_POINT ( 'NONE',  ( -46.21447455200705434, 66.79848177989450164, 211.2189766464866807 ) ) ;
#7291 = CARTESIAN_POINT ( 'NONE',  ( 19.13206306754865338, 85.25606391147253760, 354.8036153839083795 ) ) ;
#7292 = CARTESIAN_POINT ( 'NONE',  ( 9.299406051085176372, 94.18624743862011428, 184.9713423327870885 ) ) ;
#7293 = CARTESIAN_POINT ( 'NONE',  ( 23.11373641887275099, 100.2377975824365848, 309.2876039168359625 ) ) ;
#7294 = CARTESIAN_POINT ( 'NONE',  ( -0.6058957684817416478, 97.50865655765876738, 179.3735799124948755 ) ) ;
#7295 = ORIENTED_EDGE ( 'NONE', *, *, #6945, .T. ) ;
#7296 = EDGE_CURVE ( 'NONE', #4383, #1280, #6283, .T. ) ;
#7297 = CARTESIAN_POINT ( 'NONE',  ( -42.54856814068295279, 65.41811839249363913, 181.2332000534990470 ) ) ;
#7298 = CARTESIAN_POINT ( 'NONE',  ( 54.72072573946477547, 20.80978013619919764, 149.0479339851179645 ) ) ;
#7299 = CARTESIAN_POINT ( 'NONE',  ( -10.37143144682337237, 91.80868307905420522, 172.1800139912267582 ) ) ;
#7300 = CARTESIAN_POINT ( 'NONE',  ( 46.10434698628334615, -37.06866126592985466, 82.47540446176114415 ) ) ;
#7301 = CARTESIAN_POINT ( 'NONE',  ( -3.038240967837851692, 97.19915715014390400, 177.9263847027587246 ) ) ;
#7302 = CARTESIAN_POINT ( 'NONE',  ( 24.31842651746483952, 98.48582651464207061, 309.2848057688953531 ) ) ;
#7303 = PRODUCT_DEFINITION_SHAPE ( 'NONE', 'NONE',  #2783 ) ;
#7304 = DIRECTION ( 'NONE',  ( -1.000000000000000000, 0.000000000000000000, 0.000000000000000000 ) ) ;
#7305 = CARTESIAN_POINT ( 'NONE',  ( -25.06420276099779088, -50.68433138358413714, 192.4243938126638795 ) ) ;
#7306 = ORIENTED_EDGE ( 'NONE', *, *, #7318, .T. ) ;
#7307 = DIRECTION ( 'NONE',  ( 1.000000000000000000, 0.000000000000000000, 0.000000000000000000 ) ) ;
#7308 = CARTESIAN_POINT ( 'NONE',  ( -48.60571854901575506, 40.55497554649842584, 141.0800272465986041 ) ) ;
#7309 = CARTESIAN_POINT ( 'NONE',  ( -32.01525554046317978, 70.70983767970841427, 119.3676571647727940 ) ) ;
#7310 = CARTESIAN_POINT ( 'NONE',  ( 29.50910310893225130, -6.690414841457164918, 359.8102681608411331 ) ) ;
#7311 = CARTESIAN_POINT ( 'NONE',  ( -40.17192308307760840, 63.96346440042201209, 106.4452911514403297 ) ) ;
#7312 = CARTESIAN_POINT ( 'NONE',  ( -28.40958715238466326, 78.14523073264457764, 120.0000000000000000 ) ) ;
#7313 = CARTESIAN_POINT ( 'NONE',  ( -53.53398174288324896, -3.006056001966841418, 82.46850984104828797 ) ) ;
#7314 = CARTESIAN_POINT ( 'NONE',  ( 39.32632063184418314, 66.72945058544468111, 141.3275045489227750 ) ) ;
#7315 = CARTESIAN_POINT ( 'NONE',  ( -9.271376694352385428, 43.39728263992847701, 17.17007554756550292 ) ) ;
#7316 = CARTESIAN_POINT ( 'NONE',  ( -51.90559653541792073, -27.86263010959373432, 95.91742454790011152 ) ) ;
#7317 = CARTESIAN_POINT ( 'NONE',  ( -1.739541843252026876, 81.13940464604824854, 120.0000000000000426 ) ) ;
#7318 = EDGE_CURVE ( 'NONE', #6432, #4391, #7074, .T. ) ;
#7319 = CARTESIAN_POINT ( 'NONE',  ( -22.31145852974918142, 62.39155113895252924, 60.93801936710398337 ) ) ;
#7320 = CARTESIAN_POINT ( 'NONE',  ( 10.12861248630140132, -54.03486940291464435, 175.0400578250080912 ) ) ;
#7321 = CARTESIAN_POINT ( 'NONE',  ( -32.19126658993886281, 11.95363630981926661, 338.7213878598635119 ) ) ;
#7322 = CARTESIAN_POINT ( 'NONE',  ( 34.90616018910318985, 77.73335645757069301, 171.8679958911548908 ) ) ;
#7323 = CARTESIAN_POINT ( 'NONE',  ( 46.49270416219891899, 65.48224540631888146, 187.1197497921100137 ) ) ;
#7324 = CARTESIAN_POINT ( 'NONE',  ( -8.946430303705671605, 87.35199008296231682, 148.2683858505369301 ) ) ;
#7325 = CARTESIAN_POINT ( 'NONE',  ( -4.950522647592374703, -53.51001096261204282, 192.4463605642451114 ) ) ;
#7326 = CARTESIAN_POINT ( 'NONE',  ( 34.34829908667956744, -4.965619043703797253, 338.9072658652136738 ) ) ;
#7327 = LINE ( 'NONE', #5634, #7141 ) ;
#7328 = CARTESIAN_POINT ( 'NONE',  ( -10.80245739912939662, 53.12937317048966435, 394.0875306254684460 ) ) ;
#7329 = CARTESIAN_POINT ( 'NONE',  ( 41.74976436219365894, 78.54693865945114339, 221.5891840870766600 ) ) ;
#7330 = CARTESIAN_POINT ( 'NONE',  ( 25.85435032018871837, 60.77672352682960621, 60.94579834271030450 ) ) ;
#7331 = CARTESIAN_POINT ( 'NONE',  ( 42.05783362824104188, 57.16596621574753812, 119.1073620915854292 ) ) ;
#7332 = CARTESIAN_POINT ( 'NONE',  ( 0.000000000000000000, 112.7580379459900257, 320.7469887188660209 ) ) ;
#7333 = ORIENTED_EDGE ( 'NONE', *, *, #6523, .F. ) ;
#7334 = CARTESIAN_POINT ( 'NONE',  ( -39.61683130038096579, 68.11466628812939916, 153.3134124511205414 ) ) ;
#7335 = CARTESIAN_POINT ( 'NONE',  ( 45.60800951124804925, 5.100624764968640257, 34.37827548244614206 ) ) ;
#7336 = ORIENTED_EDGE ( 'NONE', *, *, #6605, .F. ) ;
#7337 = CARTESIAN_POINT ( 'NONE',  ( -49.08431831770043630, 35.28856251571792768, 183.1758581061168911 ) ) ;
#7338 = CARTESIAN_POINT ( 'NONE',  ( 46.75424226978233122, -36.72535689933914682, 192.3790713967543127 ) ) ;
#7339 = CARTESIAN_POINT ( 'NONE',  ( -7.589446071850713516, 82.68456333541297454, 127.5506674414676809 ) ) ;
#7340 = AXIS2_PLACEMENT_3D ( 'NONE', #2822, #875, #3898 ) ;
#7341 = CARTESIAN_POINT ( 'NONE',  ( 22.36439798309753257, 92.83584150910557753, 335.8458576883494402 ) ) ;
#7342 = CARTESIAN_POINT ( 'NONE',  ( 0.1666673488412041548, 93.25895547134788899, 161.8646081537872305 ) ) ;
#7343 = CARTESIAN_POINT ( 'NONE',  ( -13.78029803444555057, -37.58678292936173193, 336.0927813067148691 ) ) ;
#7344 = EDGE_LOOP ( 'NONE', ( #6110, #989, #4980, #5295 ) ) ;
#7345 = CARTESIAN_POINT ( 'NONE',  ( -47.43437004475216412, 44.22088858613858520, 129.7270976202784141 ) ) ;
#7346 = CARTESIAN_POINT ( 'NONE',  ( -30.72448253330651369, 71.80602610818483811, 119.3962902751857058 ) ) ;
#7347 = CARTESIAN_POINT ( 'NONE',  ( 53.09195625851802447, -6.609670241935826418, 211.2172967466541991 ) ) ;
#7348 = CARTESIAN_POINT ( 'NONE',  ( -38.30184225791245467, 84.97696430072946328, 251.5396930656709173 ) ) ;
#7349 = CARTESIAN_POINT ( 'NONE',  ( -53.07108516492338168, 30.76817290708295971, 120.0000000000000284 ) ) ;
#7350 = CARTESIAN_POINT ( 'NONE',  ( -53.55347313723164859, -5.442605374564880805, 82.46847200278909895 ) ) ;
#7351 = CARTESIAN_POINT ( 'NONE',  ( 39.29845646282696237, 72.98297715272106245, 187.8166066683965596 ) ) ;
#7352 = CARTESIAN_POINT ( 'NONE',  ( -11.96938820457813968, 111.2393963890179975, 402.7407002363203787 ) ) ;
#7353 = CARTESIAN_POINT ( 'NONE',  ( -13.84098645673491568, -18.33915228317448864, 404.9187798778207821 ) ) ;
#7354 = CARTESIAN_POINT ( 'NONE',  ( -22.04768357935432377, 77.29365517981337064, 120.0000000000000142 ) ) ;
#7355 = CARTESIAN_POINT ( 'NONE',  ( -29.74965023833557254, 73.75301923896574863, 106.4381105177280347 ) ) ;
#7356 = CARTESIAN_POINT ( 'NONE',  ( 6.118771378756190593, -45.90308176366131221, 283.5557152277190767 ) ) ;
#7357 = CARTESIAN_POINT ( 'NONE',  ( -55.30945093782668209, 10.60771251725238074, 149.0500747609518726 ) ) ;
#7358 = CARTESIAN_POINT ( 'NONE',  ( 33.75432334098941567, 79.13248581384686986, 171.8944567194803881 ) ) ;
#7359 = CARTESIAN_POINT ( 'NONE',  ( 49.71820685521142025, 54.34577599173984197, 185.6651068028923532 ) ) ;
#7360 = DIRECTION ( 'NONE',  ( -1.000000000000000000, -6.559217444483719511E-16, -3.343261070905212782E-15 ) ) ;
#7361 = CARTESIAN_POINT ( 'NONE',  ( -2.932549651586340289, -54.40131079818338122, 175.0443266466952537 ) ) ;
#7362 = CARTESIAN_POINT ( 'NONE',  ( 53.15628205813288787, -3.904638847132464452, 211.2173005124139991 ) ) ;
#7363 = CARTESIAN_POINT ( 'NONE',  ( 3.036466787284052060, 94.47427980624667043, 163.1572553380290458 ) ) ;
#7364 = CARTESIAN_POINT ( 'NONE',  ( -45.71721001854504607, 68.01444266062443944, 221.5771465916578222 ) ) ;
#7365 = CARTESIAN_POINT ( 'NONE',  ( 40.90722684781835738, 59.88190119215728657, 95.91602962752698147 ) ) ;
#7366 = CARTESIAN_POINT ( 'NONE',  ( 46.47424690689859261, 51.71067961891328224, 190.9047354275502926 ) ) ;
#7367 = CARTESIAN_POINT ( 'NONE',  ( 0.000000000000000000, 39.00533594361594680, 10.00000000000000000 ) ) ;
#7368 = CARTESIAN_POINT ( 'NONE',  ( 0.1686886523893381395, 97.68513765604571120, 180.3813305183745967 ) ) ;
#7369 = CARTESIAN_POINT ( 'NONE',  ( -39.48071215132654999, 71.64055868848927844, 178.0980478925393697 ) ) ;
#7370 = CARTESIAN_POINT ( 'NONE',  ( 49.24520057352417268, 18.18834733288076322, 250.9189297485089867 ) ) ;
#7371 = VERTEX_POINT ( 'NONE', #1724 ) ;
#7372 = CARTESIAN_POINT ( 'NONE',  ( -4.280580541908990178, 94.73239502689624203, 184.9847017066045680 ) ) ;
#7373 = CARTESIAN_POINT ( 'NONE',  ( 39.90890487282776178, -45.48172969370041585, 106.4617499417587396 ) ) ;
#7374 = CARTESIAN_POINT ( 'NONE',  ( -2.778889512484635560, 97.40081273852203481, 179.0234796713068022 ) ) ;
#7375 = CARTESIAN_POINT ( 'NONE',  ( 11.83710019376025002, 79.56131591875279696, 403.3806173657045520 ) ) ;
#7376 = CARTESIAN_POINT ( 'NONE',  ( 30.03580816220872407, 72.51658982683804311, 120.0000000000000711 ) ) ;
#7377 = CARTESIAN_POINT ( 'NONE',  ( -12.02708444234887075, -42.00942576822519214, 309.2952116387940009 ) ) ;
#7378 = ORIENTED_EDGE ( 'NONE', *, *, #6523, .T. ) ;
#7379 = APPLICATION_PROTOCOL_DEFINITION ( 'draft international standard', 'automotive_design', 1998, #5184 ) ;
#7380 = CARTESIAN_POINT ( 'NONE',  ( -48.08912244130324609, 44.44712666933193645, 165.2215711106406957 ) ) ;
#7381 = CARTESIAN_POINT ( 'NONE',  ( 50.17608154649258978, 52.53221257244981501, 174.9394846066750802 ) ) ;
#7382 = CARTESIAN_POINT ( 'NONE',  ( -21.38687760817548877, 87.57359478032044819, 165.8086987289611898 ) ) ;
#7383 = CARTESIAN_POINT ( 'NONE',  ( 56.16915725327315556, -8.567462097191317127, 149.0516136338366948 ) ) ;
#7384 = CARTESIAN_POINT ( 'NONE',  ( -9.901959807141684777, 75.40111923004197081, 392.2505884593533096 ) ) ;
#7385 = CARTESIAN_POINT ( 'NONE',  ( 8.946430303705596998, 94.44726712020614912, 186.2831474524963937 ) ) ;
#7386 = CARTESIAN_POINT ( 'NONE',  ( -34.51861392436198628, -5.885722532160073683, 338.9088815924127971 ) ) ;
#7387 = CARTESIAN_POINT ( 'NONE',  ( 39.65584294845850621, 68.97579746336523954, 159.3071595809982455 ) ) ;
#7388 = CARTESIAN_POINT ( 'NONE',  ( -9.789273028547555100, 73.33036981719459391, 82.48400406546033992 ) ) ;
#7389 = CARTESIAN_POINT ( 'NONE',  ( -35.22198724234748823, -30.32655892779189699, 17.37244572532984677 ) ) ;
#7390 = B_SPLINE_CURVE_WITH_KNOTS ( 'NONE', 3,
 ( #7337, #2012, #6753, #1426, #3226, #5602, #2646, #1743, #5254, #6413, #6946, #7574, #4039, #1088, #2259, #6989, #4113, #3463, #586, #2215, #5837, #2335, #4077, #6491 ),
 .UNSPECIFIED., .F., .F.,
 ( 4, 2, 2, 2, 2, 2, 2, 2, 2, 2, 2, 4 ),
 ( 2.775557561562891351E-17, 0.001689200062175799091, 0.002533800093263671206, 0.003378400124351543538, 0.005067600186527287769, 0.005912200217615132779, 0.006756800248702977789, 0.008446000310878614900, 0.009290600341966397460, 0.01013520037305418175, 0.01182440043522975208, 0.01351360049740532240 ),
 .UNSPECIFIED. ) ;
#7391 = CARTESIAN_POINT ( 'NONE',  ( -49.08431831770043630, 35.28856251571792768, 183.1758581061168911 ) ) ;
#7392 = CARTESIAN_POINT ( 'NONE',  ( -34.89766792333720957, 77.74421882339879630, 171.8688843953070204 ) ) ;
#7393 = CARTESIAN_POINT ( 'NONE',  ( -23.19260319229401190, 97.67586146124946822, 321.0291108488048621 ) ) ;
#7394 = CARTESIAN_POINT ( 'NONE',  ( 2.972658668383121761, -30.38279797645749269, 391.6268183913150551 ) ) ;
#7395 = CARTESIAN_POINT ( 'NONE',  ( -37.02534058801362704, -0.6692307771683108086, 10.00000000000000000 ) ) ;
#7396 = CARTESIAN_POINT ( 'NONE',  ( 33.56114064440622968, 81.16927559864757313, 184.6893192680179538 ) ) ;
#7397 = CARTESIAN_POINT ( 'NONE',  ( 48.24448696479954179, 59.94290433637200266, 186.3962023775467287 ) ) ;
#7398 = CARTESIAN_POINT ( 'NONE',  ( -53.79043518013038039, -6.249167191610056626, 201.7386374643990621 ) ) ;
#7399 = CARTESIAN_POINT ( 'NONE',  ( 2.515692278366667978, 94.19908034569381527, 161.6527187167846762 ) ) ;
#7400 = CARTESIAN_POINT ( 'NONE',  ( -0.3785761406629415404, -50.62112415900385542, 236.3618297300487541 ) ) ;
#7401 = CARTESIAN_POINT ( 'NONE',  ( 53.55015124105185009, -4.347729716210582573, 82.46848489712388641 ) ) ;
#7402 = DIRECTION ( 'NONE',  ( 0.000000000000000000, 0.000000000000000000, -1.000000000000000000 ) ) ;
#7403 = CARTESIAN_POINT ( 'NONE',  ( -44.76571612290369018, 53.54926361810075264, 266.6275935380331248 ) ) ;
#7404 = CARTESIAN_POINT ( 'NONE',  ( 6.733884874399126197, 63.75276495332270343, 403.9664691572650099 ) ) ;
#7405 = CARTESIAN_POINT ( 'NONE',  ( 45.35911368950332445, 56.10528813872928566, 165.2956515105586845 ) ) ;
#7406 = CARTESIAN_POINT ( 'NONE',  ( 53.43687592494325855, 28.59236251895790559, 178.9356483291958000 ) ) ;
#7407 = CARTESIAN_POINT ( 'NONE',  ( -2.000000000000001776, 93.47450004424977976, 163.2499823136662940 ) ) ;
#7408 = CARTESIAN_POINT ( 'NONE',  ( -39.51867287937334083, 72.56121240336001676, 187.8101635640400957 ) ) ;
#7409 = CARTESIAN_POINT ( 'NONE',  ( 31.76460023555167922, 17.21542949463208672, 338.6153906004792589 ) ) ;
#7410 = CARTESIAN_POINT ( 'NONE',  ( 0.000000000000000000, 94.26990623710241834, 181.7605796095760979 ) ) ;
#7411 = CARTESIAN_POINT ( 'NONE',  ( 44.81702237012532208, -42.26465687279514327, 125.3266542655554758 ) ) ;
#7412 = CARTESIAN_POINT ( 'NONE',  ( -1.422786091524468555, 93.29369635706851227, 162.1649096506300225 ) ) ;
#7413 = CARTESIAN_POINT ( 'NONE',  ( 31.80549350305485845, 92.60319322376103912, 221.6066802496429489 ) ) ;
#7414 = CARTESIAN_POINT ( 'NONE',  ( -1.999999999999990452, 96.21494918568889432, 178.0992207842987796 ) ) ;
#7415 = CARTESIAN_POINT ( 'NONE',  ( -13.56343537099108332, -46.90500798910228042, 267.2670486066114108 ) ) ;
#7416 = VERTEX_POINT ( 'NONE', #4094 ) ;
#7417 = APPLICATION_PROTOCOL_DEFINITION ( 'draft international standard', 'automotive_design', 1998, #370 ) ;
#7418 = CARTESIAN_POINT ( 'NONE',  ( -47.64265021999983674, 46.49142230212908800, 177.8618794030975323 ) ) ;
#7419 = CARTESIAN_POINT ( 'NONE',  ( 39.45309683565793080, 30.76688321736221710, 34.20697410820720563 ) ) ;
#7420 = CARTESIAN_POINT ( 'NONE',  ( -26.61577690507235872, 74.74425111786842990, 119.4772994722064539 ) ) ;
#7421 = CARTESIAN_POINT ( 'NONE',  ( 56.14666852717171963, -12.12898496295602868, 149.0521192446565522 ) ) ;
#7422 = CARTESIAN_POINT ( 'NONE',  ( -24.22660087102588733, 83.93403015350520491, 336.2347768212659957 ) ) ;
#7423 = CARTESIAN_POINT ( 'NONE',  ( 49.90177573649046394, 27.10604614702789306, 119.9999999999985079 ) ) ;
#7424 = CARTESIAN_POINT ( 'NONE',  ( -29.10239404485728087, -5.440496092148991991, 359.8077047179686474 ) ) ;
#7425 = CARTESIAN_POINT ( 'NONE',  ( 38.89201245882531310, 72.67783153646212213, 178.1144575310778180 ) ) ;
#7426 = CARTESIAN_POINT ( 'NONE',  ( -8.108821138904701797, 112.8856529317305757, 352.9526403242312540 ) ) ;
#7427 = CARTESIAN_POINT ( 'NONE',  ( -14.44928574916830932, -15.03174315337590805, 405.3721513431274275 ) ) ;
#7428 = CARTESIAN_POINT ( 'NONE',  ( -7.946428739083883031, 93.88924445841371380, 185.6792823656271878 ) ) ;
#7429 = CARTESIAN_POINT ( 'NONE',  ( -36.27631173726864233, 75.91891360171203473, 171.8381060973561887 ) ) ;
#7430 = CARTESIAN_POINT ( 'NONE',  ( -21.31489111843148621, 98.15655312074666483, 335.5946005707174891 ) ) ;
#7431 = CARTESIAN_POINT ( 'NONE',  ( 5.884888747807983655, -44.24089897522708981, 297.8217179801829957 ) ) ;
#7432 = CARTESIAN_POINT ( 'NONE',  ( -54.77857594407559105, 7.273112108655828578, 174.9352365799757365 ) ) ;
#7433 = CARTESIAN_POINT ( 'NONE',  ( 9.267268377735224050, 94.72610293763962375, 188.2349388007698110 ) ) ;
#7434 = CARTESIAN_POINT ( 'NONE',  ( 33.69312735287374494, 81.84639437494007552, 191.2549996938672905 ) ) ;
#7435 = CARTESIAN_POINT ( 'NONE',  ( 37.53805227020075108, 82.63468287528159806, 189.3601970993651946 ) ) ;
#7436 = CARTESIAN_POINT ( 'NONE',  ( -38.10176256552726670, -6.366064249395209096, 322.2739777377120731 ) ) ;
#7437 = CARTESIAN_POINT ( 'NONE',  ( 1.960187168174509331, 93.42095645274697802, 162.9589435435392488 ) ) ;
#7438 = CARTESIAN_POINT ( 'NONE',  ( -1.009519240138795571, -46.06074705912613609, 283.5891185915985488 ) ) ;
#7439 = CARTESIAN_POINT ( 'NONE',  ( 47.63676112757550385, -3.733940665973783712, 266.0964401832982276 ) ) ;
#7440 = CARTESIAN_POINT ( 'NONE',  ( 0.000000000000000000, 96.69976829699139387, 180.5517629866337757 ) ) ;
#7441 = CARTESIAN_POINT ( 'NONE',  ( -49.78629420090688740, 32.84190813034922485, 82.47295628131756473 ) ) ;
#7442 = CARTESIAN_POINT ( 'NONE',  ( 37.27194495173093713, 51.34134472910444202, 60.98121051407752446 ) ) ;
#7443 = CARTESIAN_POINT ( 'NONE',  ( 46.25837455389571318, 52.73829589882858926, 190.9111697707943733 ) ) ;
#7444 = LINE ( 'NONE', #3837, #4413 ) ;
#7445 = CARTESIAN_POINT ( 'NONE',  ( 0.6964307916117062902, 93.97220014917719766, 180.0579283560113879 ) ) ;
#7446 = CARTESIAN_POINT ( 'NONE',  ( -39.36209683751941668, 72.54288480451907617, 184.5518405840391836 ) ) ;
#7447 = CARTESIAN_POINT ( 'NONE',  ( 53.38629803832819931, 11.71335295193264692, 201.7384173601263342 ) ) ;
#7448 = ORIENTED_EDGE ( 'NONE', *, *, #6583, .T. ) ;
#7449 = CARTESIAN_POINT ( 'NONE',  ( -4.317625338445203909, 93.05709459812808859, 175.3444305065058586 ) ) ;
#7450 = CARTESIAN_POINT ( 'NONE',  ( 38.70280208804821598, -43.70310301856441271, 201.7454514830834853 ) ) ;
#7451 = CARTESIAN_POINT ( 'NONE',  ( -3.036967348827479540, 95.42606262480160240, 168.0721658496924249 ) ) ;
#7452 = CARTESIAN_POINT ( 'NONE',  ( 21.55165213505841137, 38.78149817916895614, 17.20962238847535630 ) ) ;
#7453 = CARTESIAN_POINT ( 'NONE',  ( 0.4999999999999796274, 96.50574888332657508, 179.5707641100899821 ) ) ;
#7454 = CARTESIAN_POINT ( 'NONE',  ( -10.98363994162249924, -38.30891179570084404, 335.9138904806569599 ) ) ;
#7455 = ORIENTED_EDGE ( 'NONE', *, *, #1961, .F. ) ;
#7456 = CARTESIAN_POINT ( 'NONE',  ( -47.99895193639332547, 44.42773955400417663, 153.0845479870634733 ) ) ;
#7457 = CARTESIAN_POINT ( 'NONE',  ( 46.39099346340622532, 62.85650980306269275, 236.2434506562701415 ) ) ;
#7458 = CARTESIAN_POINT ( 'NONE',  ( -25.64607489056046319, 78.11847826419526086, 130.2544280438229123 ) ) ;
#7459 = CARTESIAN_POINT ( 'NONE',  ( 30.13641692555666651, -9.665806236974255228, 359.7664704200033157 ) ) ;
#7460 = CARTESIAN_POINT ( 'NONE',  ( -40.96232053673400486, 72.33136208730066130, 149.0291832530585623 ) ) ;
#7461 = CARTESIAN_POINT ( 'NONE',  ( 7.946428739083171600, 55.33066399378871836, -10.85544469264732470 ) ) ;
#7462 = CARTESIAN_POINT ( 'NONE',  ( -45.23928350534911402, -4.771368385267505730, 282.1655456823680197 ) ) ;
#7463 = CARTESIAN_POINT ( 'NONE',  ( 41.19442452385365527, 66.91324968151833730, 165.4125447899671713 ) ) ;
#7464 = CARTESIAN_POINT ( 'NONE',  ( -14.30785050944680847, 102.1798343643551448, 221.6222292242597973 ) ) ;
#7465 = CARTESIAN_POINT ( 'NONE',  ( -30.50351993349007884, -26.09945138816552657, 337.8589216439749521 ) ) ;
#7466 = CARTESIAN_POINT ( 'NONE',  ( 0.000000000000000000, 93.97680616000370435, 180.0669229464810712 ) ) ;
#7467 = CARTESIAN_POINT ( 'NONE',  ( -35.70591871572122500, 71.77253153344325654, 141.4144309003575870 ) ) ;
#7468 = CARTESIAN_POINT ( 'NONE',  ( -26.44614241011446865, 99.63431753472382013, 267.3895699400083572 ) ) ;
#7469 = CARTESIAN_POINT ( 'NONE',  ( 2.932549651586340289, -54.40131079818338122, 175.0443266466952537 ) ) ;
#7470 = CARTESIAN_POINT ( 'NONE',  ( -54.83115611105644405, 4.371132744905328771, 106.4742753376999360 ) ) ;
#7471 = CARTESIAN_POINT ( 'NONE',  ( 19.57271000017103546, 90.49946820436582584, 178.4569944109842368 ) ) ;
#7472 = CARTESIAN_POINT ( 'NONE',  ( 33.86582407843336284, 68.92104968047550528, 119.3203148518369687 ) ) ;
#7473 = CARTESIAN_POINT ( 'NONE',  ( 40.79219493935657681, 77.77469946356670505, 188.7253872207236043 ) ) ;
#7474 = CARTESIAN_POINT ( 'NONE',  ( -37.25401141824335838, -6.474956792220855739, 10.00000000000001066 ) ) ;
#7475 = CARTESIAN_POINT ( 'NONE',  ( 1.413924951713815492, 93.29479945718742329, 162.1699636143317207 ) ) ;
#7476 = CARTESIAN_POINT ( 'NONE',  ( 0.000000000000000000, -43.01113364881287282, 309.3074982836325262 ) ) ;
#7477 = CARTESIAN_POINT ( 'NONE',  ( 40.57336553839369486, -5.201185033933578339, 17.38808974904444682 ) ) ;
#7478 = CARTESIAN_POINT ( 'NONE',  ( 0.8880925885118693408, 93.26090542200195443, 161.9129223572823264 ) ) ;
#7479 = CARTESIAN_POINT ( 'NONE',  ( 32.92123079591937085, 79.12351422396559997, 165.6131619998448343 ) ) ;
#7480 = CARTESIAN_POINT ( 'NONE',  ( -32.61100185019126485, 18.52587481360840371, 10.00000000000000000 ) ) ;
#7481 = CARTESIAN_POINT ( 'NONE',  ( 20.99623477986060749, 73.49320201316027124, 355.6337695516447752 ) ) ;
#7482 = CARTESIAN_POINT ( 'NONE',  ( 46.98787464778870060, 49.94887685830951085, 171.5467403857714430 ) ) ;
#7483 = CARTESIAN_POINT ( 'NONE',  ( 1.926742067470333719, 96.80942756360546753, 174.9460906908306015 ) ) ;
#7484 = CARTESIAN_POINT ( 'NONE',  ( -44.90446464643454760, 58.51437290131487146, 186.2096079408786409 ) ) ;
#7485 = CARTESIAN_POINT ( 'NONE',  ( -39.99786185185215714, 60.92354681990834564, 119.1671892431883180 ) ) ;
#7486 = CARTESIAN_POINT ( 'NONE',  ( 25.72963332187655183, 16.11943870049362815, 359.2918860454653895 ) ) ;
#7487 = CARTESIAN_POINT ( 'NONE',  ( -2.193574997059839049, 81.03991695263097483, 119.6168639179787334 ) ) ;
#7488 = CARTESIAN_POINT ( 'NONE',  ( 33.23044505140508420, -39.22986829579414092, 266.7463894329503091 ) ) ;
#7489 = CARTESIAN_POINT ( 'NONE',  ( 19.90698107672014316, 82.06606026347442651, 120.0000000000000426 ) ) ;
#7490 = CARTESIAN_POINT ( 'NONE',  ( 17.24497560433223953, 105.2293931483611544, 267.5377225618441344 ) ) ;
#7491 = CARTESIAN_POINT ( 'NONE',  ( 0.4999999999999863443, 93.25755166443106248, 161.8648835697545394 ) ) ;
#7492 = CARTESIAN_POINT ( 'NONE',  ( -14.41834025962064203, -50.98981693799635195, 61.09601879516655742 ) ) ;
#7493 = VERTEX_POINT ( 'NONE', #6322 ) ;
#7494 = CARTESIAN_POINT ( 'NONE',  ( -47.06218789256727320, 49.53925387352022369, 177.8785255883557284 ) ) ;
#7495 = CARTESIAN_POINT ( 'NONE',  ( 16.75142871126407229, 56.52716496110573985, 376.0054437532482439 ) ) ;
#7496 = CARTESIAN_POINT ( 'NONE',  ( -21.38214900509025540, 86.43365822666297049, 159.6645377924534728 ) ) ;
#7497 = CARTESIAN_POINT ( 'NONE',  ( 46.25854380057079851, -8.253272922936428557, 34.40077200447448291 ) ) ;
#7498 = CARTESIAN_POINT ( 'NONE',  ( -25.99660293237877795, 76.33929015630870651, 336.5399300979128725 ) ) ;
#7499 = CARTESIAN_POINT ( 'NONE',  ( -7.409418842385085746, 84.53444808825814505, 120.0000000000000426 ) ) ;
#7500 = CARTESIAN_POINT ( 'NONE',  ( -49.43156454098385666, -4.785056456049806783, 250.8428210327163868 ) ) ;
#7501 = CARTESIAN_POINT ( 'NONE',  ( 40.11871400879141447, 70.78315822129660262, 181.3042789883999717 ) ) ;
#7502 = CARTESIAN_POINT ( 'NONE',  ( -20.00222822556246882, 102.8982397504110224, 251.7886321841774020 ) ) ;
#7503 = CARTESIAN_POINT ( 'NONE',  ( -50.55688091963194353, -32.68780969347139376, 174.9602033835230657 ) ) ;
#7505 = ORIENTED_EDGE ( 'NONE', *, *, #2210, .T. ) ;
#7504 = ADVANCED_FACE ( 'NONE', ( #6470 ), #2078, .F. ) ;
#7506 = CARTESIAN_POINT ( 'NONE',  ( -0.5057462462598978359, 94.23955032089106965, 161.6722230930132298 ) ) ;
#7507 = CARTESIAN_POINT ( 'NONE',  ( -36.87939522788600044, 73.24937928776193985, 159.3747762743824694 ) ) ;
#7508 = CARTESIAN_POINT ( 'NONE',  ( -24.31842651746483952, 98.48582651464207061, 309.2848057688953531 ) ) ;
#7509 = CARTESIAN_POINT ( 'NONE',  ( 1.096416134463319425, -49.28920418735288678, 251.6521130056177356 ) ) ;
#7510 = CARTESIAN_POINT ( 'NONE',  ( -45.95100053034951770, 1.417004366451256825, 34.38992624270394316 ) ) ;
#7511 = CARTESIAN_POINT ( 'NONE',  ( 19.47051832716879716, 91.57658057692242437, 184.9054269985272470 ) ) ;
#7512 = VECTOR ( 'NONE', #2795, 999.9999999999998863 ) ;
#7513 = CARTESIAN_POINT ( 'NONE',  ( 34.92306122722855832, 79.87256921238210339, 187.9244007649264745 ) ) ;
#7514 = DIRECTION ( 'NONE',  ( 0.000000000000000000, -0.9849283936010277962, 0.1729625956052314173 ) ) ;
#7515 = CARTESIAN_POINT ( 'NONE',  ( -46.25700785462451847, -6.634331453438261583, 34.40077200447447581 ) ) ;
#7516 = EDGE_CURVE ( 'NONE', #1684, #1585, #2912, .T. ) ;
#7517 = CARTESIAN_POINT ( 'NONE',  ( 1.629451065023018730, 93.32426796895279608, 162.3695611404626788 ) ) ;
#7518 = CARTESIAN_POINT ( 'NONE',  ( 0.000000000000000000, -46.06296908967431136, 283.5898144950127744 ) ) ;
#7519 = CARTESIAN_POINT ( 'NONE',  ( 46.26020974515502360, -5.511524505195139589, 34.40050497836520549 ) ) ;
#7520 = CARTESIAN_POINT ( 'NONE',  ( -52.90879153426710246, 33.37692540407239505, 182.7233535010675212 ) ) ;
#7521 = CARTESIAN_POINT ( 'NONE',  ( 32.25745812844962757, 77.70105448859780495, 153.4857910625811712 ) ) ;
#7522 = CARTESIAN_POINT ( 'NONE',  ( -51.39762233582115414, 46.69834726673910552, 174.9387597499864171 ) ) ;
#7523 = CARTESIAN_POINT ( 'NONE',  ( 10.57362586278651939, 59.66586423606855760, 393.5327506256454058 ) ) ;
#7524 = CARTESIAN_POINT ( 'NONE',  ( 47.14057749608792136, 49.23007669591900992, 174.6903979074465667 ) ) ;
#7525 = CARTESIAN_POINT ( 'NONE',  ( 1.547464172588223663, 110.3652471003203743, 283.8320178816200610 ) ) ;
#7526 = PLANE ( 'NONE',  #1808 ) ;
#7527 = CARTESIAN_POINT ( 'NONE',  ( -38.24425419550227900, 75.19524384003184991, 191.1501850450707707 ) ) ;
#7528 = CARTESIAN_POINT ( 'NONE',  ( 50.97392198010938813, 2.924690040458728379, 61.09541598837216725 ) ) ;
#7529 = CARTESIAN_POINT ( 'NONE',  ( 0.4999999999999863443, 90.70627013778778291, 162.3654251051129052 ) ) ;
#7530 = CARTESIAN_POINT ( 'NONE',  ( 12.40582092776204703, -21.44960995392472825, 404.4351836481608302 ) ) ;
#7531 = EDGE_CURVE ( 'NONE', #2138, #3967, #103, .T. ) ;
#7532 = CARTESIAN_POINT ( 'NONE',  ( 33.77850091417769107, 63.34026778735402274, 82.48044464463374936 ) ) ;
#7533 = CARTESIAN_POINT ( 'NONE',  ( 51.13663165363477248, 41.66631513154227662, 120.0000000000000000 ) ) ;
#7534 = CARTESIAN_POINT ( 'NONE',  ( 19.00078485949160978, 104.9225855111754697, 309.2951258468611968 ) ) ;
#7535 = CARTESIAN_POINT ( 'NONE',  ( -3.036967382243445090, 95.42612644100722719, 168.0724953901155061 ) ) ;
#7536 = ORIENTED_EDGE ( 'NONE', *, *, #6161, .T. ) ;
#7537 = CARTESIAN_POINT ( 'NONE',  ( -45.61695422441056280, 55.84924024218705796, 181.1433034118521164 ) ) ;
#7538 = CARTESIAN_POINT ( 'NONE',  ( 34.69018520095133340, 37.35038264156623455, 321.9527618989623079 ) ) ;
#7539 = CARTESIAN_POINT ( 'NONE',  ( -25.73913233983776294, 89.22590307808698640, 191.3893739919490713 ) ) ;
#7540 = CARTESIAN_POINT ( 'NONE',  ( 40.57744268347438066, -8.098373017168137622, 309.1853475621281291 ) ) ;
#7541 = CARTESIAN_POINT ( 'NONE',  ( -36.36731059338014660, 72.43720910548549341, 297.3681172835086386 ) ) ;
#7542 = LINE ( 'NONE', #4052, #4733 ) ;
#7543 = CARTESIAN_POINT ( 'NONE',  ( -53.11693139175028477, -5.733250820808043713, 211.2172972428551532 ) ) ;
#7544 = EDGE_CURVE ( 'NONE', #2925, #6580, #2541, .T. ) ;
#7545 = CARTESIAN_POINT ( 'NONE',  ( 40.61742968805571508, 69.47246987227063642, 178.0647167996795588 ) ) ;
#7546 = CARTESIAN_POINT ( 'NONE',  ( 9.098780272597599250, 65.78648279363322615, 60.91907727440314346 ) ) ;
#7547 = CARTESIAN_POINT ( 'NONE',  ( -23.33226205077124149, 92.32417911577387315, 174.9451696663910525 ) ) ;
#7548 = CARTESIAN_POINT ( 'NONE',  ( -34.88939280935169052, -34.80724427588212677, 282.7435959434031361 ) ) ;
#7549 = ORIENTED_EDGE ( 'NONE', *, *, #5852, .T. ) ;
#7550 = CARTESIAN_POINT ( 'NONE',  ( -53.52984902553232160, 27.10604614702786463, 119.9999999999999858 ) ) ;
#7551 = CARTESIAN_POINT ( 'NONE',  ( -36.20093619816438490, 76.89223742602408151, 178.1788610714550316 ) ) ;
#7552 = CARTESIAN_POINT ( 'NONE',  ( -20.34097093077531682, 33.53996496030719499, 10.00000000000000000 ) ) ;
#7553 = CARTESIAN_POINT ( 'NONE',  ( 4.066560519961885944, -46.00170559318671337, 283.5750265474619596 ) ) ;
#7554 = CARTESIAN_POINT ( 'NONE',  ( -42.88654231778227199, 0.3056576034332569303, 296.6599806610806809 ) ) ;
#7555 = CARTESIAN_POINT ( 'NONE',  ( 21.16709573362689412, 90.84773317768032541, 184.8867264322255721 ) ) ;
#7556 = CARTESIAN_POINT ( 'NONE',  ( 37.38247631386229131, 71.56059444611665299, 153.3660682660672876 ) ) ;
#7557 = CARTESIAN_POINT ( 'NONE',  ( 1.999999999999997113, 109.3795709624396579, 160.2304650945401647 ) ) ;
#7558 = CARTESIAN_POINT ( 'NONE',  ( -51.21335624741463022, -6.615519407355551884, 61.09962439963114633 ) ) ;
#7559 = EDGE_CURVE ( 'NONE', #6881, #6543, #5344, .T. ) ;
#7560 = CARTESIAN_POINT ( 'NONE',  ( -0.3996605748687314663, -54.41040938837300445, 95.91147462393556111 ) ) ;
#7561 = CARTESIAN_POINT ( 'NONE',  ( 52.29861167526561161, -5.729493552835315029, 221.5228027656295353 ) ) ;
#7562 = CARTESIAN_POINT ( 'NONE',  ( -0.3333353987592250212, 93.25849076869475596, 161.8646993248230785 ) ) ;
#7563 = CARTESIAN_POINT ( 'NONE',  ( 29.90356056238856652, 75.19377220185712929, 130.1713360589754700 ) ) ;
#7564 = CARTESIAN_POINT ( 'NONE',  ( -50.92072697313178509, 34.53565582397966693, 95.91741718694669316 ) ) ;
#7565 = AXIS2_PLACEMENT_3D ( 'NONE', #2346, #7188, #1866 ) ;
#7566 = CARTESIAN_POINT ( 'NONE',  ( 39.13723516444454731, 48.88963246323980627, 60.98966584903971011 ) ) ;
#7567 = CARTESIAN_POINT ( 'NONE',  ( 46.98666619498144570, 49.34366054158276427, 187.5867191233475353 ) ) ;
#7568 = CARTESIAN_POINT ( 'NONE',  ( 1.999999999999997335, 93.69327400850461629, 178.5939537848248051 ) ) ;
#7569 = CARTESIAN_POINT ( 'NONE',  ( 8.173918826655913961, 113.4650493156208029, 402.6824908993031045 ) ) ;
#7570 = CARTESIAN_POINT ( 'NONE',  ( -38.96817492309273945, 73.67581443211139458, 188.1899918316956928 ) ) ;
#7571 = CARTESIAN_POINT ( 'NONE',  ( -39.07371987065158692, 67.12070580557218591, 141.3358835278289405 ) ) ;
#7572 = CARTESIAN_POINT ( 'NONE',  ( 45.84628360621288579, 2.645876161464983944, 34.38649416360274813 ) ) ;
#7573 = CARTESIAN_POINT ( 'NONE',  ( -1.810897180595313349, 94.37315854466795884, 162.4248483889396937 ) ) ;
#7574 = CARTESIAN_POINT ( 'NONE',  ( -49.67644276548359272, 29.83455493139986103, 180.4830878442891731 ) ) ;
#7575 = CARTESIAN_POINT ( 'NONE',  ( 29.11591826869958410, -48.03321862105997297, 211.1999278923750012 ) ) ;
#7576 = CARTESIAN_POINT ( 'NONE',  ( 8.915904919500972525, 77.31904124755081398, 403.4875723216958363 ) ) ;
#7577 = CARTESIAN_POINT ( 'NONE',  ( 34.92387980093427302, 73.16303986896782874, 120.0000000000000284 ) ) ;
#7578 = CARTESIAN_POINT ( 'NONE',  ( 19.59567572652590428, 100.3361905882335350, 221.6189085552311724 ) ) ;
#7579 = CARTESIAN_POINT ( 'NONE',  ( 5.444503989532075039, 94.74010432748885080, 185.7501344924549187 ) ) ;
#7580 = ORIENTED_EDGE ( 'NONE', *, *, #4814, .T. ) ;
#7581 = B_SPLINE_CURVE_WITH_KNOTS ( 'NONE', 3,
 ( #1732, #5155, #2243, #1652, #1187, #4102, #7674, #1075 ),
 .UNSPECIFIED., .F., .F.,
 ( 4, 2, 2, 4 ),
 ( 0.04833166439500936884, 0.06178431403367819208, 0.07523696367234700144, 0.1021422629496846479 ),
 .UNSPECIFIED. ) ;
#7582 = CARTESIAN_POINT ( 'NONE',  ( -46.47043049069016973, 51.73411414206378112, 159.1200359344656192 ) ) ;
#7583 = CARTESIAN_POINT ( 'NONE',  ( 47.54541800350610714, 46.36932620354161116, 251.1354166744839631 ) ) ;
#7584 = CARTESIAN_POINT ( 'NONE',  ( -13.98745671674763180, 94.35018623895923895, 191.5129392457864128 ) ) ;
#7585 = CARTESIAN_POINT ( 'NONE',  ( 51.53507487586163904, -27.34414253052597132, 192.3629892491741202 ) ) ;
#7586 = CARTESIAN_POINT ( 'NONE',  ( -44.60511646198096969, 62.04095664234887408, 125.2959993858284946 ) ) ;
#7587 = CARTESIAN_POINT ( 'NONE',  ( -12.89845815644907745, 83.81478575962610478, 119.9999999999999716 ) ) ;
#7588 = CARTESIAN_POINT ( 'NONE',  ( 38.86473209013810504, 62.70399529536205563, 119.1953170887950506 ) ) ;
#7589 = CARTESIAN_POINT ( 'NONE',  ( 13.24699397673110290, 105.6254139500467915, 251.8387935991663369 ) ) ;
#7590 = CARTESIAN_POINT ( 'NONE',  ( -15.64684210313854074, 107.7570054325564541, 320.8476529610748571 ) ) ;
#7591 = CARTESIAN_POINT ( 'NONE',  ( -20.88924587872852001, -30.27925202095545743, 356.4816398571844616 ) ) ;
#7592 = CARTESIAN_POINT ( 'NONE',  ( 2.446430303705090292, 55.33066399378872546, -10.85544469264730871 ) ) ;
#7593 = VECTOR ( 'NONE', #1189, 1000.000000000000114 ) ;
#7594 = CARTESIAN_POINT ( 'NONE',  ( -34.26338870578430829, 81.13505020407589541, 191.2429771484771379 ) ) ;
#7595 = CARTESIAN_POINT ( 'NONE',  ( -19.79417915554141416, 91.20814569966871943, 354.2945881323981325 ) ) ;
#7596 = CARTESIAN_POINT ( 'NONE',  ( 3.679238610717980418, -41.41978176773010034, 320.9852524028163430 ) ) ;
#7597 = CARTESIAN_POINT ( 'NONE',  ( -53.08207952645622640, 3.994840972008240954, 211.2173510419876834 ) ) ;
#7598 = CARTESIAN_POINT ( 'NONE',  ( 16.11637572179051148, 89.46388677555763991, 165.8539511133866995 ) ) ;
#7599 = CARTESIAN_POINT ( 'NONE',  ( 36.47050888854497686, 78.06508996162256153, 191.1946316868604185 ) ) ;
#7600 = LINE ( 'NONE', #6399, #6576 ) ;
#7601 = CARTESIAN_POINT ( 'NONE',  ( -55.24125157666991015, -8.553994493770428420, 106.4752925735672449 ) ) ;
#7602 = CARTESIAN_POINT ( 'NONE',  ( 0.4999999999999863443, 109.0907880126508047, 158.7585260985518119 ) ) ;
#7603 = CARTESIAN_POINT ( 'NONE',  ( 55.20740612548598847, -5.071827626257414678, 106.4752675288961967 ) ) ;
#7604 = CARTESIAN_POINT ( 'NONE',  ( -53.14915950718872750, 31.11773449423395732, 181.5777972250358516 ) ) ;
#7605 = CARTESIAN_POINT ( 'NONE',  ( 31.41600838863035250, 83.51850982125542089, 184.7321364028171331 ) ) ;
#7606 = CARTESIAN_POINT ( 'NONE',  ( -37.79436788118788826, 37.94507223821516817, 309.2110135683235512 ) ) ;
#7607 = CARTESIAN_POINT ( 'NONE',  ( 47.91433405799836009, 45.41859985155242185, 165.2254125893312562 ) ) ;
#7608 = CARTESIAN_POINT ( 'NONE',  ( 1.923436128265165745, 96.29663221904282011, 178.5756105950068786 ) ) ;
#7609 = CARTESIAN_POINT ( 'NONE',  ( 9.602291562906549061, 106.6010458179829499, 251.8567759627173928 ) ) ;
#7610 = CARTESIAN_POINT ( 'NONE',  ( -38.52085773059261697, 74.03850142431009829, 184.5756760701456756 ) ) ;
#7611 = CARTESIAN_POINT ( 'NONE',  ( 36.95249142713322499, 0.2541063640927146983, 10.00000000000000178 ) ) ;
#7612 = CARTESIAN_POINT ( 'NONE',  ( -6.807933017900215282E-13, 95.85182978639821272, 185.2942384325754119 ) ) ;
#7613 = CARTESIAN_POINT ( 'NONE',  ( 13.75281389769910234, -30.08208249844994242, 374.6536346906927406 ) ) ;
#7614 = CARTESIAN_POINT ( 'NONE',  ( 10.23890644972376407, 78.51451209542918264, 403.4348092658253790 ) ) ;
#7615 = CARTESIAN_POINT ( 'NONE',  ( -1.923393747225989436, 93.40616558447891293, 162.8717799830787101 ) ) ;
#7616 = CARTESIAN_POINT ( 'NONE',  ( 20.98093319825395042, 88.63672423477601114, 149.0213930354750005 ) ) ;
#7617 = CARTESIAN_POINT ( 'NONE',  ( 49.97323099003804714, 27.52291327321188064, 176.6377014046612146 ) ) ;
#7618 = EDGE_LOOP ( 'NONE', ( #3340, #4584, #2780, #6380 ) ) ;
#7619 = CARTESIAN_POINT ( 'NONE',  ( -46.36557202508438991, 52.45402683332640947, 187.6053451657659252 ) ) ;
#7620 = CARTESIAN_POINT ( 'NONE',  ( 43.49273569025414332, 38.47619753015403887, 282.5153972148385151 ) ) ;
#7621 = CARTESIAN_POINT ( 'NONE',  ( -12.19323766281217303, 93.68018765925368996, 184.9591048949468757 ) ) ;
#7622 = CARTESIAN_POINT ( 'NONE',  ( 18.57920417521961909, -12.54445907286658191, 397.0909501296287090 ) ) ;
#7623 = SURFACE_STYLE_USAGE ( .BOTH. , #597 ) ;
#7624 = CARTESIAN_POINT ( 'NONE',  ( 40.70183155435626787, 68.61874840299800837, 171.7254647142500801 ) ) ;
#7625 = CARTESIAN_POINT ( 'NONE',  ( 15.26363629011957279, 95.17499453668588671, 174.9457140544018898 ) ) ;
#7626 = CARTESIAN_POINT ( 'NONE',  ( -18.56878409532550123, 94.20570554236424243, 174.9455183955175528 ) ) ;
#7627 = CARTESIAN_POINT ( 'NONE',  ( -14.76985720745441988, -23.67019973328903149, 394.0308584438650428 ) ) ;
#7628 = VERTEX_POINT ( 'NONE', #4168 ) ;
#7629 = DIRECTION ( 'NONE',  ( 3.343261070905212782E-15, 0.000000000000000000, -1.000000000000000000 ) ) ;
#7630 = CARTESIAN_POINT ( 'NONE',  ( -33.70822662103551437, 71.70339561260890093, 130.0860370749789467 ) ) ;
#7631 = CARTESIAN_POINT ( 'NONE',  ( -35.96623380652258817, 84.93705961563605911, 192.3815774159133127 ) ) ;
#7632 = CARTESIAN_POINT ( 'NONE',  ( 3.234203844837741926, -40.39483810678468956, 9.999999999999998224 ) ) ;
#7633 = CARTESIAN_POINT ( 'NONE',  ( -33.13869964417605729, 2.156071364589657868, 338.8606772099996078 ) ) ;
#7634 = CARTESIAN_POINT ( 'NONE',  ( 11.92653934175596220, 80.08320283468989942, 119.6028915144984524 ) ) ;
#7635 = CARTESIAN_POINT ( 'NONE',  ( 36.09798827466118354, 66.42193131593880651, 119.2642526548739994 ) ) ;
#7636 = CARTESIAN_POINT ( 'NONE',  ( 0.000000000000000000, 99.71049082051534640, 192.3914645597634774 ) ) ;
#7637 = CARTESIAN_POINT ( 'NONE',  ( -53.75327083678336493, -8.493862815941158217, 201.7386375963002081 ) ) ;
#7638 = CARTESIAN_POINT ( 'NONE',  ( 0.000000000000000000, -51.87957328486703545, 61.09561556252820935 ) ) ;
#7639 = CARTESIAN_POINT ( 'NONE',  ( 30.22679440555094033, 77.38582094187118798, 141.5415519268907190 ) ) ;
#7640 = CARTESIAN_POINT ( 'NONE',  ( -31.29988482061202149, 23.55405927531020538, 338.4597008190938823 ) ) ;
#7641 = CARTESIAN_POINT ( 'NONE',  ( 47.96517716808691745, 44.92717919888301736, 171.5194303815153489 ) ) ;
#7642 = AXIS2_PLACEMENT_3D ( 'NONE', #1309, #5553, #2598 ) ;
#7643 = CARTESIAN_POINT ( 'NONE',  ( 2.782038635157523920, 97.39963433488539124, 179.0173637348250679 ) ) ;
#7644 = CARTESIAN_POINT ( 'NONE',  ( 1.921794007454578956, 86.35072990353059197, 125.2763118969026976 ) ) ;
#7645 = CARTESIAN_POINT ( 'NONE',  ( -5.698557759442536508, -42.80901173923646752, 309.3045757321900737 ) ) ;
#7646 = CARTESIAN_POINT ( 'NONE',  ( -38.95176389088130975, 67.30931539571137989, 141.3390848153644299 ) ) ;
#7647 = CARTESIAN_POINT ( 'NONE',  ( 4.899493912026906983, 3.044246491124756648, 409.0779284778315628 ) ) ;
#7648 = CARTESIAN_POINT ( 'NONE',  ( 0.000000000000000000, 97.68513765604484433, 180.3813305183697935 ) ) ;
#7649 = CARTESIAN_POINT ( 'NONE',  ( 25.06420276099779088, -50.68433138358413714, 192.4243938126638795 ) ) ;
#7650 = CARTESIAN_POINT ( 'NONE',  ( 34.74398796772088360, 90.97589098158741194, 251.6080655741938585 ) ) ;
#7651 = CARTESIAN_POINT ( 'NONE',  ( 6.396142307263112947, 88.70933338386527112, 153.7458793253524618 ) ) ;
#7652 = CARTESIAN_POINT ( 'NONE',  ( 17.75223142608869509, 106.0140820383212485, 297.8969705289287617 ) ) ;
#7653 = CARTESIAN_POINT ( 'NONE',  ( 50.01210646751363953, 27.30904816858326001, 175.8182886766602735 ) ) ;
#7654 = VERTEX_POINT ( 'NONE', #26 ) ;
#7655 = EDGE_CURVE ( 'NONE', #2352, #7628, #3922, .T. ) ;
#7656 = CARTESIAN_POINT ( 'NONE',  ( -46.25565951691936561, 53.24414375226866269, 174.7160273727027686 ) ) ;
#7657 = CARTESIAN_POINT ( 'NONE',  ( 39.23918078978176283, 53.72053326484898861, 297.1192524415544653 ) ) ;
#7658 = CARTESIAN_POINT ( 'NONE',  ( -19.51534385361596691, 91.04053968289719023, 181.6816204389716063 ) ) ;
#7659 = CARTESIAN_POINT ( 'NONE',  ( 39.65867568197285209, -18.73170549096267123, 17.38382516058653948 ) ) ;
#7660 = CARTESIAN_POINT ( 'NONE',  ( 2.174993589398232174, 97.55189123954573915, 179.7822735275558728 ) ) ;
#7661 = CARTESIAN_POINT ( 'NONE',  ( 44.82466329978031894, 56.62801621963899379, 153.1687799866260491 ) ) ;
#7662 = CARTESIAN_POINT ( 'NONE',  ( 16.71684876410861875, 103.0043457223362680, 236.5076488958378036 ) ) ;
#7663 = CARTESIAN_POINT ( 'NONE',  ( -16.06751618836076290, 107.1090662586570517, 297.9192022927325070 ) ) ;
#7664 = CARTESIAN_POINT ( 'NONE',  ( -38.70280208804821598, -43.70310301856441271, 201.7454514830834853 ) ) ;
#7665 = VERTEX_POINT ( 'NONE', #7118 ) ;
#7666 = CARTESIAN_POINT ( 'NONE',  ( 11.82263087375003430, 94.71663527445096520, 190.9383388514097533 ) ) ;
#7667 = CARTESIAN_POINT ( 'NONE',  ( 7.462719098276234142, 82.68748672344398187, 127.5111161842289960 ) ) ;
#7668 = CARTESIAN_POINT ( 'NONE',  ( -34.00499225935973868, 71.39025053109637042, 130.0783970053655878 ) ) ;
#7669 = CARTESIAN_POINT ( 'NONE',  ( -32.65473808052074389, 68.62650641856744471, 95.91546818198671076 ) ) ;
#7670 = CARTESIAN_POINT ( 'NONE',  ( 0.4180247772275810791, -54.42922362320734919, 175.0446952262756781 ) ) ;
#7671 = CARTESIAN_POINT ( 'NONE',  ( -54.90987642033468319, 3.609679028548031798, 174.9350898044664859 ) ) ;
#7672 = CARTESIAN_POINT ( 'NONE',  ( 24.45438208813911984, 88.60995856152183592, 181.6213422983636292 ) ) ;
#7673 = CARTESIAN_POINT ( 'NONE',  ( 36.36095195503626343, 73.97463304287762753, 159.3853119247603161 ) ) ;
#7674 = CARTESIAN_POINT ( 'NONE',  ( 53.91677298880581048, 27.10604614702785753, 164.8787738163647134 ) ) ;
#7675 = CARTESIAN_POINT ( 'NONE',  ( -55.18502094342525055, -12.09223361389160090, 106.4750809699452816 ) ) ;
#7676 = CARTESIAN_POINT ( 'NONE',  ( 8.946430303705575682, 82.99156353808132280, 129.4249567559108129 ) ) ;
ENDSEC;
END-ISO-10303-21;
