ISO-10303-21;
HEADER;
FILE_DESCRIPTION (( 'STEP AP214' ),
    '1' );
FILE_NAME ();
FILE_SCHEMA (( 'AUTOMOTIVE_DESIGN' ));
ENDSEC;

DATA;
#1 = ADVANCED_FACE ( 'NONE', ( #2285 ), #565, .F. ) ;
#2 = VERTEX_POINT ( 'NONE', #588 ) ;
#3 = DIRECTION ( 'NONE',  ( -0.000000000000000000, -0.000000000000000000, 1.000000000000000000 ) ) ;
#4 = VERTEX_POINT ( 'NONE', #1324 ) ;
#5 = CARTESIAN_POINT ( 'NONE',  ( 12.54302988332683988, 101.0936185136685879, 389.0779284778316196 ) ) ;
#6 = AXIS2_PLACEMENT_3D ( 'NONE', #1199, #281, #856 ) ;
#7 = DIRECTION ( 'NONE',  ( 0.000000000000000000, 0.000000000000000000, -1.000000000000000000 ) ) ;
#8 = FACE_BOUND ( 'NONE', #376, .T. ) ;
#9 = CARTESIAN_POINT ( 'NONE',  ( 12.14143380355025670, 90.14657387623306306, 388.9466018149914248 ) ) ;
#10 = CARTESIAN_POINT ( 'NONE',  ( 0.000000000000000000, 94.57779990771959433, 0.000000000000000000 ) ) ;
#11 = AXIS2_PLACEMENT_3D ( 'NONE', #15, #1156, #797 ) ;
#12 = LINE ( 'NONE', #774, #2252 ) ;
#13 = VECTOR ( 'NONE', #691, 1000.000000000000000 ) ;
#14 = PLANE ( 'NONE',  #464 ) ;
#15 = CARTESIAN_POINT ( 'NONE',  ( 6.717514421272372083, 88.28248557872787217, 371.0779284778316196 ) ) ;
#16 = ORIENTED_EDGE ( 'NONE', *, *, #67, .F. ) ;
#17 = DIRECTION ( 'NONE',  ( 0.000000000000000000, 0.000000000000000000, 1.000000000000000000 ) ) ;
#18 = FACE_OUTER_BOUND ( 'NONE', #2390, .T. ) ;
#19 = DIRECTION ( 'NONE',  ( -1.000000000000000000, 0.000000000000000000, 0.000000000000000000 ) ) ;
#20 = CARTESIAN_POINT ( 'NONE',  ( 11.95359504409983487, 88.92882165893554713, 398.9224706709848647 ) ) ;
#21 = LINE ( 'NONE', #2420, #2366 ) ;
#22 = ADVANCED_FACE ( 'NONE', ( #985 ), #577, .F. ) ;
#23 = DIRECTION ( 'NONE',  ( 0.000000000000000000, 0.000000000000000000, 1.000000000000000000 ) ) ;
#24 = VECTOR ( 'NONE', #158, 1000.000000000000000 ) ;
#25 = CARTESIAN_POINT ( 'NONE',  ( 4.242640687119450860, 85.80761184457497848, 403.0779284778315628 ) ) ;
#26 = DIRECTION ( 'NONE',  ( 0.000000000000000000, 0.000000000000000000, 1.000000000000000000 ) ) ;
#27 = VERTEX_POINT ( 'NONE', #1333 ) ;
#28 = AXIS2_PLACEMENT_3D ( 'NONE', #1708, #2077, #213 ) ;
#29 = CYLINDRICAL_SURFACE ( 'NONE', #1365, 2.500000000000002220 ) ;
#30 = CARTESIAN_POINT ( 'NONE',  ( -10.90208450861172196, 89.04766295969434964, 403.0779284778316196 ) ) ;
#31 = CARTESIAN_POINT ( 'NONE',  ( 7.293252290646602932E-14, 94.57779990771959433, 396.0779284778315628 ) ) ;
#32 = EDGE_CURVE ( 'NONE', #1591, #468, #1857, .T. ) ;
#33 = CARTESIAN_POINT ( 'NONE',  ( 13.07847277827960042, 90.71628733775283138, 403.6315217425013202 ) ) ;
#34 = EDGE_CURVE ( 'NONE', #162, #711, #2370, .T. ) ;
#35 = CARTESIAN_POINT ( 'NONE',  ( 3.217514421272373415, 88.28248557872787217, 389.0779284778315628 ) ) ;
#36 = CARTESIAN_POINT ( 'NONE',  ( -9.192388155425103236, 90.75735931288097902, 403.0779284778315628 ) ) ;
#37 = LINE ( 'NONE', #1730, #1911 ) ;
#38 = AXIS2_PLACEMENT_3D ( 'NONE', #646, #2393, #1252 ) ;
#39 = ORIENTED_EDGE ( 'NONE', *, *, #1285, .F. ) ;
#40 = CARTESIAN_POINT ( 'NONE',  ( 13.10779455827177742, 99.92703380397479407, 403.0779284778316196 ) ) ;
#41 = PLANE ( 'NONE',  #1475 ) ;
#42 = LINE ( 'NONE', #1558, #1154 ) ;
#43 = CARTESIAN_POINT ( 'NONE',  ( 0.000000000000000000, 99.17779990771960286, 398.5779284778315628 ) ) ;
#44 = ADVANCED_FACE ( 'NONE', ( #963 ), #14, .T. ) ;
#45 = VECTOR ( 'NONE', #787, 1000.000000000000000 ) ;
#46 = EDGE_CURVE ( 'NONE', #1458, #149, #763, .T. ) ;
#47 = CARTESIAN_POINT ( 'NONE',  ( -12.06103612083939147, 89.67763483671609492, 393.6912576258057470 ) ) ;
#48 = CARTESIAN_POINT ( 'NONE',  ( 11.17054765416944484, 88.88342672239811293, 403.0779284778315059 ) ) ;
#49 = EDGE_LOOP ( 'NONE', ( #1368, #1074, #1976, #276, #39 ) ) ;
#50 = ORIENTED_EDGE ( 'NONE', *, *, #1890, .F. ) ;
#51 = EDGE_CURVE ( 'NONE', #139, #891, #1719, .T. ) ;
#52 = ORIENTED_EDGE ( 'NONE', *, *, #1453, .T. ) ;
#53 = CARTESIAN_POINT ( 'NONE',  ( 13.23447669762637524, 91.16506963409787545, 403.0779284778317333 ) ) ;
#54 = CARTESIAN_POINT ( 'NONE',  ( -11.07671142856537649, 101.1269639602598289, 398.4400517322969790 ) ) ;
#55 = FACE_OUTER_BOUND ( 'NONE', #1425, .T. ) ;
#56 = ORIENTED_EDGE ( 'NONE', *, *, #2224, .F. ) ;
#57 = DIRECTION ( 'NONE',  ( 0.000000000000000000, 0.000000000000000000, 1.000000000000000000 ) ) ;
#58 = CARTESIAN_POINT ( 'NONE',  ( -11.82877862910282118, 88.12096883920321488, 403.1405922427217092 ) ) ;
#59 = DIRECTION ( 'NONE',  ( 0.000000000000000000, 0.000000000000000000, -1.000000000000000000 ) ) ;
#60 = VECTOR ( 'NONE', #210, 1000.000000000000114 ) ;
#61 = EDGE_LOOP ( 'NONE', ( #908, #275, #2253, #440 ) ) ;
#62 = ORIENTED_EDGE ( 'NONE', *, *, #1684, .F. ) ;
#63 = ORIENTED_EDGE ( 'NONE', *, *, #315, .F. ) ;
#64 = FACE_OUTER_BOUND ( 'NONE', #1420, .T. ) ;
#65 = CARTESIAN_POINT ( 'NONE',  ( 11.08276463511217358, 101.1330171668064679, 403.0779284778315628 ) ) ;
#66 = CYLINDRICAL_SURFACE ( 'NONE', #6, 1.600000000000001643 ) ;
#67 = EDGE_CURVE ( 'NONE', #531, #2267, #1729, .T. ) ;
#68 = UNCERTAINTY_MEASURE_WITH_UNIT (LENGTH_MEASURE( 1.000000000000000082E-05 ), #405, 'distance_accuracy_value', 'NONE');
#69 = EDGE_LOOP ( 'NONE', ( #2136, #347, #1776, #919 ) ) ;
#70 = CARTESIAN_POINT ( 'NONE',  ( -5.117514421272187697, 101.7175144212722984, 371.0779284778316196 ) ) ;
#71 = CARTESIAN_POINT ( 'NONE',  ( -13.88073923879649563, 95.35774069499738914, 403.3816047642739591 ) ) ;
#72 = CYLINDRICAL_SURFACE ( 'NONE', #179, 1.600000000000001643 ) ;
#73 = VERTEX_POINT ( 'NONE', #1155 ) ;
#74 = VERTEX_POINT ( 'NONE', #1912 ) ;
#75 = VERTEX_POINT ( 'NONE', #597 ) ;
#76 = CARTESIAN_POINT ( 'NONE',  ( 0.000000000000000000, 99.17779990771960286, 398.5779284778315628 ) ) ;
#77 = CARTESIAN_POINT ( 'NONE',  ( 5.306417150674644567E-15, 94.97779990771961423, 405.0779284778315628 ) ) ;
#78 = CARTESIAN_POINT ( 'NONE',  ( 6.717514421272372083, 88.28248557872787217, 403.0779284778315628 ) ) ;
#79 = VECTOR ( 'NONE', #1330, 1000.000000000000000 ) ;
#80 = ORIENTED_EDGE ( 'NONE', *, *, #1599, .F. ) ;
#81 = DIRECTION ( 'NONE',  ( 1.000000000000000000, 0.000000000000000000, 0.000000000000000000 ) ) ;
#82 = DIRECTION ( 'NONE',  ( 0.000000000000000000, 0.000000000000000000, -1.000000000000000000 ) ) ;
#83 = CARTESIAN_POINT ( 'NONE',  ( 0.000000000000000000, 94.57779990771959433, 394.4779284778315969 ) ) ;
#84 = CIRCLE ( 'NONE', #1478, 3.499999999999999556 ) ;
#85 = CARTESIAN_POINT ( 'NONE',  ( -13.00288176441752519, 91.72920476802669043, 393.7466139242044960 ) ) ;
#86 = CARTESIAN_POINT ( 'NONE',  ( 12.44728719225054014, 89.36026852123566755, 403.0779284778315628 ) ) ;
#87 = CIRCLE ( 'NONE', #2034, 3.499999999999998668 ) ;
#88 = ORIENTED_EDGE ( 'NONE', *, *, #1866, .F. ) ;
#89 = ORIENTED_EDGE ( 'NONE', *, *, #1161, .T. ) ;
#90 = EDGE_LOOP ( 'NONE', ( #1048, #1769, #2348, #1021 ) ) ;
#91 = DIRECTION ( 'NONE',  ( 0.000000000000000000, 0.000000000000000000, 1.000000000000000000 ) ) ;
#92 = ORIENTED_EDGE ( 'NONE', *, *, #346, .T. ) ;
#93 = CARTESIAN_POINT ( 'NONE',  ( 0.000000000000000000, 85.37779990771960570, 389.0779284778315628 ) ) ;
#94 = DIRECTION ( 'NONE',  ( 0.000000000000000000, 1.000000000000000000, 0.000000000000000000 ) ) ;
#95 = VERTEX_POINT ( 'NONE', #25 ) ;
#96 = DIRECTION ( 'NONE',  ( -0.000000000000000000, -0.000000000000000000, -1.000000000000000000 ) ) ;
#97 = EDGE_CURVE ( 'NONE', #4, #408, #1542, .T. ) ;
#98 = CARTESIAN_POINT ( 'NONE',  ( -13.55919507868687646, 97.71814864059119543, 388.2520270989673463 ) ) ;
#99 = DIRECTION ( 'NONE',  ( 0.000000000000000000, 0.000000000000000000, 1.000000000000000000 ) ) ;
#100 = AXIS2_PLACEMENT_3D ( 'NONE', #1041, #1610, #1798 ) ;
#101 = EDGE_CURVE ( 'NONE', #2, #2267, #230, .T. ) ;
#102 = CARTESIAN_POINT ( 'NONE',  ( -13.10132296744441405, 92.44412584892840812, 388.7012402148419596 ) ) ;
#103 = ORIENTED_EDGE ( 'NONE', *, *, #2075, .F. ) ;
#104 = VERTEX_POINT ( 'NONE', #36 ) ;
#105 = ORIENTED_EDGE ( 'NONE', *, *, #1887, .T. ) ;
#106 = CARTESIAN_POINT ( 'NONE',  ( 0.000000000000000000, 99.17779990771960286, 393.5779284778315628 ) ) ;
#107 = CARTESIAN_POINT ( 'NONE',  ( 6.717514421272372083, 88.28248557872787217, 428.2556655029699186 ) ) ;
#108 = VERTEX_POINT ( 'NONE', #795 ) ;
#109 = AXIS2_PLACEMENT_3D ( 'NONE', #940, #1299, #1123 ) ;
#110 = CARTESIAN_POINT ( 'NONE',  ( -9.192388155425103236, 90.75735931288097902, 389.0779284778315628 ) ) ;
#111 = VERTEX_POINT ( 'NONE', #1552 ) ;
#112 = VECTOR ( 'NONE', #2160, 1000.000000000000000 ) ;
#113 = ADVANCED_FACE ( 'NONE', ( #2305 ), #1134, .F. ) ;
#114 = CARTESIAN_POINT ( 'NONE',  ( 0.000000000000000000, 98.97779990771961423, 402.0779284778315628 ) ) ;
#115 = CARTESIAN_POINT ( 'NONE',  ( -12.42277669702321674, 101.4216447555623830, 393.0476605719048848 ) ) ;
#116 = ADVANCED_FACE ( 'NONE', ( #1879 ), #2228, .T. ) ;
#117 = AXIS2_PLACEMENT_3D ( 'NONE', #1025, #481, #2153 ) ;
#118 = CARTESIAN_POINT ( 'NONE',  ( -13.62176358723595015, 95.03108397916564343, 388.4641891281812036 ) ) ;
#119 = AXIS2_PLACEMENT_3D ( 'NONE', #1031, #1428, #1387 ) ;
#120 = ORIENTED_EDGE ( 'NONE', *, *, #216, .F. ) ;
#121 = EDGE_LOOP ( 'NONE', ( #2364, #884, #621, #62 ) ) ;
#122 = DIRECTION ( 'NONE',  ( -0.000000000000000000, -1.000000000000000000, -0.000000000000000000 ) ) ;
#123 = DIRECTION ( 'NONE',  ( 0.000000000000000000, 1.000000000000000000, 0.000000000000000000 ) ) ;
#124 = ORIENTED_EDGE ( 'NONE', *, *, #796, .T. ) ;
#125 = CARTESIAN_POINT ( 'NONE',  ( -9.192388155425103236, 90.75735931288097902, 428.2556655029699186 ) ) ;
#126 = CARTESIAN_POINT ( 'NONE',  ( 10.36315581294681998, 89.58659165535925695, 389.0779284778315628 ) ) ;
#127 = CIRCLE ( 'NONE', #1512, 1.600000000000001643 ) ;
#128 = CARTESIAN_POINT ( 'NONE',  ( 13.34268854876761345, 98.93076138957198395, 393.1976820535118691 ) ) ;
#129 = APPLICATION_PROTOCOL_DEFINITION ( 'draft international standard', 'automotive_design', 1998, #1088 ) ;
#130 = EDGE_CURVE ( 'NONE', #1471, #1043, #1377, .T. ) ;
#131 = CIRCLE ( 'NONE', #437, 1.600000000000002531 ) ;
#132 = CARTESIAN_POINT ( 'NONE',  ( -13.56265653848547714, 94.49158599264943348, 388.5095358441233202 ) ) ;
#133 = B_SPLINE_CURVE_WITH_KNOTS ( 'NONE', 3,
 ( #1499, #2091, #1346, #1158, #1139, #1956, #601, #1147, #1902, #5, #2111, #204 ),
 .UNSPECIFIED., .F., .F.,
 ( 4, 2, 2, 2, 2, 4 ),
 ( 1.734723475976807094E-18, 0.0002436777797153673905, 0.0004873555594307330463, 0.0009747111188614572021, 0.001462066678292181249, 0.001949422237722905297 ),
 .UNSPECIFIED. ) ;
#134 = ADVANCED_FACE ( 'NONE', ( #1192 ), #1177, .F. ) ;
#135 = EDGE_LOOP ( 'NONE', ( #2287, #1752, #1789, #808 ) ) ;
#136 = ORIENTED_EDGE ( 'NONE', *, *, #783, .T. ) ;
#137 = CARTESIAN_POINT ( 'NONE',  ( 9.192388155425103236, 90.75735931288097902, 428.2556655029699186 ) ) ;
#138 = DIRECTION ( 'NONE',  ( 0.000000000000000000, 0.000000000000000000, 1.000000000000000000 ) ) ;
#139 = VERTEX_POINT ( 'NONE', #1934 ) ;
#140 = CARTESIAN_POINT ( 'NONE',  ( -11.93251982173380554, 89.78594031662102282, 389.0779284778315628 ) ) ;
#141 = CARTESIAN_POINT ( 'NONE',  ( 0.000000000000000000, 0.000000000000000000, 389.0779284778315628 ) ) ;
#142 = FACE_BOUND ( 'NONE', #1980, .T. ) ;
#143 = CARTESIAN_POINT ( 'NONE',  ( 13.63538278892883149, 94.44538426870182946, 393.5125792111302303 ) ) ;
#144 = DIRECTION ( 'NONE',  ( 1.000000000000000000, 0.000000000000000000, 0.000000000000000000 ) ) ;
#145 = CARTESIAN_POINT ( 'NONE',  ( -13.87252493900705907, 95.67281047512835812, 403.3673843521012827 ) ) ;
#146 = EDGE_CURVE ( 'NONE', #1805, #1952, #1760, .T. ) ;
#147 = PRODUCT_RELATED_PRODUCT_CATEGORY ( 'part', '', ( #920 ) ) ;
#148 = ORIENTED_EDGE ( 'NONE', *, *, #2421, .T. ) ;
#149 = VERTEX_POINT ( 'NONE', #247 ) ;
#150 = DIRECTION ( 'NONE',  ( -0.000000000000000000, -0.000000000000000000, -1.000000000000000000 ) ) ;
#151 =( LENGTH_UNIT ( ) NAMED_UNIT ( * ) SI_UNIT ( .MILLI., .METRE. ) );
#152 = ORIENTED_EDGE ( 'NONE', *, *, #1121, .F. ) ;
#153 = CARTESIAN_POINT ( 'NONE',  ( -4.242640687119450860, 85.80761184457497848, 428.2556655029699186 ) ) ;
#154 = CARTESIAN_POINT ( 'NONE',  ( 12.70756373037149700, 100.8074980234656834, 389.0779284778315628 ) ) ;
#155 = AXIS2_PLACEMENT_3D ( 'NONE', #2233, #2045, #2432 ) ;
#156 = CARTESIAN_POINT ( 'NONE',  ( -6.717514421272189118, 101.7175144212722984, 405.0779284778315628 ) ) ;
#157 = CARTESIAN_POINT ( 'NONE',  ( 13.55919507868687646, 97.71814864059119543, 388.2520270989673463 ) ) ;
#158 = DIRECTION ( 'NONE',  ( 0.000000000000000000, 0.000000000000000000, 1.000000000000000000 ) ) ;
#159 = AXIS2_PLACEMENT_3D ( 'NONE', #260, #1773, #1366 ) ;
#160 = EDGE_CURVE ( 'NONE', #1805, #1102, #1220, .T. ) ;
#161 = ORIENTED_EDGE ( 'NONE', *, *, #1170, .F. ) ;
#162 = VERTEX_POINT ( 'NONE', #629 ) ;
#163 = CARTESIAN_POINT ( 'NONE',  ( -4.242640687119450860, 85.80761184457497848, 403.0779284778315628 ) ) ;
#164 = SURFACE_STYLE_USAGE ( .BOTH. , #907 ) ;
#165 = ORIENTED_EDGE ( 'NONE', *, *, #804, .F. ) ;
#166 = CARTESIAN_POINT ( 'NONE',  ( 3.217514421272192227, 101.7175144212722984, 428.2556655029699186 ) ) ;
#167 = CARTESIAN_POINT ( 'NONE',  ( 13.67230986452017660, 96.15921250465474657, 389.0779284778314491 ) ) ;
#168 = DIRECTION ( 'NONE',  ( -1.000000000000000000, 0.000000000000000000, 0.000000000000000000 ) ) ;
#169 = EDGE_CURVE ( 'NONE', #149, #798, #1585, .T. ) ;
#170 = CARTESIAN_POINT ( 'NONE',  ( 13.65950432396574499, 96.11223503338742091, 388.3766378983764298 ) ) ;
#171 = LINE ( 'NONE', #1528, #1174 ) ;
#172 = AXIS2_PLACEMENT_3D ( 'NONE', #156, #912, #19 ) ;
#173 = VERTEX_POINT ( 'NONE', #2330 ) ;
#174 = CARTESIAN_POINT ( 'NONE',  ( -12.70153661333096196, 100.8196064209692793, 398.4100579925365651 ) ) ;
#175 = PLANE ( 'NONE',  #1725 ) ;
#176 = ORIENTED_EDGE ( 'NONE', *, *, #438, .T. ) ;
#177 = CARTESIAN_POINT ( 'NONE',  ( -5.306417150674644567E-15, 94.97779990771961423, 403.0779284778315628 ) ) ;
#178 = CARTESIAN_POINT ( 'NONE',  ( 13.57631004294877997, 97.59563005965121363, 389.0779284778315628 ) ) ;
#179 = AXIS2_PLACEMENT_3D ( 'NONE', #617, #2213, #1841 ) ;
#180 = CARTESIAN_POINT ( 'NONE',  ( 0.000000000000000000, 0.000000000000000000, 405.0779284778315628 ) ) ;
#181 = CARTESIAN_POINT ( 'NONE',  ( 12.97228998830531665, 100.1762899549381274, 398.1595110803335160 ) ) ;
#182 = CARTESIAN_POINT ( 'NONE',  ( -4.619851441237167400, 104.5192656632976593, 403.0779284778315628 ) ) ;
#183 = ADVANCED_FACE ( 'NONE', ( #1389 ), #1152, .F. ) ;
#184 = DIRECTION ( 'NONE',  ( 0.000000000000000000, -0.000000000000000000, -1.000000000000000000 ) ) ;
#185 = ORIENTED_EDGE ( 'NONE', *, *, #2317, .F. ) ;
#186 = CARTESIAN_POINT ( 'NONE',  ( -4.932702858951323321, 104.5777999077195943, 1575.497102769246339 ) ) ;
#187 = CARTESIAN_POINT ( 'NONE',  ( 13.59809157291784487, 94.73504168082541810, 389.0779284778315059 ) ) ;
#188 = CARTESIAN_POINT ( 'NONE',  ( -13.81868112674894356, 94.08259148233925373, 403.0779284778316196 ) ) ;
#189 = FACE_OUTER_BOUND ( 'NONE', #1288, .T. ) ;
#190 = LINE ( 'NONE', #1516, #1218 ) ;
#191 = EDGE_CURVE ( 'NONE', #1036, #75, #1785, .T. ) ;
#192 = CARTESIAN_POINT ( 'NONE',  ( 4.932702858951324210, 85.37779990771960570, 1575.497102769246339 ) ) ;
#193 = FACE_OUTER_BOUND ( 'NONE', #1023, .T. ) ;
#194 = VERTEX_POINT ( 'NONE', #1884 ) ;
#195 = DIRECTION ( 'NONE',  ( 0.000000000000000000, -1.000000000000000000, 0.000000000000000000 ) ) ;
#196 = CARTESIAN_POINT ( 'NONE',  ( -10.96376698294162111, 88.99915759954464534, 403.0779284778315059 ) ) ;
#197 = DIRECTION ( 'NONE',  ( 0.000000000000000000, 0.000000000000000000, -1.000000000000000000 ) ) ;
#198 = CARTESIAN_POINT ( 'NONE',  ( 12.71251561530551655, 90.41387103394500002, 398.7861603986877981 ) ) ;
#199 = DIRECTION ( 'NONE',  ( 1.000000000000000000, 0.000000000000000000, 0.000000000000000000 ) ) ;
#200 = EDGE_LOOP ( 'NONE', ( #1775, #1861, #269, #892 ) ) ;
#201 = PLANE ( 'NONE',  #333 ) ;
#202 = CIRCLE ( 'NONE', #1906, 1.600000000000002531 ) ;
#203 = VERTEX_POINT ( 'NONE', #2071 ) ;
#204 = CARTESIAN_POINT ( 'NONE',  ( 12.70756373037149700, 100.8074980234656834, 389.0779284778315628 ) ) ;
#205 = AXIS2_PLACEMENT_3D ( 'NONE', #1424, #637, #1950 ) ;
#206 = FACE_OUTER_BOUND ( 'NONE', #2193, .T. ) ;
#207 = EDGE_CURVE ( 'NONE', #1711, #1358, #667, .T. ) ;
#208 = LINE ( 'NONE', #390, #2255 ) ;
#209 = FACE_OUTER_BOUND ( 'NONE', #1249, .T. ) ;
#210 = DIRECTION ( 'NONE',  ( -0.7071067811865460184, -0.7071067811865490160, 0.000000000000000000 ) ) ;
#211 = DIRECTION ( 'NONE',  ( 0.000000000000000000, 0.000000000000000000, 1.000000000000000000 ) ) ;
#212 = VECTOR ( 'NONE', #138, 1000.000000000000000 ) ;
#213 = DIRECTION ( 'NONE',  ( -1.000000000000000000, 0.000000000000000000, 0.000000000000000000 ) ) ;
#214 = LINE ( 'NONE', #566, #45 ) ;
#215 = EDGE_CURVE ( 'NONE', #1804, #1576, #1703, .T. ) ;
#216 = EDGE_CURVE ( 'NONE', #688, #139, #1676, .T. ) ;
#217 = EDGE_LOOP ( 'NONE', ( #2186, #632, #1990, #1434, #2438, #965 ) ) ;
#218 = DIRECTION ( 'NONE',  ( -0.000000000000000000, -0.000000000000000000, 1.000000000000000000 ) ) ;
#219 = EDGE_CURVE ( 'NONE', #1698, #1243, #2248, .T. ) ;
#220 = EDGE_CURVE ( 'NONE', #111, #1036, #721, .T. ) ;
#221 = CARTESIAN_POINT ( 'NONE',  ( 10.48538805052526790, 89.46435941778088363, 393.7370497128200100 ) ) ;
#222 = DIRECTION ( 'NONE',  ( 1.000000000000000000, 0.000000000000000000, 0.000000000000000000 ) ) ;
#223 = CARTESIAN_POINT ( 'NONE',  ( 4.678385685659113946, 104.5777999077195943, 428.2556655029699186 ) ) ;
#224 = DIRECTION ( 'NONE',  ( -1.000000000000000000, 3.469446951953613400E-15, 0.000000000000000000 ) ) ;
#225 = CIRCLE ( 'NONE', #1455, 1.600000000000002531 ) ;
#226 = DIRECTION ( 'NONE',  ( 0.000000000000000000, 0.000000000000000000, 1.000000000000000000 ) ) ;
#227 = DIRECTION ( 'NONE',  ( 0.7071067811865491270, 0.7071067811865459074, -0.000000000000000000 ) ) ;
#228 = CIRCLE ( 'NONE', #2454, 1.000000000000000888 ) ;
#229 = EDGE_LOOP ( 'NONE', ( #2368, #1835 ) ) ;
#230 = CIRCLE ( 'NONE', #552, 16.30000000000000426 ) ;
#231 = VECTOR ( 'NONE', #1338, 1000.000000000000114 ) ;
#232 = CARTESIAN_POINT ( 'NONE',  ( -11.86689692802005958, 88.84719744451328438, 403.0779284778316764 ) ) ;
#233 = CARTESIAN_POINT ( 'NONE',  ( 11.08276463511217358, 101.1330171668064679, 403.0779284778315628 ) ) ;
#234 = CARTESIAN_POINT ( 'NONE',  ( 12.61675234766678955, 90.72178659632582765, 393.8442513520934654 ) ) ;
#235 = EDGE_CURVE ( 'NONE', #447, #462, #2209, .T. ) ;
#236 = CARTESIAN_POINT ( 'NONE',  ( 2.999999999999995559, 94.97779990771961423, 403.0779284778315628 ) ) ;
#237 = DIRECTION ( 'NONE',  ( 0.000000000000000000, 0.000000000000000000, 1.000000000000000000 ) ) ;
#238 = CARTESIAN_POINT ( 'NONE',  ( 6.717514421272189118, 101.7175144212722984, 428.2556655029699186 ) ) ;
#239 = AXIS2_PLACEMENT_3D ( 'NONE', #186, #2258, #946 ) ;
#240 = ORIENTED_EDGE ( 'NONE', *, *, #2273, .T. ) ;
#241 = VERTEX_POINT ( 'NONE', #361 ) ;
#242 = DIRECTION ( 'NONE',  ( -1.000000000000000000, 0.000000000000000000, 0.000000000000000000 ) ) ;
#243 = CARTESIAN_POINT ( 'NONE',  ( -12.70096040492128076, 100.8185434578663546, 398.4389158107651951 ) ) ;
#244 = CYLINDRICAL_SURFACE ( 'NONE', #205, 4.000000000000000888 ) ;
#245 = ORIENTED_EDGE ( 'NONE', *, *, #1253, .T. ) ;
#246 = DIRECTION ( 'NONE',  ( -0.7071067811865460184, 0.7071067811865490160, 0.000000000000000000 ) ) ;
#247 = CARTESIAN_POINT ( 'NONE',  ( 8.317514421272374392, 88.28248557872787217, 405.0779284778315628 ) ) ;
#248 = CARTESIAN_POINT ( 'NONE',  ( 10.96376698294162111, 88.99915759954464534, 403.0779284778315059 ) ) ;
#249 = VERTEX_POINT ( 'NONE', #1120 ) ;
#250 = ORIENTED_EDGE ( 'NONE', *, *, #215, .T. ) ;
#251 = ORIENTED_EDGE ( 'NONE', *, *, #396, .F. ) ;
#252 = ADVANCED_FACE ( 'NONE', ( #1692, #8, #1875 ), #2444, .T. ) ;
#253 = DIRECTION ( 'NONE',  ( -1.000000000000000000, 0.000000000000000000, 0.000000000000000000 ) ) ;
#254 = CARTESIAN_POINT ( 'NONE',  ( 12.70237641425486785, 100.8131665633402463, 395.1723076705044946 ) ) ;
#255 = CARTESIAN_POINT ( 'NONE',  ( 7.293252290646602932E-14, 94.57779990771959433, 396.0779284778315628 ) ) ;
#256 = ORIENTED_EDGE ( 'NONE', *, *, #1541, .F. ) ;
#257 = CARTESIAN_POINT ( 'NONE',  ( -12.76876554324993407, 100.6874180722695655, 398.1344052796732171 ) ) ;
#258 = B_SPLINE_CURVE_WITH_KNOTS ( 'NONE', 3,
 ( #1468, #1378, #2223, #641 ),
 .UNSPECIFIED., .F., .F.,
 ( 4, 4 ),
 ( 0.000000000000000000, 0.01401674264854144494 ),
 .UNSPECIFIED. ) ;
#259 = LINE ( 'NONE', #2297, #1633 ) ;
#260 = CARTESIAN_POINT ( 'NONE',  ( -9.192388155425103236, 90.75735931288097902, 428.2556655029699186 ) ) ;
#261 = DIRECTION ( 'NONE',  ( -0.000000000000000000, -0.000000000000000000, -1.000000000000000000 ) ) ;
#262 = CIRCLE ( 'NONE', #1965, 1.000000000000000888 ) ;
#263 = EDGE_LOOP ( 'NONE', ( #1075, #579, #2040, #2163 ) ) ;
#264 = EDGE_LOOP ( 'NONE', ( #490, #1443, #728, #1275 ) ) ;
#265 = ORIENTED_EDGE ( 'NONE', *, *, #1639, .F. ) ;
#266 = LINE ( 'NONE', #2365, #420 ) ;
#267 = DIRECTION ( 'NONE',  ( -0.000000000000000000, -0.000000000000000000, -1.000000000000000000 ) ) ;
#268 = UNCERTAINTY_MEASURE_WITH_UNIT (LENGTH_MEASURE( 1.000000000000000082E-05 ), #151, 'distance_accuracy_value', 'NONE');
#269 = ORIENTED_EDGE ( 'NONE', *, *, #1526, .F. ) ;
#270 = CARTESIAN_POINT ( 'NONE',  ( 12.42277669702321674, 101.4216447555623830, 393.0476605719048848 ) ) ;
#271 = CARTESIAN_POINT ( 'NONE',  ( -11.81680214922562122, 101.4340787576287966, 389.0779284778316196 ) ) ;
#272 = PLANE ( 'NONE',  #1265 ) ;
#273 = CARTESIAN_POINT ( 'NONE',  ( -12.61675234766678955, 90.72178659632582765, 393.8442513520934654 ) ) ;
#274 = CARTESIAN_POINT ( 'NONE',  ( 12.37586198515379188, 89.21820419620905795, 403.0779284778315628 ) ) ;
#275 = ORIENTED_EDGE ( 'NONE', *, *, #1631, .T. ) ;
#276 = ORIENTED_EDGE ( 'NONE', *, *, #1565, .F. ) ;
#277 = VERTEX_POINT ( 'NONE', #561 ) ;
#278 = PLANE ( 'NONE',  #2274 ) ;
#279 = EDGE_LOOP ( 'NONE', ( #2020, #1757, #1989, #1114 ) ) ;
#280 = CARTESIAN_POINT ( 'NONE',  ( 4.672452623974808539, 85.37779990771960570, 403.0779284778315628 ) ) ;
#281 = DIRECTION ( 'NONE',  ( 0.000000000000000000, 0.000000000000000000, 1.000000000000000000 ) ) ;
#282 = EDGE_CURVE ( 'NONE', #1947, #74, #1321, .T. ) ;
#283 = AXIS2_PLACEMENT_3D ( 'NONE', #571, #1679, #2434 ) ;
#284 = ORIENTED_EDGE ( 'NONE', *, *, #1747, .F. ) ;
#285 = DIRECTION ( 'NONE',  ( -0.000000000000000000, -0.000000000000000000, 1.000000000000000000 ) ) ;
#286 = FACE_OUTER_BOUND ( 'NONE', #866, .T. ) ;
#287 = CARTESIAN_POINT ( 'NONE',  ( -13.64509133086868431, 95.57166946747886982, 388.4202567687847250 ) ) ;
#288 = CIRCLE ( 'NONE', #934, 16.30000000000000426 ) ;
#289 = VERTEX_POINT ( 'NONE', #1282 ) ;
#290 = ORIENTED_EDGE ( 'NONE', *, *, #1242, .F. ) ;
#291 = EDGE_LOOP ( 'NONE', ( #2394, #63, #1640, #660 ) ) ;
#292 = CYLINDRICAL_SURFACE ( 'NONE', #2324, 4.000000000000000888 ) ;
#293 = DIRECTION ( 'NONE',  ( 1.000000000000000000, 0.000000000000000000, 0.000000000000000000 ) ) ;
#294 = ORIENTED_EDGE ( 'NONE', *, *, #2120, .F. ) ;
#295 = EDGE_CURVE ( 'NONE', #2231, #1470, #1987, .T. ) ;
#296 = DIRECTION ( 'NONE',  ( -0.000000000000000000, -0.000000000000000000, -1.000000000000000000 ) ) ;
#297 = ORIENTED_EDGE ( 'NONE', *, *, #2124, .F. ) ;
#298 = CARTESIAN_POINT ( 'NONE',  ( 12.70767903470444793, 100.8074986913500624, 388.9938260022542522 ) ) ;
#299 = CARTESIAN_POINT ( 'NONE',  ( -13.09757621441944053, 99.77767895780635854, 388.1069246166754851 ) ) ;
#300 =( LENGTH_UNIT ( ) NAMED_UNIT ( * ) SI_UNIT ( .MILLI., .METRE. ) );
#301 = AXIS2_PLACEMENT_3D ( 'NONE', #1569, #666, #482 ) ;
#302 = CARTESIAN_POINT ( 'NONE',  ( -13.77069741537878222, 95.01361502943919390, 398.4488773723849135 ) ) ;
#303 = ORIENTED_EDGE ( 'NONE', *, *, #1328, .F. ) ;
#304 = VERTEX_POINT ( 'NONE', #1851 ) ;
#305 = DIRECTION ( 'NONE',  ( 1.000000000000000000, 0.000000000000000000, 0.000000000000000000 ) ) ;
#306 = CARTESIAN_POINT ( 'NONE',  ( 5.306417150674644567E-15, 94.97779990771961423, 426.0779284778316196 ) ) ;
#307 = ORIENTED_EDGE ( 'NONE', *, *, #46, .F. ) ;
#308 = CARTESIAN_POINT ( 'NONE',  ( -13.59809157291784487, 94.73504168082541810, 389.0779284778315059 ) ) ;
#309 = EDGE_CURVE ( 'NONE', #2031, #1278, #2426, .T. ) ;
#310 = VECTOR ( 'NONE', #1801, 1000.000000000000000 ) ;
#311 = FACE_OUTER_BOUND ( 'NONE', #2226, .T. ) ;
#312 = CARTESIAN_POINT ( 'NONE',  ( -11.34015033935039263, 101.3204325878784289, 389.0779284778315628 ) ) ;
#313 = LINE ( 'NONE', #1414, #112 ) ;
#314 = VECTOR ( 'NONE', #1515, 1000.000000000000000 ) ;
#315 = EDGE_CURVE ( 'NONE', #108, #1794, #1949, .T. ) ;
#316 = CARTESIAN_POINT ( 'NONE',  ( -12.04914659712163250, 88.54317620347480045, 403.7797544229640607 ) ) ;
#317 = EDGE_CURVE ( 'NONE', #1914, #1844, #202, .T. ) ;
#318 = AXIS2_PLACEMENT_3D ( 'NONE', #2314, #1922, #224 ) ;
#319 = ORIENTED_EDGE ( 'NONE', *, *, #191, .T. ) ;
#320 = ORIENTED_EDGE ( 'NONE', *, *, #926, .T. ) ;
#321 = CARTESIAN_POINT ( 'NONE',  ( 11.34798840288903321, 89.32059538113770714, 389.0779284778315628 ) ) ;
#322 = ORIENTED_EDGE ( 'NONE', *, *, #1210, .F. ) ;
#323 = CARTESIAN_POINT ( 'NONE',  ( -10.89227285777389120, 89.29762900042769047, 389.0779284778316196 ) ) ;
#324 = CARTESIAN_POINT ( 'NONE',  ( -11.08276463511217358, 101.1330171668064679, 403.0779284778315628 ) ) ;
#325 = CARTESIAN_POINT ( 'NONE',  ( 13.77069741537878222, 95.01361502943919390, 398.4488773723849135 ) ) ;
#326 = CARTESIAN_POINT ( 'NONE',  ( 8.317514421272191427, 101.7175144212722984, 403.0779284778315628 ) ) ;
#327 = AXIS2_PLACEMENT_3D ( 'NONE', #1929, #991, #2271 ) ;
#328 = CARTESIAN_POINT ( 'NONE',  ( -13.70549046826022455, 96.15076813246461995, 393.3846770795868792 ) ) ;
#329 = VERTEX_POINT ( 'NONE', #2291 ) ;
#330 = EDGE_LOOP ( 'NONE', ( #2017, #590, #2157, #677 ) ) ;
#331 = DIRECTION ( 'NONE',  ( 0.000000000000000000, 0.000000000000000000, 1.000000000000000000 ) ) ;
#332 = CARTESIAN_POINT ( 'NONE',  ( -6.717514421272189118, 101.7175144212722984, 403.0779284778315628 ) ) ;
#333 = AXIS2_PLACEMENT_3D ( 'NONE', #764, #1179, #1935 ) ;
#334 = ORIENTED_EDGE ( 'NONE', *, *, #1353, .F. ) ;
#335 = ADVANCED_FACE ( 'NONE', ( #593 ), #41, .T. ) ;
#336 = CARTESIAN_POINT ( 'NONE',  ( -11.07598234149062222, 101.1262348731849130, 393.3646180921015798 ) ) ;
#337 = DIRECTION ( 'NONE',  ( 0.000000000000000000, 0.000000000000000000, 1.000000000000000000 ) ) ;
#338 = DIRECTION ( 'NONE',  ( 0.000000000000000000, 0.000000000000000000, 1.000000000000000000 ) ) ;
#339 = VECTOR ( 'NONE', #1674, 1000.000000000000000 ) ;
#340 = CARTESIAN_POINT ( 'NONE',  ( 13.09757621441944053, 99.77767895780635854, 388.1069246166754851 ) ) ;
#341 = DIRECTION ( 'NONE',  ( -0.000000000000000000, -0.000000000000000000, -1.000000000000000000 ) ) ;
#342 = ORIENTED_EDGE ( 'NONE', *, *, #1106, .T. ) ;
#343 = ORIENTED_EDGE ( 'NONE', *, *, #67, .T. ) ;
#344 = CARTESIAN_POINT ( 'NONE',  ( 7.293252290646602932E-14, 99.17779990771960286, 396.0779284778315628 ) ) ;
#345 = CARTESIAN_POINT ( 'NONE',  ( 6.717514421272189118, 101.7175144212722984, 403.0779284778315628 ) ) ;
#346 = EDGE_CURVE ( 'NONE', #1750, #880, #1648, .T. ) ;
#347 = ORIENTED_EDGE ( 'NONE', *, *, #317, .F. ) ;
#348 = CARTESIAN_POINT ( 'NONE',  ( -12.80868886966867848, 91.48413107956875479, 389.0779284778314491 ) ) ;
#349 = LINE ( 'NONE', #742, #2251 ) ;
#350 = VECTOR ( 'NONE', #1323, 1000.000000000000000 ) ;
#351 = CARTESIAN_POINT ( 'NONE',  ( -13.87870665759897726, 95.55801786859527169, 403.0779284778316764 ) ) ;
#352 = CARTESIAN_POINT ( 'NONE',  ( 13.46202260628588121, 98.54665709173615085, 398.2426189444094007 ) ) ;
#353 = CARTESIAN_POINT ( 'NONE',  ( 0.000000000000000000, 94.57779990771959433, 397.6779284778315855 ) ) ;
#354 = VECTOR ( 'NONE', #1530, 1000.000000000000114 ) ;
#355 = ORIENTED_EDGE ( 'NONE', *, *, #473, .T. ) ;
#356 = CARTESIAN_POINT ( 'NONE',  ( 6.717514421272372083, 88.28248557872787217, 405.0779284778315628 ) ) ;
#357 = ORIENTED_EDGE ( 'NONE', *, *, #2374, .T. ) ;
#358 = FACE_OUTER_BOUND ( 'NONE', #2241, .T. ) ;
#359 = CARTESIAN_POINT ( 'NONE',  ( 12.80868886966867848, 91.48413107956875479, 389.0779284778314491 ) ) ;
#360 = EDGE_CURVE ( 'NONE', #1688, #1471, #399, .T. ) ;
#361 = CARTESIAN_POINT ( 'NONE',  ( 0.000000000000000000, 104.5777999077195943, 393.5779284778315628 ) ) ;
#362 = CARTESIAN_POINT ( 'NONE',  ( 13.69607412933745394, 96.43313365863970432, 393.3641706517914827 ) ) ;
#363 = DIRECTION ( 'NONE',  ( 0.000000000000000000, -0.000000000000000000, 1.000000000000000000 ) ) ;
#364 = CIRCLE ( 'NONE', #1319, 3.499999999999996891 ) ;
#365 = CARTESIAN_POINT ( 'NONE',  ( 0.000000000000000000, 99.17779990771960286, 396.0779284778315628 ) ) ;
#366 = DIRECTION ( 'NONE',  ( -0.7071067811865481278, 0.7071067811865469066, 0.000000000000000000 ) ) ;
#367 = ORIENTED_EDGE ( 'NONE', *, *, #2342, .T. ) ;
#368 = CARTESIAN_POINT ( 'NONE',  ( -11.09991713308988714, 87.11978430924710892, 403.8907859303832311 ) ) ;
#369 = EDGE_CURVE ( 'NONE', #492, #1102, #979, .T. ) ;
#370 = CARTESIAN_POINT ( 'NONE',  ( 11.93251982173380554, 89.78594031662102282, 389.0779284778315628 ) ) ;
#371 = CARTESIAN_POINT ( 'NONE',  ( -13.68778243481295043, 93.10336314235250654, 403.0779284778316764 ) ) ;
#372 = CARTESIAN_POINT ( 'NONE',  ( 12.38591324605456734, 90.25419239133736937, 393.8932136710147915 ) ) ;
#373 = LINE ( 'NONE', #1681, #24 ) ;
#374 = DIRECTION ( 'NONE',  ( -0.000000000000000000, -0.000000000000000000, 1.000000000000000000 ) ) ;
#375 = DIRECTION ( 'NONE',  ( 1.000000000000000000, 0.000000000000000000, 0.000000000000000000 ) ) ;
#376 = EDGE_LOOP ( 'NONE', ( #976, #1564 ) ) ;
#377 = CARTESIAN_POINT ( 'NONE',  ( 0.000000000000000000, 104.5777999077195943, 0.000000000000000000 ) ) ;
#378 = LINE ( 'NONE', #1140, #1190 ) ;
#379 = CARTESIAN_POINT ( 'NONE',  ( 9.192388155425106788, 99.24264068711939046, 428.2556655029699186 ) ) ;
#380 = CARTESIAN_POINT ( 'NONE',  ( -7.293252290646602932E-14, 94.57779990771959433, 396.0779284778315628 ) ) ;
#381 = DIRECTION ( 'NONE',  ( -0.000000000000000000, -0.000000000000000000, -1.000000000000000000 ) ) ;
#382 = CIRCLE ( 'NONE', #1061, 1.599999999999990319 ) ;
#383 = EDGE_CURVE ( 'NONE', #880, #447, #2085, .T. ) ;
#384 = ADVANCED_FACE ( 'NONE', ( #989 ), #676, .T. ) ;
#385 = DIRECTION ( 'NONE',  ( 1.000000000000000000, 0.000000000000000000, 0.000000000000000000 ) ) ;
#386 = CARTESIAN_POINT ( 'NONE',  ( 0.000000000000000000, 104.5777999077195943, 389.0779284778315628 ) ) ;
#387 = VERTEX_POINT ( 'NONE', #2139 ) ;
#388 = FACE_OUTER_BOUND ( 'NONE', #851, .T. ) ;
#389 = CARTESIAN_POINT ( 'NONE',  ( 13.86192423663038831, 96.05160353083282132, 403.0779284778316196 ) ) ;
#390 = CARTESIAN_POINT ( 'NONE',  ( 9.192388155425106788, 99.24264068711939046, 403.0779284778315628 ) ) ;
#391 = CARTESIAN_POINT ( 'NONE',  ( 11.90350898197238116, 89.74276714982505609, 388.9951200481691558 ) ) ;
#392 = CARTESIAN_POINT ( 'NONE',  ( 9.192388155425106788, 99.24264068711939046, 403.0779284778315628 ) ) ;
#393 = EDGE_CURVE ( 'NONE', #249, #4, #769, .T. ) ;
#394 = SURFACE_STYLE_USAGE ( .BOTH. , #1550 ) ;
#395 = EDGE_CURVE ( 'NONE', #1947, #447, #208, .T. ) ;
#396 = EDGE_CURVE ( 'NONE', #2231, #2090, #1726, .T. ) ;
#397 = CARTESIAN_POINT ( 'NONE',  ( 0.000000000000000000, 78.67779990771960286, 426.0779284778316196 ) ) ;
#398 = DIRECTION ( 'NONE',  ( 0.000000000000000000, 1.000000000000000000, 0.000000000000000000 ) ) ;
#399 = CIRCLE ( 'NONE', #2103, 1.600000000000001643 ) ;
#400 = EDGE_LOOP ( 'NONE', ( #1583, #1223, #1034, #841 ) ) ;
#401 = DIRECTION ( 'NONE',  ( -0.000000000000000000, -0.000000000000000000, -1.000000000000000000 ) ) ;
#402 = CARTESIAN_POINT ( 'NONE',  ( 12.70277020494654074, 100.8116379615504314, 394.2684974446987667 ) ) ;
#403 = CARTESIAN_POINT ( 'NONE',  ( 13.00288176441752519, 91.72920476802669043, 393.7466139242044960 ) ) ;
#404 = VECTOR ( 'NONE', #1913, 1000.000000000000114 ) ;
#405 =( LENGTH_UNIT ( ) NAMED_UNIT ( * ) SI_UNIT ( .MILLI., .METRE. ) );
#406 = CARTESIAN_POINT ( 'NONE',  ( -5.306417150674644567E-15, 94.97779990771961423, 403.0779284778315628 ) ) ;
#407 = CARTESIAN_POINT ( 'NONE',  ( -3.217514421272192227, 101.7175144212722984, 403.0779284778315628 ) ) ;
#408 = VERTEX_POINT ( 'NONE', #93 ) ;
#409 = FACE_OUTER_BOUND ( 'NONE', #264, .T. ) ;
#410 = AXIS2_PLACEMENT_3D ( 'NONE', #568, #218, #766 ) ;
#411 = CARTESIAN_POINT ( 'NONE',  ( 13.77385426129222878, 97.04140725301293458, 403.0779284778317901 ) ) ;
#412 = EDGE_CURVE ( 'NONE', #1698, #1605, #2056, .T. ) ;
#413 = DIRECTION ( 'NONE',  ( 0.000000000000000000, 1.000000000000000000, 0.000000000000000000 ) ) ;
#414 = CARTESIAN_POINT ( 'NONE',  ( 11.66696628571986949, 88.46889641505165969, 398.9673084214009009 ) ) ;
#415 = CIRCLE ( 'NONE', #458, 3.499999999999999556 ) ;
#416 = DIRECTION ( 'NONE',  ( 0.000000000000000000, 1.000000000000000000, 0.000000000000000000 ) ) ;
#417 = CARTESIAN_POINT ( 'NONE',  ( 0.000000000000000000, 85.37779990771960570, 403.0779284778316196 ) ) ;
#418 = ORIENTED_EDGE ( 'NONE', *, *, #2042, .F. ) ;
#419 = ORIENTED_EDGE ( 'NONE', *, *, #1887, .F. ) ;
#420 = VECTOR ( 'NONE', #1779, 1000.000000000000114 ) ;
#421 = CARTESIAN_POINT ( 'NONE',  ( -11.09767970188325314, 88.91702297557677070, 403.0779284778316196 ) ) ;
#422 = CARTESIAN_POINT ( 'NONE',  ( -11.07353342718765532, 101.1237859588820243, 393.7162778122646500 ) ) ;
#423 = CARTESIAN_POINT ( 'NONE',  ( -5.306417150674644567E-15, 94.97779990771961423, 405.0779284778315628 ) ) ;
#424 = EDGE_CURVE ( 'NONE', #249, #2332, #1502, .T. ) ;
#425 = AXIS2_PLACEMENT_3D ( 'NONE', #2242, #2392, #1992 ) ;
#426 = ORIENTED_EDGE ( 'NONE', *, *, #1221, .F. ) ;
#427 = CARTESIAN_POINT ( 'NONE',  ( 0.000000000000000000, 99.17779990771960286, 0.000000000000000000 ) ) ;
#428 = EDGE_CURVE ( 'NONE', #567, #1392, #2372, .T. ) ;
#429 = DIRECTION ( 'NONE',  ( -0.000000000000000000, -0.000000000000000000, 1.000000000000000000 ) ) ;
#430 = DIRECTION ( 'NONE',  ( -1.000000000000000000, 0.000000000000000000, 0.000000000000000000 ) ) ;
#431 = TOROIDAL_SURFACE ( 'NONE', #1119, 3.000000000000000888, 1.000000000000000000 ) ;
#432 = ORIENTED_EDGE ( 'NONE', *, *, #1796, .T. ) ;
#433 = VERTEX_POINT ( 'NONE', #854 ) ;
#434 = ORIENTED_EDGE ( 'NONE', *, *, #1351, .F. ) ;
#435 = CARTESIAN_POINT ( 'NONE',  ( -12.70297871801911604, 100.8336333199378316, 403.0779284778316196 ) ) ;
#436 = CARTESIAN_POINT ( 'NONE',  ( 12.28232415241850717, 101.3109336577933703, 403.0779284778316196 ) ) ;
#437 = AXIS2_PLACEMENT_3D ( 'NONE', #78, #267, #2154 ) ;
#438 = EDGE_CURVE ( 'NONE', #73, #668, #266, .T. ) ;
#439 = DIRECTION ( 'NONE',  ( 0.000000000000000000, 0.000000000000000000, 1.000000000000000000 ) ) ;
#440 = ORIENTED_EDGE ( 'NONE', *, *, #696, .T. ) ;
#441 = CARTESIAN_POINT ( 'NONE',  ( -12.67262141372296824, 100.9014549219025128, 403.1654062998376276 ) ) ;
#442 = VECTOR ( 'NONE', #261, 1000.000000000000000 ) ;
#443 = CARTESIAN_POINT ( 'NONE',  ( -10.85159238016193761, 89.09815508814408247, 403.2196174833425744 ) ) ;
#444 = FACE_OUTER_BOUND ( 'NONE', #935, .T. ) ;
#445 = AXIS2_PLACEMENT_3D ( 'NONE', #1870, #1277, #1473 ) ;
#446 = ORIENTED_EDGE ( 'NONE', *, *, #1272, .T. ) ;
#447 = VERTEX_POINT ( 'NONE', #65 ) ;
#448 = ORIENTED_EDGE ( 'NONE', *, *, #317, .T. ) ;
#449 = DIRECTION ( 'NONE',  ( -1.000000000000000000, 0.000000000000000000, 0.000000000000000000 ) ) ;
#450 = DIRECTION ( 'NONE',  ( 0.7071067811865457964, 0.7071067811865492381, -0.000000000000000000 ) ) ;
#451 = DIRECTION ( 'NONE',  ( 1.000000000000000000, 0.000000000000000000, 0.000000000000000000 ) ) ;
#452 = EDGE_LOOP ( 'NONE', ( #1937, #1240 ) ) ;
#453 = CARTESIAN_POINT ( 'NONE',  ( 0.000000000000000000, 78.67779990771960286, 405.0779284778315628 ) ) ;
#454 = CARTESIAN_POINT ( 'NONE',  ( 0.000000000000000000, 99.17779990771960286, 394.4779284778315969 ) ) ;
#455 = DIRECTION ( 'NONE',  ( 1.000000000000000000, 6.973996677193663548E-16, 0.000000000000000000 ) ) ;
#456 = CARTESIAN_POINT ( 'NONE',  ( -13.65327977536408000, 96.37969166357751760, 388.3551413534268590 ) ) ;
#457 = FACE_OUTER_BOUND ( 'NONE', #2257, .T. ) ;
#458 = AXIS2_PLACEMENT_3D ( 'NONE', #1109, #546, #2247 ) ;
#459 = VERTEX_POINT ( 'NONE', #280 ) ;
#460 = EDGE_LOOP ( 'NONE', ( #1520, #1651 ) ) ;
#461 = EDGE_CURVE ( 'NONE', #2218, #531, #839, .T. ) ;
#462 = VERTEX_POINT ( 'NONE', #1580 ) ;
#463 = CYLINDRICAL_SURFACE ( 'NONE', #1843, 3.499999999999998668 ) ;
#464 = AXIS2_PLACEMENT_3D ( 'NONE', #192, #775, #2097 ) ;
#465 = ORIENTED_EDGE ( 'NONE', *, *, #2449, .F. ) ;
#466 = CARTESIAN_POINT ( 'NONE',  ( 5.117514421272369773, 88.28248557872787217, 371.0779284778316196 ) ) ;
#467 = DIRECTION ( 'NONE',  ( -0.000000000000000000, -0.000000000000000000, 1.000000000000000000 ) ) ;
#468 = VERTEX_POINT ( 'NONE', #635 ) ;
#469 = CARTESIAN_POINT ( 'NONE',  ( 10.48626636585514227, 89.46348110245092755, 393.7470344146981347 ) ) ;
#470 = CARTESIAN_POINT ( 'NONE',  ( -13.67179384513974583, 97.40154888469898253, 398.3056903367908603 ) ) ;
#471 = CARTESIAN_POINT ( 'NONE',  ( 0.000000000000000000, -27.31785047043236503, 403.0779284778315628 ) ) ;
#472 = EDGE_CURVE ( 'NONE', #95, #249, #2337, .T. ) ;
#473 = EDGE_CURVE ( 'NONE', #194, #1187, #647, .T. ) ;
#474 = CARTESIAN_POINT ( 'NONE',  ( -12.36539434687463235, 90.57658055903355887, 388.8978820664487444 ) ) ;
#475 = EDGE_CURVE ( 'NONE', #1959, #798, #1408, .T. ) ;
#476 = ORIENTED_EDGE ( 'NONE', *, *, #2015, .T. ) ;
#477 = ORIENTED_EDGE ( 'NONE', *, *, #921, .T. ) ;
#478 = ORIENTED_EDGE ( 'NONE', *, *, #2140, .T. ) ;
#479 = CARTESIAN_POINT ( 'NONE',  ( 0.000000000000000000, 0.000000000000000000, 0.000000000000000000 ) ) ;
#480 = EDGE_LOOP ( 'NONE', ( #256, #2430, #1820 ) ) ;
#481 = DIRECTION ( 'NONE',  ( 0.000000000000000000, 0.000000000000000000, -1.000000000000000000 ) ) ;
#482 = DIRECTION ( 'NONE',  ( 1.000000000000000000, 0.000000000000000000, 0.000000000000000000 ) ) ;
#483 = EDGE_LOOP ( 'NONE', ( #1892, #1235, #558, #1008 ) ) ;
#484 = CARTESIAN_POINT ( 'NONE',  ( -11.19788883318577355, 101.2481413648800270, 403.0779284778315628 ) ) ;
#485 = B_SPLINE_CURVE_WITH_KNOTS ( 'NONE', 3,
 ( #1927, #1754, #53, #602, #2112, #810, #623, #1383, #389, #411, #1743, #1148, #40, #1556 ),
 .UNSPECIFIED., .F., .F.,
 ( 4, 2, 2, 2, 2, 2, 4 ),
 ( 0.04571131236492320671, 0.04863052840966767404, 0.05009013643203988342, 0.05154974445441209974, 0.05300935247678430912, 0.05446896049915651850, 0.05738817654390094419 ),
 .UNSPECIFIED. ) ;
#486 = CARTESIAN_POINT ( 'NONE',  ( -13.56252767302409268, 97.84673236756256642, 393.2683249289543141 ) ) ;
#487 = CARTESIAN_POINT ( 'NONE',  ( -12.24711089736617353, 89.52521752661333210, 398.4130671101978010 ) ) ;
#488 = CARTESIAN_POINT ( 'NONE',  ( -13.66852769286315095, 93.81027899401134107, 398.5270119680508287 ) ) ;
#489 = AXIS2_PLACEMENT_3D ( 'NONE', #2295, #1900, #1508 ) ;
#490 = ORIENTED_EDGE ( 'NONE', *, *, #360, .T. ) ;
#491 = ORIENTED_EDGE ( 'NONE', *, *, #160, .F. ) ;
#492 = VERTEX_POINT ( 'NONE', #1981 ) ;
#493 = LINE ( 'NONE', #1064, #747 ) ;
#494 = CARTESIAN_POINT ( 'NONE',  ( 4.932702858951323321, 104.5777999077195943, 403.0779284778316196 ) ) ;
#495 = EDGE_CURVE ( 'NONE', #567, #111, #1040, .T. ) ;
#496 = VERTEX_POINT ( 'NONE', #1999 ) ;
#497 = CARTESIAN_POINT ( 'NONE',  ( -11.07746735340472988, 101.1277198850990118, 398.4104212060917121 ) ) ;
#498 = EDGE_CURVE ( 'NONE', #203, #777, #1963, .T. ) ;
#499 = CARTESIAN_POINT ( 'NONE',  ( 11.08287634666997867, 101.1331288783644311, 403.1637872761789367 ) ) ;
#500 = CARTESIAN_POINT ( 'NONE',  ( -13.34268854876761345, 98.93076138957198395, 393.1976820535118691 ) ) ;
#501 = DIRECTION ( 'NONE',  ( 0.000000000000000000, 0.000000000000000000, 1.000000000000000000 ) ) ;
#502 = CARTESIAN_POINT ( 'NONE',  ( -13.71391440516615567, 93.14719234078825139, 403.4910733783748924 ) ) ;
#503 = ORIENTED_EDGE ( 'NONE', *, *, #1353, .T. ) ;
#504 = ORIENTED_EDGE ( 'NONE', *, *, #2237, .F. ) ;
#505 = CARTESIAN_POINT ( 'NONE',  ( -6.717514421272189118, 101.7175144212722984, 389.0779284778315628 ) ) ;
#506 = DIRECTION ( 'NONE',  ( -0.7071067811865469066, -0.7071067811865481278, 0.000000000000000000 ) ) ;
#507 = ORIENTED_EDGE ( 'NONE', *, *, #1710, .F. ) ;
#508 = CARTESIAN_POINT ( 'NONE',  ( -10.84586891213576010, 89.10387855617031505, 403.0779284778315628 ) ) ;
#509 = FACE_OUTER_BOUND ( 'NONE', #1107, .T. ) ;
#510 = CARTESIAN_POINT ( 'NONE',  ( 13.69542778427975271, 97.53505180817118969, 403.2884568239507530 ) ) ;
#511 = FACE_OUTER_BOUND ( 'NONE', #1137, .T. ) ;
#512 = CARTESIAN_POINT ( 'NONE',  ( -12.34265020632562759, 89.04923829712480199, 403.7424875453028790 ) ) ;
#513 = ADVANCED_FACE ( 'NONE', ( #311 ), #1970, .T. ) ;
#514 = ORIENTED_EDGE ( 'NONE', *, *, #383, .F. ) ;
#515 = VERTEX_POINT ( 'NONE', #2158 ) ;
#516 = DIRECTION ( 'NONE',  ( 0.000000000000000000, 0.000000000000000000, 1.000000000000000000 ) ) ;
#517 = FACE_BOUND ( 'NONE', #1603, .T. ) ;
#518 = ORIENTED_EDGE ( 'NONE', *, *, #804, .T. ) ;
#519 = LINE ( 'NONE', #166, #1490 ) ;
#520 = PLANE ( 'NONE',  #2123 ) ;
#521 = DIRECTION ( 'NONE',  ( -0.000000000000000000, -0.000000000000000000, -1.000000000000000000 ) ) ;
#522 = CARTESIAN_POINT ( 'NONE',  ( 13.88073923879649563, 95.35774069499738914, 403.3816047642739591 ) ) ;
#523 = CARTESIAN_POINT ( 'NONE',  ( -7.293252290646602932E-14, 94.57779990771959433, 396.0779284778315628 ) ) ;
#524 = AXIS2_PLACEMENT_3D ( 'NONE', #1503, #959, #1296 ) ;
#525 = CIRCLE ( 'NONE', #1281, 1.600000000000002531 ) ;
#526 = VERTEX_POINT ( 'NONE', #2409 ) ;
#527 = ORIENTED_EDGE ( 'NONE', *, *, #315, .T. ) ;
#528 = DIRECTION ( 'NONE',  ( -0.000000000000000000, -0.000000000000000000, -1.000000000000000000 ) ) ;
#529 = PLANE ( 'NONE',  #642 ) ;
#530 = AXIS2_PLACEMENT_3D ( 'NONE', #2243, #542, #2254 ) ;
#531 = VERTEX_POINT ( 'NONE', #453 ) ;
#532 = CARTESIAN_POINT ( 'NONE',  ( -5.306417150674644567E-15, 94.97779990771961423, 402.0779284778315628 ) ) ;
#533 = CARTESIAN_POINT ( 'NONE',  ( 13.35764139155063823, 93.31987425337950981, 389.0779284778316196 ) ) ;
#534 = CARTESIAN_POINT ( 'NONE',  ( 11.07973749918733652, 101.1299900308816149, 400.7441761632894668 ) ) ;
#535 = VECTOR ( 'NONE', #1979, 1000.000000000000000 ) ;
#536 = CARTESIAN_POINT ( 'NONE',  ( 13.63178264468792911, 96.91445199714249270, 388.3126636281648416 ) ) ;
#537 = CARTESIAN_POINT ( 'NONE',  ( 0.000000000000000000, 99.17779990771960286, 0.000000000000000000 ) ) ;
#538 = CIRCLE ( 'NONE', #2356, 1.600000000000002531 ) ;
#539 = ORIENTED_EDGE ( 'NONE', *, *, #2171, .F. ) ;
#540 = EDGE_CURVE ( 'NONE', #1358, #1672, #1854, .T. ) ;
#541 = CARTESIAN_POINT ( 'NONE',  ( -12.70277020494654074, 100.8116379615504314, 394.2684974446987667 ) ) ;
#542 = DIRECTION ( 'NONE',  ( 0.000000000000000000, 0.000000000000000000, 1.000000000000000000 ) ) ;
#543 = EDGE_CURVE ( 'NONE', #1417, #1576, #1244, .T. ) ;
#544 = ORIENTED_EDGE ( 'NONE', *, *, #794, .F. ) ;
#545 = DIRECTION ( 'NONE',  ( -0.000000000000000000, -0.000000000000000000, -1.000000000000000000 ) ) ;
#546 = DIRECTION ( 'NONE',  ( 0.000000000000000000, 0.000000000000000000, 1.000000000000000000 ) ) ;
#547 = AXIS2_PLACEMENT_3D ( 'NONE', #1489, #1873, #1477 ) ;
#548 = CARTESIAN_POINT ( 'NONE',  ( 11.07611679407502336, 101.1263693257693035, 395.1726497365530690 ) ) ;
#549 = CARTESIAN_POINT ( 'NONE',  ( 13.87796587516630886, 95.04330987907287920, 403.3966217240146648 ) ) ;
#550 = CARTESIAN_POINT ( 'NONE',  ( 6.717514421272189118, 101.7175144212722984, 389.0779284778315628 ) ) ;
#551 = MECHANICAL_DESIGN_GEOMETRIC_PRESENTATION_REPRESENTATION (  '', ( #1706 ), #869 ) ;
#552 = AXIS2_PLACEMENT_3D ( 'NONE', #406, #1167, #1923 ) ;
#553 = AXIS2_PLACEMENT_3D ( 'NONE', #77, #1212, #1964 ) ;
#554 = EDGE_CURVE ( 'NONE', #1243, #620, #1702, .T. ) ;
#555 = ORIENTED_EDGE ( 'NONE', *, *, #2206, .T. ) ;
#556 = FILL_AREA_STYLE ('',( #918 ) ) ;
#557 = EDGE_CURVE ( 'NONE', #1181, #668, #698, .T. ) ;
#558 = ORIENTED_EDGE ( 'NONE', *, *, #393, .F. ) ;
#559 = CARTESIAN_POINT ( 'NONE',  ( 5.117514421272187697, 101.7175144212722984, 405.0779284778315628 ) ) ;
#560 = CARTESIAN_POINT ( 'NONE',  ( 9.192388155425103236, 90.75735931288097902, 389.0779284778315628 ) ) ;
#561 = CARTESIAN_POINT ( 'NONE',  ( 3.999999999999995559, 94.97779990771961423, 405.0779284778315628 ) ) ;
#562 = CARTESIAN_POINT ( 'NONE',  ( 13.74058715678218690, 96.80519366435547113, 398.3385988684767085 ) ) ;
#563 = CARTESIAN_POINT ( 'NONE',  ( 0.000000000000000000, 99.17779990771960286, 397.6779284778315855 ) ) ;
#564 = VECTOR ( 'NONE', #1386, 1000.000000000000000 ) ;
#565 = CYLINDRICAL_SURFACE ( 'NONE', #1540, 3.499999999999996447 ) ;
#566 = CARTESIAN_POINT ( 'NONE',  ( 0.000000000000000000, 0.000000000000000000, 402.0779284778315628 ) ) ;
#567 = VERTEX_POINT ( 'NONE', #1839 ) ;
#568 = CARTESIAN_POINT ( 'NONE',  ( 6.717514421272189118, 101.7175144212722984, 371.0779284778316196 ) ) ;
#569 = EDGE_CURVE ( 'NONE', #643, #1763, #1258, .T. ) ;
#570 = CARTESIAN_POINT ( 'NONE',  ( -4.672452623974808539, 85.37779990771960570, 403.0779284778315628 ) ) ;
#571 = CARTESIAN_POINT ( 'NONE',  ( 5.306417150674644567E-15, 94.97779990771961423, 402.0779284778315628 ) ) ;
#572 = ADVANCED_FACE ( 'NONE', ( #2199, #142, #509 ), #1825, .T. ) ;
#573 = CARTESIAN_POINT ( 'NONE',  ( 13.18215134062355709, 92.24610857247569129, 393.6986018927481155 ) ) ;
#574 = CARTESIAN_POINT ( 'NONE',  ( 0.000000000000000000, 85.37779990771960570, 403.0779284778316196 ) ) ;
#575 = B_SPLINE_CURVE_WITH_KNOTS ( 'NONE', 3,
 ( #2219, #2395, #497, #1824, #1279, #2419, #336, #909, #2246, #1476 ),
 .UNSPECIFIED., .F., .F.,
 ( 4, 3, 3, 4 ),
 ( 0.000000000000000000, 0.007001268723210948321, 0.009713315619245377341, 0.01400000605967191905 ),
 .UNSPECIFIED. ) ;
#576 = ADVANCED_FACE ( 'NONE', ( #1216 ), #2424, .T. ) ;
#577 = CYLINDRICAL_SURFACE ( 'NONE', #28, 3.499999999999998668 ) ;
#578 = DIRECTION ( 'NONE',  ( 0.000000000000000000, -0.000000000000000000, -1.000000000000000000 ) ) ;
#579 = ORIENTED_EDGE ( 'NONE', *, *, #2042, .T. ) ;
#580 = PLANE ( 'NONE',  #1921 ) ;
#581 = CARTESIAN_POINT ( 'NONE',  ( 4.678385685659112170, 104.5777999077195943, 403.0779284778316196 ) ) ;
#582 = CARTESIAN_POINT ( 'NONE',  ( 11.64722485081354364, 101.4286703348737291, 403.0779284778316196 ) ) ;
#583 = EDGE_CURVE ( 'NONE', #1809, #304, #2083, .T. ) ;
#584 = CARTESIAN_POINT ( 'NONE',  ( 13.25453815727578899, 92.93868884083913429, 388.6527812391877319 ) ) ;
#585 = LINE ( 'NONE', #1113, #1855 ) ;
#586 = CARTESIAN_POINT ( 'NONE',  ( -12.44728719225054014, 89.36026852123566755, 403.0779284778315628 ) ) ;
#587 = VECTOR ( 'NONE', #429, 1000.000000000000000 ) ;
#588 = CARTESIAN_POINT ( 'NONE',  ( 0.000000000000000000, 111.2777999077196114, 403.0779284778315628 ) ) ;
#589 = DIRECTION ( 'NONE',  ( -0.000000000000000000, -0.000000000000000000, -1.000000000000000000 ) ) ;
#590 = ORIENTED_EDGE ( 'NONE', *, *, #557, .T. ) ;
#591 = FACE_OUTER_BOUND ( 'NONE', #229, .T. ) ;
#592 = CARTESIAN_POINT ( 'NONE',  ( -12.27137097579815794, 89.09538692313495289, 403.0779284778316196 ) ) ;
#593 = FACE_OUTER_BOUND ( 'NONE', #460, .T. ) ;
#594 = CARTESIAN_POINT ( 'NONE',  ( 11.75564298791763918, 88.03711410982478469, 403.8170213006251856 ) ) ;
#595 = CARTESIAN_POINT ( 'NONE',  ( -1.540743955509788682E-30, 78.67779990771960286, 403.0779284778315628 ) ) ;
#596 = ADVANCED_FACE ( 'NONE', ( #209 ), #781, .F. ) ;
#597 = CARTESIAN_POINT ( 'NONE',  ( -2.999999999999995559, 94.97779990771961423, 402.0779284778315628 ) ) ;
#598 = DIRECTION ( 'NONE',  ( -0.000000000000000000, -0.000000000000000000, 1.000000000000000000 ) ) ;
#599 = AXIS2_PLACEMENT_3D ( 'NONE', #938, #744, #168 ) ;
#600 = ORIENTED_EDGE ( 'NONE', *, *, #393, .T. ) ;
#601 = CARTESIAN_POINT ( 'NONE',  ( 11.81680214922562122, 101.4340787576287966, 389.0779284778316196 ) ) ;
#602 = CARTESIAN_POINT ( 'NONE',  ( 13.59479583282970339, 92.61214716434231775, 403.0779284778319038 ) ) ;
#603 = CARTESIAN_POINT ( 'NONE',  ( 12.70561626782203035, 100.8075072035047697, 390.5068476691827755 ) ) ;
#604 = CARTESIAN_POINT ( 'NONE',  ( 13.27991434228371936, 91.31032392833249389, 403.5959894659851557 ) ) ;
#605 = AXIS2_PLACEMENT_3D ( 'NONE', #238, #589, #1924 ) ;
#606 = CARTESIAN_POINT ( 'NONE',  ( -12.70334553182878778, 100.8104439959360263, 393.3646869456026138 ) ) ;
#607 = DIRECTION ( 'NONE',  ( 0.000000000000000000, -0.000000000000000000, -1.000000000000000000 ) ) ;
#608 = CARTESIAN_POINT ( 'NONE',  ( -8.317514421272191427, 101.7175144212722984, 371.0779284778316196 ) ) ;
#609 = VERTEX_POINT ( 'NONE', #1349 ) ;
#610 = EDGE_CURVE ( 'NONE', #1187, #891, #1131, .T. ) ;
#611 = AXIS2_PLACEMENT_3D ( 'NONE', #2009, #1666, #1080 ) ;
#612 = CYLINDRICAL_SURFACE ( 'NONE', #761, 1.600000000000002531 ) ;
#613 = CARTESIAN_POINT ( 'NONE',  ( 0.000000000000000000, 94.57779990771959433, 394.4779284778315969 ) ) ;
#614 = DIRECTION ( 'NONE',  ( 0.000000000000000000, 1.000000000000000000, 0.000000000000000000 ) ) ;
#615 = LINE ( 'NONE', #983, #1375 ) ;
#616 = CARTESIAN_POINT ( 'NONE',  ( -10.36093667899254456, 89.58881078931361230, 388.9935562094356669 ) ) ;
#617 = CARTESIAN_POINT ( 'NONE',  ( -6.717514421272189118, 101.7175144212722984, 371.0779284778316196 ) ) ;
#618 = VECTOR ( 'NONE', #2387, 1000.000000000000000 ) ;
#619 = EDGE_LOOP ( 'NONE', ( #2377, #1448, #896, #1022 ) ) ;
#620 = VERTEX_POINT ( 'NONE', #980 ) ;
#621 = ORIENTED_EDGE ( 'NONE', *, *, #1495, .T. ) ;
#622 = VECTOR ( 'NONE', #949, 1000.000000000000000 ) ;
#623 = CARTESIAN_POINT ( 'NONE',  ( 13.85728566308078591, 94.57350215801685067, 403.0779284778315059 ) ) ;
#624 = CARTESIAN_POINT ( 'NONE',  ( 12.70214198599269473, 100.8149642329898512, 396.0761173231740031 ) ) ;
#625 = DIRECTION ( 'NONE',  ( 1.000000000000000000, 0.000000000000000000, 0.000000000000000000 ) ) ;
#626 = VECTOR ( 'NONE', #1115, 1000.000000000000000 ) ;
#627 = ORIENTED_EDGE ( 'NONE', *, *, #369, .T. ) ;
#628 = CARTESIAN_POINT ( 'NONE',  ( -13.10902089705484208, 99.85420243501319248, 403.2008031844310381 ) ) ;
#629 = CARTESIAN_POINT ( 'NONE',  ( -5.117514421272187697, 101.7175144212722984, 403.0779284778315628 ) ) ;
#630 = DIRECTION ( 'NONE',  ( 0.000000000000000000, -0.000000000000000000, -1.000000000000000000 ) ) ;
#631 = ORIENTED_EDGE ( 'NONE', *, *, #1954, .T. ) ;
#632 = ORIENTED_EDGE ( 'NONE', *, *, #1890, .T. ) ;
#633 = ORIENTED_EDGE ( 'NONE', *, *, #1710, .T. ) ;
#634 = CARTESIAN_POINT ( 'NONE',  ( -6.717514421272372083, 88.28248557872787217, 428.2556655029699186 ) ) ;
#635 = CARTESIAN_POINT ( 'NONE',  ( 0.000000000000000000, 99.17779990771960286, 393.5779284778315628 ) ) ;
#636 = VECTOR ( 'NONE', #1594, 1000.000000000000000 ) ;
#637 = DIRECTION ( 'NONE',  ( -0.000000000000000000, -0.000000000000000000, 1.000000000000000000 ) ) ;
#638 = EDGE_LOOP ( 'NONE', ( #1405, #627, #650, #2427, #1945, #2333, #426, #2313, #16, #1066, #1978, #432, #1101, #89, #2399, #675, #185, #539, #50, #245, #1751, #715 ) ) ;
#639 = CARTESIAN_POINT ( 'NONE',  ( -13.28237128484918017, 99.28966254884029752, 403.2211003406490022 ) ) ;
#640 = CARTESIAN_POINT ( 'NONE',  ( -13.47148056084758316, 93.97230300945082604, 388.5573129218732902 ) ) ;
#641 = CARTESIAN_POINT ( 'NONE',  ( -10.84586891213576010, 89.10387855617031505, 403.0779284778315628 ) ) ;
#642 = AXIS2_PLACEMENT_3D ( 'NONE', #894, #714, #1291 ) ;
#643 = VERTEX_POINT ( 'NONE', #1736 ) ;
#644 = ORIENTED_EDGE ( 'NONE', *, *, #926, .F. ) ;
#645 = ORIENTED_EDGE ( 'NONE', *, *, #1695, .F. ) ;
#646 = CARTESIAN_POINT ( 'NONE',  ( 0.000000000000000000, 99.17779990771960286, 396.0779284778315628 ) ) ;
#647 = LINE ( 'NONE', #1396, #1376 ) ;
#648 = FACE_OUTER_BOUND ( 'NONE', #1845, .T. ) ;
#649 = ADVANCED_FACE ( 'NONE', ( #792 ), #1885, .F. ) ;
#650 = ORIENTED_EDGE ( 'NONE', *, *, #1955, .F. ) ;
#651 = EDGE_CURVE ( 'NONE', #2413, #329, #42, .T. ) ;
#652 = CARTESIAN_POINT ( 'NONE',  ( 12.64769764947878983, 100.9604896496757078, 393.0745042544909893 ) ) ;
#653 = CARTESIAN_POINT ( 'NONE',  ( -13.35995900382302892, 98.76533130632110158, 388.1776460937503543 ) ) ;
#654 = ADVANCED_FACE ( 'NONE', ( #189 ), #759, .F. ) ;
#655 = CARTESIAN_POINT ( 'NONE',  ( -12.06355198692695474, 89.67559890560369240, 393.7468907236698783 ) ) ;
#656 = CARTESIAN_POINT ( 'NONE',  ( -13.43770828723982014, 91.91385812494812058, 403.5601482506037883 ) ) ;
#657 = CARTESIAN_POINT ( 'NONE',  ( 11.09767970188325314, 88.91702297557677070, 403.0779284778316196 ) ) ;
#658 = VECTOR ( 'NONE', #1908, 1000.000000000000000 ) ;
#659 = EDGE_LOOP ( 'NONE', ( #290, #1209, #865, #1777 ) ) ;
#660 = ORIENTED_EDGE ( 'NONE', *, *, #583, .T. ) ;
#661 = ORIENTED_EDGE ( 'NONE', *, *, #2437, .F. ) ;
#662 = FACE_OUTER_BOUND ( 'NONE', #1662, .T. ) ;
#663 = ORIENTED_EDGE ( 'NONE', *, *, #651, .T. ) ;
#664 = CARTESIAN_POINT ( 'NONE',  ( -6.717514421272189118, 101.7175144212722984, 403.0779284778315628 ) ) ;
#665 = AXIS2_PLACEMENT_3D ( 'NONE', #380, #1164, #1744 ) ;
#666 = DIRECTION ( 'NONE',  ( -0.000000000000000000, -0.000000000000000000, -1.000000000000000000 ) ) ;
#667 = B_SPLINE_CURVE_WITH_KNOTS ( 'NONE', 3,
 ( #1668, #731, #1111, #718, #371, #188, #1130, #351, #1864, #1141, #1479, #1491, #948, #1895 ),
 .UNSPECIFIED., .F., .F.,
 ( 4, 2, 2, 2, 2, 2, 4 ),
 ( 0.04571131236492320671, 0.04863052840966767404, 0.05009013643203988342, 0.05154974445441209974, 0.05300935247678430912, 0.05446896049915651850, 0.05738817654390094419 ),
 .UNSPECIFIED. ) ;
#668 = VERTEX_POINT ( 'NONE', #1966 ) ;
#669 = CARTESIAN_POINT ( 'NONE',  ( -12.62833445830289492, 100.9767800246330296, 403.0779284778315628 ) ) ;
#670 = CARTESIAN_POINT ( 'NONE',  ( -13.63909949530706811, 97.28215201762512265, 393.3050681517998441 ) ) ;
#671 = FACE_OUTER_BOUND ( 'NONE', #1091, .T. ) ;
#672 = CARTESIAN_POINT ( 'NONE',  ( -12.38591324605456734, 90.25419239133736937, 393.8932136710147915 ) ) ;
#673 = EDGE_CURVE ( 'NONE', #1458, #1959, #525, .T. ) ;
#674 = ORIENTED_EDGE ( 'NONE', *, *, #97, .T. ) ;
#675 = ORIENTED_EDGE ( 'NONE', *, *, #1972, .F. ) ;
#676 =( BOUNDED_SURFACE ( )  B_SPLINE_SURFACE ( 3, 2, ( 
 ( #2102, #1013, #1766 ),
 ( #2126, #800, #422 ),
 ( #243, #1001, #54 ),
 ( #811, #1384, #969 ) ),
 .UNSPECIFIED., .F., .F., .F. ) 
 B_SPLINE_SURFACE_WITH_KNOTS ( ( 4, 4 ),
 ( 3, 3 ),
 ( 0.01659022556411219110, 0.03076137542889954488 ),
 ( 0.000000000000000000, 1.000000000000000000 ),
 .UNSPECIFIED. ) 
 GEOMETRIC_REPRESENTATION_ITEM ( )  RATIONAL_B_SPLINE_SURFACE ( (
 ( 1.000000000000000000, 0.5571515448259238834, 1.000000000000000000),
 ( 1.000000000000000000, 0.5591944241526842774, 1.000000000000000000),
 ( 1.000000000000000000, 0.5628022888802890478, 1.000000000000000000),
 ( 1.000000000000000000, 0.5669244881870146857, 1.000000000000000000) ) ) 
 REPRESENTATION_ITEM ( '' )  SURFACE ( )  );
#677 = ORIENTED_EDGE ( 'NONE', *, *, #1684, .T. ) ;
#678 = FACE_OUTER_BOUND ( 'NONE', #69, .T. ) ;
#679 = FACE_OUTER_BOUND ( 'NONE', #263, .T. ) ;
#680 = VECTOR ( 'NONE', #1985, 1000.000000000000000 ) ;
#681 = ORIENTED_EDGE ( 'NONE', *, *, #861, .F. ) ;
#682 = CARTESIAN_POINT ( 'NONE',  ( -8.317514421272191427, 101.7175144212722984, 403.0779284778315628 ) ) ;
#683 = DIRECTION ( 'NONE',  ( 0.000000000000000000, 0.000000000000000000, 1.000000000000000000 ) ) ;
#684 = LINE ( 'NONE', #2174, #680 ) ;
#685 =( NAMED_UNIT ( * ) SI_UNIT ( $, .STERADIAN. ) SOLID_ANGLE_UNIT ( ) );
#686 = CARTESIAN_POINT ( 'NONE',  ( -12.71251561530551655, 90.41387103394500002, 398.7861603986877981 ) ) ;
#687 = STYLED_ITEM ( 'NONE', ( #2429 ), #1457 ) ;
#688 = VERTEX_POINT ( 'NONE', #2141 ) ;
#689 = ORIENTED_EDGE ( 'NONE', *, *, #309, .F. ) ;
#690 = CARTESIAN_POINT ( 'NONE',  ( -10.36315581294681998, 89.58659165535925695, 389.0779284778315628 ) ) ;
#691 = DIRECTION ( 'NONE',  ( -0.000000000000000000, -1.000000000000000000, -0.000000000000000000 ) ) ;
#692 = ORIENTED_EDGE ( 'NONE', *, *, #2357, .T. ) ;
#693 = DIRECTION ( 'NONE',  ( -1.000000000000000000, 0.000000000000000000, 0.000000000000000000 ) ) ;
#694 = DIRECTION ( 'NONE',  ( -1.000000000000000000, 0.000000000000000000, 0.000000000000000000 ) ) ;
#695 = CARTESIAN_POINT ( 'NONE',  ( 13.65675520268505316, 95.84196221163549012, 388.3982905890864572 ) ) ;
#696 = EDGE_CURVE ( 'NONE', #2376, #1043, #762, .T. ) ;
#697 = CARTESIAN_POINT ( 'NONE',  ( -13.69466759910782017, 95.30062073535417255, 393.4479709857152443 ) ) ;
#698 = B_SPLINE_CURVE_WITH_KNOTS ( 'NONE', 3,
 ( #126, #469, #1069, #2384 ),
 .UNSPECIFIED., .F., .F.,
 ( 4, 4 ),
 ( 0.000000000000000000, 0.01401674264854144494 ),
 .UNSPECIFIED. ) ;
#699 = ORIENTED_EDGE ( 'NONE', *, *, #2069, .F. ) ;
#700 = ORIENTED_EDGE ( 'NONE', *, *, #2196, .T. ) ;
#701 = CARTESIAN_POINT ( 'NONE',  ( 11.93251982173380554, 89.78594031662102282, 389.0779284778315628 ) ) ;
#702 = CIRCLE ( 'NONE', #2086, 1.000000000000000888 ) ;
#703 = DIRECTION ( 'NONE',  ( 1.000000000000000000, 0.000000000000000000, 0.000000000000000000 ) ) ;
#704 = ORIENTED_EDGE ( 'NONE', *, *, #282, .T. ) ;
#705 = CARTESIAN_POINT ( 'NONE',  ( -11.89361579222068244, 89.71982370618719926, 389.0779284778315628 ) ) ;
#706 = FACE_OUTER_BOUND ( 'NONE', #786, .T. ) ;
#707 = CARTESIAN_POINT ( 'NONE',  ( -11.64722485081354364, 101.4286703348737291, 403.0779284778316196 ) ) ;
#708 = CARTESIAN_POINT ( 'NONE',  ( 13.60758678935424548, 97.18235087829206975, 388.2924514517656576 ) ) ;
#709 = DIRECTION ( 'NONE',  ( 1.000000000000000000, -6.973996677193663548E-16, 0.000000000000000000 ) ) ;
#710 = CARTESIAN_POINT ( 'NONE',  ( -13.67708258466065985, 96.71613977830151043, 393.3444698184608797 ) ) ;
#711 = VERTEX_POINT ( 'NONE', #682 ) ;
#712 = ORIENTED_EDGE ( 'NONE', *, *, #1239, .F. ) ;
#713 = CARTESIAN_POINT ( 'NONE',  ( 7.293252290646602932E-14, 94.57779990771959433, 396.0779284778315628 ) ) ;
#714 = DIRECTION ( 'NONE',  ( 0.000000000000000000, 0.000000000000000000, 1.000000000000000000 ) ) ;
#715 = ORIENTED_EDGE ( 'NONE', *, *, #146, .T. ) ;
#716 = CARTESIAN_POINT ( 'NONE',  ( -10.60277934298482805, 89.39650439218908673, 389.0779284778316764 ) ) ;
#717 = CARTESIAN_POINT ( 'NONE',  ( 3.217514421272192227, 101.7175144212722984, 403.0779284778315628 ) ) ;
#718 = CARTESIAN_POINT ( 'NONE',  ( -13.59479583282970339, 92.61214716434231775, 403.0779284778319038 ) ) ;
#719 = CARTESIAN_POINT ( 'NONE',  ( 13.35995900382302892, 98.76533130632110158, 388.1776460937503543 ) ) ;
#720 = DIRECTION ( 'NONE',  ( 0.000000000000000000, 0.000000000000000000, -1.000000000000000000 ) ) ;
#721 = CIRCLE ( 'NONE', #524, 1.000000000000000888 ) ;
#722 = B_SPLINE_CURVE_WITH_KNOTS ( 'NONE', 3,
 ( #2405, #705, #1488, #1307, #885, #1449, #1849, #1641, #323, #716, #1464, #1068 ),
 .UNSPECIFIED., .F., .F.,
 ( 4, 2, 2, 2, 2, 4 ),
 ( 5.204170427930421283E-18, 0.0002268734375485692025, 0.0004537468750971332008, 0.0009074937501942611975, 0.001361240625291389086, 0.001814987500388517191 ),
 .UNSPECIFIED. ) ;
#723 = ADVANCED_FACE ( 'NONE', ( #2338 ), #1002, .F. ) ;
#724 = ORIENTED_EDGE ( 'NONE', *, *, #295, .F. ) ;
#725 = B_SPLINE_CURVE_WITH_KNOTS ( 'NONE', 3,
 ( #1677, #2431, #729, #1267, #1095, #2442, #1837, #308, #2022, #1862, #2208, #348, #897, #140 ),
 .UNSPECIFIED., .F., .F.,
 ( 4, 2, 2, 2, 2, 2, 4 ),
 ( 0.005052773875393589201, 0.007906197121999523555, 0.009332908745302469916, 0.01075962036860541801, 0.01218633199190836437, 0.01361304361521131073, 0.01646646686181720345 ),
 .UNSPECIFIED. ) ;
#726 = CARTESIAN_POINT ( 'NONE',  ( 10.60277934298482805, 89.39650439218908673, 389.0779284778316764 ) ) ;
#727 = CIRCLE ( 'NONE', #489, 4.000000000000000888 ) ;
#728 = ORIENTED_EDGE ( 'NONE', *, *, #1239, .T. ) ;
#729 = CARTESIAN_POINT ( 'NONE',  ( -13.34139307510278449, 99.01320174967197829, 389.0779284778315628 ) ) ;
#730 = CARTESIAN_POINT ( 'NONE',  ( 0.000000000000000000, 94.57779990771959433, 397.6779284778315855 ) ) ;
#731 = CARTESIAN_POINT ( 'NONE',  ( -12.89078950409166247, 90.24239206193625762, 403.0779284778313922 ) ) ;
#732 = CARTESIAN_POINT ( 'NONE',  ( 13.56265653848547714, 94.49158599264943348, 388.5095358441233202 ) ) ;
#733 = DIRECTION ( 'NONE',  ( -1.000000000000000000, 0.000000000000000000, 0.000000000000000000 ) ) ;
#734 = ADVANCED_FACE ( 'NONE', ( #55 ), #244, .F. ) ;
#735 = ADVANCED_FACE ( 'NONE', ( #648 ), #66, .F. ) ;
#736 = VECTOR ( 'NONE', #2383, 1000.000000000000114 ) ;
#737 = B_SPLINE_CURVE_WITH_KNOTS ( 'NONE', 3,
 ( #701, #1637, #917, #1435, #1846, #1236, #321, #2379, #1673, #726, #2204, #1485 ),
 .UNSPECIFIED., .F., .F.,
 ( 4, 2, 2, 2, 2, 4 ),
 ( 5.204170427930421283E-18, 0.0002268734375485692025, 0.0004537468750971332008, 0.0009074937501942611975, 0.001361240625291389086, 0.001814987500388517191 ),
 .UNSPECIFIED. ) ;
#738 = ORIENTED_EDGE ( 'NONE', *, *, #235, .F. ) ;
#739 = FACE_OUTER_BOUND ( 'NONE', #1858, .T. ) ;
#740 = ORIENTED_EDGE ( 'NONE', *, *, #412, .T. ) ;
#741 = PLANE ( 'NONE',  #239 ) ;
#742 = CARTESIAN_POINT ( 'NONE',  ( -9.192388155425106788, 99.24264068711939046, 389.0779284778315628 ) ) ;
#743 = AXIS2_PLACEMENT_3D ( 'NONE', #141, #898, #1653 ) ;
#744 = DIRECTION ( 'NONE',  ( 0.000000000000000000, 0.000000000000000000, -1.000000000000000000 ) ) ;
#745 = CARTESIAN_POINT ( 'NONE',  ( 13.77783588418522598, 95.31190454401907175, 398.4297319618196980 ) ) ;
#746 = DIRECTION ( 'NONE',  ( 1.000000000000000000, 0.000000000000000000, 0.000000000000000000 ) ) ;
#747 = VECTOR ( 'NONE', #1103, 1000.000000000000000 ) ;
#748 = VECTOR ( 'NONE', #96, 1000.000000000000000 ) ;
#749 = EDGE_CURVE ( 'NONE', #95, #1432, #84, .T. ) ;
#750 = CARTESIAN_POINT ( 'NONE',  ( -6.717514421272372083, 88.28248557872787217, 428.2556655029699186 ) ) ;
#751 = VECTOR ( 'NONE', #2117, 1000.000000000000000 ) ;
#752 = LINE ( 'NONE', #1168, #1397 ) ;
#753 = EDGE_CURVE ( 'NONE', #1959, #1458, #131, .T. ) ;
#754 = ORIENTED_EDGE ( 'NONE', *, *, #1526, .T. ) ;
#755 = CARTESIAN_POINT ( 'NONE',  ( -11.66696628571986949, 88.46889641505165969, 398.9673084214009009 ) ) ;
#756 = LINE ( 'NONE', #1511, #863 ) ;
#757 = EDGE_CURVE ( 'NONE', #526, #1763, #1026, .T. ) ;
#758 = CARTESIAN_POINT ( 'NONE',  ( -9.192388155425106788, 99.24264068711939046, 428.2556655029699186 ) ) ;
#759 = CYLINDRICAL_SURFACE ( 'NONE', #1588, 4.000000000000000888 ) ;
#760 = FACE_OUTER_BOUND ( 'NONE', #2150, .T. ) ;
#761 = AXIS2_PLACEMENT_3D ( 'NONE', #978, #2101, #242 ) ;
#762 = CIRCLE ( 'NONE', #1391, 1.600000000000001643 ) ;
#763 = LINE ( 'NONE', #2087, #785 ) ;
#764 = CARTESIAN_POINT ( 'NONE',  ( -9.192388155425106788, 99.24264068711939046, 428.2556655029699186 ) ) ;
#765 = ORIENTED_EDGE ( 'NONE', *, *, #216, .T. ) ;
#766 = DIRECTION ( 'NONE',  ( 1.000000000000000000, 0.000000000000000000, 0.000000000000000000 ) ) ;
#767 = AXIS2_PLACEMENT_3D ( 'NONE', #345, #1486, #1650 ) ;
#768 = CARTESIAN_POINT ( 'NONE',  ( 0.000000000000000000, 104.5777999077195943, 398.5779284778315628 ) ) ;
#769 = LINE ( 'NONE', #1198, #231 ) ;
#770 = CARTESIAN_POINT ( 'NONE',  ( 13.10132296744441405, 92.44412584892840812, 388.7012402148419596 ) ) ;
#771 = CARTESIAN_POINT ( 'NONE',  ( 0.000000000000000000, 104.5777999077195943, 0.000000000000000000 ) ) ;
#772 = AXIS2_PLACEMENT_3D ( 'NONE', #634, #1395, #2182 ) ;
#773 = EDGE_CURVE ( 'NONE', #1470, #1399, #872, .T. ) ;
#774 = CARTESIAN_POINT ( 'NONE',  ( -4.932702858951324210, 85.37779990771960570, 403.0779284778316196 ) ) ;
#775 = DIRECTION ( 'NONE',  ( 0.000000000000000000, -1.000000000000000000, -0.000000000000000000 ) ) ;
#776 = DIRECTION ( 'NONE',  ( 1.000000000000000000, 0.000000000000000000, 0.000000000000000000 ) ) ;
#777 = VERTEX_POINT ( 'NONE', #1996 ) ;
#778 = DIRECTION ( 'NONE',  ( 0.000000000000000000, 1.000000000000000000, 0.000000000000000000 ) ) ;
#779 = CARTESIAN_POINT ( 'NONE',  ( -11.17054765416944484, 88.88342672239811293, 403.0779284778315059 ) ) ;
#780 = CARTESIAN_POINT ( 'NONE',  ( -4.242640687119450860, 85.80761184457497848, 403.0779284778315628 ) ) ;
#781 = CYLINDRICAL_SURFACE ( 'NONE', #665, 1.599999999999990319 ) ;
#782 = AXIS2_PLACEMENT_3D ( 'NONE', #1332, #1877, #1132 ) ;
#783 = EDGE_CURVE ( 'NONE', #1399, #609, #2146, .T. ) ;
#784 =( NAMED_UNIT ( * ) SI_UNIT ( $, .STERADIAN. ) SOLID_ANGLE_UNIT ( ) );
#785 = VECTOR ( 'NONE', #374, 1000.000000000000000 ) ;
#786 = EDGE_LOOP ( 'NONE', ( #1094, #827, #2192 ) ) ;
#787 = DIRECTION ( 'NONE',  ( 0.000000000000000000, -1.000000000000000000, 0.000000000000000000 ) ) ;
#788 = ORIENTED_EDGE ( 'NONE', *, *, #2011, .T. ) ;
#789 = DIRECTION ( 'NONE',  ( 0.000000000000000000, -0.000000000000000000, 1.000000000000000000 ) ) ;
#790 = CARTESIAN_POINT ( 'NONE',  ( 11.92915676262184022, 89.78877338966925947, 388.9576582957705000 ) ) ;
#791 = CARTESIAN_POINT ( 'NONE',  ( 12.70297871801911604, 100.8336333199378316, 403.0779284778316196 ) ) ;
#792 = FACE_OUTER_BOUND ( 'NONE', #61, .T. ) ;
#793 = CARTESIAN_POINT ( 'NONE',  ( 0.000000000000000000, 99.17779990771960286, 393.5779284778315628 ) ) ;
#794 = EDGE_CURVE ( 'NONE', #2167, #1494, #1228, .T. ) ;
#795 = CARTESIAN_POINT ( 'NONE',  ( -4.619851441237167400, 104.5192656632976593, 389.0779284778315628 ) ) ;
#796 = EDGE_CURVE ( 'NONE', #1208, #433, #2341, .T. ) ;
#797 = DIRECTION ( 'NONE',  ( 1.000000000000000000, 0.000000000000000000, 0.000000000000000000 ) ) ;
#798 = VERTEX_POINT ( 'NONE', #2128 ) ;
#799 = CARTESIAN_POINT ( 'NONE',  ( -8.317514421272374392, 88.28248557872787217, 405.0779284778315628 ) ) ;
#800 = CARTESIAN_POINT ( 'NONE',  ( -12.12190827398447190, 102.1721608029968422, 393.6987227229521409 ) ) ;
#801 = CARTESIAN_POINT ( 'NONE',  ( 13.43770828723982014, 91.91385812494812058, 403.5601482506037883 ) ) ;
#802 = AXIS2_PLACEMENT_3D ( 'NONE', #1033, #341, #2037 ) ;
#803 = EDGE_CURVE ( 'NONE', #1576, #1518, #1054, .T. ) ;
#804 = EDGE_CURVE ( 'NONE', #1998, #194, #2244, .T. ) ;
#805 = CARTESIAN_POINT ( 'NONE',  ( 0.000000000000000000, 94.57779990771959433, 397.6779284778315855 ) ) ;
#806 = CARTESIAN_POINT ( 'NONE',  ( 5.306417150674644567E-15, 94.97779990771961423, 403.0779284778315628 ) ) ;
#807 = ORIENTED_EDGE ( 'NONE', *, *, #1570, .F. ) ;
#808 = ORIENTED_EDGE ( 'NONE', *, *, #424, .T. ) ;
#809 = ORIENTED_EDGE ( 'NONE', *, *, #2069, .T. ) ;
#810 = CARTESIAN_POINT ( 'NONE',  ( 13.81868112674894356, 94.08259148233925373, 403.0779284778316196 ) ) ;
#811 = CARTESIAN_POINT ( 'NONE',  ( -12.70301507504023597, 100.8339065066892744, 403.1620633563821912 ) ) ;
#812 = CARTESIAN_POINT ( 'NONE',  ( 0.000000000000000000, 98.97779990771961423, 402.0779284778315628 ) ) ;
#813 = ORIENTED_EDGE ( 'NONE', *, *, #749, .T. ) ;
#814 = CARTESIAN_POINT ( 'NONE',  ( -12.54302988332683988, 101.0936185136685879, 389.0779284778316196 ) ) ;
#815 = CIRCLE ( 'NONE', #1413, 3.499999999999996447 ) ;
#816 = DIRECTION ( 'NONE',  ( 0.000000000000000000, -1.000000000000000000, 0.000000000000000000 ) ) ;
#817 = DIRECTION ( 'NONE',  ( 0.000000000000000000, 0.000000000000000000, 1.000000000000000000 ) ) ;
#818 = CARTESIAN_POINT ( 'NONE',  ( 10.84586891213576010, 89.10387855617031505, 403.0779284778315628 ) ) ;
#819 = EDGE_CURVE ( 'NONE', #609, #2135, #1241, .T. ) ;
#820 = ORIENTED_EDGE ( 'NONE', *, *, #543, .F. ) ;
#821 = ORIENTED_EDGE ( 'NONE', *, *, #101, .T. ) ;
#822 = ORIENTED_EDGE ( 'NONE', *, *, #923, .F. ) ;
#823 = DIRECTION ( 'NONE',  ( 0.000000000000000000, -1.000000000000000000, 0.000000000000000000 ) ) ;
#824 = EDGE_CURVE ( 'NONE', #531, #1661, #1691, .T. ) ;
#825 = DIRECTION ( 'NONE',  ( 0.000000000000000000, -1.000000000000000000, 0.000000000000000000 ) ) ;
#826 = DIRECTION ( 'NONE',  ( -0.000000000000000000, -0.000000000000000000, -1.000000000000000000 ) ) ;
#827 = ORIENTED_EDGE ( 'NONE', *, *, #923, .T. ) ;
#828 = CARTESIAN_POINT ( 'NONE',  ( -12.29087778173330570, 101.2991296515405111, 389.0779284778316196 ) ) ;
#829 = CARTESIAN_POINT ( 'NONE',  ( 0.000000000000000000, 90.97779990771960001, 402.0779284778315628 ) ) ;
#830 = CARTESIAN_POINT ( 'NONE',  ( -13.78157755045324606, 95.90845719215496956, 398.3919777474854413 ) ) ;
#831 = DIRECTION ( 'NONE',  ( 0.000000000000000000, 1.000000000000000000, 0.000000000000000000 ) ) ;
#832 = ORIENTED_EDGE ( 'NONE', *, *, #796, .F. ) ;
#833 = ORIENTED_EDGE ( 'NONE', *, *, #395, .F. ) ;
#834 = ORIENTED_EDGE ( 'NONE', *, *, #757, .T. ) ;
#835 = DIRECTION ( 'NONE',  ( 0.000000000000000000, -0.000000000000000000, 1.000000000000000000 ) ) ;
#836 = AXIS2_PLACEMENT_3D ( 'NONE', #180, #1466, #2221 ) ;
#837 = ADVANCED_FACE ( 'NONE', ( #1756 ), #2325, .T. ) ;
#838 = PRODUCT_DEFINITION ( 'UNKNOWN', '', #1300, #1214 ) ;
#839 = LINE ( 'NONE', #1593, #1737 ) ;
#840 = DIRECTION ( 'NONE',  ( 0.000000000000000000, 0.000000000000000000, 1.000000000000000000 ) ) ;
#841 = ORIENTED_EDGE ( 'NONE', *, *, #921, .F. ) ;
#842 = CARTESIAN_POINT ( 'NONE',  ( 4.932702858951324210, 85.37779990771960570, 389.0779284778315628 ) ) ;
#843 = DIRECTION ( 'NONE',  ( -1.000000000000000000, 0.000000000000000000, 0.000000000000000000 ) ) ;
#844 = LINE ( 'NONE', #471, #618 ) ;
#845 =( GEOMETRIC_REPRESENTATION_CONTEXT ( 3 ) GLOBAL_UNCERTAINTY_ASSIGNED_CONTEXT ( ( #268 ) ) GLOBAL_UNIT_ASSIGNED_CONTEXT ( ( #151, #1880, #944 ) ) REPRESENTATION_CONTEXT ( 'NONE', 'WORKASPACE' ) );
#846 = CARTESIAN_POINT ( 'NONE',  ( -13.77783588418522598, 95.31190454401907175, 398.4297319618196980 ) ) ;
#847 = CYLINDRICAL_SURFACE ( 'NONE', #1126, 3.499999999999996447 ) ;
#848 = AXIS2_PLACEMENT_3D ( 'NONE', #332, #1664, #2416 ) ;
#849 = ORIENTED_EDGE ( 'NONE', *, *, #1656, .F. ) ;
#850 = ORIENTED_EDGE ( 'NONE', *, *, #878, .F. ) ;
#851 = EDGE_LOOP ( 'NONE', ( #788, #1823, #1315, #1685, #1871, #600, #674, #555, #2307, #853, #120, #88, #754, #1433 ) ) ;
#852 = CARTESIAN_POINT ( 'NONE',  ( -3.999999999999995559, 94.97779990771961423, 403.0779284778315628 ) ) ;
#853 = ORIENTED_EDGE ( 'NONE', *, *, #51, .F. ) ;
#854 = CARTESIAN_POINT ( 'NONE',  ( -5.117514421272369773, 88.28248557872787217, 405.0779284778315628 ) ) ;
#855 = VECTOR ( 'NONE', #17, 1000.000000000000000 ) ;
#856 = DIRECTION ( 'NONE',  ( -1.000000000000000000, 0.000000000000000000, 0.000000000000000000 ) ) ;
#857 = EDGE_LOOP ( 'NONE', ( #1196, #1169, #864, #92 ) ) ;
#858 = CARTESIAN_POINT ( 'NONE',  ( 12.70096040492128076, 100.8185434578663546, 398.4389158107651951 ) ) ;
#859 = CARTESIAN_POINT ( 'NONE',  ( -13.69542778427975271, 97.53505180817118969, 403.2884568239507530 ) ) ;
#860 = LINE ( 'NONE', #829, #2375 ) ;
#861 = EDGE_CURVE ( 'NONE', #1090, #1590, #725, .T. ) ;
#862 = CARTESIAN_POINT ( 'NONE',  ( -13.12564027474432038, 91.49644221324192017, 398.6977589516422427 ) ) ;
#863 = VECTOR ( 'NONE', #2269, 1000.000000000000000 ) ;
#864 = ORIENTED_EDGE ( 'NONE', *, *, #2011, .F. ) ;
#865 = ORIENTED_EDGE ( 'NONE', *, *, #2388, .T. ) ;
#866 = EDGE_LOOP ( 'NONE', ( #165, #904, #765, #2391 ) ) ;
#867 = PLANE ( 'NONE',  #1071 ) ;
#868 = DIRECTION ( 'NONE',  ( -1.000000000000000000, 0.000000000000000000, 0.000000000000000000 ) ) ;
#869 =( GEOMETRIC_REPRESENTATION_CONTEXT ( 3 ) GLOBAL_UNCERTAINTY_ASSIGNED_CONTEXT ( ( #68 ) ) GLOBAL_UNIT_ASSIGNED_CONTEXT ( ( #405, #2096, #784 ) ) REPRESENTATION_CONTEXT ( 'NONE', 'WORKASPACE' ) );
#870 = ORIENTED_EDGE ( 'NONE', *, *, #819, .F. ) ;
#871 = VECTOR ( 'NONE', #2323, 1000.000000000000000 ) ;
#872 = LINE ( 'NONE', #2351, #1834 ) ;
#873 = CARTESIAN_POINT ( 'NONE',  ( 12.11529145410793973, 102.1655439860417687, 398.4036498853401440 ) ) ;
#874 = CARTESIAN_POINT ( 'NONE',  ( -12.54086192055934035, 101.1727083676304630, 398.1112284983442464 ) ) ;
#875 =( GEOMETRIC_REPRESENTATION_CONTEXT ( 3 ) GLOBAL_UNCERTAINTY_ASSIGNED_CONTEXT ( ( #1582 ) ) GLOBAL_UNIT_ASSIGNED_CONTEXT ( ( #300, #1630, #685 ) ) REPRESENTATION_CONTEXT ( 'NONE', 'WORKASPACE' ) );
#876 = CARTESIAN_POINT ( 'NONE',  ( 0.000000000000000000, 111.2777999077196114, 426.0779284778316196 ) ) ;
#877 = CARTESIAN_POINT ( 'NONE',  ( -13.70478415442071451, 95.58588127874911322, 393.4267665509256062 ) ) ;
#878 = EDGE_CURVE ( 'NONE', #1590, #2135, #722, .T. ) ;
#879 = ORIENTED_EDGE ( 'NONE', *, *, #819, .T. ) ;
#880 = VERTEX_POINT ( 'NONE', #1108 ) ;
#881 = DIRECTION ( 'NONE',  ( -0.000000000000000000, -0.000000000000000000, 1.000000000000000000 ) ) ;
#882 = LINE ( 'NONE', #1638, #13 ) ;
#883 = AXIS2_PLACEMENT_3D ( 'NONE', #1000, #1370, #2125 ) ;
#884 = ORIENTED_EDGE ( 'NONE', *, *, #1904, .T. ) ;
#885 = CARTESIAN_POINT ( 'NONE',  ( -11.68421681972245985, 89.49986470477132627, 389.0779284778315628 ) ) ;
#886 = CARTESIAN_POINT ( 'NONE',  ( -11.81335300095332741, 101.4386343736519223, 403.0779284778316196 ) ) ;
#887 = CARTESIAN_POINT ( 'NONE',  ( 13.78157755045324606, 95.90845719215496956, 398.3919777474854413 ) ) ;
#888 = CARTESIAN_POINT ( 'NONE',  ( -8.673617379884035472E-16, -14.81700108226821833, 403.0779284778315628 ) ) ;
#889 = EDGE_CURVE ( 'NONE', #1998, #688, #519, .T. ) ;
#890 = CARTESIAN_POINT ( 'NONE',  ( -13.67490599571482335, 95.01554191313672959, 393.4695070608535730 ) ) ;
#891 = VERTEX_POINT ( 'NONE', #2032 ) ;
#892 = ORIENTED_EDGE ( 'NONE', *, *, #282, .F. ) ;
#893 = CARTESIAN_POINT ( 'NONE',  ( -2.999999999999995559, 94.97779990771961423, 403.0779284778315628 ) ) ;
#894 = CARTESIAN_POINT ( 'NONE',  ( 8.673617379884035472E-16, -14.81700108226821833, 403.0779284778315628 ) ) ;
#895 = AXIS2_PLACEMENT_3D ( 'NONE', #2138, #1225, #2335 ) ;
#896 = ORIENTED_EDGE ( 'NONE', *, *, #1815, .T. ) ;
#897 = CARTESIAN_POINT ( 'NONE',  ( -12.42018093802230183, 90.61471050965371887, 389.0779284778316764 ) ) ;
#898 = DIRECTION ( 'NONE',  ( 0.000000000000000000, 0.000000000000000000, 1.000000000000000000 ) ) ;
#899 = CARTESIAN_POINT ( 'NONE',  ( 12.44728719225054014, 89.36026852123566755, 403.0779284778315628 ) ) ;
#900 = CARTESIAN_POINT ( 'NONE',  ( 12.84961187076918776, 100.4754826823913021, 393.1033180644652134 ) ) ;
#901 = FACE_OUTER_BOUND ( 'NONE', #1437, .T. ) ;
#902 = CARTESIAN_POINT ( 'NONE',  ( -13.76791408589622634, 96.20736934955515096, 398.3741847878158069 ) ) ;
#903 = ORIENTED_EDGE ( 'NONE', *, *, #1570, .T. ) ;
#904 = ORIENTED_EDGE ( 'NONE', *, *, #889, .T. ) ;
#905 = DIRECTION ( 'NONE',  ( -1.000000000000000000, 0.000000000000000000, 0.000000000000000000 ) ) ;
#906 = VECTOR ( 'NONE', #363, 1000.000000000000000 ) ;
#907 = SURFACE_SIDE_STYLE ('',( #1860 ) ) ;
#908 = ORIENTED_EDGE ( 'NONE', *, *, #130, .F. ) ;
#909 = CARTESIAN_POINT ( 'NONE',  ( -11.07605735416917625, 101.1263098858634635, 391.9357212177917518 ) ) ;
#910 = DIRECTION ( 'NONE',  ( 0.000000000000000000, 0.000000000000000000, 1.000000000000000000 ) ) ;
#911 = AXIS2_PLACEMENT_3D ( 'NONE', #750, #607, #2065 ) ;
#912 = DIRECTION ( 'NONE',  ( -0.000000000000000000, -0.000000000000000000, -1.000000000000000000 ) ) ;
#913 = CARTESIAN_POINT ( 'NONE',  ( 13.14598984663241410, 99.63988044966882285, 398.1864611592453116 ) ) ;
#914 = ADVANCED_FACE ( 'NONE', ( #922 ), #2232, .F. ) ;
#915 = DIRECTION ( 'NONE',  ( 0.000000000000000000, 0.000000000000000000, 1.000000000000000000 ) ) ;
#916 = ORIENTED_EDGE ( 'NONE', *, *, #889, .F. ) ;
#917 = CARTESIAN_POINT ( 'NONE',  ( 11.84795194802973839, 89.65940706461964282, 389.0779284778315628 ) ) ;
#918 = FILL_AREA_STYLE_COLOUR ( '', #1159 ) ;
#919 = ORIENTED_EDGE ( 'NONE', *, *, #942, .F. ) ;
#920 = PRODUCT ( 'FIREWALL', 'FIREWALL', '', ( #2175 ) ) ;
#921 = EDGE_CURVE ( 'NONE', #1672, #2277, #575, .T. ) ;
#922 = FACE_OUTER_BOUND ( 'NONE', #279, .T. ) ;
#923 = EDGE_CURVE ( 'NONE', #1636, #2027, #2312, .T. ) ;
#924 = LINE ( 'NONE', #730, #1613 ) ;
#925 = ADVANCED_FACE ( 'NONE', ( #358 ), #2003, .F. ) ;
#926 = EDGE_CURVE ( 'NONE', #104, #609, #1872, .T. ) ;
#927 = DIRECTION ( 'NONE',  ( 0.000000000000000000, 0.000000000000000000, 1.000000000000000000 ) ) ;
#928 = CARTESIAN_POINT ( 'NONE',  ( 13.57050676898583319, 93.21157479728832129, 398.5677356260312081 ) ) ;
#929 = CARTESIAN_POINT ( 'NONE',  ( -5.306417150674644567E-15, 91.97779990771960001, 403.0779284778315628 ) ) ;
#930 = AXIS2_PLACEMENT_3D ( 'NONE', #2456, #927, #2261 ) ;
#931 = ORIENTED_EDGE ( 'NONE', *, *, #1797, .F. ) ;
#932 = CARTESIAN_POINT ( 'NONE',  ( -12.70197693606310807, 100.8260683634248664, 400.7439955884028109 ) ) ;
#933 = FACE_OUTER_BOUND ( 'NONE', #2417, .T. ) ;
#934 = AXIS2_PLACEMENT_3D ( 'NONE', #1145, #3, #776 ) ;
#935 = EDGE_LOOP ( 'NONE', ( #334, #1762, #2414, #56 ) ) ;
#936 = DIRECTION ( 'NONE',  ( 0.000000000000000000, 0.000000000000000000, 1.000000000000000000 ) ) ;
#937 = LINE ( 'NONE', #560, #2049 ) ;
#938 = CARTESIAN_POINT ( 'NONE',  ( 6.717514421272189118, 101.7175144212722984, 389.0779284778315628 ) ) ;
#939 = CARTESIAN_POINT ( 'NONE',  ( 13.85609633942818419, 96.30295003539029608, 403.3389435277558732 ) ) ;
#940 = CARTESIAN_POINT ( 'NONE',  ( 0.000000000000000000, 99.17779990771960286, 396.0779284778315628 ) ) ;
#941 = AXIS2_PLACEMENT_3D ( 'NONE', #532, #1293, #2058 ) ;
#942 = EDGE_CURVE ( 'NONE', #433, #1208, #538, .T. ) ;
#943 = EDGE_LOOP ( 'NONE', ( #251, #1967, #1146, #322 ) ) ;
#944 =( NAMED_UNIT ( * ) SI_UNIT ( $, .STERADIAN. ) SOLID_ANGLE_UNIT ( ) );
#945 = EDGE_LOOP ( 'NONE', ( #916, #987, #704, #1039 ) ) ;
#946 = DIRECTION ( 'NONE',  ( -1.000000000000000000, -6.973996677193663548E-16, 0.000000000000000000 ) ) ;
#947 = DIRECTION ( 'NONE',  ( 1.000000000000000000, 3.469446951953613400E-15, 0.000000000000000000 ) ) ;
#948 = CARTESIAN_POINT ( 'NONE',  ( -13.10779455827177742, 99.92703380397479407, 403.0779284778316196 ) ) ;
#949 = DIRECTION ( 'NONE',  ( -0.7071067811865457964, 0.7071067811865492381, 0.000000000000000000 ) ) ;
#950 = CARTESIAN_POINT ( 'NONE',  ( 3.999999999999995559, 94.97779990771961423, 402.0779284778315628 ) ) ;
#951 = CIRCLE ( 'NONE', #1816, 3.499999999999996447 ) ;
#952 = VERTEX_POINT ( 'NONE', #508 ) ;
#953 = AXIS2_PLACEMENT_3D ( 'NONE', #1649, #331, #1821 ) ;
#954 = CYLINDRICAL_SURFACE ( 'NONE', #11, 1.600000000000002531 ) ;
#955 = ORIENTED_EDGE ( 'NONE', *, *, #34, .F. ) ;
#956 = DIRECTION ( 'NONE',  ( 0.000000000000000000, -0.000000000000000000, -1.000000000000000000 ) ) ;
#957 = LINE ( 'NONE', #1713, #2264 ) ;
#958 = EDGE_CURVE ( 'NONE', #1233, #999, #1336, .T. ) ;
#959 = DIRECTION ( 'NONE',  ( 1.000000000000000000, -0.000000000000000000, -0.000000000000000000 ) ) ;
#960 = CARTESIAN_POINT ( 'NONE',  ( 13.43571794519341900, 92.63721106621837009, 398.6111264264946499 ) ) ;
#961 = LINE ( 'NONE', #771, #906 ) ;
#962 = VECTOR ( 'NONE', #1982, 1000.000000000000000 ) ;
#963 = FACE_OUTER_BOUND ( 'NONE', #1625, .T. ) ;
#964 = CARTESIAN_POINT ( 'NONE',  ( -11.93251982173380554, 89.78594031662102282, 389.0779284778315628 ) ) ;
#965 = ORIENTED_EDGE ( 'NONE', *, *, #2072, .T. ) ;
#966 = CYLINDRICAL_SURFACE ( 'NONE', #410, 1.600000000000001643 ) ;
#967 = AXIS2_PLACEMENT_3D ( 'NONE', #2411, #2162, #709 ) ;
#968 = CARTESIAN_POINT ( 'NONE',  ( 12.45104366824256026, 89.35717305967857271, 403.1654169327866839 ) ) ;
#969 = CARTESIAN_POINT ( 'NONE',  ( -11.08287634666997867, 101.1331288783644311, 403.1637872761789367 ) ) ;
#970 = CARTESIAN_POINT ( 'NONE',  ( 13.33213679334571289, 92.78550226753469587, 393.6515027873423946 ) ) ;
#971 = LINE ( 'NONE', #1728, #658 ) ;
#972 = VECTOR ( 'NONE', #1012, 1000.000000000000000 ) ;
#973 = DIRECTION ( 'NONE',  ( 0.7071067811865490160, 0.7071067811865460184, -0.000000000000000000 ) ) ;
#974 = DIRECTION ( 'NONE',  ( 0.000000000000000000, 0.000000000000000000, 1.000000000000000000 ) ) ;
#975 = CARTESIAN_POINT ( 'NONE',  ( -7.703719777548943412E-30, 98.97779990771961423, 405.0779284778315628 ) ) ;
#976 = ORIENTED_EDGE ( 'NONE', *, *, #169, .F. ) ;
#977 = DIRECTION ( 'NONE',  ( -0.000000000000000000, 0.000000000000000000, 1.000000000000000000 ) ) ;
#978 = CARTESIAN_POINT ( 'NONE',  ( -6.717514421272372083, 88.28248557872787217, 371.0779284778316196 ) ) ;
#979 = LINE ( 'NONE', #613, #871 ) ;
#980 = CARTESIAN_POINT ( 'NONE',  ( -3.217514421272192227, 101.7175144212722984, 389.0779284778315628 ) ) ;
#981 = VECTOR ( 'NONE', #381, 1000.000000000000000 ) ;
#982 = ADVANCED_FACE ( 'NONE', ( #388 ), #580, .F. ) ;
#983 = CARTESIAN_POINT ( 'NONE',  ( -3.999999999999995559, 94.97779990771961423, 402.0779284778315628 ) ) ;
#984 = AXIS2_PLACEMENT_3D ( 'NONE', #664, #2184, #1609 ) ;
#985 = FACE_OUTER_BOUND ( 'NONE', #135, .T. ) ;
#986 = DIRECTION ( 'NONE',  ( 0.000000000000000000, 0.000000000000000000, -1.000000000000000000 ) ) ;
#987 = ORIENTED_EDGE ( 'NONE', *, *, #1463, .F. ) ;
#988 = CARTESIAN_POINT ( 'NONE',  ( 11.41322434736866143, 88.53652312221825582, 393.7222154632511888 ) ) ;
#989 = FACE_OUTER_BOUND ( 'NONE', #1369, .T. ) ;
#990 = EDGE_CURVE ( 'NONE', #462, #1750, #133, .T. ) ;
#991 = DIRECTION ( 'NONE',  ( -0.000000000000000000, -0.000000000000000000, 1.000000000000000000 ) ) ;
#992 = ADVANCED_FACE ( 'NONE', ( #409 ), #966, .F. ) ;
#993 = SURFACE_STYLE_FILL_AREA ( #1352 ) ;
#994 = VECTOR ( 'NONE', #2092, 1000.000000000000000 ) ;
#995 = CARTESIAN_POINT ( 'NONE',  ( -11.27346600490664486, 88.67628146339950490, 388.9456735567052874 ) ) ;
#996 = PLANE ( 'NONE',  #1482 ) ;
#997 = ORIENTED_EDGE ( 'NONE', *, *, #428, .T. ) ;
#998 = ORIENTED_EDGE ( 'NONE', *, *, #97, .F. ) ;
#999 = VERTEX_POINT ( 'NONE', #1882 ) ;
#1000 = CARTESIAN_POINT ( 'NONE',  ( -5.306417150674644567E-15, 97.97779990771961423, 403.0779284778315628 ) ) ;
#1001 = CARTESIAN_POINT ( 'NONE',  ( -12.11529145409143027, 102.1655439860417687, 398.4036498853401440 ) ) ;
#1002 = CYLINDRICAL_SURFACE ( 'NONE', #1909, 1.599999999999990319 ) ;
#1003 = FILL_AREA_STYLE_COLOUR ( '', #1182 ) ;
#1004 = ADVANCED_FACE ( 'NONE', ( #1521 ), #1733, .T. ) ;
#1005 = ADVANCED_FACE ( 'NONE', ( #1317 ), #29, .F. ) ;
#1006 = CARTESIAN_POINT ( 'NONE',  ( -7.293252290646602932E-14, 99.17779990771960286, 396.0779284778315628 ) ) ;
#1007 = PLANE ( 'NONE',  #967 ) ;
#1008 = ORIENTED_EDGE ( 'NONE', *, *, #472, .F. ) ;
#1009 = ORIENTED_EDGE ( 'NONE', *, *, #824, .F. ) ;
#1010 = ADVANCED_FACE ( 'NONE', ( #1204 ), #2289, .T. ) ;
#1011 = EDGE_LOOP ( 'NONE', ( #1665, #2215 ) ) ;
#1012 = DIRECTION ( 'NONE',  ( 0.000000000000000000, -0.000000000000000000, -1.000000000000000000 ) ) ;
#1013 = CARTESIAN_POINT ( 'NONE',  ( -12.13206832850356065, 102.1823208601979616, 388.9946081928884496 ) ) ;
#1014 = CARTESIAN_POINT ( 'NONE',  ( 0.000000000000000000, 0.000000000000000000, 405.0779284778315628 ) ) ;
#1015 = CARTESIAN_POINT ( 'NONE',  ( -13.31968970495950977, 99.10347094439950411, 398.2134112381571072 ) ) ;
#1016 = CIRCLE ( 'NONE', #2408, 3.499999999999999556 ) ;
#1017 = ADVANCED_FACE ( 'NONE', ( #591 ), #1712, .T. ) ;
#1018 = CARTESIAN_POINT ( 'NONE',  ( 0.000000000000000000, 91.97779990771960001, 402.0779284778315628 ) ) ;
#1019 = CARTESIAN_POINT ( 'NONE',  ( -11.61383385978109217, 88.33591360995636421, 398.4935917068679601 ) ) ;
#1020 = CARTESIAN_POINT ( 'NONE',  ( 12.27137097579815794, 89.09538692313495289, 403.0779284778316196 ) ) ;
#1021 = ORIENTED_EDGE ( 'NONE', *, *, #495, .T. ) ;
#1022 = ORIENTED_EDGE ( 'NONE', *, *, #2322, .T. ) ;
#1023 = EDGE_LOOP ( 'NONE', ( #2122, #1604, #52, #307 ) ) ;
#1024 = PLANE ( 'NONE',  #1745 ) ;
#1025 = CARTESIAN_POINT ( 'NONE',  ( 6.717514421272372083, 88.28248557872787217, 389.0779284778315628 ) ) ;
#1026 = LINE ( 'NONE', #1014, #636 ) ;
#1027 = EDGE_CURVE ( 'NONE', #194, #139, #259, .T. ) ;
#1028 = ORIENTED_EDGE ( 'NONE', *, *, #1975, .T. ) ;
#1029 = CARTESIAN_POINT ( 'NONE',  ( 12.32477773657103626, 101.6397675694472014, 387.9844455634747078 ) ) ;
#1030 = CARTESIAN_POINT ( 'NONE',  ( -12.64390874230624462, 100.9594982100570917, 389.0779284778316196 ) ) ;
#1031 = CARTESIAN_POINT ( 'NONE',  ( 0.000000000000000000, 104.5777999077195943, 396.0779284778315628 ) ) ;
#1032 = CARTESIAN_POINT ( 'NONE',  ( -13.43571794519341900, 92.63721106621837009, 398.6111264264946499 ) ) ;
#1033 = CARTESIAN_POINT ( 'NONE',  ( -5.306417150674644567E-15, 94.97779990771961423, 426.0779284778316196 ) ) ;
#1034 = ORIENTED_EDGE ( 'NONE', *, *, #2075, .T. ) ;
#1035 = ORIENTED_EDGE ( 'NONE', *, *, #2089, .F. ) ;
#1036 = VERTEX_POINT ( 'NONE', #1018 ) ;
#1037 = LINE ( 'NONE', #1606, #1203 ) ;
#1038 = VECTOR ( 'NONE', #197, 1000.000000000000000 ) ;
#1039 = ORIENTED_EDGE ( 'NONE', *, *, #1866, .T. ) ;
#1040 = LINE ( 'NONE', #1795, #748 ) ;
#1041 = CARTESIAN_POINT ( 'NONE',  ( -6.717514421272372083, 88.28248557872787217, 405.0779284778315628 ) ) ;
#1042 = ADVANCED_FACE ( 'NONE', ( #1772 ), #741, .T. ) ;
#1043 = VERTEX_POINT ( 'NONE', #559 ) ;
#1044 = CARTESIAN_POINT ( 'NONE',  ( 12.24711089736617353, 89.52521752661333210, 398.4130671101978010 ) ) ;
#1045 = LINE ( 'NONE', #70, #564 ) ;
#1046 = PRESENTATION_LAYER_ASSIGNMENT (  '', '', ( #687 ) ) ;
#1047 = CARTESIAN_POINT ( 'NONE',  ( -13.75296575360446916, 94.71250363083410662, 398.4681655009667907 ) ) ;
#1048 = ORIENTED_EDGE ( 'NONE', *, *, #1469, .F. ) ;
#1049 = ORIENTED_EDGE ( 'NONE', *, *, #1955, .T. ) ;
#1050 = ORIENTED_EDGE ( 'NONE', *, *, #2303, .F. ) ;
#1051 = CARTESIAN_POINT ( 'NONE',  ( 3.999999999999995559, 94.97779990771961423, 403.0779284778315628 ) ) ;
#1052 = FACE_OUTER_BOUND ( 'NONE', #619, .T. ) ;
#1053 = ORIENTED_EDGE ( 'NONE', *, *, #2239, .F. ) ;
#1054 = LINE ( 'NONE', #2185, #1295 ) ;
#1055 = ORIENTED_EDGE ( 'NONE', *, *, #1781, .T. ) ;
#1056 = DIRECTION ( 'NONE',  ( 1.000000000000000000, -0.000000000000000000, -0.000000000000000000 ) ) ;
#1057 = ADVANCED_FACE ( 'NONE', ( #2068 ), #1298, .F. ) ;
#1058 = CARTESIAN_POINT ( 'NONE',  ( -12.97228998830531665, 100.1762899549381274, 398.1595110803335160 ) ) ;
#1059 = LINE ( 'NONE', #876, #310 ) ;
#1060 = CARTESIAN_POINT ( 'NONE',  ( -13.59550223219592091, 92.51739232156374726, 403.5243070352223640 ) ) ;
#1061 = AXIS2_PLACEMENT_3D ( 'NONE', #344, #1276, #516 ) ;
#1062 = ORIENTED_EDGE ( 'NONE', *, *, #220, .F. ) ;
#1063 = ORIENTED_EDGE ( 'NONE', *, *, #1286, .T. ) ;
#1064 = CARTESIAN_POINT ( 'NONE',  ( 0.000000000000000000, -27.31785047043236503, 403.0779284778315628 ) ) ;
#1065 = DIRECTION ( 'NONE',  ( 0.000000000000000000, -0.000000000000000000, -1.000000000000000000 ) ) ;
#1066 = ORIENTED_EDGE ( 'NONE', *, *, #461, .F. ) ;
#1067 = AXIS2_PLACEMENT_3D ( 'NONE', #2172, #1642, #694 ) ;
#1068 = CARTESIAN_POINT ( 'NONE',  ( -10.36315581294681998, 89.58659165535925695, 389.0779284778315628 ) ) ;
#1069 = CARTESIAN_POINT ( 'NONE',  ( 10.65762913099288056, 89.29211833731319814, 398.4132064782860994 ) ) ;
#1070 = CARTESIAN_POINT ( 'NONE',  ( 13.67490599571482335, 95.01554191313672959, 393.4695070608535730 ) ) ;
#1071 = AXIS2_PLACEMENT_3D ( 'NONE', #137, #973, #246 ) ;
#1072 = LINE ( 'NONE', #1246, #1700 ) ;
#1073 = CARTESIAN_POINT ( 'NONE',  ( -13.30092912140100303, 92.06284733514843310, 398.6545172269580917 ) ) ;
#1074 = ORIENTED_EDGE ( 'NONE', *, *, #824, .T. ) ;
#1075 = ORIENTED_EDGE ( 'NONE', *, *, #1898, .F. ) ;
#1076 = LINE ( 'NONE', #106, #2132 ) ;
#1077 = FACE_OUTER_BOUND ( 'NONE', #945, .T. ) ;
#1078 = CIRCLE ( 'NONE', #883, 1.000000000000000888 ) ;
#1079 = ORIENTED_EDGE ( 'NONE', *, *, #2144, .T. ) ;
#1080 = DIRECTION ( 'NONE',  ( -0.7071067811865457964, -0.7071067811865492381, 0.000000000000000000 ) ) ;
#1081 = CARTESIAN_POINT ( 'NONE',  ( 13.62769082395723075, 97.11375621982539030, 389.0779284778315628 ) ) ;
#1082 = CARTESIAN_POINT ( 'NONE',  ( 12.11033627567433335, 102.1605888073687822, 403.1611054129361946 ) ) ;
#1083 = CARTESIAN_POINT ( 'NONE',  ( 13.75296575360446916, 94.71250363083410662, 398.4681655009667907 ) ) ;
#1084 = CARTESIAN_POINT ( 'NONE',  ( 10.90208450861172196, 89.04766295969434964, 403.0779284778316196 ) ) ;
#1085 = EDGE_CURVE ( 'NONE', #162, #1278, #1045, .T. ) ;
#1086 = AXIS2_PLACEMENT_3D ( 'NONE', #1575, #1944, #144 ) ;
#1087 = CARTESIAN_POINT ( 'NONE',  ( -13.64705522676241500, 96.64714829376761429, 388.3336448084772883 ) ) ;
#1088 = APPLICATION_CONTEXT ( 'automotive_design' ) ;
#1089 = EDGE_CURVE ( 'NONE', #1605, #1809, #364, .T. ) ;
#1090 = VERTEX_POINT ( 'NONE', #1597 ) ;
#1091 = EDGE_LOOP ( 'NONE', ( #80, #1262, #2441, #1410, #2347, #1250, #2318, #2361, #1830, #161, #1393, #699, #724, #1578, #2099, #1254 ) ) ;
#1092 = DIRECTION ( 'NONE',  ( 0.000000000000000000, 0.000000000000000000, 1.000000000000000000 ) ) ;
#1093 = CYLINDRICAL_SURFACE ( 'NONE', #1524, 1.600000000000002531 ) ;
#1094 = ORIENTED_EDGE ( 'NONE', *, *, #1371, .T. ) ;
#1095 = CARTESIAN_POINT ( 'NONE',  ( -13.62769082395723075, 97.11375621982539030, 389.0779284778315628 ) ) ;
#1096 = DIRECTION ( 'NONE',  ( 1.000000000000000000, 0.000000000000000000, -0.000000000000000000 ) ) ;
#1097 = DIRECTION ( 'NONE',  ( -1.000000000000000000, 0.000000000000000000, 0.000000000000000000 ) ) ;
#1098 = CARTESIAN_POINT ( 'NONE',  ( 13.86386056707213399, 94.72889575827962005, 403.4121463874441247 ) ) ;
#1099 = CARTESIAN_POINT ( 'NONE',  ( 12.70756373037149700, 100.8074980234656834, 389.0779284778315628 ) ) ;
#1100 = EDGE_CURVE ( 'NONE', #1688, #2376, #684, .T. ) ;
#1101 = ORIENTED_EDGE ( 'NONE', *, *, #1371, .F. ) ;
#1102 = VERTEX_POINT ( 'NONE', #454 ) ;
#1103 = DIRECTION ( 'NONE',  ( 0.000000000000000000, 1.000000000000000000, 0.000000000000000000 ) ) ;
#1104 = AXIS2_PLACEMENT_3D ( 'NONE', #806, #2134, #430 ) ;
#1105 = CARTESIAN_POINT ( 'NONE',  ( 0.000000000000000000, 0.000000000000000000, 402.0779284778315628 ) ) ;
#1106 = EDGE_CURVE ( 'NONE', #2277, #1090, #2381, .T. ) ;
#1107 = EDGE_LOOP ( 'NONE', ( #1941, #997, #2319, #2275, #418 ) ) ;
#1108 = CARTESIAN_POINT ( 'NONE',  ( 12.70297871801911604, 100.8336333199378316, 403.0779284778316196 ) ) ;
#1109 = CARTESIAN_POINT ( 'NONE',  ( -6.717514421272372083, 88.28248557872787217, 403.0779284778315628 ) ) ;
#1110 = CLOSED_SHELL ( 'NONE', ( #992, #1538, #734, #925, #1305, #1133, #252, #1450, #1874, #914, #1483, #1447, #513, #576, #1185, #2240, #22, #1522, #2113, #183, #1888, #1010, #982, #1268, #1792, #1042, #1429, #649, #1682, #1017, #596 ) ) ;
#1111 = CARTESIAN_POINT ( 'NONE',  ( -13.23447669762637524, 91.16506963409787545, 403.0779284778317333 ) ) ;
#1112 = CARTESIAN_POINT ( 'NONE',  ( 13.56690822571281352, 97.97410298821756669, 398.2741546406001021 ) ) ;
#1113 = CARTESIAN_POINT ( 'NONE',  ( 0.000000000000000000, -27.31785047043236503, 403.0779284778315628 ) ) ;
#1114 = ORIENTED_EDGE ( 'NONE', *, *, #51, .T. ) ;
#1115 = DIRECTION ( 'NONE',  ( -0.000000000000000000, 1.000000000000000000, -0.000000000000000000 ) ) ;
#1116 = CARTESIAN_POINT ( 'NONE',  ( 3.217514421272373415, 88.28248557872787217, 403.0779284778315628 ) ) ;
#1117 = ORIENTED_EDGE ( 'NONE', *, *, #1469, .T. ) ;
#1118 = CARTESIAN_POINT ( 'NONE',  ( 2.999999999999995559, 94.97779990771961423, 402.0779284778315628 ) ) ;
#1119 = AXIS2_PLACEMENT_3D ( 'NONE', #1237, #91, #449 ) ;
#1120 = CARTESIAN_POINT ( 'NONE',  ( 4.242640687119450860, 85.80761184457497848, 389.0779284778315628 ) ) ;
#1121 = EDGE_CURVE ( 'NONE', #459, #4, #1572, .T. ) ;
#1122 = CARTESIAN_POINT ( 'NONE',  ( 13.78497435299166973, 95.61019405859893538, 398.4105865512544256 ) ) ;
#1123 = DIRECTION ( 'NONE',  ( 0.000000000000000000, 0.000000000000000000, 1.000000000000000000 ) ) ;
#1124 = CARTESIAN_POINT ( 'NONE',  ( -6.717514421272189118, 101.7175144212722984, 428.2556655029699186 ) ) ;
#1125 = DIRECTION ( 'NONE',  ( -0.000000000000000000, -0.000000000000000000, 1.000000000000000000 ) ) ;
#1126 = AXIS2_PLACEMENT_3D ( 'NONE', #1284, #630, #1206 ) ;
#1127 = ORIENTED_EDGE ( 'NONE', *, *, #2317, .T. ) ;
#1128 = CARTESIAN_POINT ( 'NONE',  ( -11.90350898197238116, 89.74276714982505609, 388.9951200481691558 ) ) ;
#1129 = PLANE ( 'NONE',  #155 ) ;
#1130 = CARTESIAN_POINT ( 'NONE',  ( -13.85728566308078591, 94.57350215801685067, 403.0779284778315059 ) ) ;
#1131 = LINE ( 'NONE', #223, #314 ) ;
#1132 = DIRECTION ( 'NONE',  ( 0.000000000000000000, 0.000000000000000000, -1.000000000000000000 ) ) ;
#1133 = ADVANCED_FACE ( 'NONE', ( #286 ), #2327, .F. ) ;
#1134 = CYLINDRICAL_SURFACE ( 'NONE', #911, 3.499999999999998668 ) ;
#1135 = DIRECTION ( 'NONE',  ( 1.000000000000000000, 0.000000000000000000, 0.000000000000000000 ) ) ;
#1136 = ADVANCED_FACE ( 'NONE', ( #206 ), #612, .F. ) ;
#1137 = EDGE_LOOP ( 'NONE', ( #343, #2183, #1127, #1009 ) ) ;
#1138 = AXIS2_PLACEMENT_3D ( 'NONE', #1694, #2236, #199 ) ;
#1139 = CARTESIAN_POINT ( 'NONE',  ( 11.41610972333972995, 101.3541645960089284, 389.0779284778316196 ) ) ;
#1140 = CARTESIAN_POINT ( 'NONE',  ( -4.672452623974808539, 85.37779990771960570, 428.2556655029699186 ) ) ;
#1141 = CARTESIAN_POINT ( 'NONE',  ( -13.77385426129222878, 97.04140725301293458, 403.0779284778317901 ) ) ;
#1142 = CARTESIAN_POINT ( 'NONE',  ( 12.76888468417396894, 91.47843789205839471, 388.7995662338484522 ) ) ;
#1143 = DIRECTION ( 'NONE',  ( 1.000000000000000000, -0.000000000000000000, -0.000000000000000000 ) ) ;
#1144 = DIRECTION ( 'NONE',  ( -1.000000000000000000, 0.000000000000000000, 0.000000000000000000 ) ) ;
#1145 = CARTESIAN_POINT ( 'NONE',  ( 5.306417150674644567E-15, 94.97779990771961423, 403.0779284778315628 ) ) ;
#1146 = ORIENTED_EDGE ( 'NONE', *, *, #2124, .T. ) ;
#1147 = CARTESIAN_POINT ( 'NONE',  ( 12.13858644964016165, 101.3709503431959575, 389.0779284778316196 ) ) ;
#1148 = CARTESIAN_POINT ( 'NONE',  ( 13.40765553790799736, 98.98929135042141070, 403.0779284778312785 ) ) ;
#1149 = DIRECTION ( 'NONE',  ( 0.7071067811865469066, 0.7071067811865481278, -0.000000000000000000 ) ) ;
#1150 = CARTESIAN_POINT ( 'NONE',  ( -4.619851441237167400, 104.5192656632976593, 403.0779284778315628 ) ) ;
#1151 = CARTESIAN_POINT ( 'NONE',  ( 5.117514421272369773, 88.28248557872787217, 403.0779284778315628 ) ) ;
#1152 = TOROIDAL_SURFACE ( 'NONE', #930, 3.000000000000000888, 1.000000000000000000 ) ;
#1153 = DIRECTION ( 'NONE',  ( 0.000000000000000000, 0.000000000000000000, -1.000000000000000000 ) ) ;
#1154 = VECTOR ( 'NONE', #614, 1000.000000000000000 ) ;
#1155 = CARTESIAN_POINT ( 'NONE',  ( 9.192388155425103236, 90.75735931288097902, 403.0779284778315628 ) ) ;
#1156 = DIRECTION ( 'NONE',  ( -0.000000000000000000, -0.000000000000000000, 1.000000000000000000 ) ) ;
#1157 = ORIENTED_EDGE ( 'NONE', *, *, #783, .F. ) ;
#1158 = CARTESIAN_POINT ( 'NONE',  ( 11.34015033935039263, 101.3204325878784289, 389.0779284778315628 ) ) ;
#1159 = COLOUR_RGB ( '',0.7921568627450980005, 0.8196078431372548767, 0.9333333333333333481 ) ;
#1160 = CARTESIAN_POINT ( 'NONE',  ( 10.65993164160680529, 89.28981582669921124, 398.4796575275950659 ) ) ;
#1161 = EDGE_CURVE ( 'NONE', #1571, #2167, #1078, .T. ) ;
#1162 = CARTESIAN_POINT ( 'NONE',  ( -6.717514421272372083, 88.28248557872787217, 403.0779284778315628 ) ) ;
#1163 = B_SPLINE_CURVE_WITH_KNOTS ( 'NONE', 3,
 ( #2279, #30, #196, #421, #779, #1171, #1183, #232, #1724, #592, #1347, #1535 ),
 .UNSPECIFIED., .F., .F.,
 ( 4, 2, 2, 2, 2, 4 ),
 ( 1.734723475976807094E-18, 0.0002351195744884914155, 0.0004702391489769810963, 0.0009404782979539782388, 0.001410717446930975436, 0.001880956595907972741 ),
 .UNSPECIFIED. ) ;
#1164 = DIRECTION ( 'NONE',  ( -0.000000000000000000, 1.000000000000000000, -0.000000000000000000 ) ) ;
#1165 = LINE ( 'NONE', #1932, #1381 ) ;
#1166 = AXIS2_PLACEMENT_3D ( 'NONE', #1893, #1534, #1545 ) ;
#1167 = DIRECTION ( 'NONE',  ( 0.000000000000000000, 0.000000000000000000, -1.000000000000000000 ) ) ;
#1168 = CARTESIAN_POINT ( 'NONE',  ( -4.619851441237167400, 104.5192656632976593, 428.2556655029699186 ) ) ;
#1169 = ORIENTED_EDGE ( 'NONE', *, *, #498, .T. ) ;
#1170 = EDGE_CURVE ( 'NONE', #952, #1711, #1163, .T. ) ;
#1171 = CARTESIAN_POINT ( 'NONE',  ( -11.39429225961199776, 88.81073314268746799, 403.0779284778316764 ) ) ;
#1172 = CARTESIAN_POINT ( 'NONE',  ( 12.70197693606310807, 100.8260683634248664, 400.7439955884028109 ) ) ;
#1173 = CARTESIAN_POINT ( 'NONE',  ( 11.90064666801314353, 89.34276855388391425, 393.9907835002529737 ) ) ;
#1174 = VECTOR ( 'NONE', #2282, 1000.000000000000000 ) ;
#1175 = CIRCLE ( 'NONE', #119, 2.500000000000000888 ) ;
#1176 = VECTOR ( 'NONE', #1227, 1000.000000000000000 ) ;
#1177 = PLANE ( 'NONE',  #159 ) ;
#1178 =( BOUNDED_SURFACE ( )  B_SPLINE_SURFACE ( 3, 2, ( 
 ( #1938, #2290, #968 ),
 ( #1160, #1337, #1523 ),
 ( #221, #988, #1361 ),
 ( #2321, #1734, #790 ) ),
 .UNSPECIFIED., .F., .F., .T. ) 
 B_SPLINE_SURFACE_WITH_KNOTS ( ( 4, 4 ),
 ( 3, 3 ),
 ( 0.01567318618506959374, 0.02991697605317253372 ),
 ( 0.000000000000000000, 1.000000000000000000 ),
 .UNSPECIFIED. ) 
 GEOMETRIC_REPRESENTATION_ITEM ( )  RATIONAL_B_SPLINE_SURFACE ( (
 ( 1.000000000000000000, 0.5856038694797922606, 1.000000000000000000),
 ( 1.000000000000000000, 0.5963648808078606534, 1.000000000000000000),
 ( 1.000000000000000000, 0.6062053162086531444, 1.000000000000000000),
 ( 1.000000000000000000, 0.6122524127259980631, 1.000000000000000000) ) ) 
 REPRESENTATION_ITEM ( '' )  SURFACE ( )  );
#1179 = DIRECTION ( 'NONE',  ( 0.7071067811865481278, 0.7071067811865469066, 0.000000000000000000 ) ) ;
#1180 = ORIENTED_EDGE ( 'NONE', *, *, #1930, .T. ) ;
#1181 = VERTEX_POINT ( 'NONE', #1916 ) ;
#1182 = COLOUR_RGB ( '',0.7921568627450980005, 0.8196078431372548767, 0.9333333333333333481 ) ;
#1183 = CARTESIAN_POINT ( 'NONE',  ( -11.55576459736997919, 88.79784649416916409, 403.0779284778316196 ) ) ;
#1184 = CARTESIAN_POINT ( 'NONE',  ( 12.70334553182878778, 100.8104439959360263, 393.3646869456026138 ) ) ;
#1185 = ADVANCED_FACE ( 'NONE', ( #18 ), #1178, .T. ) ;
#1186 = DIRECTION ( 'NONE',  ( 0.000000000000000000, 0.000000000000000000, 1.000000000000000000 ) ) ;
#1187 = VERTEX_POINT ( 'NONE', #581 ) ;
#1188 = EDGE_CURVE ( 'NONE', #2231, #2008, #1546, .T. ) ;
#1189 = LINE ( 'NONE', #1739, #2127 ) ;
#1190 = VECTOR ( 'NONE', #1894, 1000.000000000000000 ) ;
#1191 = EDGE_CURVE ( 'NONE', #203, #880, #485, .T. ) ;
#1192 = FACE_OUTER_BOUND ( 'NONE', #1731, .T. ) ;
#1193 = CARTESIAN_POINT ( 'NONE',  ( 11.55576459736997919, 88.79784649416916409, 403.0779284778316196 ) ) ;
#1194 = ORIENTED_EDGE ( 'NONE', *, *, #1210, .T. ) ;
#1195 = ORIENTED_EDGE ( 'NONE', *, *, #295, .T. ) ;
#1196 = ORIENTED_EDGE ( 'NONE', *, *, #1191, .F. ) ;
#1197 = DIRECTION ( 'NONE',  ( -1.000000000000000000, 6.973996677193663548E-16, 0.000000000000000000 ) ) ;
#1198 = CARTESIAN_POINT ( 'NONE',  ( 4.242640687119450860, 85.80761184457497848, 389.0779284778315628 ) ) ;
#1199 = CARTESIAN_POINT ( 'NONE',  ( -6.717514421272189118, 101.7175144212722984, 371.0779284778316196 ) ) ;
#1200 = ORIENTED_EDGE ( 'NONE', *, *, #1615, .F. ) ;
#1201 = CARTESIAN_POINT ( 'NONE',  ( 6.717514421272189118, 101.7175144212722984, 428.2556655029699186 ) ) ;
#1202 = CARTESIAN_POINT ( 'NONE',  ( 0.000000000000000000, 0.000000000000000000, 0.000000000000000000 ) ) ;
#1203 = VECTOR ( 'NONE', #2380, 1000.000000000000000 ) ;
#1204 = FACE_OUTER_BOUND ( 'NONE', #2346, .T. ) ;
#1205 = CARTESIAN_POINT ( 'NONE',  ( -12.24754102992560689, 89.52486903752554781, 398.4286172157281953 ) ) ;
#1206 = DIRECTION ( 'NONE',  ( 1.000000000000000000, 0.000000000000000000, 0.000000000000000000 ) ) ;
#1207 = ORIENTED_EDGE ( 'NONE', *, *, #958, .F. ) ;
#1208 = VERTEX_POINT ( 'NONE', #799 ) ;
#1209 = ORIENTED_EDGE ( 'NONE', *, *, #1253, .F. ) ;
#1210 = EDGE_CURVE ( 'NONE', #2090, #1417, #378, .T. ) ;
#1211 = DIRECTION ( 'NONE',  ( -0.000000000000000000, -0.000000000000000000, -1.000000000000000000 ) ) ;
#1212 = DIRECTION ( 'NONE',  ( -0.000000000000000000, -0.000000000000000000, -1.000000000000000000 ) ) ;
#1213 = CARTESIAN_POINT ( 'NONE',  ( 6.717514421272372083, 88.28248557872787217, 403.0779284778315628 ) ) ;
#1214 = PRODUCT_DEFINITION_CONTEXT ( 'detailed design', #1088, 'design' ) ;
#1215 = EDGE_LOOP ( 'NONE', ( #1742, #1819, #1224, #357 ) ) ;
#1216 = FACE_OUTER_BOUND ( 'NONE', #857, .T. ) ;
#1217 = CARTESIAN_POINT ( 'NONE',  ( -12.32477773657103626, 101.6397675694472014, 387.9844455634747078 ) ) ;
#1218 = VECTOR ( 'NONE', #2272, 1000.000000000000000 ) ;
#1219 = CARTESIAN_POINT ( 'NONE',  ( -11.95359504409983487, 88.92882165893554713, 398.9224706709848647 ) ) ;
#1220 = CIRCLE ( 'NONE', #2225, 1.599999999999990319 ) ;
#1221 = EDGE_CURVE ( 'NONE', #1622, #408, #957, .T. ) ;
#1222 = ORIENTED_EDGE ( 'NONE', *, *, #2055, .F. ) ;
#1223 = ORIENTED_EDGE ( 'NONE', *, *, #219, .T. ) ;
#1224 = ORIENTED_EDGE ( 'NONE', *, *, #1170, .T. ) ;
#1225 = DIRECTION ( 'NONE',  ( 0.000000000000000000, 0.000000000000000000, 1.000000000000000000 ) ) ;
#1226 = ORIENTED_EDGE ( 'NONE', *, *, #1388, .T. ) ;
#1227 = DIRECTION ( 'NONE',  ( -0.000000000000000000, -0.000000000000000000, 1.000000000000000000 ) ) ;
#1228 = LINE ( 'NONE', #812, #962 ) ;
#1229 = ORIENTED_EDGE ( 'NONE', *, *, #1615, .T. ) ;
#1230 = CARTESIAN_POINT ( 'NONE',  ( -12.13139818563702654, 101.3795988791726472, 403.0779284778316196 ) ) ;
#1231 = CARTESIAN_POINT ( 'NONE',  ( -11.20048322657334516, 101.2365506724698037, 389.0779284778315628 ) ) ;
#1232 = CARTESIAN_POINT ( 'NONE',  ( -12.84362062978368613, 90.14996166564640134, 403.6679504504609781 ) ) ;
#1233 = VERTEX_POINT ( 'NONE', #768 ) ;
#1234 = ORIENTED_EDGE ( 'NONE', *, *, #958, .T. ) ;
#1235 = ORIENTED_EDGE ( 'NONE', *, *, #1121, .T. ) ;
#1236 = CARTESIAN_POINT ( 'NONE',  ( 11.49452504608272108, 89.37490152928585019, 389.0779284778316196 ) ) ;
#1237 = CARTESIAN_POINT ( 'NONE',  ( 5.306417150674644567E-15, 94.97779990771961423, 403.0779284778315628 ) ) ;
#1238 = AXIS2_PLACEMENT_3D ( 'NONE', #2035, #338, #1097 ) ;
#1239 = EDGE_CURVE ( 'NONE', #1043, #2376, #127, .T. ) ;
#1240 = ORIENTED_EDGE ( 'NONE', *, *, #34, .T. ) ;
#1241 = LINE ( 'NONE', #110, #736 ) ;
#1242 = EDGE_CURVE ( 'NONE', #2296, #515, #2385, .T. ) ;
#1243 = VERTEX_POINT ( 'NONE', #1791 ) ;
#1244 = LINE ( 'NONE', #842, #1931 ) ;
#1245 = CARTESIAN_POINT ( 'NONE',  ( -13.45260811089585218, 98.38874687856727519, 393.2330034912330916 ) ) ;
#1246 = CARTESIAN_POINT ( 'NONE',  ( -4.932702858951323321, 104.5777999077195943, 389.0779284778315628 ) ) ;
#1247 = VECTOR ( 'NONE', #59, 1000.000000000000000 ) ;
#1248 = CARTESIAN_POINT ( 'NONE',  ( -13.78744007978257358, 93.78056022502202893, 403.4592233227093629 ) ) ;
#1249 = EDGE_LOOP ( 'NONE', ( #284, #2057, #2227, #1274 ) ) ;
#1250 = ORIENTED_EDGE ( 'NONE', *, *, #412, .F. ) ;
#1251 = DIRECTION ( 'NONE',  ( 0.000000000000000000, 1.000000000000000000, 0.000000000000000000 ) ) ;
#1252 = DIRECTION ( 'NONE',  ( 0.000000000000000000, 0.000000000000000000, 1.000000000000000000 ) ) ;
#1253 = EDGE_CURVE ( 'NONE', #173, #2296, #1962, .T. ) ;
#1254 = ORIENTED_EDGE ( 'NONE', *, *, #1272, .F. ) ;
#1255 = ADVANCED_FACE ( 'NONE', ( #1052 ), #431, .F. ) ;
#1256 = VECTOR ( 'NONE', #1438, 1000.000000000000000 ) ;
#1257 = DIRECTION ( 'NONE',  ( -0.000000000000000000, -0.000000000000000000, -1.000000000000000000 ) ) ;
#1258 = LINE ( 'NONE', #114, #1311 ) ;
#1259 = CARTESIAN_POINT ( 'NONE',  ( -11.07807386073838352, 101.1283263924326690, 389.0779284778315628 ) ) ;
#1260 = DIRECTION ( 'NONE',  ( 1.000000000000000000, 0.000000000000000000, 0.000000000000000000 ) ) ;
#1261 = CARTESIAN_POINT ( 'NONE',  ( -12.82361218821149329, 91.21230096357770378, 393.7946259556608766 ) ) ;
#1262 = ORIENTED_EDGE ( 'NONE', *, *, #1930, .F. ) ;
#1263 = ORIENTED_EDGE ( 'NONE', *, *, #1541, .T. ) ;
#1264 = DIRECTION ( 'NONE',  ( 0.000000000000000000, 1.000000000000000000, -0.000000000000000000 ) ) ;
#1265 = AXIS2_PLACEMENT_3D ( 'NONE', #888, #2340, #1784 ) ;
#1266 = VERTEX_POINT ( 'NONE', #852 ) ;
#1267 = CARTESIAN_POINT ( 'NONE',  ( -13.57631004294877997, 97.59563005965121363, 389.0779284778315628 ) ) ;
#1268 = ADVANCED_FACE ( 'NONE', ( #64 ), #1024, .T. ) ;
#1269 = CARTESIAN_POINT ( 'NONE',  ( 12.54086192055934035, 101.1727083676304630, 398.1112284983442464 ) ) ;
#1270 = CARTESIAN_POINT ( 'NONE',  ( 13.45260811089585218, 98.38874687856727519, 393.2330034912330916 ) ) ;
#1271 = LINE ( 'NONE', #1787, #2433 ) ;
#1272 = EDGE_CURVE ( 'NONE', #1621, #1804, #1579, .T. ) ;
#1273 = CARTESIAN_POINT ( 'NONE',  ( -12.47661281687907220, 89.90178003726433076, 398.8320682823996890 ) ) ;
#1274 = ORIENTED_EDGE ( 'NONE', *, *, #369, .F. ) ;
#1275 = ORIENTED_EDGE ( 'NONE', *, *, #1100, .F. ) ;
#1276 = DIRECTION ( 'NONE',  ( -0.000000000000000000, -1.000000000000000000, -0.000000000000000000 ) ) ;
#1277 = DIRECTION ( 'NONE',  ( -0.000000000000000000, -0.000000000000000000, -1.000000000000000000 ) ) ;
#1278 = VERTEX_POINT ( 'NONE', #1592 ) ;
#1279 = CARTESIAN_POINT ( 'NONE',  ( -11.07611679407502336, 101.1263693257693035, 395.1726497365530690 ) ) ;
#1280 = CARTESIAN_POINT ( 'NONE',  ( 13.34139307510278449, 99.01320174967197829, 389.0779284778315628 ) ) ;
#1281 = AXIS2_PLACEMENT_3D ( 'NONE', #2367, #296, #451 ) ;
#1282 = CARTESIAN_POINT ( 'NONE',  ( 9.192388155425103236, 90.75735931288097902, 389.0779284778315628 ) ) ;
#1283 = CARTESIAN_POINT ( 'NONE',  ( 13.70513731134047042, 95.86832470560686659, 393.4057218152562427 ) ) ;
#1284 = CARTESIAN_POINT ( 'NONE',  ( -6.717514421272189118, 101.7175144212722984, 428.2556655029699186 ) ) ;
#1285 = EDGE_CURVE ( 'NONE', #2218, #277, #2038, .T. ) ;
#1286 = EDGE_CURVE ( 'NONE', #1518, #1794, #2195, .T. ) ;
#1287 = AXIS2_PLACEMENT_3D ( 'NONE', #523, #831, #1403 ) ;
#1288 = EDGE_LOOP ( 'NONE', ( #2191, #2165, #1961, #1831 ) ) ;
#1289 = EDGE_LOOP ( 'NONE', ( #1994, #712 ) ) ;
#1290 = LINE ( 'NONE', #2029, #1767 ) ;
#1291 = DIRECTION ( 'NONE',  ( 1.000000000000000000, 0.000000000000000000, 0.000000000000000000 ) ) ;
#1292 = ORIENTED_EDGE ( 'NONE', *, *, #1419, .F. ) ;
#1293 = DIRECTION ( 'NONE',  ( 0.000000000000000000, 0.000000000000000000, 1.000000000000000000 ) ) ;
#1294 = DIRECTION ( 'NONE',  ( 0.7071067811865460184, -0.7071067811865490160, 0.000000000000000000 ) ) ;
#1295 = VECTOR ( 'NONE', #1810, 1000.000000000000000 ) ;
#1296 = DIRECTION ( 'NONE',  ( 0.000000000000000000, 0.000000000000000000, -1.000000000000000000 ) ) ;
#1297 = CARTESIAN_POINT ( 'NONE',  ( 13.67708258466065985, 96.71613977830151043, 393.3444698184608797 ) ) ;
#1298 = B_SPLINE_SURFACE_WITH_KNOTS ( 'NONE', 3, 3, ( 
 ( #368, #1699, #2080, #1128 ),
 ( #2452, #755, #2268, #2177 ),
 ( #1415, #1219, #1617, #474 ),
 ( #316, #2014, #672, #1802 ),
 ( #512, #1273, #273, #1988 ),
 ( #1786, #686, #1261, #1442 ),
 ( #1232, #2214, #85, #102 ),
 ( #1828, #862, #2398, #2373 ),
 ( #2358, #1073, #2343, #2201 ),
 ( #656, #1032, #1586, #640 ),
 ( #1060, #1430, #2190, #132 ),
 ( #502, #488, #1973, #118 ),
 ( #1248, #1402, #890, #287 ),
 ( #1644, #1047, #697, #2026 ),
 ( #2002, #302, #877, #2161 ),
 ( #1817, #846, #1632, #456 ),
 ( #2389, #1456, #328, #1087 ),
 ( #71, #830, #1600, #1660 ),
 ( #145, #902, #710, #1842 ),
 ( #2412, #2354, #670, #98 ),
 ( #1584, #470, #486, #1612 ),
 ( #859, #2000, #1245, #653 ),
 ( #1629, #2200, #500, #1953 ),
 ( #1400, #1015, #2371, #299 ),
 ( #639, #2159, #1440, #1770 ),
 ( #628, #1058, #1427, #1412 ),
 ( #1813, #257, #2189, #1758 ),
 ( #441, #874, #115, #1217 ) ),
 .UNSPECIFIED., .F., .F., .F.,
 ( 4, 3, 3, 3, 3, 3, 3, 3, 3, 4 ),
 ( 4, 4 ),
 ( 0.000000000000000000, 0.008323257730004557375, 0.01664651546000914251, 0.02496977319001372764, 0.03329303092001831277, 0.03745465978502060533, 0.04161628865002289790, 0.04993954638002748303, 0.05826280411003205428, 0.06658606184003662554 ),
 ( 0.009959800045326126089, 0.03540441943438901728 ),
 .UNSPECIFIED. ) ;
#1299 = DIRECTION ( 'NONE',  ( -0.000000000000000000, 1.000000000000000000, -0.000000000000000000 ) ) ;
#1300 = PRODUCT_DEFINITION_FORMATION_WITH_SPECIFIED_SOURCE ( 'ANY', '', #920, .NOT_KNOWN. ) ;
#1301 = ORIENTED_EDGE ( 'NONE', *, *, #2406, .T. ) ;
#1302 = CARTESIAN_POINT ( 'NONE',  ( -12.70214198599269473, 100.8149642329898512, 396.0761173231740031 ) ) ;
#1303 = VECTOR ( 'NONE', #915, 1000.000000000000000 ) ;
#1304 = CARTESIAN_POINT ( 'NONE',  ( -5.117514421272369773, 88.28248557872787217, 371.0779284778316196 ) ) ;
#1305 = ADVANCED_FACE ( 'NONE', ( #1808 ), #463, .F. ) ;
#1306 = ORIENTED_EDGE ( 'NONE', *, *, #1191, .T. ) ;
#1307 = CARTESIAN_POINT ( 'NONE',  ( -11.74360227489081687, 89.54955409843546477, 389.0779284778315628 ) ) ;
#1308 = CIRCLE ( 'NONE', #425, 4.000000000000000888 ) ;
#1309 = CARTESIAN_POINT ( 'NONE',  ( -6.717514421272372083, 88.28248557872787217, 403.0779284778315628 ) ) ;
#1310 = VECTOR ( 'NONE', #2107, 1000.000000000000000 ) ;
#1311 = VECTOR ( 'NONE', #683, 1000.000000000000000 ) ;
#1312 = CARTESIAN_POINT ( 'NONE',  ( 0.000000000000000000, 85.37779990771960570, 0.000000000000000000 ) ) ;
#1313 = CARTESIAN_POINT ( 'NONE',  ( 13.55718171022424556, 93.87719094261299801, 393.5571502291047636 ) ) ;
#1314 = DIRECTION ( 'NONE',  ( 0.000000000000000000, 0.000000000000000000, -1.000000000000000000 ) ) ;
#1315 = ORIENTED_EDGE ( 'NONE', *, *, #1997, .F. ) ;
#1316 = ORIENTED_EDGE ( 'NONE', *, *, #2342, .F. ) ;
#1317 = FACE_OUTER_BOUND ( 'NONE', #1925, .T. ) ;
#1318 = CARTESIAN_POINT ( 'NONE',  ( 0.000000000000000000, 104.5777999077195943, 389.0779284778315628 ) ) ;
#1319 = AXIS2_PLACEMENT_3D ( 'NONE', #2386, #57, #843 ) ;
#1320 = ADVANCED_FACE ( 'NONE', ( #1624 ), #278, .F. ) ;
#1321 = LINE ( 'NONE', #379, #2300 ) ;
#1322 = CARTESIAN_POINT ( 'NONE',  ( 13.10902089705484208, 99.85420243501319248, 403.2008031844310381 ) ) ;
#1323 = DIRECTION ( 'NONE',  ( 0.000000000000000000, 0.000000000000000000, 1.000000000000000000 ) ) ;
#1324 = CARTESIAN_POINT ( 'NONE',  ( 4.672452623974808539, 85.37779990771960570, 389.0779284778315628 ) ) ;
#1325 = CARTESIAN_POINT ( 'NONE',  ( 0.000000000000000000, 99.17779990771960286, 396.0779284778315628 ) ) ;
#1326 = ORIENTED_EDGE ( 'NONE', *, *, #1286, .F. ) ;
#1327 = DIRECTION ( 'NONE',  ( 0.000000000000000000, 0.000000000000000000, 1.000000000000000000 ) ) ;
#1328 = EDGE_CURVE ( 'NONE', #1509, #1187, #1037, .T. ) ;
#1329 = FACE_OUTER_BOUND ( 'NONE', #1406, .T. ) ;
#1330 = DIRECTION ( 'NONE',  ( 0.000000000000000000, -0.000000000000000000, -1.000000000000000000 ) ) ;
#1331 = CARTESIAN_POINT ( 'NONE',  ( 12.04914659712163250, 88.54317620347480045, 403.7797544229640607 ) ) ;
#1332 = CARTESIAN_POINT ( 'NONE',  ( 0.000000000000000000, 0.000000000000000000, 0.000000000000000000 ) ) ;
#1333 = CARTESIAN_POINT ( 'NONE',  ( 0.000000000000000000, 94.57779990771959433, 397.6779284778315855 ) ) ;
#1334 = CARTESIAN_POINT ( 'NONE',  ( 6.717514421272189118, 101.7175144212722984, 403.0779284778315628 ) ) ;
#1335 = ORIENTED_EDGE ( 'NONE', *, *, #651, .F. ) ;
#1336 = LINE ( 'NONE', #377, #855 ) ;
#1337 = CARTESIAN_POINT ( 'NONE',  ( 11.61383385978109217, 88.33591360995636421, 398.4935917068679601 ) ) ;
#1338 = DIRECTION ( 'NONE',  ( 0.7071067811865459074, -0.7071067811865491270, 0.000000000000000000 ) ) ;
#1339 = CARTESIAN_POINT ( 'NONE',  ( 12.47661281687907220, 89.90178003726433076, 398.8320682823996890 ) ) ;
#1340 = DIRECTION ( 'NONE',  ( 0.000000000000000000, 1.000000000000000000, 0.000000000000000000 ) ) ;
#1341 = LINE ( 'NONE', #427, #2329 ) ;
#1342 = ORIENTED_EDGE ( 'NONE', *, *, #803, .F. ) ;
#1343 = ADVANCED_FACE ( 'NONE', ( #662 ), #1421, .F. ) ;
#1344 = FACE_OUTER_BOUND ( 'NONE', #483, .T. ) ;
#1345 = ORIENTED_EDGE ( 'NONE', *, *, #569, .F. ) ;
#1346 = CARTESIAN_POINT ( 'NONE',  ( 11.20048322657334516, 101.2365506724698037, 389.0779284778315628 ) ) ;
#1347 = CARTESIAN_POINT ( 'NONE',  ( -12.37586198515379188, 89.21820419620905795, 403.0779284778315628 ) ) ;
#1348 = CARTESIAN_POINT ( 'NONE',  ( 6.717514421272189118, 101.7175144212722984, 403.0779284778315628 ) ) ;
#1349 = CARTESIAN_POINT ( 'NONE',  ( -9.192388155425103236, 90.75735931288097902, 389.0779284778315628 ) ) ;
#1350 = AXIS2_PLACEMENT_3D ( 'NONE', #2118, #237, #1574 ) ;
#1351 = EDGE_CURVE ( 'NONE', #999, #304, #1993, .T. ) ;
#1352 = FILL_AREA_STYLE ('',( #1003 ) ) ;
#1353 = EDGE_CURVE ( 'NONE', #1605, #620, #1948, .T. ) ;
#1354 = ADVANCED_FACE ( 'NONE', ( #679 ), #2007, .T. ) ;
#1355 = EDGE_CURVE ( 'NONE', #1233, #1591, #882, .T. ) ;
#1356 = CARTESIAN_POINT ( 'NONE',  ( -4.932702858951324210, 85.37779990771960570, 389.0779284778315628 ) ) ;
#1357 = CARTESIAN_POINT ( 'NONE',  ( 0.000000000000000000, 85.37779990771960570, 389.0779284778315628 ) ) ;
#1358 = VERTEX_POINT ( 'NONE', #435 ) ;
#1359 = DIRECTION ( 'NONE',  ( 1.000000000000000000, 0.000000000000000000, 0.000000000000000000 ) ) ;
#1360 = CIRCLE ( 'NONE', #1753, 1.600000000000002531 ) ;
#1361 = CARTESIAN_POINT ( 'NONE',  ( 12.06103612083939147, 89.67763483671609492, 393.6912576258057470 ) ) ;
#1362 = DIRECTION ( 'NONE',  ( -0.7071067811865459074, 0.7071067811865491270, 0.000000000000000000 ) ) ;
#1363 = CARTESIAN_POINT ( 'NONE',  ( 13.44465925178498011, 93.33134660507384694, 393.6043265082235507 ) ) ;
#1364 = CARTESIAN_POINT ( 'NONE',  ( -12.70237641425486785, 100.8131665633402463, 395.1723076705044946 ) ) ;
#1365 = AXIS2_PLACEMENT_3D ( 'NONE', #1723, #778, #1327 ) ;
#1366 = DIRECTION ( 'NONE',  ( 0.7071067811865460184, 0.7071067811865490160, 0.000000000000000000 ) ) ;
#1367 = DIRECTION ( 'NONE',  ( 0.000000000000000000, 0.000000000000000000, 1.000000000000000000 ) ) ;
#1368 = ORIENTED_EDGE ( 'NONE', *, *, #461, .T. ) ;
#1369 = EDGE_LOOP ( 'NONE', ( #342, #367, #1484, #477 ) ) ;
#1370 = DIRECTION ( 'NONE',  ( 1.000000000000000000, 0.000000000000000000, 0.000000000000000000 ) ) ;
#1371 = EDGE_CURVE ( 'NONE', #1571, #1636, #1765, .T. ) ;
#1372 = CARTESIAN_POINT ( 'NONE',  ( 12.70425512018143621, 100.8085563434556207, 391.9357679634612737 ) ) ;
#1373 = CARTESIAN_POINT ( 'NONE',  ( 11.09991713308988714, 87.11978430924710892, 403.8907859303832311 ) ) ;
#1374 = DIRECTION ( 'NONE',  ( 0.000000000000000000, 0.000000000000000000, 1.000000000000000000 ) ) ;
#1375 = VECTOR ( 'NONE', #211, 1000.000000000000000 ) ;
#1376 = VECTOR ( 'NONE', #450, 1000.000000000000000 ) ;
#1377 = LINE ( 'NONE', #2133, #587 ) ;
#1378 = CARTESIAN_POINT ( 'NONE',  ( -10.48626636585514227, 89.46348110245092755, 393.7470344146981347 ) ) ;
#1379 = ORIENTED_EDGE ( 'NONE', *, *, #1085, .T. ) ;
#1380 = EDGE_LOOP ( 'NONE', ( #1868, #1292, #1229, #2004 ) ) ;
#1381 = VECTOR ( 'NONE', #1910, 1000.000000000000000 ) ;
#1382 = ORIENTED_EDGE ( 'NONE', *, *, #1106, .F. ) ;
#1383 = CARTESIAN_POINT ( 'NONE',  ( 13.87870665759897726, 95.55801786859527169, 403.0779284778316764 ) ) ;
#1384 = CARTESIAN_POINT ( 'NONE',  ( -12.11033627567433335, 102.1605888073687822, 403.1611054129361946 ) ) ;
#1385 = DIRECTION ( 'NONE',  ( 1.000000000000000000, 0.000000000000000000, 0.000000000000000000 ) ) ;
#1386 = DIRECTION ( 'NONE',  ( 0.000000000000000000, 0.000000000000000000, 1.000000000000000000 ) ) ;
#1387 = DIRECTION ( 'NONE',  ( -1.000000000000000000, 0.000000000000000000, 0.000000000000000000 ) ) ;
#1388 = EDGE_CURVE ( 'NONE', #1844, #433, #1446, .T. ) ;
#1389 = FACE_OUTER_BOUND ( 'NONE', #1936, .T. ) ;
#1390 = DIRECTION ( 'NONE',  ( 0.000000000000000000, 0.000000000000000000, 1.000000000000000000 ) ) ;
#1391 = AXIS2_PLACEMENT_3D ( 'NONE', #1581, #1768, #1385 ) ;
#1392 = VERTEX_POINT ( 'NONE', #2066 ) ;
#1393 = ORIENTED_EDGE ( 'NONE', *, *, #1954, .F. ) ;
#1394 = EDGE_LOOP ( 'NONE', ( #1544, #1050, #1856, #1577 ) ) ;
#1395 = DIRECTION ( 'NONE',  ( 0.000000000000000000, -0.000000000000000000, -1.000000000000000000 ) ) ;
#1396 = CARTESIAN_POINT ( 'NONE',  ( 4.619851441237167400, 104.5192656632976593, 403.0779284778315628 ) ) ;
#1397 = VECTOR ( 'NONE', #578, 1000.000000000000000 ) ;
#1398 = DIRECTION ( 'NONE',  ( 1.000000000000000000, 0.000000000000000000, 0.000000000000000000 ) ) ;
#1399 = VERTEX_POINT ( 'NONE', #1833 ) ;
#1400 = CARTESIAN_POINT ( 'NONE',  ( -13.45572167264351826, 98.72512266266738834, 403.2413974968669663 ) ) ;
#1401 = APPLICATION_PROTOCOL_DEFINITION ( 'draft international standard', 'automotive_design', 1998, #1627 ) ;
#1402 = CARTESIAN_POINT ( 'NONE',  ( -13.72481973335736427, 94.41176208522651336, 398.4877809899948033 ) ) ;
#1403 = DIRECTION ( 'NONE',  ( 0.000000000000000000, 0.000000000000000000, 1.000000000000000000 ) ) ;
#1404 = EDGE_LOOP ( 'NONE', ( #1444, #2197 ) ) ;
#1405 = ORIENTED_EDGE ( 'NONE', *, *, #2326, .F. ) ;
#1406 = EDGE_LOOP ( 'NONE', ( #681, #1382, #103, #2202, #2043, #527, #1326, #1342, #820, #297, #903, #136, #879, #850 ) ) ;
#1407 = CARTESIAN_POINT ( 'NONE',  ( 0.000000000000000000, 99.17779990771960286, 396.0779284778315628 ) ) ;
#1408 = LINE ( 'NONE', #466, #1176 ) ;
#1409 = DIRECTION ( 'NONE',  ( 0.000000000000000000, -0.000000000000000000, -1.000000000000000000 ) ) ;
#1410 = ORIENTED_EDGE ( 'NONE', *, *, #583, .F. ) ;
#1411 = CARTESIAN_POINT ( 'NONE',  ( -12.52946786151328773, 101.1037561372397704, 403.0779284778316196 ) ) ;
#1412 = CARTESIAN_POINT ( 'NONE',  ( -12.74784188056913692, 100.7417544142907389, 388.0428922037040138 ) ) ;
#1413 = AXIS2_PLACEMENT_3D ( 'NONE', #550, #720, #733 ) ;
#1414 = CARTESIAN_POINT ( 'NONE',  ( 0.000000000000000000, 0.000000000000000000, 405.0779284778315628 ) ) ;
#1415 = CARTESIAN_POINT ( 'NONE',  ( -11.75564298791763918, 88.03711410982478469, 403.8170213006251856 ) ) ;
#1416 = AXIS2_PLACEMENT_3D ( 'NONE', #365, #1899, #974 ) ;
#1417 = VERTEX_POINT ( 'NONE', #2402 ) ;
#1418 = ORIENTED_EDGE ( 'NONE', *, *, #773, .T. ) ;
#1419 = EDGE_CURVE ( 'NONE', #711, #162, #1917, .T. ) ;
#1420 = EDGE_LOOP ( 'NONE', ( #491, #1788, #1459, #1049 ) ) ;
#1421 = CYLINDRICAL_SURFACE ( 'NONE', #772, 3.499999999999998668 ) ;
#1422 = ORIENTED_EDGE ( 'NONE', *, *, #1975, .F. ) ;
#1423 = DIRECTION ( 'NONE',  ( -0.7071067811865459074, -0.7071067811865491270, 0.000000000000000000 ) ) ;
#1424 = CARTESIAN_POINT ( 'NONE',  ( -5.306417150674644567E-15, 94.97779990771961423, 402.0779284778315628 ) ) ;
#1425 = EDGE_LOOP ( 'NONE', ( #1487, #1595, #2203, #544 ) ) ;
#1426 = CARTESIAN_POINT ( 'NONE',  ( -12.47153066004965183, 101.1619723610968435, 403.0779284778314491 ) ) ;
#1427 = CARTESIAN_POINT ( 'NONE',  ( -12.84961187076918776, 100.4754826823913021, 393.1033180644652134 ) ) ;
#1428 = DIRECTION ( 'NONE',  ( -6.973996677193663548E-16, 1.000000000000000000, 0.000000000000000000 ) ) ;
#1429 = ADVANCED_FACE ( 'NONE', ( #739 ), #1093, .F. ) ;
#1430 = CARTESIAN_POINT ( 'NONE',  ( -13.57050676898583319, 93.21157479728832129, 398.5677356260312081 ) ) ;
#1431 = EDGE_CURVE ( 'NONE', #1278, #2031, #1951, .T. ) ;
#1432 = VERTEX_POINT ( 'NONE', #1116 ) ;
#1433 = ORIENTED_EDGE ( 'NONE', *, *, #990, .T. ) ;
#1434 = ORIENTED_EDGE ( 'NONE', *, *, #610, .T. ) ;
#1435 = CARTESIAN_POINT ( 'NONE',  ( 11.74360227489081687, 89.54955409843546477, 389.0779284778315628 ) ) ;
#1436 = CARTESIAN_POINT ( 'NONE',  ( 4.932702858951323321, 104.5777999077195943, 389.0779284778315628 ) ) ;
#1437 = EDGE_LOOP ( 'NONE', ( #105, #265, #1063, #849, #434, #1207 ) ) ;
#1438 = DIRECTION ( 'NONE',  ( 0.000000000000000000, -0.000000000000000000, -1.000000000000000000 ) ) ;
#1439 = CARTESIAN_POINT ( 'NONE',  ( -12.66978812216297712, 100.9079648434248497, 403.0779284778311649 ) ) ;
#1440 = CARTESIAN_POINT ( 'NONE',  ( -13.02375989950058255, 99.96685933036160066, 393.1340132996121497 ) ) ;
#1441 = CIRCLE ( 'NONE', #1683, 1.600000000000001643 ) ;
#1442 = CARTESIAN_POINT ( 'NONE',  ( -12.94810777761304088, 91.94956285701766774, 388.7496991904962442 ) ) ;
#1443 = ORIENTED_EDGE ( 'NONE', *, *, #130, .T. ) ;
#1444 = ORIENTED_EDGE ( 'NONE', *, *, #309, .T. ) ;
#1445 = CARTESIAN_POINT ( 'NONE',  ( 5.306417150674644567E-15, 94.97779990771961423, 402.0779284778315628 ) ) ;
#1446 = LINE ( 'NONE', #1304, #212 ) ;
#1447 = ADVANCED_FACE ( 'NONE', ( #2054 ), #175, .T. ) ;
#1448 = ORIENTED_EDGE ( 'NONE', *, *, #2156, .T. ) ;
#1449 = CARTESIAN_POINT ( 'NONE',  ( -11.49452504608272108, 89.37490152928585019, 389.0779284778316196 ) ) ;
#1450 = ADVANCED_FACE ( 'NONE', ( #517, #2230, #933 ), #529, .F. ) ;
#1451 = CARTESIAN_POINT ( 'NONE',  ( 12.67262141372296824, 100.9014549219025128, 403.1654062998376276 ) ) ;
#1452 = CARTESIAN_POINT ( 'NONE',  ( 13.66852769286315095, 93.81027899401134107, 398.5270119680508287 ) ) ;
#1453 = EDGE_CURVE ( 'NONE', #798, #149, #1360, .T. ) ;
#1454 = CARTESIAN_POINT ( 'NONE',  ( 12.01684828053875798, 88.90949608468692134, 403.0779284778315628 ) ) ;
#1455 = AXIS2_PLACEMENT_3D ( 'NONE', #1309, #910, #2259 ) ;
#1456 = CARTESIAN_POINT ( 'NONE',  ( -13.78497435299166973, 95.61019405859893538, 398.4105865512544256 ) ) ;
#1457 = MANIFOLD_SOLID_BREP ( 'Zapas-WSZYSTKIE CZʌCI-1', #1110 ) ;
#1458 = VERTEX_POINT ( 'NONE', #2450 ) ;
#1459 = ORIENTED_EDGE ( 'NONE', *, *, #1242, .T. ) ;
#1460 = FACE_OUTER_BOUND ( 'NONE', #90, .T. ) ;
#1461 = CYLINDRICAL_SURFACE ( 'NONE', #605, 3.499999999999996447 ) ;
#1462 = ORIENTED_EDGE ( 'NONE', *, *, #803, .T. ) ;
#1463 = EDGE_CURVE ( 'NONE', #1947, #1998, #1555, .T. ) ;
#1464 = CARTESIAN_POINT ( 'NONE',  ( -10.47164278063872445, 89.47810468766742531, 389.0779284778316196 ) ) ;
#1465 = CARTESIAN_POINT ( 'NONE',  ( -5.306417150674644567E-15, 94.97779990771961423, 402.0779284778315628 ) ) ;
#1466 = DIRECTION ( 'NONE',  ( 0.000000000000000000, 0.000000000000000000, 1.000000000000000000 ) ) ;
#1467 = CARTESIAN_POINT ( 'NONE',  ( 13.67179384513974583, 97.40154888469898253, 398.3056903367908603 ) ) ;
#1468 = CARTESIAN_POINT ( 'NONE',  ( -10.36315581294681998, 89.58659165535925695, 389.0779284778315628 ) ) ;
#1469 = EDGE_CURVE ( 'NONE', #1266, #111, #1718, .T. ) ;
#1470 = VERTEX_POINT ( 'NONE', #2205 ) ;
#1471 = VERTEX_POINT ( 'NONE', #2019 ) ;
#1472 = DIRECTION ( 'NONE',  ( -0.7071067811865459074, -0.7071067811865491270, 0.000000000000000000 ) ) ;
#1473 = DIRECTION ( 'NONE',  ( -1.000000000000000000, 0.000000000000000000, 0.000000000000000000 ) ) ;
#1474 = ORIENTED_EDGE ( 'NONE', *, *, #475, .F. ) ;
#1475 = AXIS2_PLACEMENT_3D ( 'NONE', #31, #413, #2280 ) ;
#1476 = CARTESIAN_POINT ( 'NONE',  ( -11.07807386073838352, 101.1283263924326690, 389.0779284778315628 ) ) ;
#1477 = DIRECTION ( 'NONE',  ( -1.000000000000000000, 0.000000000000000000, 0.000000000000000000 ) ) ;
#1478 = AXIS2_PLACEMENT_3D ( 'NONE', #1213, #826, #1398 ) ;
#1479 = CARTESIAN_POINT ( 'NONE',  ( -13.70216127102567860, 97.53660020434088551, 403.0779284778313922 ) ) ;
#1480 = CARTESIAN_POINT ( 'NONE',  ( 13.62176358723595015, 95.03108397916564343, 388.4641891281812036 ) ) ;
#1481 = CARTESIAN_POINT ( 'NONE',  ( 3.217514421272373415, 88.28248557872787217, 428.2556655029699186 ) ) ;
#1482 = AXIS2_PLACEMENT_3D ( 'NONE', #2098, #227, #1741 ) ;
#1483 = ADVANCED_FACE ( 'NONE', ( #1077 ), #1461, .F. ) ;
#1484 = ORIENTED_EDGE ( 'NONE', *, *, #540, .T. ) ;
#1485 = CARTESIAN_POINT ( 'NONE',  ( 10.36315581294681998, 89.58659165535925695, 389.0779284778315628 ) ) ;
#1486 = DIRECTION ( 'NONE',  ( -0.000000000000000000, -0.000000000000000000, -1.000000000000000000 ) ) ;
#1487 = ORIENTED_EDGE ( 'NONE', *, *, #2055, .T. ) ;
#1488 = CARTESIAN_POINT ( 'NONE',  ( -11.84795194802973839, 89.65940706461964282, 389.0779284778315628 ) ) ;
#1489 = CARTESIAN_POINT ( 'NONE',  ( 5.306417150674644567E-15, 94.97779990771961423, 405.0779284778315628 ) ) ;
#1490 = VECTOR ( 'NONE', #545, 1000.000000000000000 ) ;
#1491 = CARTESIAN_POINT ( 'NONE',  ( -13.40765553790799736, 98.98929135042141070, 403.0779284778312785 ) ) ;
#1492 = CARTESIAN_POINT ( 'NONE',  ( 13.59563808751643776, 98.13857730849046845, 403.2638265807228208 ) ) ;
#1493 = LINE ( 'NONE', #10, #1303 ) ;
#1494 = VERTEX_POINT ( 'NONE', #975 ) ;
#1495 = EDGE_CURVE ( 'NONE', #2332, #289, #87, .T. ) ;
#1496 = CIRCLE ( 'NONE', #547, 16.30000000000000426 ) ;
#1497 = CARTESIAN_POINT ( 'NONE',  ( 9.192388155425106788, 99.24264068711939046, 428.2556655029699186 ) ) ;
#1498 = ORIENTED_EDGE ( 'NONE', *, *, #169, .T. ) ;
#1499 = CARTESIAN_POINT ( 'NONE',  ( 11.07807386073838352, 101.1283263924326690, 389.0779284778315628 ) ) ;
#1500 = AXIS2_PLACEMENT_3D ( 'NONE', #1445, #150, #905 ) ;
#1501 = DIRECTION ( 'NONE',  ( -0.7071067811865469066, 0.7071067811865482389, 0.000000000000000000 ) ) ;
#1502 = CIRCLE ( 'NONE', #117, 3.499999999999998668 ) ;
#1503 = CARTESIAN_POINT ( 'NONE',  ( 5.306417150674644567E-15, 91.97779990771960001, 403.0779284778315628 ) ) ;
#1504 = CARTESIAN_POINT ( 'NONE',  ( 13.82420291709078164, 94.09724416713892481, 403.4432982948765698 ) ) ;
#1505 = CARTESIAN_POINT ( 'NONE',  ( -4.678385685659112170, 104.5777999077195943, 389.0779284778315628 ) ) ;
#1506 = CIRCLE ( 'NONE', #2021, 1.599999999999990319 ) ;
#1507 = CARTESIAN_POINT ( 'NONE',  ( -12.45104366824256026, 89.35717305967857271, 403.1654169327866839 ) ) ;
#1508 = DIRECTION ( 'NONE',  ( 1.000000000000000000, 0.000000000000000000, 0.000000000000000000 ) ) ;
#1509 = VERTEX_POINT ( 'NONE', #1749 ) ;
#1510 = DIRECTION ( 'NONE',  ( 0.000000000000000000, 1.000000000000000000, 0.000000000000000000 ) ) ;
#1511 = CARTESIAN_POINT ( 'NONE',  ( 4.932702858951324210, 85.37779990771960570, 403.0779284778316196 ) ) ;
#1512 = AXIS2_PLACEMENT_3D ( 'NONE', #1903, #2349, #293 ) ;
#1513 = B_SPLINE_CURVE_WITH_KNOTS ( 'NONE', 3,
 ( #586, #487, #655, #1771 ),
 .UNSPECIFIED., .F., .F.,
 ( 4, 4 ),
 ( 1.666779512946624722E-16, 0.01401612858368659828 ),
 .UNSPECIFIED. ) ;
#1514 = CARTESIAN_POINT ( 'NONE',  ( 11.07746735340473165, 101.1277198850990260, 398.4104212060917121 ) ) ;
#1515 = DIRECTION ( 'NONE',  ( 0.000000000000000000, 0.000000000000000000, -1.000000000000000000 ) ) ;
#1516 = CARTESIAN_POINT ( 'NONE',  ( 0.000000000000000000, 78.67779990771960286, 426.0779284778316196 ) ) ;
#1517 = AXIS2_PLACEMENT_3D ( 'NONE', #1325, #398, #26 ) ;
#1518 = VERTEX_POINT ( 'NONE', #386 ) ;
#1519 = CARTESIAN_POINT ( 'NONE',  ( 0.000000000000000000, 90.97779990771960001, 403.0779284778315628 ) ) ;
#1520 = ORIENTED_EDGE ( 'NONE', *, *, #1781, .F. ) ;
#1521 = FACE_OUTER_BOUND ( 'NONE', #480, .T. ) ;
#1522 = ADVANCED_FACE ( 'NONE', ( #1344 ), #996, .T. ) ;
#1523 = CARTESIAN_POINT ( 'NONE',  ( 12.24754102992560689, 89.52486903752554781, 398.4286172157281953 ) ) ;
#1524 = AXIS2_PLACEMENT_3D ( 'NONE', #1847, #1125, #703 ) ;
#1525 = CARTESIAN_POINT ( 'NONE',  ( 12.70756373037149700, 100.8074980234656834, 389.0779284778315628 ) ) ;
#1526 = EDGE_CURVE ( 'NONE', #74, #462, #37, .T. ) ;
#1527 = CARTESIAN_POINT ( 'NONE',  ( 11.36580202715401455, 88.04186823103574966, 399.0123106935113242 ) ) ;
#1528 = CARTESIAN_POINT ( 'NONE',  ( 0.000000000000000000, 99.17779990771960286, 0.000000000000000000 ) ) ;
#1529 = DIRECTION ( 'NONE',  ( -1.000000000000000000, 0.000000000000000000, 0.000000000000000000 ) ) ;
#1530 = DIRECTION ( 'NONE',  ( 0.7071067811865459074, 0.7071067811865491270, 0.000000000000000000 ) ) ;
#1531 = FACE_OUTER_BOUND ( 'NONE', #1394, .T. ) ;
#1532 = ORIENTED_EDGE ( 'NONE', *, *, #2171, .T. ) ;
#1533 = CIRCLE ( 'NONE', #2169, 4.000000000000000888 ) ;
#1534 = DIRECTION ( 'NONE',  ( 0.000000000000000000, 0.000000000000000000, 1.000000000000000000 ) ) ;
#1535 = CARTESIAN_POINT ( 'NONE',  ( -12.44728719225054014, 89.36026852123566755, 403.0779284778315628 ) ) ;
#1536 = CARTESIAN_POINT ( 'NONE',  ( -4.619851441237167400, 104.5192656632976593, 389.0779284778315628 ) ) ;
#1537 = ADVANCED_FACE ( 'NONE', ( #1531 ), #2266, .T. ) ;
#1538 = ADVANCED_FACE ( 'NONE', ( #193 ), #954, .F. ) ;
#1539 = CARTESIAN_POINT ( 'NONE',  ( 12.15507414444234513, 89.78659818634891110, 393.9421759899361746 ) ) ;
#1540 = AXIS2_PLACEMENT_3D ( 'NONE', #1124, #184, #385 ) ;
#1541 = EDGE_CURVE ( 'NONE', #2181, #1036, #214, .T. ) ;
#1542 = LINE ( 'NONE', #1356, #1310 ) ;
#1543 = CARTESIAN_POINT ( 'NONE',  ( -9.192388155425106788, 99.24264068711939046, 403.0779284778315628 ) ) ;
#1544 = ORIENTED_EDGE ( 'NONE', *, *, #2120, .T. ) ;
#1545 = DIRECTION ( 'NONE',  ( -1.000000000000000000, 0.000000000000000000, 0.000000000000000000 ) ) ;
#1546 = LINE ( 'NONE', #2298, #994 ) ;
#1547 = CARTESIAN_POINT ( 'NONE',  ( 12.62833445830289492, 100.9767800246330296, 403.0779284778315628 ) ) ;
#1548 = CARTESIAN_POINT ( 'NONE',  ( 12.94810777761304088, 91.94956285701766774, 388.7496991904962442 ) ) ;
#1549 = VECTOR ( 'NONE', #1362, 1000.000000000000114 ) ;
#1550 = SURFACE_SIDE_STYLE ('',( #993 ) ) ;
#1551 = EDGE_CURVE ( 'NONE', #1698, #1672, #1553, .T. ) ;
#1552 = CARTESIAN_POINT ( 'NONE',  ( 0.000000000000000000, 90.97779990771960001, 403.0779284778315628 ) ) ;
#1553 = LINE ( 'NONE', #1543, #404 ) ;
#1554 = ORIENTED_EDGE ( 'NONE', *, *, #32, .T. ) ;
#1555 = CIRCLE ( 'NONE', #767, 3.499999999999996891 ) ;
#1556 = CARTESIAN_POINT ( 'NONE',  ( 12.70297871801911604, 100.8336333199378316, 403.0779284778316196 ) ) ;
#1557 = DIRECTION ( 'NONE',  ( 0.000000000000000000, 0.000000000000000000, 1.000000000000000000 ) ) ;
#1558 = CARTESIAN_POINT ( 'NONE',  ( 0.000000000000000000, 94.57779990771959433, 394.4779284778315969 ) ) ;
#1559 = EDGE_LOOP ( 'NONE', ( #1790, #809, #320, #1157 ) ) ;
#1560 = CARTESIAN_POINT ( 'NONE',  ( 4.242640687119450860, 85.80761184457497848, 403.0779284778315628 ) ) ;
#1561 = CARTESIAN_POINT ( 'NONE',  ( -11.41322434736866143, 88.53652312221825582, 393.7222154632511888 ) ) ;
#1562 = LINE ( 'NONE', #2331, #442 ) ;
#1563 = ORIENTED_EDGE ( 'NONE', *, *, #861, .T. ) ;
#1564 = ORIENTED_EDGE ( 'NONE', *, *, #1453, .F. ) ;
#1565 = EDGE_CURVE ( 'NONE', #277, #1494, #727, .T. ) ;
#1566 = ORIENTED_EDGE ( 'NONE', *, *, #1898, .T. ) ;
#1567 = DIRECTION ( 'NONE',  ( -0.000000000000000000, -0.000000000000000000, -1.000000000000000000 ) ) ;
#1568 = DIRECTION ( 'NONE',  ( -1.000000000000000000, 0.000000000000000000, 0.000000000000000000 ) ) ;
#1569 = CARTESIAN_POINT ( 'NONE',  ( 6.717514421272189118, 101.7175144212722984, 403.0779284778315628 ) ) ;
#1570 = EDGE_CURVE ( 'NONE', #2008, #1399, #1878, .T. ) ;
#1571 = VERTEX_POINT ( 'NONE', #1891 ) ;
#1572 = LINE ( 'NONE', #1800, #2142 ) ;
#1573 = CARTESIAN_POINT ( 'NONE',  ( -12.70756373037149700, 100.8074980234656834, 389.0779284778315628 ) ) ;
#1574 = DIRECTION ( 'NONE',  ( 1.000000000000000000, 0.000000000000000000, 0.000000000000000000 ) ) ;
#1575 = CARTESIAN_POINT ( 'NONE',  ( -5.306417150674644567E-15, 94.97779990771961423, 403.0779284778315628 ) ) ;
#1576 = VERTEX_POINT ( 'NONE', #1357 ) ;
#1577 = ORIENTED_EDGE ( 'NONE', *, *, #1793, .F. ) ;
#1578 = ORIENTED_EDGE ( 'NONE', *, *, #396, .T. ) ;
#1579 = LINE ( 'NONE', #1778, #1598 ) ;
#1580 = CARTESIAN_POINT ( 'NONE',  ( 11.07807386073838352, 101.1283263924326690, 389.0779284778315628 ) ) ;
#1581 = CARTESIAN_POINT ( 'NONE',  ( 6.717514421272189118, 101.7175144212722984, 405.0779284778315628 ) ) ;
#1582 = UNCERTAINTY_MEASURE_WITH_UNIT (LENGTH_MEASURE( 1.000000000000000082E-05 ), #300, 'distance_accuracy_value', 'NONE');
#1583 = ORIENTED_EDGE ( 'NONE', *, *, #1551, .F. ) ;
#1584 = CARTESIAN_POINT ( 'NONE',  ( -13.79521748104306589, 96.93152630785191093, 403.3130870671787420 ) ) ;
#1585 = CIRCLE ( 'NONE', #1350, 1.600000000000002531 ) ;
#1586 = CARTESIAN_POINT ( 'NONE',  ( -13.44465925178498011, 93.33134660507384694, 393.6043265082235507 ) ) ;
#1587 = CARTESIAN_POINT ( 'NONE',  ( 11.39429225961199776, 88.81073314268746799, 403.0779284778316764 ) ) ;
#1588 = AXIS2_PLACEMENT_3D ( 'NONE', #1780, #840, #1626 ) ;
#1589 = ORIENTED_EDGE ( 'NONE', *, *, #207, .T. ) ;
#1590 = VERTEX_POINT ( 'NONE', #964 ) ;
#1591 = VERTEX_POINT ( 'NONE', #2108 ) ;
#1592 = CARTESIAN_POINT ( 'NONE',  ( -5.117514421272187697, 101.7175144212722984, 405.0779284778315628 ) ) ;
#1593 = CARTESIAN_POINT ( 'NONE',  ( 0.000000000000000000, 0.000000000000000000, 405.0779284778315628 ) ) ;
#1594 = DIRECTION ( 'NONE',  ( 0.000000000000000000, -1.000000000000000000, 0.000000000000000000 ) ) ;
#1595 = ORIENTED_EDGE ( 'NONE', *, *, #1836, .T. ) ;
#1596 = CARTESIAN_POINT ( 'NONE',  ( 12.76876554324993407, 100.6874180722695655, 398.1344052796732171 ) ) ;
#1597 = CARTESIAN_POINT ( 'NONE',  ( -12.70756373037149700, 100.8074980234656834, 389.0779284778315628 ) ) ;
#1598 = VECTOR ( 'NONE', #123, 1000.000000000000000 ) ;
#1599 = EDGE_CURVE ( 'NONE', #496, #1621, #288, .T. ) ;
#1600 = CARTESIAN_POINT ( 'NONE',  ( -13.69607412933745394, 96.43313365863970432, 393.3641706517914827 ) ) ;
#1601 = CARTESIAN_POINT ( 'NONE',  ( -4.678385685659113946, 104.5777999077195943, 428.2556655029699186 ) ) ;
#1602 = AXIS2_PLACEMENT_3D ( 'NONE', #423, #1186, #1940 ) ;
#1603 = EDGE_LOOP ( 'NONE', ( #2400, #2121 ) ) ;
#1604 = ORIENTED_EDGE ( 'NONE', *, *, #475, .T. ) ;
#1605 = VERTEX_POINT ( 'NONE', #407 ) ;
#1606 = CARTESIAN_POINT ( 'NONE',  ( -4.932702858951323321, 104.5777999077195943, 403.0779284778316196 ) ) ;
#1607 = AXIS2_PLACEMENT_3D ( 'NONE', #1202, #501, #1260 ) ;
#1608 = VERTEX_POINT ( 'NONE', #1519 ) ;
#1609 = DIRECTION ( 'NONE',  ( -1.000000000000000000, 0.000000000000000000, 0.000000000000000000 ) ) ;
#1610 = DIRECTION ( 'NONE',  ( -0.000000000000000000, -0.000000000000000000, -1.000000000000000000 ) ) ;
#1611 = EDGE_CURVE ( 'NONE', #1809, #108, #752, .T. ) ;
#1612 = CARTESIAN_POINT ( 'NONE',  ( -13.47494257774770787, 98.25243353982821759, 388.2141433678198155 ) ) ;
#1613 = VECTOR ( 'NONE', #2033, 1000.000000000000000 ) ;
#1614 = FACE_BOUND ( 'NONE', #2109, .T. ) ;
#1615 = EDGE_CURVE ( 'NONE', #711, #2031, #2306, .T. ) ;
#1616 = PRESENTATION_LAYER_ASSIGNMENT (  '', '', ( #1706 ) ) ;
#1617 = CARTESIAN_POINT ( 'NONE',  ( -12.15507414444234513, 89.78659818634891110, 393.9421759899361746 ) ) ;
#1618 = CLOSED_SHELL ( 'NONE', ( #735, #1136, #2176, #1759, #1343, #1, #572, #2455, #1320, #2050, #1696, #1634, #384, #1057, #116, #134, #113, #837, #1004, #1255, #654, #44, #2110, #1537, #1005, #1738, #2178, #1707, #1354, #335, #723 ) ) ;
#1619 = VECTOR ( 'NONE', #1423, 1000.000000000000000 ) ;
#1620 = ORIENTED_EDGE ( 'NONE', *, *, #215, .F. ) ;
#1621 = VERTEX_POINT ( 'NONE', #2119 ) ;
#1622 = VERTEX_POINT ( 'NONE', #417 ) ;
#1623 = CARTESIAN_POINT ( 'NONE',  ( 6.717514421272372083, 88.28248557872787217, 403.0779284778315628 ) ) ;
#1624 = FACE_OUTER_BOUND ( 'NONE', #2016, .T. ) ;
#1625 = EDGE_LOOP ( 'NONE', ( #1620, #1035, #1194, #2207 ) ) ;
#1626 = DIRECTION ( 'NONE',  ( -1.000000000000000000, 0.000000000000000000, 0.000000000000000000 ) ) ;
#1627 = APPLICATION_CONTEXT ( 'automotive_design' ) ;
#1628 = CARTESIAN_POINT ( 'NONE',  ( -12.70297871801911604, 100.8336333199378316, 403.0779284778316196 ) ) ;
#1629 = CARTESIAN_POINT ( 'NONE',  ( -13.59563808751643776, 98.13857730849046845, 403.2638265807228208 ) ) ;
#1630 =( NAMED_UNIT ( * ) PLANE_ANGLE_UNIT ( ) SI_UNIT ( $, .RADIAN. ) );
#1631 = EDGE_CURVE ( 'NONE', #1471, #1688, #1441, .T. ) ;
#1632 = CARTESIAN_POINT ( 'NONE',  ( -13.70513731134047042, 95.86832470560686659, 393.4057218152562427 ) ) ;
#1633 = VECTOR ( 'NONE', #401, 1000.000000000000000 ) ;
#1634 = ADVANCED_FACE ( 'NONE', ( #1709 ), #201, .T. ) ;
#1635 = ORIENTED_EDGE ( 'NONE', *, *, #346, .F. ) ;
#1636 = VERTEX_POINT ( 'NONE', #1958 ) ;
#1637 = CARTESIAN_POINT ( 'NONE',  ( 11.89361579222068244, 89.71982370618719926, 389.0779284778315628 ) ) ;
#1638 = CARTESIAN_POINT ( 'NONE',  ( 0.000000000000000000, 99.17779990771960286, 398.5779284778315628 ) ) ;
#1639 = EDGE_CURVE ( 'NONE', #1518, #387, #1271, .T. ) ;
#1640 = ORIENTED_EDGE ( 'NONE', *, *, #1611, .F. ) ;
#1641 = CARTESIAN_POINT ( 'NONE',  ( -11.04721334441188318, 89.28220402429553815, 389.0779284778316196 ) ) ;
#1642 = DIRECTION ( 'NONE',  ( 0.000000000000000000, 0.000000000000000000, 1.000000000000000000 ) ) ;
#1643 = CARTESIAN_POINT ( 'NONE',  ( 13.45572167264351826, 98.72512266266738834, 403.2413974968669663 ) ) ;
#1644 = CARTESIAN_POINT ( 'NONE',  ( -13.82420291709078164, 94.09724416713892481, 403.4432982948765698 ) ) ;
#1645 = ADVANCED_BREP_SHAPE_REPRESENTATION ( 'FIREWALL', ( #1457, #2310, #1607 ), #875 ) ;
#1646 = ORIENTED_EDGE ( 'NONE', *, *, #1836, .F. ) ;
#1647 = ORIENTED_EDGE ( 'NONE', *, *, #1695, .T. ) ;
#1648 = B_SPLINE_CURVE_WITH_KNOTS ( 'NONE', 3,
 ( #1525, #603, #1372, #1184, #402, #254, #624, #2114, #1172, #791 ),
 .UNSPECIFIED., .F., .F.,
 ( 4, 3, 3, 4 ),
 ( 1.110223024625156540E-16, 0.004286761555412353306, 0.006998195472370741937, 0.01400003191291021055 ),
 .UNSPECIFIED. ) ;
#1649 = CARTESIAN_POINT ( 'NONE',  ( -6.717514421272372083, 88.28248557872787217, 371.0779284778316196 ) ) ;
#1650 = DIRECTION ( 'NONE',  ( 1.000000000000000000, 0.000000000000000000, 0.000000000000000000 ) ) ;
#1651 = ORIENTED_EDGE ( 'NONE', *, *, #2196, .F. ) ;
#1652 = DIRECTION ( 'NONE',  ( -0.7071067811865491270, 0.7071067811865459074, 0.000000000000000000 ) ) ;
#1653 = DIRECTION ( 'NONE',  ( -1.000000000000000000, 0.000000000000000000, 0.000000000000000000 ) ) ;
#1654 = CARTESIAN_POINT ( 'NONE',  ( 11.07815655867232607, 101.1284090903666879, 388.9925452597245226 ) ) ;
#1655 = CARTESIAN_POINT ( 'NONE',  ( 13.02375989950058255, 99.96685933036160066, 393.1340132996121497 ) ) ;
#1656 = EDGE_CURVE ( 'NONE', #304, #1794, #2147, .T. ) ;
#1657 = CARTESIAN_POINT ( 'NONE',  ( 11.86689692802005958, 88.84719744451328438, 403.0779284778316764 ) ) ;
#1658 = CIRCLE ( 'NONE', #2284, 1.000000000000000888 ) ;
#1659 = B_SPLINE_CURVE_WITH_KNOTS ( 'NONE', 3,
 ( #818, #1084, #248, #657, #48, #1587, #1193, #1657, #1454, #1020, #274, #86 ),
 .UNSPECIFIED., .F., .F.,
 ( 4, 2, 2, 2, 2, 4 ),
 ( 1.734723475976807094E-18, 0.0002351195744884914155, 0.0004702391489769810963, 0.0009404782979539782388, 0.001410717446930975436, 0.001880956595907972741 ),
 .UNSPECIFIED. ) ;
#1660 = CARTESIAN_POINT ( 'NONE',  ( -13.63178264468792911, 96.91445199714249270, 388.3126636281648416 ) ) ;
#1661 = VERTEX_POINT ( 'NONE', #2025 ) ;
#1662 = EDGE_LOOP ( 'NONE', ( #1195, #1418, #807, #1806 ) ) ;
#1663 = CYLINDRICAL_SURFACE ( 'NONE', #953, 1.600000000000002531 ) ;
#1664 = DIRECTION ( 'NONE',  ( 0.000000000000000000, 0.000000000000000000, 1.000000000000000000 ) ) ;
#1665 = ORIENTED_EDGE ( 'NONE', *, *, #360, .F. ) ;
#1666 = DIRECTION ( 'NONE',  ( -0.7071067811865492381, 0.7071067811865457964, 0.000000000000000000 ) ) ;
#1667 = CARTESIAN_POINT ( 'NONE',  ( 12.42018093802230183, 90.61471050965371887, 389.0779284778316764 ) ) ;
#1668 = CARTESIAN_POINT ( 'NONE',  ( -12.44728719225054014, 89.36026852123566755, 403.0779284778315628 ) ) ;
#1669 = CARTESIAN_POINT ( 'NONE',  ( 13.78744007978257358, 93.78056022502202893, 403.4592233227093629 ) ) ;
#1670 = LINE ( 'NONE', #537, #350 ) ;
#1671 = PRODUCT_DEFINITION_SHAPE ( 'NONE', 'NONE',  #838 ) ;
#1672 = VERTEX_POINT ( 'NONE', #2344 ) ;
#1673 = CARTESIAN_POINT ( 'NONE',  ( 10.89227285777389120, 89.29762900042769047, 389.0779284778316196 ) ) ;
#1674 = DIRECTION ( 'NONE',  ( 0.000000000000000000, -1.000000000000000000, 0.000000000000000000 ) ) ;
#1675 = ORIENTED_EDGE ( 'NONE', *, *, #1796, .F. ) ;
#1676 = CIRCLE ( 'NONE', #599, 3.499999999999996447 ) ;
#1677 = CARTESIAN_POINT ( 'NONE',  ( -12.70756373037149700, 100.8074980234656834, 389.0779284778315628 ) ) ;
#1678 = CARTESIAN_POINT ( 'NONE',  ( -4.242640687119450860, 85.80761184457497848, 389.0779284778315628 ) ) ;
#1679 = DIRECTION ( 'NONE',  ( -0.000000000000000000, -0.000000000000000000, -1.000000000000000000 ) ) ;
#1680 = CARTESIAN_POINT ( 'NONE',  ( 13.24497542989835175, 99.27822907281398557, 388.1411488196808364 ) ) ;
#1681 = CARTESIAN_POINT ( 'NONE',  ( -8.317514421272374392, 88.28248557872787217, 371.0779284778316196 ) ) ;
#1682 = ADVANCED_FACE ( 'NONE', ( #511 ), #2359, .T. ) ;
#1683 = AXIS2_PLACEMENT_3D ( 'NONE', #1334, #2088, #1135 ) ;
#1684 = EDGE_CURVE ( 'NONE', #73, #289, #1562, .T. ) ;
#1685 = ORIENTED_EDGE ( 'NONE', *, *, #1495, .F. ) ;
#1686 = CARTESIAN_POINT ( 'NONE',  ( -12.70297871801911604, 100.8336333199378316, 403.0779284778316196 ) ) ;
#1687 = DIRECTION ( 'NONE',  ( 0.000000000000000000, 0.000000000000000000, 1.000000000000000000 ) ) ;
#1688 = VERTEX_POINT ( 'NONE', #326 ) ;
#1689 = DIRECTION ( 'NONE',  ( 1.000000000000000000, 0.000000000000000000, 0.000000000000000000 ) ) ;
#1690 = FACE_OUTER_BOUND ( 'NONE', #291, .T. ) ;
#1691 = CIRCLE ( 'NONE', #1602, 16.30000000000000426 ) ;
#1692 = FACE_BOUND ( 'NONE', #1289, .T. ) ;
#1693 = CARTESIAN_POINT ( 'NONE',  ( 13.64705522676241500, 96.64714829376761429, 388.3336448084772883 ) ) ;
#1694 = CARTESIAN_POINT ( 'NONE',  ( 0.000000000000000000, 104.5777999077195943, 396.0779284778315628 ) ) ;
#1695 = EDGE_CURVE ( 'NONE', #668, #203, #1659, .T. ) ;
#1696 = ADVANCED_FACE ( 'NONE', ( #444 ), #847, .F. ) ;
#1697 = CARTESIAN_POINT ( 'NONE',  ( 12.54716382902014260, 101.2017517069469079, 388.0127075012952105 ) ) ;
#1698 = VERTEX_POINT ( 'NONE', #1774 ) ;
#1699 = CARTESIAN_POINT ( 'NONE',  ( -11.36580202715401455, 88.04186823103574966, 399.0123106935113242 ) ) ;
#1700 = VECTOR ( 'NONE', #455, 1000.000000000000000 ) ;
#1701 = CARTESIAN_POINT ( 'NONE',  ( 0.000000000000000000, 104.5777999077195943, 0.000000000000000000 ) ) ;
#1702 = CIRCLE ( 'NONE', #2129, 3.499999999999996447 ) ;
#1703 = LINE ( 'NONE', #1312, #1038 ) ;
#1704 = CARTESIAN_POINT ( 'NONE',  ( 11.63204688405390996, 88.92858375068460930, 394.0394302862574136 ) ) ;
#1705 = PLANE ( 'NONE',  #782 ) ;
#1706 = STYLED_ITEM ( 'NONE', ( #2105 ), #2310 ) ;
#1707 = ADVANCED_FACE ( 'NONE', ( #1761 ), #72, .F. ) ;
#1708 = CARTESIAN_POINT ( 'NONE',  ( 6.717514421272372083, 88.28248557872787217, 428.2556655029699186 ) ) ;
#1709 = FACE_OUTER_BOUND ( 'NONE', #400, .T. ) ;
#1710 = EDGE_CURVE ( 'NONE', #2180, #1608, #2148, .T. ) ;
#1711 = VERTEX_POINT ( 'NONE', #2316 ) ;
#1712 = PLANE ( 'NONE',  #1829 ) ;
#1713 = CARTESIAN_POINT ( 'NONE',  ( 0.000000000000000000, 85.37779990771960570, 0.000000000000000000 ) ) ;
#1714 = CARTESIAN_POINT ( 'NONE',  ( 11.07649388268701962, 101.1267464143813157, 396.0766653710815035 ) ) ;
#1715 = CARTESIAN_POINT ( 'NONE',  ( 12.34265020632562759, 89.04923829712480199, 403.7424875453028790 ) ) ;
#1716 = CARTESIAN_POINT ( 'NONE',  ( -8.317514421272374392, 88.28248557872787217, 403.0779284778315628 ) ) ;
#1717 = B_SPLINE_CURVE_WITH_KNOTS ( 'NONE', 3,
 ( #154, #2070, #1280, #178, #1081, #167, #2220, #187, #2443, #533, #2059, #359, #1667, #370 ),
 .UNSPECIFIED., .F., .F.,
 ( 4, 2, 2, 2, 2, 2, 4 ),
 ( 0.005052773875393589201, 0.007906197121999523555, 0.009332908745302469916, 0.01075962036860541801, 0.01218633199190836437, 0.01361304361521131073, 0.01646646686181720345 ),
 .UNSPECIFIED. ) ;
#1718 = CIRCLE ( 'NONE', #530, 4.000000000000000888 ) ;
#1719 = LINE ( 'NONE', #1740, #354 ) ;
#1720 = DIRECTION ( 'NONE',  ( 0.7071067811865469066, 0.7071067811865482389, 0.000000000000000000 ) ) ;
#1721 = EDGE_CURVE ( 'NONE', #2135, #952, #258, .T. ) ;
#1722 = ORIENTED_EDGE ( 'NONE', *, *, #753, .T. ) ;
#1723 = CARTESIAN_POINT ( 'NONE',  ( 0.000000000000000000, 99.17779990771960286, 396.0779284778315628 ) ) ;
#1724 = CARTESIAN_POINT ( 'NONE',  ( -12.01684828053875798, 88.90949608468692134, 403.0779284778315628 ) ) ;
#1725 = AXIS2_PLACEMENT_3D ( 'NONE', #1497, #366, #506 ) ;
#1726 = LINE ( 'NONE', #780, #1619 ) ;
#1727 = CARTESIAN_POINT ( 'NONE',  ( 13.38030458320968741, 93.45302002625220439, 388.6050899996232602 ) ) ;
#1728 = CARTESIAN_POINT ( 'NONE',  ( 0.000000000000000000, 99.17779990771960286, 0.000000000000000000 ) ) ;
#1729 = LINE ( 'NONE', #397, #2173 ) ;
#1730 = CARTESIAN_POINT ( 'NONE',  ( 9.192388155425106788, 99.24264068711939046, 389.0779284778315628 ) ) ;
#1731 = EDGE_LOOP ( 'NONE', ( #870, #644, #631, #2039 ) ) ;
#1732 = CIRCLE ( 'NONE', #1138, 2.500000000000000888 ) ;
#1733 = PLANE ( 'NONE',  #1166 ) ;
#1734 = CARTESIAN_POINT ( 'NONE',  ( 11.27346600490664486, 88.67628146339950490, 388.9456735567052874 ) ) ;
#1735 = CARTESIAN_POINT ( 'NONE',  ( 12.70297871801911604, 100.8336333199378316, 403.0779284778316196 ) ) ;
#1736 = CARTESIAN_POINT ( 'NONE',  ( 0.000000000000000000, 98.97779990771961423, 403.0779284778315628 ) ) ;
#1737 = VECTOR ( 'NONE', #825, 1000.000000000000000 ) ;
#1738 = ADVANCED_FACE ( 'NONE', ( #901 ), #1007, .T. ) ;
#1739 = CARTESIAN_POINT ( 'NONE',  ( 0.000000000000000000, 94.57779990771959433, 0.000000000000000000 ) ) ;
#1740 = CARTESIAN_POINT ( 'NONE',  ( 4.619851441237167400, 104.5192656632976593, 389.0779284778315628 ) ) ;
#1741 = DIRECTION ( 'NONE',  ( -0.7071067811865459074, 0.7071067811865491270, 0.000000000000000000 ) ) ;
#1742 = ORIENTED_EDGE ( 'NONE', *, *, #878, .T. ) ;
#1743 = CARTESIAN_POINT ( 'NONE',  ( 13.70216127102567860, 97.53660020434088551, 403.0779284778313922 ) ) ;
#1744 = DIRECTION ( 'NONE',  ( 0.000000000000000000, 0.000000000000000000, 1.000000000000000000 ) ) ;
#1745 = AXIS2_PLACEMENT_3D ( 'NONE', #1407, #2166, #835 ) ;
#1746 = CARTESIAN_POINT ( 'NONE',  ( -11.07807386073838352, 101.1283263924326690, 389.0779284778315628 ) ) ;
#1747 = EDGE_CURVE ( 'NONE', #1952, #492, #2345, .T. ) ;
#1748 = CARTESIAN_POINT ( 'NONE',  ( -10.48538805052526790, 89.46435941778088363, 393.7370497128200100 ) ) ;
#1749 = CARTESIAN_POINT ( 'NONE',  ( 0.000000000000000000, 104.5777999077195943, 403.0779284778316196 ) ) ;
#1750 = VERTEX_POINT ( 'NONE', #1099 ) ;
#1751 = ORIENTED_EDGE ( 'NONE', *, *, #1918, .F. ) ;
#1752 = ORIENTED_EDGE ( 'NONE', *, *, #749, .F. ) ;
#1753 = AXIS2_PLACEMENT_3D ( 'NONE', #356, #1687, #2439 ) ;
#1754 = CARTESIAN_POINT ( 'NONE',  ( 12.89078950409166247, 90.24239206193625762, 403.0779284778313922 ) ) ;
#1755 = DIRECTION ( 'NONE',  ( -0.000000000000000000, -0.000000000000000000, -1.000000000000000000 ) ) ;
#1756 = FACE_OUTER_BOUND ( 'NONE', #943, .T. ) ;
#1757 = ORIENTED_EDGE ( 'NONE', *, *, #473, .F. ) ;
#1758 = CARTESIAN_POINT ( 'NONE',  ( -12.54716382902014260, 101.2017517069469079, 388.0127075012952105 ) ) ;
#1759 = ADVANCED_FACE ( 'NONE', ( #457 ), #2447, .F. ) ;
#1760 = LINE ( 'NONE', #805, #2288 ) ;
#1761 = FACE_OUTER_BOUND ( 'NONE', #1380, .T. ) ;
#1762 = ORIENTED_EDGE ( 'NONE', *, *, #1089, .T. ) ;
#1763 = VERTEX_POINT ( 'NONE', #1974 ) ;
#1764 = ORIENTED_EDGE ( 'NONE', *, *, #554, .F. ) ;
#1765 = LINE ( 'NONE', #1105, #339 ) ;
#1766 = CARTESIAN_POINT ( 'NONE',  ( -11.07815655867232607, 101.1284090903666879, 388.9925452597245226 ) ) ;
#1767 = VECTOR ( 'NONE', #1472, 1000.000000000000114 ) ;
#1768 = DIRECTION ( 'NONE',  ( 0.000000000000000000, 0.000000000000000000, 1.000000000000000000 ) ) ;
#1769 = ORIENTED_EDGE ( 'NONE', *, *, #2294, .T. ) ;
#1770 = CARTESIAN_POINT ( 'NONE',  ( -12.92270904749428873, 100.2597166860485487, 388.0749084101897779 ) ) ;
#1771 = CARTESIAN_POINT ( 'NONE',  ( -11.93251982173380554, 89.78594031662102282, 389.0779284778315628 ) ) ;
#1772 = FACE_OUTER_BOUND ( 'NONE', #217, .T. ) ;
#1773 = DIRECTION ( 'NONE',  ( -0.7071067811865490160, 0.7071067811865460184, 0.000000000000000000 ) ) ;
#1774 = CARTESIAN_POINT ( 'NONE',  ( -9.192388155425106788, 99.24264068711939046, 403.0779284778315628 ) ) ;
#1775 = ORIENTED_EDGE ( 'NONE', *, *, #395, .T. ) ;
#1776 = ORIENTED_EDGE ( 'NONE', *, *, #1797, .T. ) ;
#1777 = ORIENTED_EDGE ( 'NONE', *, *, #2336, .F. ) ;
#1778 = CARTESIAN_POINT ( 'NONE',  ( 0.000000000000000000, -27.31785047043236503, 403.0779284778315628 ) ) ;
#1779 = DIRECTION ( 'NONE',  ( 0.7071067811865460184, -0.7071067811865490160, 0.000000000000000000 ) ) ;
#1780 = CARTESIAN_POINT ( 'NONE',  ( 5.306417150674644567E-15, 94.97779990771961423, 402.0779284778315628 ) ) ;
#1781 = EDGE_CURVE ( 'NONE', #2413, #27, #1493, .T. ) ;
#1782 = CARTESIAN_POINT ( 'NONE',  ( 12.90372366488367817, 100.3917625380545360, 403.1822119171236523 ) ) ;
#1783 = CARTESIAN_POINT ( 'NONE',  ( -12.70756373037149700, 100.8074980234656834, 389.0779284778315628 ) ) ;
#1784 = DIRECTION ( 'NONE',  ( -1.000000000000000000, 0.000000000000000000, 0.000000000000000000 ) ) ;
#1785 = CIRCLE ( 'NONE', #283, 3.000000000000000888 ) ;
#1786 = CARTESIAN_POINT ( 'NONE',  ( -12.60876848128777006, 89.58363599353997131, 403.7043791584206929 ) ) ;
#1787 = CARTESIAN_POINT ( 'NONE',  ( 0.000000000000000000, 104.5777999077195943, 0.000000000000000000 ) ) ;
#1788 = ORIENTED_EDGE ( 'NONE', *, *, #1918, .T. ) ;
#1789 = ORIENTED_EDGE ( 'NONE', *, *, #472, .T. ) ;
#1790 = ORIENTED_EDGE ( 'NONE', *, *, #773, .F. ) ;
#1791 = CARTESIAN_POINT ( 'NONE',  ( -9.192388155425108565, 99.24264068711939046, 389.0779284778315628 ) ) ;
#1792 = ADVANCED_FACE ( 'NONE', ( #2458 ), #2263, .F. ) ;
#1793 = EDGE_CURVE ( 'NONE', #2320, #1591, #1670, .T. ) ;
#1794 = VERTEX_POINT ( 'NONE', #1505 ) ;
#1795 = CARTESIAN_POINT ( 'NONE',  ( 0.000000000000000000, 90.97779990771960001, 402.0779284778315628 ) ) ;
#1796 = EDGE_CURVE ( 'NONE', #1608, #1636, #262, .T. ) ;
#1797 = EDGE_CURVE ( 'NONE', #1914, #1208, #373, .T. ) ;
#1798 = DIRECTION ( 'NONE',  ( -1.000000000000000000, 0.000000000000000000, 0.000000000000000000 ) ) ;
#1799 = CARTESIAN_POINT ( 'NONE',  ( 12.12190827398447190, 102.1721608029968422, 393.6987227229522546 ) ) ;
#1800 = CARTESIAN_POINT ( 'NONE',  ( 4.672452623974808539, 85.37779990771960570, 428.2556655029699186 ) ) ;
#1801 = DIRECTION ( 'NONE',  ( -0.000000000000000000, 0.000000000000000000, 1.000000000000000000 ) ) ;
#1802 = CARTESIAN_POINT ( 'NONE',  ( -12.56713951552429975, 91.02750922554598390, 388.8487241501485983 ) ) ;
#1803 = AXIS2_PLACEMENT_3D ( 'NONE', #153, #1652, #2044 ) ;
#1804 = VERTEX_POINT ( 'NONE', #574 ) ;
#1805 = VERTEX_POINT ( 'NONE', #563 ) ;
#1806 = ORIENTED_EDGE ( 'NONE', *, *, #1188, .F. ) ;
#1807 = CARTESIAN_POINT ( 'NONE',  ( 5.306417150674644567E-15, 94.97779990771961423, 402.0779284778315628 ) ) ;
#1808 = FACE_OUTER_BOUND ( 'NONE', #121, .T. ) ;
#1809 = VERTEX_POINT ( 'NONE', #182 ) ;
#1810 = DIRECTION ( 'NONE',  ( 0.000000000000000000, 1.000000000000000000, 0.000000000000000000 ) ) ;
#1811 = ORIENTED_EDGE ( 'NONE', *, *, #2403, .T. ) ;
#1812 = CARTESIAN_POINT ( 'NONE',  ( -6.717514421272189118, 101.7175144212722984, 389.0779284778315628 ) ) ;
#1813 = CARTESIAN_POINT ( 'NONE',  ( -12.90372366488367817, 100.3917625380545360, 403.1822119171236523 ) ) ;
#1814 = AXIS2_PLACEMENT_3D ( 'NONE', #2446, #2048, #746 ) ;
#1815 = EDGE_CURVE ( 'NONE', #2181, #643, #1658, .T. ) ;
#1816 = AXIS2_PLACEMENT_3D ( 'NONE', #505, #881, #1859 ) ;
#1817 = CARTESIAN_POINT ( 'NONE',  ( -13.86386056707213399, 94.72889575827962005, 403.4121463874441247 ) ) ;
#1818 = VECTOR ( 'NONE', #2168, 1000.000000000000000 ) ;
#1819 = ORIENTED_EDGE ( 'NONE', *, *, #1721, .T. ) ;
#1820 = ORIENTED_EDGE ( 'NONE', *, *, #191, .F. ) ;
#1821 = DIRECTION ( 'NONE',  ( -1.000000000000000000, 0.000000000000000000, 0.000000000000000000 ) ) ;
#1822 = DIRECTION ( 'NONE',  ( 1.000000000000000000, 0.000000000000000000, 0.000000000000000000 ) ) ;
#1823 = ORIENTED_EDGE ( 'NONE', *, *, #2237, .T. ) ;
#1824 = CARTESIAN_POINT ( 'NONE',  ( -11.07649388268701962, 101.1267464143813157, 396.0766653710815035 ) ) ;
#1825 = PLANE ( 'NONE',  #1067 ) ;
#1826 = CARTESIAN_POINT ( 'NONE',  ( 13.64509133086868431, 95.57166946747886982, 388.4202567687847250 ) ) ;
#1827 = DIRECTION ( 'NONE',  ( 0.000000000000000000, 0.000000000000000000, -1.000000000000000000 ) ) ;
#1828 = CARTESIAN_POINT ( 'NONE',  ( -13.07847277827960042, 90.71628733775283138, 403.6315217425013202 ) ) ;
#1829 = AXIS2_PLACEMENT_3D ( 'NONE', #2100, #1510, #789 ) ;
#1830 = ORIENTED_EDGE ( 'NONE', *, *, #207, .F. ) ;
#1831 = ORIENTED_EDGE ( 'NONE', *, *, #2238, .F. ) ;
#1832 = FACE_OUTER_BOUND ( 'NONE', #330, .T. ) ;
#1833 = CARTESIAN_POINT ( 'NONE',  ( -3.217514421272373415, 88.28248557872787217, 389.0779284778315628 ) ) ;
#1834 = VECTOR ( 'NONE', #1409, 1000.000000000000000 ) ;
#1835 = ORIENTED_EDGE ( 'NONE', *, *, #1747, .T. ) ;
#1836 = EDGE_CURVE ( 'NONE', #2180, #277, #1897, .T. ) ;
#1837 = CARTESIAN_POINT ( 'NONE',  ( -13.66565206662530230, 95.68350956533215879, 389.0779284778314491 ) ) ;
#1838 = PLANE ( 'NONE',  #743 ) ;
#1839 = CARTESIAN_POINT ( 'NONE',  ( 0.000000000000000000, 90.97779990771960001, 405.0779284778315628 ) ) ;
#1840 = CARTESIAN_POINT ( 'NONE',  ( 13.76791408589622634, 96.20736934955515096, 398.3741847878158069 ) ) ;
#1841 = DIRECTION ( 'NONE',  ( -1.000000000000000000, 0.000000000000000000, 0.000000000000000000 ) ) ;
#1842 = CARTESIAN_POINT ( 'NONE',  ( -13.60758678935424548, 97.18235087829206975, 388.2924514517656576 ) ) ;
#1843 = AXIS2_PLACEMENT_3D ( 'NONE', #107, #1211, #868 ) ;
#1844 = VERTEX_POINT ( 'NONE', #2250 ) ;
#1845 = EDGE_LOOP ( 'NONE', ( #955, #1379, #689, #1200 ) ) ;
#1846 = CARTESIAN_POINT ( 'NONE',  ( 11.68421681972245985, 89.49986470477132627, 389.0779284778315628 ) ) ;
#1847 = CARTESIAN_POINT ( 'NONE',  ( 6.717514421272372083, 88.28248557872787217, 371.0779284778316196 ) ) ;
#1848 = ORIENTED_EDGE ( 'NONE', *, *, #557, .F. ) ;
#1849 = CARTESIAN_POINT ( 'NONE',  ( -11.34798840288903321, 89.32059538113770714, 389.0779284778315628 ) ) ;
#1850 = DIRECTION ( 'NONE',  ( 0.000000000000000000, -1.000000000000000000, 0.000000000000000000 ) ) ;
#1851 = CARTESIAN_POINT ( 'NONE',  ( -4.678385685659112170, 104.5777999077195943, 403.0779284778316196 ) ) ;
#1852 = CARTESIAN_POINT ( 'NONE',  ( 13.31968970495950977, 99.10347094439950411, 398.2134112381571072 ) ) ;
#1853 = LINE ( 'NONE', #1867, #60 ) ;
#1854 = B_SPLINE_CURVE_WITH_KNOTS ( 'NONE', 3,
 ( #1628, #1439, #669, #1411, #1426, #1984, #1230, #886, #707, #2187, #484, #324 ),
 .UNSPECIFIED., .F., .F.,
 ( 4, 2, 2, 2, 2, 4 ),
 ( 3.368223727524058312E-17, 0.0002407490373568201198, 0.0004814980747136065210, 0.0009629961494272051272, 0.001444494224140803517, 0.001925992298854402015 ),
 .UNSPECIFIED. ) ;
#1855 = VECTOR ( 'NONE', #1340, 1000.000000000000000 ) ;
#1856 = ORIENTED_EDGE ( 'NONE', *, *, #32, .F. ) ;
#1857 = CIRCLE ( 'NONE', #1416, 2.500000000000002220 ) ;
#1858 = EDGE_LOOP ( 'NONE', ( #1474, #1722, #2334, #1498 ) ) ;
#1859 = DIRECTION ( 'NONE',  ( 1.000000000000000000, 0.000000000000000000, 0.000000000000000000 ) ) ;
#1860 = SURFACE_STYLE_FILL_AREA ( #556 ) ;
#1861 = ORIENTED_EDGE ( 'NONE', *, *, #235, .T. ) ;
#1862 = CARTESIAN_POINT ( 'NONE',  ( -13.35764139155063823, 93.31987425337950981, 389.0779284778316196 ) ) ;
#1863 = LINE ( 'NONE', #1701, #1926 ) ;
#1864 = CARTESIAN_POINT ( 'NONE',  ( -13.86192423663038831, 96.05160353083282132, 403.0779284778316196 ) ) ;
#1865 = CARTESIAN_POINT ( 'NONE',  ( 13.56252767302409268, 97.84673236756256642, 393.2683249289543141 ) ) ;
#1866 = EDGE_CURVE ( 'NONE', #74, #688, #815, .T. ) ;
#1867 = CARTESIAN_POINT ( 'NONE',  ( -9.192388155425103236, 90.75735931288097902, 403.0779284778315628 ) ) ;
#1868 = ORIENTED_EDGE ( 'NONE', *, *, #1085, .F. ) ;
#1869 = CARTESIAN_POINT ( 'NONE',  ( -12.70425512018143621, 100.8085563434556207, 391.9357679634612737 ) ) ;
#1870 = CARTESIAN_POINT ( 'NONE',  ( -6.717514421272189118, 101.7175144212722984, 405.0779284778315628 ) ) ;
#1871 = ORIENTED_EDGE ( 'NONE', *, *, #424, .F. ) ;
#1872 = LINE ( 'NONE', #125, #1256 ) ;
#1873 = DIRECTION ( 'NONE',  ( -0.000000000000000000, -0.000000000000000000, -1.000000000000000000 ) ) ;
#1874 = ADVANCED_FACE ( 'NONE', ( #2063 ), #1705, .F. ) ;
#1875 = FACE_OUTER_BOUND ( 'NONE', #49, .T. ) ;
#1876 = CARTESIAN_POINT ( 'NONE',  ( 13.47494257774770787, 98.25243353982821759, 388.2141433678198155 ) ) ;
#1877 = DIRECTION ( 'NONE',  ( 1.000000000000000000, 0.000000000000000000, 0.000000000000000000 ) ) ;
#1878 = CIRCLE ( 'NONE', #1995, 3.499999999999998668 ) ;
#1879 = FACE_OUTER_BOUND ( 'NONE', #1215, .T. ) ;
#1880 =( NAMED_UNIT ( * ) PLANE_ANGLE_UNIT ( ) SI_UNIT ( $, .RADIAN. ) );
#1881 = ORIENTED_EDGE ( 'NONE', *, *, #1221, .T. ) ;
#1882 = CARTESIAN_POINT ( 'NONE',  ( 0.000000000000000000, 104.5777999077195943, 403.0779284778316196 ) ) ;
#1883 = CARTESIAN_POINT ( 'NONE',  ( -5.306417150674644567E-15, 94.97779990771961423, 403.0779284778315628 ) ) ;
#1884 = CARTESIAN_POINT ( 'NONE',  ( 4.619851441237167400, 104.5192656632976593, 403.0779284778315628 ) ) ;
#1885 = CYLINDRICAL_SURFACE ( 'NONE', #327, 1.600000000000001643 ) ;
#1886 = CYLINDRICAL_SURFACE ( 'NONE', #1814, 4.000000000000000888 ) ;
#1887 = EDGE_CURVE ( 'NONE', #1233, #387, #1732, .T. ) ;
#1888 = ADVANCED_FACE ( 'NONE', ( #760 ), #1886, .F. ) ;
#1889 = ORIENTED_EDGE ( 'NONE', *, *, #219, .F. ) ;
#1890 = EDGE_CURVE ( 'NONE', #173, #1509, #961, .T. ) ;
#1891 = CARTESIAN_POINT ( 'NONE',  ( 0.000000000000000000, 97.97779990771961423, 402.0779284778315628 ) ) ;
#1892 = ORIENTED_EDGE ( 'NONE', *, *, #2256, .T. ) ;
#1893 = CARTESIAN_POINT ( 'NONE',  ( 5.306417150674644567E-15, 94.97779990771961423, 402.0779284778315628 ) ) ;
#1894 = DIRECTION ( 'NONE',  ( 0.000000000000000000, 0.000000000000000000, -1.000000000000000000 ) ) ;
#1895 = CARTESIAN_POINT ( 'NONE',  ( -12.70297871801911604, 100.8336333199378316, 403.0779284778316196 ) ) ;
#1896 = CARTESIAN_POINT ( 'NONE',  ( 12.82361218821149329, 91.21230096357770378, 393.7946259556608766 ) ) ;
#1897 = LINE ( 'NONE', #950, #2210 ) ;
#1898 = EDGE_CURVE ( 'NONE', #2404, #1621, #190, .T. ) ;
#1899 = DIRECTION ( 'NONE',  ( -0.000000000000000000, -1.000000000000000000, -0.000000000000000000 ) ) ;
#1900 = DIRECTION ( 'NONE',  ( 0.000000000000000000, 0.000000000000000000, 1.000000000000000000 ) ) ;
#1901 = ORIENTED_EDGE ( 'NONE', *, *, #1463, .T. ) ;
#1902 = CARTESIAN_POINT ( 'NONE',  ( 12.29087778173330570, 101.2991296515405111, 389.0779284778316196 ) ) ;
#1903 = CARTESIAN_POINT ( 'NONE',  ( 6.717514421272189118, 101.7175144212722984, 405.0779284778315628 ) ) ;
#1904 = EDGE_CURVE ( 'NONE', #1432, #2332, #2084, .T. ) ;
#1905 = CARTESIAN_POINT ( 'NONE',  ( 12.13139818563702654, 101.3795988791726472, 403.0779284778316196 ) ) ;
#1906 = AXIS2_PLACEMENT_3D ( 'NONE', #1162, #1557, #1568 ) ;
#1907 = CARTESIAN_POINT ( 'NONE',  ( 12.56713951552429975, 91.02750922554598390, 388.8487241501485983 ) ) ;
#1908 = DIRECTION ( 'NONE',  ( 0.000000000000000000, 0.000000000000000000, 1.000000000000000000 ) ) ;
#1909 = AXIS2_PLACEMENT_3D ( 'NONE', #255, #94, #439 ) ;
#1910 = DIRECTION ( 'NONE',  ( 0.000000000000000000, 0.000000000000000000, 1.000000000000000000 ) ) ;
#1911 = VECTOR ( 'NONE', #1720, 999.9999999999998863 ) ;
#1912 = CARTESIAN_POINT ( 'NONE',  ( 9.192388155425108565, 99.24264068711939046, 389.0779284778315628 ) ) ;
#1913 = DIRECTION ( 'NONE',  ( -0.7071067811865469066, 0.7071067811865481278, 0.000000000000000000 ) ) ;
#1914 = VERTEX_POINT ( 'NONE', #1716 ) ;
#1915 = CARTESIAN_POINT ( 'NONE',  ( 0.000000000000000000, 0.000000000000000000, 389.0779284778315628 ) ) ;
#1916 = CARTESIAN_POINT ( 'NONE',  ( 10.36315581294681998, 89.58659165535925695, 389.0779284778315628 ) ) ;
#1917 = CIRCLE ( 'NONE', #848, 1.600000000000001643 ) ;
#1918 = EDGE_CURVE ( 'NONE', #1805, #2296, #171, .T. ) ;
#1919 = CARTESIAN_POINT ( 'NONE',  ( 12.66978812216297712, 100.9079648434248497, 403.0779284778311649 ) ) ;
#1920 = CARTESIAN_POINT ( 'NONE',  ( 12.21510393048945176, 89.41530084809994605, 398.8772694766922768 ) ) ;
#1921 = AXIS2_PLACEMENT_3D ( 'NONE', #1915, #977, #1359 ) ;
#1922 = DIRECTION ( 'NONE',  ( 0.000000000000000000, 0.000000000000000000, 1.000000000000000000 ) ) ;
#1923 = DIRECTION ( 'NONE',  ( -1.000000000000000000, 0.000000000000000000, 0.000000000000000000 ) ) ;
#1924 = DIRECTION ( 'NONE',  ( -1.000000000000000000, 0.000000000000000000, 0.000000000000000000 ) ) ;
#1925 = EDGE_LOOP ( 'NONE', ( #1554, #2052, #419, #1983 ) ) ;
#1926 = VECTOR ( 'NONE', #2453, 1000.000000000000000 ) ;
#1927 = CARTESIAN_POINT ( 'NONE',  ( 12.44728719225054014, 89.36026852123566755, 403.0779284778315628 ) ) ;
#1928 = CARTESIAN_POINT ( 'NONE',  ( 12.47153066004965183, 101.1619723610968435, 403.0779284778314491 ) ) ;
#1929 = CARTESIAN_POINT ( 'NONE',  ( 6.717514421272189118, 101.7175144212722984, 371.0779284778316196 ) ) ;
#1930 = EDGE_CURVE ( 'NONE', #999, #496, #585, .T. ) ;
#1931 = VECTOR ( 'NONE', #1056, 1000.000000000000000 ) ;
#1932 = CARTESIAN_POINT ( 'NONE',  ( 0.000000000000000000, 111.2777999077196114, 426.0779284778316196 ) ) ;
#1933 = AXIS2_PLACEMENT_3D ( 'NONE', #2355, #99, #1986 ) ;
#1934 = CARTESIAN_POINT ( 'NONE',  ( 4.619851441237167400, 104.5192656632976593, 389.0779284778315628 ) ) ;
#1935 = DIRECTION ( 'NONE',  ( 0.7071067811865469066, -0.7071067811865481278, 0.000000000000000000 ) ) ;
#1936 = EDGE_LOOP ( 'NONE', ( #2149, #822, #1675, #507 ) ) ;
#1937 = ORIENTED_EDGE ( 'NONE', *, *, #1419, .T. ) ;
#1938 = CARTESIAN_POINT ( 'NONE',  ( 10.85159238016193761, 89.09815508814408247, 403.2196174833425744 ) ) ;
#1939 = CARTESIAN_POINT ( 'NONE',  ( 12.52946786151328773, 101.1037561372397704, 403.0779284778316196 ) ) ;
#1940 = DIRECTION ( 'NONE',  ( 1.000000000000000000, 0.000000000000000000, 0.000000000000000000 ) ) ;
#1941 = ORIENTED_EDGE ( 'NONE', *, *, #2406, .F. ) ;
#1942 = LINE ( 'NONE', #793, #626 ) ;
#1943 = DIRECTION ( 'NONE',  ( 0.000000000000000000, -1.000000000000000000, 0.000000000000000000 ) ) ;
#1944 = DIRECTION ( 'NONE',  ( -0.000000000000000000, -0.000000000000000000, -1.000000000000000000 ) ) ;
#1945 = ORIENTED_EDGE ( 'NONE', *, *, #2072, .F. ) ;
#1946 = ORIENTED_EDGE ( 'NONE', *, *, #1161, .F. ) ;
#1947 = VERTEX_POINT ( 'NONE', #392 ) ;
#1948 = LINE ( 'NONE', #2152, #972 ) ;
#1949 = LINE ( 'NONE', #1536, #1549 ) ;
#1950 = DIRECTION ( 'NONE',  ( 1.000000000000000000, 0.000000000000000000, 0.000000000000000000 ) ) ;
#1951 = CIRCLE ( 'NONE', #445, 1.600000000000001643 ) ;
#1952 = VERTEX_POINT ( 'NONE', #353 ) ;
#1953 = CARTESIAN_POINT ( 'NONE',  ( -13.24497542989835175, 99.27822907281398557, 388.1411488196808364 ) ) ;
#1954 = EDGE_CURVE ( 'NONE', #104, #952, #1853, .T. ) ;
#1955 = EDGE_CURVE ( 'NONE', #515, #1102, #971, .T. ) ;
#1956 = CARTESIAN_POINT ( 'NONE',  ( 11.64924619351456414, 101.4251718510133742, 389.0779284778317333 ) ) ;
#1957 = CARTESIAN_POINT ( 'NONE',  ( -10.65993164160680529, 89.28981582669921124, 398.4796575275950659 ) ) ;
#1958 = CARTESIAN_POINT ( 'NONE',  ( 0.000000000000000000, 91.97779990771960001, 402.0779284778315628 ) ) ;
#1959 = VERTEX_POINT ( 'NONE', #1151 ) ;
#1960 = ORIENTED_EDGE ( 'NONE', *, *, #1355, .F. ) ;
#1961 = ORIENTED_EDGE ( 'NONE', *, *, #569, .T. ) ;
#1962 = LINE ( 'NONE', #76, #2188 ) ;
#1963 = B_SPLINE_CURVE_WITH_KNOTS ( 'NONE', 3,
 ( #899, #1044, #2369, #2023 ),
 .UNSPECIFIED., .F., .F.,
 ( 4, 4 ),
 ( 1.666779512946624722E-16, 0.01401612858368659828 ),
 .UNSPECIFIED. ) ;
#1964 = DIRECTION ( 'NONE',  ( -1.000000000000000000, 0.000000000000000000, 0.000000000000000000 ) ) ;
#1965 = AXIS2_PLACEMENT_3D ( 'NONE', #929, #2095, #2074 ) ;
#1966 = CARTESIAN_POINT ( 'NONE',  ( 10.84586891213576010, 89.10387855617031505, 403.0779284778315628 ) ) ;
#1967 = ORIENTED_EDGE ( 'NONE', *, *, #1188, .T. ) ;
#1968 = CARTESIAN_POINT ( 'NONE',  ( 12.70116646706968311, 100.8073932537458433, 393.7160977165953000 ) ) ;
#1969 = CARTESIAN_POINT ( 'NONE',  ( -11.41610972333972995, 101.3541645960089284, 389.0779284778316196 ) ) ;
#1970 =( BOUNDED_SURFACE ( )  B_SPLINE_SURFACE ( 3, 2, ( 
 ( #1654, #2010, #298 ),
 ( #2396, #1799, #1968 ),
 ( #2211, #873, #858 ),
 ( #499, #1082, #2353 ) ),
 .UNSPECIFIED., .F., .F., .F. ) 
 B_SPLINE_SURFACE_WITH_KNOTS ( ( 4, 4 ),
 ( 3, 3 ),
 ( 0.01659022556411219110, 0.03076137542889954488 ),
 ( 0.000000000000000000, 1.000000000000000000 ),
 .UNSPECIFIED. ) 
 GEOMETRIC_REPRESENTATION_ITEM ( )  RATIONAL_B_SPLINE_SURFACE ( (
 ( 1.000000000000000000, 0.5571515448259238834, 1.000000000000000000),
 ( 1.000000000000000000, 0.5591944241526842774, 1.000000000000000000),
 ( 1.000000000000000000, 0.5628022888802890478, 1.000000000000000000),
 ( 1.000000000000000000, 0.5669244881870146857, 1.000000000000000000) ) ) 
 REPRESENTATION_ITEM ( '' )  SURFACE ( )  );
#1971 = CARTESIAN_POINT ( 'NONE',  ( 0.000000000000000000, 78.67779990771960286, 405.0779284778315628 ) ) ;
#1972 = EDGE_CURVE ( 'NONE', #1661, #1494, #21, .T. ) ;
#1973 = CARTESIAN_POINT ( 'NONE',  ( -13.63538278892883149, 94.44538426870182946, 393.5125792111302303 ) ) ;
#1974 = CARTESIAN_POINT ( 'NONE',  ( 7.703719777548943412E-30, 98.97779990771961423, 405.0779284778315628 ) ) ;
#1975 = EDGE_CURVE ( 'NONE', #1844, #1914, #225, .T. ) ;
#1976 = ORIENTED_EDGE ( 'NONE', *, *, #1972, .T. ) ;
#1977 = ORIENTED_EDGE ( 'NONE', *, *, #2374, .F. ) ;
#1978 = ORIENTED_EDGE ( 'NONE', *, *, #2449, .T. ) ;
#1979 = DIRECTION ( 'NONE',  ( -1.000000000000000000, 6.973996677193663548E-16, 0.000000000000000000 ) ) ;
#1980 = EDGE_LOOP ( 'NONE', ( #124, #2028 ) ) ;
#1981 = CARTESIAN_POINT ( 'NONE',  ( 0.000000000000000000, 94.57779990771959433, 394.4779284778315969 ) ) ;
#1982 = DIRECTION ( 'NONE',  ( -0.000000000000000000, -0.000000000000000000, 1.000000000000000000 ) ) ;
#1983 = ORIENTED_EDGE ( 'NONE', *, *, #1355, .T. ) ;
#1984 = CARTESIAN_POINT ( 'NONE',  ( -12.28232415241850717, 101.3109336577933703, 403.0779284778316196 ) ) ;
#1985 = DIRECTION ( 'NONE',  ( -0.000000000000000000, -0.000000000000000000, 1.000000000000000000 ) ) ;
#1986 = DIRECTION ( 'NONE',  ( 1.000000000000000000, 0.000000000000000000, 0.000000000000000000 ) ) ;
#1987 = CIRCLE ( 'NONE', #1238, 3.499999999999999556 ) ;
#1988 = CARTESIAN_POINT ( 'NONE',  ( -12.76888468417396894, 91.47843789205839471, 388.7995662338484522 ) ) ;
#1989 = ORIENTED_EDGE ( 'NONE', *, *, #1027, .T. ) ;
#1990 = ORIENTED_EDGE ( 'NONE', *, *, #1328, .T. ) ;
#1991 = ORIENTED_EDGE ( 'NONE', *, *, #1815, .F. ) ;
#1992 = DIRECTION ( 'NONE',  ( -1.000000000000000000, 0.000000000000000000, 0.000000000000000000 ) ) ;
#1993 = LINE ( 'NONE', #494, #2155 ) ;
#1994 = ORIENTED_EDGE ( 'NONE', *, *, #696, .F. ) ;
#1995 = AXIS2_PLACEMENT_3D ( 'NONE', #2078, #598, #375 ) ;
#1996 = CARTESIAN_POINT ( 'NONE',  ( 11.93251982173380554, 89.78594031662102282, 389.0779284778315628 ) ) ;
#1997 = EDGE_CURVE ( 'NONE', #289, #1181, #937, .T. ) ;
#1998 = VERTEX_POINT ( 'NONE', #717 ) ;
#1999 = CARTESIAN_POINT ( 'NONE',  ( 0.000000000000000000, 111.2777999077196114, 403.0779284778315628 ) ) ;
#2000 = CARTESIAN_POINT ( 'NONE',  ( -13.56690822571281352, 97.97410298821756669, 398.2741546406001021 ) ) ;
#2001 = FACE_BOUND ( 'NONE', #452, .T. ) ;
#2002 = CARTESIAN_POINT ( 'NONE',  ( -13.84975525897796089, 94.41448163748637512, 403.4276710508735277 ) ) ;
#2003 = TOROIDAL_SURFACE ( 'NONE', #2116, 3.000000000000000888, 1.000000000000000000 ) ;
#2004 = ORIENTED_EDGE ( 'NONE', *, *, #1431, .F. ) ;
#2005 = VERTEX_POINT ( 'NONE', #1318 ) ;
#2006 = DIRECTION ( 'NONE',  ( 0.000000000000000000, 1.000000000000000000, -0.000000000000000000 ) ) ;
#2007 = CYLINDRICAL_SURFACE ( 'NONE', #2352, 16.30000000000000426 ) ;
#2008 = VERTEX_POINT ( 'NONE', #1678 ) ;
#2009 = CARTESIAN_POINT ( 'NONE',  ( 4.619851441237167400, 104.5192656632976593, 428.2556655029699186 ) ) ;
#2010 = CARTESIAN_POINT ( 'NONE',  ( 12.13206832850356065, 102.1823208601979616, 388.9946081928884496 ) ) ;
#2011 = EDGE_CURVE ( 'NONE', #1750, #777, #1717, .T. ) ;
#2012 = CARTESIAN_POINT ( 'NONE',  ( -12.13858644964016165, 101.3709503431959575, 389.0779284778316196 ) ) ;
#2013 = CIRCLE ( 'NONE', #1933, 3.000000000000000888 ) ;
#2014 = CARTESIAN_POINT ( 'NONE',  ( -12.21510393048945176, 89.41530084809994605, 398.8772694766922768 ) ) ;
#2015 = EDGE_CURVE ( 'NONE', #2320, #27, #924, .T. ) ;
#2016 = EDGE_LOOP ( 'NONE', ( #1055, #2079, #2137, #1960, #1234, #1180, #1811, #834, #1345, #1991, #1263, #1062, #2067, #1301, #1566, #446, #250, #1462, #2216, #1053, #2451, #1335 ) ) ;
#2017 = ORIENTED_EDGE ( 'NONE', *, *, #1997, .T. ) ;
#2018 = DIRECTION ( 'NONE',  ( 0.000000000000000000, 0.000000000000000000, 1.000000000000000000 ) ) ;
#2019 = CARTESIAN_POINT ( 'NONE',  ( 5.117514421272187697, 101.7175144212722984, 403.0779284778315628 ) ) ;
#2020 = ORIENTED_EDGE ( 'NONE', *, *, #610, .F. ) ;
#2021 = AXIS2_PLACEMENT_3D ( 'NONE', #713, #122, #1092 ) ;
#2022 = CARTESIAN_POINT ( 'NONE',  ( -13.53726840424395128, 94.26227242831875230, 389.0779284778315628 ) ) ;
#2023 = CARTESIAN_POINT ( 'NONE',  ( 11.93251982173380554, 89.78594031662102282, 389.0779284778315628 ) ) ;
#2024 = CARTESIAN_POINT ( 'NONE',  ( 12.92270904749428873, 100.2597166860485487, 388.0749084101897779 ) ) ;
#2025 = CARTESIAN_POINT ( 'NONE',  ( 0.000000000000000000, 111.2777999077196114, 405.0779284778315059 ) ) ;
#2026 = CARTESIAN_POINT ( 'NONE',  ( -13.65675520268505316, 95.84196221163549012, 388.3982905890864572 ) ) ;
#2027 = VERTEX_POINT ( 'NONE', #1118 ) ;
#2028 = ORIENTED_EDGE ( 'NONE', *, *, #942, .T. ) ;
#2029 = CARTESIAN_POINT ( 'NONE',  ( -4.242640687119450860, 85.80761184457497848, 389.0779284778315628 ) ) ;
#2030 = AXIS2_PLACEMENT_3D ( 'NONE', #2170, #467, #625 ) ;
#2031 = VERTEX_POINT ( 'NONE', #2081 ) ;
#2032 = CARTESIAN_POINT ( 'NONE',  ( 4.678385685659112170, 104.5777999077195943, 389.0779284778315628 ) ) ;
#2033 = DIRECTION ( 'NONE',  ( -0.000000000000000000, -1.000000000000000000, -0.000000000000000000 ) ) ;
#2034 = AXIS2_PLACEMENT_3D ( 'NONE', #2286, #986, #2276 ) ;
#2035 = CARTESIAN_POINT ( 'NONE',  ( -6.717514421272372083, 88.28248557872787217, 403.0779284778315628 ) ) ;
#2036 = CARTESIAN_POINT ( 'NONE',  ( 13.84975525897796089, 94.41448163748637512, 403.4276710508735277 ) ) ;
#2037 = DIRECTION ( 'NONE',  ( -1.000000000000000000, 0.000000000000000000, 0.000000000000000000 ) ) ;
#2038 = CIRCLE ( 'NONE', #895, 4.000000000000000888 ) ;
#2039 = ORIENTED_EDGE ( 'NONE', *, *, #1721, .F. ) ;
#2040 = ORIENTED_EDGE ( 'NONE', *, *, #2403, .F. ) ;
#2041 = CARTESIAN_POINT ( 'NONE',  ( 0.000000000000000000, 90.97779990771960001, 405.0779284778315628 ) ) ;
#2042 = EDGE_CURVE ( 'NONE', #2404, #526, #1496, .T. ) ;
#2043 = ORIENTED_EDGE ( 'NONE', *, *, #2224, .T. ) ;
#2044 = DIRECTION ( 'NONE',  ( 0.7071067811865459074, 0.7071067811865491270, 0.000000000000000000 ) ) ;
#2045 = DIRECTION ( 'NONE',  ( 0.7071067811865492381, 0.7071067811865457964, 0.000000000000000000 ) ) ;
#2046 = CARTESIAN_POINT ( 'NONE',  ( 11.08276463511217358, 101.1330171668064679, 403.0779284778315628 ) ) ;
#2047 = CARTESIAN_POINT ( 'NONE',  ( 13.19790792823197734, 99.45823597833191343, 393.1647085347591428 ) ) ;
#2048 = DIRECTION ( 'NONE',  ( -0.000000000000000000, -0.000000000000000000, 1.000000000000000000 ) ) ;
#2049 = VECTOR ( 'NONE', #1294, 1000.000000000000114 ) ;
#2050 = ADVANCED_FACE ( 'NONE', ( #1690 ), #1129, .F. ) ;
#2051 = AXIS2_PLACEMENT_3D ( 'NONE', #2293, #226, #1144 ) ;
#2052 = ORIENTED_EDGE ( 'NONE', *, *, #2239, .T. ) ;
#2053 = LINE ( 'NONE', #1560, #751 ) ;
#2054 = FACE_OUTER_BOUND ( 'NONE', #200, .T. ) ;
#2055 = EDGE_CURVE ( 'NONE', #2167, #2180, #1533, .T. ) ;
#2056 = CIRCLE ( 'NONE', #984, 3.499999999999996891 ) ;
#2057 = ORIENTED_EDGE ( 'NONE', *, *, #146, .F. ) ;
#2058 = DIRECTION ( 'NONE',  ( 1.000000000000000000, 0.000000000000000000, 0.000000000000000000 ) ) ;
#2059 = CARTESIAN_POINT ( 'NONE',  ( 13.23884457892697952, 92.85082673342189707, 389.0779284778316196 ) ) ;
#2060 = CIRCLE ( 'NONE', #1500, 3.000000000000000888 ) ;
#2061 = CARTESIAN_POINT ( 'NONE',  ( 11.07593488345006527, 101.1261874151443578, 394.2686338814321516 ) ) ;
#2062 = CARTESIAN_POINT ( 'NONE',  ( 13.79521748104306589, 96.93152630785191093, 403.3130870671787420 ) ) ;
#2063 = FACE_OUTER_BOUND ( 'NONE', #638, .T. ) ;
#2064 = AXIS2_PLACEMENT_3D ( 'NONE', #1201, #1567, #2308 ) ;
#2065 = DIRECTION ( 'NONE',  ( 1.000000000000000000, 0.000000000000000000, 0.000000000000000000 ) ) ;
#2066 = CARTESIAN_POINT ( 'NONE',  ( -3.999999999999995559, 94.97779990771961423, 405.0779284778315628 ) ) ;
#2067 = ORIENTED_EDGE ( 'NONE', *, *, #495, .F. ) ;
#2068 = FACE_OUTER_BOUND ( 'NONE', #2130, .T. ) ;
#2069 = EDGE_CURVE ( 'NONE', #1470, #104, #415, .T. ) ;
#2070 = CARTESIAN_POINT ( 'NONE',  ( 13.07673444346803748, 99.92596432154465447, 389.0779284778316764 ) ) ;
#2071 = CARTESIAN_POINT ( 'NONE',  ( 12.44728719225054014, 89.36026852123566755, 403.0779284778315628 ) ) ;
#2072 = EDGE_CURVE ( 'NONE', #2005, #241, #1863, .T. ) ;
#2073 = CARTESIAN_POINT ( 'NONE',  ( 13.72481973335736427, 94.41176208522651336, 398.4877809899948033 ) ) ;
#2074 = DIRECTION ( 'NONE',  ( 0.000000000000000000, 0.000000000000000000, -1.000000000000000000 ) ) ;
#2075 = EDGE_CURVE ( 'NONE', #1243, #2277, #349, .T. ) ;
#2076 = B_SPLINE_CURVE_WITH_KNOTS ( 'NONE', 3,
 ( #1573, #2302, #1869, #606, #541, #1364, #1302, #174, #932, #1686 ),
 .UNSPECIFIED., .F., .F.,
 ( 4, 3, 3, 4 ),
 ( 1.110223024625156540E-16, 0.004286761555412353306, 0.006998195472370741937, 0.01400003191291021055 ),
 .UNSPECIFIED. ) ;
#2077 = DIRECTION ( 'NONE',  ( -0.000000000000000000, -0.000000000000000000, -1.000000000000000000 ) ) ;
#2078 = CARTESIAN_POINT ( 'NONE',  ( -6.717514421272372083, 88.28248557872787217, 389.0779284778315628 ) ) ;
#2079 = ORIENTED_EDGE ( 'NONE', *, *, #2015, .F. ) ;
#2080 = CARTESIAN_POINT ( 'NONE',  ( -11.63204688405390996, 88.92858375068460930, 394.0394302862574136 ) ) ;
#2081 = CARTESIAN_POINT ( 'NONE',  ( -8.317514421272191427, 101.7175144212722984, 405.0779284778315628 ) ) ;
#2082 = CARTESIAN_POINT ( 'NONE',  ( 11.07598234149062222, 101.1262348731849130, 393.3646180921015798 ) ) ;
#2083 = LINE ( 'NONE', #1150, #622 ) ;
#2084 = LINE ( 'NONE', #1481, #981 ) ;
#2085 = B_SPLINE_CURVE_WITH_KNOTS ( 'NONE', 3,
 ( #1735, #1919, #1547, #1939, #1928, #436, #1905, #2299, #582, #2093, #2309, #233 ),
 .UNSPECIFIED., .F., .F.,
 ( 4, 2, 2, 2, 2, 4 ),
 ( 3.368223727524058312E-17, 0.0002407490373568201198, 0.0004814980747136065210, 0.0009629961494272051272, 0.001444494224140803517, 0.001925992298854402015 ),
 .UNSPECIFIED. ) ;
#2086 = AXIS2_PLACEMENT_3D ( 'NONE', #893, #2006, #2415 ) ;
#2087 = CARTESIAN_POINT ( 'NONE',  ( 8.317514421272374392, 88.28248557872787217, 371.0779284778316196 ) ) ;
#2088 = DIRECTION ( 'NONE',  ( -0.000000000000000000, -0.000000000000000000, -1.000000000000000000 ) ) ;
#2089 = EDGE_CURVE ( 'NONE', #2090, #1804, #756, .T. ) ;
#2090 = VERTEX_POINT ( 'NONE', #570 ) ;
#2091 = CARTESIAN_POINT ( 'NONE',  ( 11.13633621235183924, 101.1865887440461336, 389.0779284778316764 ) ) ;
#2092 = DIRECTION ( 'NONE',  ( 0.000000000000000000, -0.000000000000000000, -1.000000000000000000 ) ) ;
#2093 = CARTESIAN_POINT ( 'NONE',  ( 11.33995903451562448, 101.3333537803355426, 403.0779284778315628 ) ) ;
#2094 = CARTESIAN_POINT ( 'NONE',  ( 12.60876848128777006, 89.58363599353997131, 403.7043791584206929 ) ) ;
#2095 = DIRECTION ( 'NONE',  ( 1.000000000000000000, 0.000000000000000000, 0.000000000000000000 ) ) ;
#2096 =( NAMED_UNIT ( * ) PLANE_ANGLE_UNIT ( ) SI_UNIT ( $, .RADIAN. ) );
#2097 = DIRECTION ( 'NONE',  ( -0.000000000000000000, 0.000000000000000000, -1.000000000000000000 ) ) ;
#2098 = CARTESIAN_POINT ( 'NONE',  ( 4.242640687119450860, 85.80761184457497848, 428.2556655029699186 ) ) ;
#2099 = ORIENTED_EDGE ( 'NONE', *, *, #2089, .T. ) ;
#2100 = CARTESIAN_POINT ( 'NONE',  ( -7.293252290646602932E-14, 94.57779990771959433, 396.0779284778315628 ) ) ;
#2101 = DIRECTION ( 'NONE',  ( 0.000000000000000000, 0.000000000000000000, 1.000000000000000000 ) ) ;
#2102 = CARTESIAN_POINT ( 'NONE',  ( -12.70767903470444793, 100.8074986913500624, 388.9938260022542522 ) ) ;
#2103 = AXIS2_PLACEMENT_3D ( 'NONE', #1348, #1755, #222 ) ;
#2104 = CARTESIAN_POINT ( 'NONE',  ( 12.84362062978368613, 90.14996166564640134, 403.6679504504609781 ) ) ;
#2105 = PRESENTATION_STYLE_ASSIGNMENT (( #394 ) ) ;
#2106 = VECTOR ( 'NONE', #1367, 1000.000000000000000 ) ;
#2107 = DIRECTION ( 'NONE',  ( -1.000000000000000000, -0.000000000000000000, -0.000000000000000000 ) ) ;
#2108 = CARTESIAN_POINT ( 'NONE',  ( 0.000000000000000000, 99.17779990771960286, 398.5779284778315628 ) ) ;
#2109 = EDGE_LOOP ( 'NONE', ( #448, #1028 ) ) ;
#2110 = ADVANCED_FACE ( 'NONE', ( #1329 ), #1838, .F. ) ;
#2111 = CARTESIAN_POINT ( 'NONE',  ( 12.64390874230624462, 100.9594982100570917, 389.0779284778316196 ) ) ;
#2112 = CARTESIAN_POINT ( 'NONE',  ( 13.68778243481295043, 93.10336314235250654, 403.0779284778316764 ) ) ;
#2113 = ADVANCED_FACE ( 'NONE', ( #706 ), #520, .T. ) ;
#2114 = CARTESIAN_POINT ( 'NONE',  ( 12.70153661333096196, 100.8196064209692793, 398.4100579925365651 ) ) ;
#2115 = CARTESIAN_POINT ( 'NONE',  ( 11.43533721139927550, 87.56040564194201181, 403.8538201572394541 ) ) ;
#2116 = AXIS2_PLACEMENT_3D ( 'NONE', #177, #936, #1689 ) ;
#2117 = DIRECTION ( 'NONE',  ( 0.7071067811865459074, -0.7071067811865491270, 0.000000000000000000 ) ) ;
#2118 = CARTESIAN_POINT ( 'NONE',  ( 6.717514421272372083, 88.28248557872787217, 405.0779284778315628 ) ) ;
#2119 = CARTESIAN_POINT ( 'NONE',  ( 1.540743955509788682E-30, 78.67779990771960286, 403.0779284778315628 ) ) ;
#2120 = EDGE_CURVE ( 'NONE', #2320, #329, #382, .T. ) ;
#2121 = ORIENTED_EDGE ( 'NONE', *, *, #753, .F. ) ;
#2122 = ORIENTED_EDGE ( 'NONE', *, *, #673, .T. ) ;
#2123 = AXIS2_PLACEMENT_3D ( 'NONE', #1465, #337, #1096 ) ;
#2124 = EDGE_CURVE ( 'NONE', #2008, #1417, #1290, .T. ) ;
#2125 = DIRECTION ( 'NONE',  ( 0.000000000000000000, 0.000000000000000000, -1.000000000000000000 ) ) ;
#2126 = CARTESIAN_POINT ( 'NONE',  ( -12.70116646706968311, 100.8073932537458433, 393.7160977165953000 ) ) ;
#2127 = VECTOR ( 'NONE', #1374, 1000.000000000000000 ) ;
#2128 = CARTESIAN_POINT ( 'NONE',  ( 5.117514421272369773, 88.28248557872787217, 405.0779284778315628 ) ) ;
#2129 = AXIS2_PLACEMENT_3D ( 'NONE', #1812, #285, #81 ) ;
#2130 = EDGE_LOOP ( 'NONE', ( #1589, #1316, #1563, #1977 ) ) ;
#2131 = CARTESIAN_POINT ( 'NONE',  ( 0.000000000000000000, 99.17779990771960286, 397.6779284778315855 ) ) ;
#2132 = VECTOR ( 'NONE', #1251, 1000.000000000000000 ) ;
#2133 = CARTESIAN_POINT ( 'NONE',  ( 5.117514421272187697, 101.7175144212722984, 371.0779284778316196 ) ) ;
#2134 = DIRECTION ( 'NONE',  ( 0.000000000000000000, 0.000000000000000000, 1.000000000000000000 ) ) ;
#2135 = VERTEX_POINT ( 'NONE', #690 ) ;
#2136 = ORIENTED_EDGE ( 'NONE', *, *, #1388, .F. ) ;
#2137 = ORIENTED_EDGE ( 'NONE', *, *, #1793, .T. ) ;
#2138 = CARTESIAN_POINT ( 'NONE',  ( -5.306417150674644567E-15, 94.97779990771961423, 405.0779284778315628 ) ) ;
#2139 = CARTESIAN_POINT ( 'NONE',  ( 0.000000000000000000, 104.5777999077195943, 393.5779284778315628 ) ) ;
#2140 = EDGE_CURVE ( 'NONE', #75, #1266, #702, .T. ) ;
#2141 = CARTESIAN_POINT ( 'NONE',  ( 3.217514421272192227, 101.7175144212722984, 389.0779284778315628 ) ) ;
#2142 = VECTOR ( 'NONE', #82, 1000.000000000000000 ) ;
#2143 = ORIENTED_EDGE ( 'NONE', *, *, #1285, .T. ) ;
#2144 = EDGE_CURVE ( 'NONE', #1432, #73, #1016, .T. ) ;
#2145 = CARTESIAN_POINT ( 'NONE',  ( -11.64924619351456414, 101.4251718510133742, 389.0779284778317333 ) ) ;
#2146 = CIRCLE ( 'NONE', #2030, 3.499999999999998668 ) ;
#2147 = LINE ( 'NONE', #1601, #1247 ) ;
#2148 = CIRCLE ( 'NONE', #1086, 4.000000000000000888 ) ;
#2149 = ORIENTED_EDGE ( 'NONE', *, *, #2273, .F. ) ;
#2150 = EDGE_LOOP ( 'NONE', ( #1646, #633, #465, #2143 ) ) ;
#2151 = EDGE_LOOP ( 'NONE', ( #700, #663, #294, #476 ) ) ;
#2152 = CARTESIAN_POINT ( 'NONE',  ( -3.217514421272192227, 101.7175144212722984, 428.2556655029699186 ) ) ;
#2153 = DIRECTION ( 'NONE',  ( -1.000000000000000000, 0.000000000000000000, 0.000000000000000000 ) ) ;
#2154 = DIRECTION ( 'NONE',  ( 1.000000000000000000, 0.000000000000000000, 0.000000000000000000 ) ) ;
#2155 = VECTOR ( 'NONE', #1197, 1000.000000000000000 ) ;
#2156 = EDGE_CURVE ( 'NONE', #75, #2181, #2060, .T. ) ;
#2157 = ORIENTED_EDGE ( 'NONE', *, *, #438, .F. ) ;
#2158 = CARTESIAN_POINT ( 'NONE',  ( 0.000000000000000000, 99.17779990771960286, 393.5779284778315628 ) ) ;
#2159 = CARTESIAN_POINT ( 'NONE',  ( -13.14598984663241410, 99.63988044966882285, 398.1864611592453116 ) ) ;
#2160 = DIRECTION ( 'NONE',  ( 0.000000000000000000, -1.000000000000000000, 0.000000000000000000 ) ) ;
#2161 = CARTESIAN_POINT ( 'NONE',  ( -13.65950432396574499, 96.11223503338742091, 388.3766378983764298 ) ) ;
#2162 = DIRECTION ( 'NONE',  ( 6.973996677193663548E-16, 1.000000000000000000, 0.000000000000000000 ) ) ;
#2163 = ORIENTED_EDGE ( 'NONE', *, *, #1599, .T. ) ;
#2164 = ORIENTED_EDGE ( 'NONE', *, *, #498, .F. ) ;
#2165 = ORIENTED_EDGE ( 'NONE', *, *, #2322, .F. ) ;
#2166 = DIRECTION ( 'NONE',  ( 0.000000000000000000, 1.000000000000000000, 0.000000000000000000 ) ) ;
#2167 = VERTEX_POINT ( 'NONE', #2194 ) ;
#2168 = DIRECTION ( 'NONE',  ( -0.000000000000000000, -0.000000000000000000, -1.000000000000000000 ) ) ;
#2169 = AXIS2_PLACEMENT_3D ( 'NONE', #1883, #2407, #947 ) ;
#2170 = CARTESIAN_POINT ( 'NONE',  ( -6.717514421272372083, 88.28248557872787217, 389.0779284778315628 ) ) ;
#2171 = EDGE_CURVE ( 'NONE', #1509, #2, #493, .T. ) ;
#2172 = CARTESIAN_POINT ( 'NONE',  ( 0.000000000000000000, 0.000000000000000000, 405.0779284778315628 ) ) ;
#2173 = VECTOR ( 'NONE', #2265, 1000.000000000000000 ) ;
#2174 = CARTESIAN_POINT ( 'NONE',  ( 8.317514421272191427, 101.7175144212722984, 371.0779284778316196 ) ) ;
#2175 = PRODUCT_CONTEXT ( 'NONE', #1627, 'mechanical' ) ;
#2176 = ADVANCED_FACE ( 'NONE', ( #1460 ), #292, .F. ) ;
#2177 = CARTESIAN_POINT ( 'NONE',  ( -12.14143380355025670, 90.14657387623306306, 388.9466018149914248 ) ) ;
#2178 = ADVANCED_FACE ( 'NONE', ( #678 ), #1663, .F. ) ;
#2179 = ORIENTED_EDGE ( 'NONE', *, *, #220, .T. ) ;
#2180 = VERTEX_POINT ( 'NONE', #1051 ) ;
#2181 = VERTEX_POINT ( 'NONE', #2428 ) ;
#2182 = DIRECTION ( 'NONE',  ( 1.000000000000000000, 0.000000000000000000, 0.000000000000000000 ) ) ;
#2183 = ORIENTED_EDGE ( 'NONE', *, *, #101, .F. ) ;
#2184 = DIRECTION ( 'NONE',  ( 0.000000000000000000, 0.000000000000000000, 1.000000000000000000 ) ) ;
#2185 = CARTESIAN_POINT ( 'NONE',  ( 0.000000000000000000, 0.000000000000000000, 389.0779284778315628 ) ) ;
#2186 = ORIENTED_EDGE ( 'NONE', *, *, #2388, .F. ) ;
#2187 = CARTESIAN_POINT ( 'NONE',  ( -11.33995903451562448, 101.3333537803355426, 403.0779284778315628 ) ) ;
#2188 = VECTOR ( 'NONE', #823, 1000.000000000000000 ) ;
#2189 = CARTESIAN_POINT ( 'NONE',  ( -12.64769764947878983, 100.9604896496757078, 393.0745042544909893 ) ) ;
#2190 = CARTESIAN_POINT ( 'NONE',  ( -13.55718171022424556, 93.87719094261299801, 393.5571502291047636 ) ) ;
#2191 = ORIENTED_EDGE ( 'NONE', *, *, #2294, .F. ) ;
#2192 = ORIENTED_EDGE ( 'NONE', *, *, #2437, .T. ) ;
#2193 = EDGE_LOOP ( 'NONE', ( #1422, #1226, #832, #931 ) ) ;
#2194 = CARTESIAN_POINT ( 'NONE',  ( 0.000000000000000000, 98.97779990771961423, 403.0779284778315628 ) ) ;
#2195 = LINE ( 'NONE', #1436, #535 ) ;
#2196 = EDGE_CURVE ( 'NONE', #27, #2413, #1506, .T. ) ;
#2197 = ORIENTED_EDGE ( 'NONE', *, *, #1431, .T. ) ;
#2198 = CARTESIAN_POINT ( 'NONE',  ( -6.717514421272372083, 88.28248557872787217, 405.0779284778315628 ) ) ;
#2199 = FACE_BOUND ( 'NONE', #1404, .T. ) ;
#2200 = CARTESIAN_POINT ( 'NONE',  ( -13.46202260628588121, 98.54665709173615085, 398.2426189444094007 ) ) ;
#2201 = CARTESIAN_POINT ( 'NONE',  ( -13.38030458320968741, 93.45302002625220439, 388.6050899996232602 ) ) ;
#2202 = ORIENTED_EDGE ( 'NONE', *, *, #554, .T. ) ;
#2203 = ORIENTED_EDGE ( 'NONE', *, *, #1565, .T. ) ;
#2204 = CARTESIAN_POINT ( 'NONE',  ( 10.47164278063872445, 89.47810468766742531, 389.0779284778316196 ) ) ;
#2205 = CARTESIAN_POINT ( 'NONE',  ( -3.217514421272373415, 88.28248557872787217, 403.0779284778315628 ) ) ;
#2206 = EDGE_CURVE ( 'NONE', #408, #2005, #2401, .T. ) ;
#2207 = ORIENTED_EDGE ( 'NONE', *, *, #543, .T. ) ;
#2208 = CARTESIAN_POINT ( 'NONE',  ( -13.23884457892697952, 92.85082673342189707, 389.0779284778316196 ) ) ;
#2209 = B_SPLINE_CURVE_WITH_KNOTS ( 'NONE', 3,
 ( #2046, #534, #1514, #1714, #548, #2061, #2082, #2234, #2270, #2422 ),
 .UNSPECIFIED., .F., .F.,
 ( 4, 3, 3, 4 ),
 ( 0.000000000000000000, 0.007001268723210948321, 0.009713315619245377341, 0.01400000605967191905 ),
 .UNSPECIFIED. ) ;
#2210 = VECTOR ( 'NONE', #2436, 1000.000000000000000 ) ;
#2211 = CARTESIAN_POINT ( 'NONE',  ( 11.07671142856537649, 101.1269639602598289, 398.4400517322969790 ) ) ;
#2212 = CARTESIAN_POINT ( 'NONE',  ( 13.70478415442071451, 95.58588127874911322, 393.4267665509256062 ) ) ;
#2213 = DIRECTION ( 'NONE',  ( 0.000000000000000000, 0.000000000000000000, 1.000000000000000000 ) ) ;
#2214 = CARTESIAN_POINT ( 'NONE',  ( -12.91907794502491846, 90.95515662359346720, 398.7419596751649919 ) ) ;
#2215 = ORIENTED_EDGE ( 'NONE', *, *, #1631, .F. ) ;
#2216 = ORIENTED_EDGE ( 'NONE', *, *, #1639, .T. ) ;
#2217 = DIRECTION ( 'NONE',  ( -1.000000000000000000, 0.000000000000000000, 0.000000000000000000 ) ) ;
#2218 = VERTEX_POINT ( 'NONE', #2041 ) ;
#2219 = CARTESIAN_POINT ( 'NONE',  ( -11.08276463511217358, 101.1330171668064679, 403.0779284778315628 ) ) ;
#2220 = CARTESIAN_POINT ( 'NONE',  ( 13.66565206662530230, 95.68350956533215879, 389.0779284778314491 ) ) ;
#2221 = DIRECTION ( 'NONE',  ( 1.000000000000000000, 0.000000000000000000, -0.000000000000000000 ) ) ;
#2222 = CARTESIAN_POINT ( 'NONE',  ( 13.87252493900705907, 95.67281047512835812, 403.3673843521012827 ) ) ;
#2223 = CARTESIAN_POINT ( 'NONE',  ( -10.65762913099289300, 89.29211833731318393, 398.4132064782860994 ) ) ;
#2224 = EDGE_CURVE ( 'NONE', #620, #108, #951, .T. ) ;
#2225 = AXIS2_PLACEMENT_3D ( 'NONE', #1006, #416, #817 ) ;
#2226 = EDGE_LOOP ( 'NONE', ( #2245, #738, #514, #1635 ) ) ;
#2227 = ORIENTED_EDGE ( 'NONE', *, *, #160, .T. ) ;
#2228 =( BOUNDED_SURFACE ( )  B_SPLINE_SURFACE ( 3, 2, ( 
 ( #1507, #58, #443 ),
 ( #1205, #1019, #1957 ),
 ( #47, #1561, #1748 ),
 ( #2315, #995, #616 ) ),
 .UNSPECIFIED., .F., .F., .F. ) 
 B_SPLINE_SURFACE_WITH_KNOTS ( ( 4, 4 ),
 ( 3, 3 ),
 ( 0.01567318618506959374, 0.02991697605317253372 ),
 ( 0.000000000000000000, 1.000000000000000000 ),
 .UNSPECIFIED. ) 
 GEOMETRIC_REPRESENTATION_ITEM ( )  RATIONAL_B_SPLINE_SURFACE ( (
 ( 1.000000000000000000, 0.5856038694797922606, 1.000000000000000000),
 ( 1.000000000000000000, 0.5963648808078606534, 1.000000000000000000),
 ( 1.000000000000000000, 0.6062053162086531444, 1.000000000000000000),
 ( 1.000000000000000000, 0.6122524127259980631, 1.000000000000000000) ) ) 
 REPRESENTATION_ITEM ( '' )  SURFACE ( )  );
#2229 = CARTESIAN_POINT ( 'NONE',  ( 0.000000000000000000, 0.000000000000000000, 389.0779284778315628 ) ) ;
#2230 = FACE_BOUND ( 'NONE', #1011, .T. ) ;
#2231 = VERTEX_POINT ( 'NONE', #163 ) ;
#2232 = PLANE ( 'NONE',  #611 ) ;
#2233 = CARTESIAN_POINT ( 'NONE',  ( -4.619851441237167400, 104.5192656632976593, 428.2556655029699186 ) ) ;
#2234 = CARTESIAN_POINT ( 'NONE',  ( 11.07605735416917447, 101.1263098858634635, 391.9357212177917518 ) ) ;
#2235 = CARTESIAN_POINT ( 'NONE',  ( 13.59550223219592091, 92.51739232156374726, 403.5243070352223640 ) ) ;
#2236 = DIRECTION ( 'NONE',  ( -6.973996677193663548E-16, -1.000000000000000000, -0.000000000000000000 ) ) ;
#2237 = EDGE_CURVE ( 'NONE', #777, #1181, #737, .T. ) ;
#2238 = EDGE_CURVE ( 'NONE', #1392, #1763, #1308, .T. ) ;
#2239 = EDGE_CURVE ( 'NONE', #468, #387, #1076, .T. ) ;
#2240 = ADVANCED_FACE ( 'NONE', ( #1832 ), #867, .F. ) ;
#2241 = EDGE_LOOP ( 'NONE', ( #661, #240, #1222, #1946 ) ) ;
#2242 = CARTESIAN_POINT ( 'NONE',  ( 5.306417150674644567E-15, 94.97779990771961423, 405.0779284778315628 ) ) ;
#2243 = CARTESIAN_POINT ( 'NONE',  ( 5.306417150674644567E-15, 94.97779990771961423, 403.0779284778315628 ) ) ;
#2244 = CIRCLE ( 'NONE', #301, 3.499999999999996891 ) ;
#2245 = ORIENTED_EDGE ( 'NONE', *, *, #990, .F. ) ;
#2246 = CARTESIAN_POINT ( 'NONE',  ( -11.07670438852837691, 101.1269569202226677, 390.5068240435598454 ) ) ;
#2247 = DIRECTION ( 'NONE',  ( -1.000000000000000000, 0.000000000000000000, 0.000000000000000000 ) ) ;
#2248 = LINE ( 'NONE', #758, #79 ) ;
#2249 = CARTESIAN_POINT ( 'NONE',  ( 12.74784188056913692, 100.7417544142907389, 388.0428922037040138 ) ) ;
#2250 = CARTESIAN_POINT ( 'NONE',  ( -5.117514421272369773, 88.28248557872787217, 403.0779284778315628 ) ) ;
#2251 = VECTOR ( 'NONE', #1501, 999.9999999999998863 ) ;
#2252 = VECTOR ( 'NONE', #1529, 1000.000000000000000 ) ;
#2253 = ORIENTED_EDGE ( 'NONE', *, *, #1100, .T. ) ;
#2254 = DIRECTION ( 'NONE',  ( -1.000000000000000000, 0.000000000000000000, 0.000000000000000000 ) ) ;
#2255 = VECTOR ( 'NONE', #1149, 1000.000000000000114 ) ;
#2256 = EDGE_CURVE ( 'NONE', #95, #459, #2053, .T. ) ;
#2257 = EDGE_LOOP ( 'NONE', ( #319, #478, #1117, #2179 ) ) ;
#2258 = DIRECTION ( 'NONE',  ( -6.973996677193663548E-16, 1.000000000000000000, 0.000000000000000000 ) ) ;
#2259 = DIRECTION ( 'NONE',  ( -1.000000000000000000, 0.000000000000000000, 0.000000000000000000 ) ) ;
#2260 = VECTOR ( 'NONE', #1264, 1000.000000000000000 ) ;
#2261 = DIRECTION ( 'NONE',  ( 1.000000000000000000, 0.000000000000000000, 0.000000000000000000 ) ) ;
#2262 = CARTESIAN_POINT ( 'NONE',  ( 13.69466759910782017, 95.30062073535417255, 393.4479709857152443 ) ) ;
#2263 = CYLINDRICAL_SURFACE ( 'NONE', #109, 2.500000000000002220 ) ;
#2264 = VECTOR ( 'NONE', #7, 1000.000000000000000 ) ;
#2265 = DIRECTION ( 'NONE',  ( -0.000000000000000000, -0.000000000000000000, -1.000000000000000000 ) ) ;
#2266 = PLANE ( 'NONE',  #1517 ) ;
#2267 = VERTEX_POINT ( 'NONE', #595 ) ;
#2268 = CARTESIAN_POINT ( 'NONE',  ( -11.90064666801314353, 89.34276855388391425, 393.9907835002529737 ) ) ;
#2269 = DIRECTION ( 'NONE',  ( 1.000000000000000000, 0.000000000000000000, 0.000000000000000000 ) ) ;
#2270 = CARTESIAN_POINT ( 'NONE',  ( 11.07670438852837336, 101.1269569202226677, 390.5068240435598454 ) ) ;
#2271 = DIRECTION ( 'NONE',  ( 1.000000000000000000, 0.000000000000000000, 0.000000000000000000 ) ) ;
#2272 = DIRECTION ( 'NONE',  ( 0.000000000000000000, -0.000000000000000000, -1.000000000000000000 ) ) ;
#2273 = EDGE_CURVE ( 'NONE', #2027, #2180, #228, .T. ) ;
#2274 = AXIS2_PLACEMENT_3D ( 'NONE', #479, #253, #2363 ) ;
#2275 = ORIENTED_EDGE ( 'NONE', *, *, #757, .F. ) ;
#2276 = DIRECTION ( 'NONE',  ( -1.000000000000000000, 0.000000000000000000, 0.000000000000000000 ) ) ;
#2277 = VERTEX_POINT ( 'NONE', #1746 ) ;
#2278 = CARTESIAN_POINT ( 'NONE',  ( -4.932702858951324210, 85.37779990771960570, 1575.497102769246339 ) ) ;
#2279 = CARTESIAN_POINT ( 'NONE',  ( -10.84586891213576010, 89.10387855617031505, 403.0779284778315628 ) ) ;
#2280 = DIRECTION ( 'NONE',  ( 0.000000000000000000, 0.000000000000000000, 1.000000000000000000 ) ) ;
#2281 = CARTESIAN_POINT ( 'NONE',  ( 13.47148056084758316, 93.97230300945082604, 388.5573129218732902 ) ) ;
#2282 = DIRECTION ( 'NONE',  ( 0.000000000000000000, 0.000000000000000000, 1.000000000000000000 ) ) ;
#2283 = CARTESIAN_POINT ( 'NONE',  ( 8.317514421272191427, 101.7175144212722984, 405.0779284778315628 ) ) ;
#2284 = AXIS2_PLACEMENT_3D ( 'NONE', #2425, #1143, #1314 ) ;
#2285 = FACE_OUTER_BOUND ( 'NONE', #2360, .T. ) ;
#2286 = CARTESIAN_POINT ( 'NONE',  ( 6.717514421272372083, 88.28248557872787217, 389.0779284778315628 ) ) ;
#2287 = ORIENTED_EDGE ( 'NONE', *, *, #1904, .F. ) ;
#2288 = VECTOR ( 'NONE', #1943, 1000.000000000000000 ) ;
#2289 = PLANE ( 'NONE',  #2440 ) ;
#2290 = CARTESIAN_POINT ( 'NONE',  ( 11.82877862910282118, 88.12096883920321488, 403.1405922427217092 ) ) ;
#2291 = CARTESIAN_POINT ( 'NONE',  ( 0.000000000000000000, 99.17779990771960286, 394.4779284778315969 ) ) ;
#2292 = CARTESIAN_POINT ( 'NONE',  ( 12.91907794502491846, 90.95515662359346720, 398.7419596751649919 ) ) ;
#2293 = CARTESIAN_POINT ( 'NONE',  ( -6.717514421272189118, 101.7175144212722984, 403.0779284778315628 ) ) ;
#2294 = EDGE_CURVE ( 'NONE', #1266, #1392, #615, .T. ) ;
#2295 = CARTESIAN_POINT ( 'NONE',  ( -5.306417150674644567E-15, 94.97779990771961423, 405.0779284778315628 ) ) ;
#2296 = VERTEX_POINT ( 'NONE', #43 ) ;
#2297 = CARTESIAN_POINT ( 'NONE',  ( 4.619851441237167400, 104.5192656632976593, 428.2556655029699186 ) ) ;
#2298 = CARTESIAN_POINT ( 'NONE',  ( -4.242640687119450860, 85.80761184457497848, 428.2556655029699186 ) ) ;
#2299 = CARTESIAN_POINT ( 'NONE',  ( 11.81335300095332741, 101.4386343736519223, 403.0779284778316196 ) ) ;
#2300 = VECTOR ( 'NONE', #521, 1000.000000000000000 ) ;
#2301 = CARTESIAN_POINT ( 'NONE',  ( 13.30092912140100303, 92.06284733514843310, 398.6545172269580917 ) ) ;
#2302 = CARTESIAN_POINT ( 'NONE',  ( -12.70561626782203035, 100.8075072035047697, 390.5068476691827755 ) ) ;
#2303 = EDGE_CURVE ( 'NONE', #468, #329, #1341, .T. ) ;
#2304 = MECHANICAL_DESIGN_GEOMETRIC_PRESENTATION_REPRESENTATION (  '', ( #687 ), #845 ) ;
#2305 = FACE_OUTER_BOUND ( 'NONE', #1559, .T. ) ;
#2306 = LINE ( 'NONE', #608, #2106 ) ;
#2307 = ORIENTED_EDGE ( 'NONE', *, *, #2418, .T. ) ;
#2308 = DIRECTION ( 'NONE',  ( -1.000000000000000000, 0.000000000000000000, 0.000000000000000000 ) ) ;
#2309 = CARTESIAN_POINT ( 'NONE',  ( 11.19788883318577355, 101.2481413648800270, 403.0779284778315628 ) ) ;
#2310 = MANIFOLD_SOLID_BREP ( 'Zapas-WSZYSTKIE CZʌCI-2', #1618 ) ;
#2311 = CARTESIAN_POINT ( 'NONE',  ( 12.36539434687463235, 90.57658055903355887, 388.8978820664487444 ) ) ;
#2312 = CIRCLE ( 'NONE', #941, 3.000000000000000888 ) ;
#2313 = ORIENTED_EDGE ( 'NONE', *, *, #2421, .F. ) ;
#2314 = CARTESIAN_POINT ( 'NONE',  ( 5.306417150674644567E-15, 94.97779990771961423, 403.0779284778315628 ) ) ;
#2315 = CARTESIAN_POINT ( 'NONE',  ( -11.92915676262184022, 89.78877338966925947, 388.9576582957705000 ) ) ;
#2316 = CARTESIAN_POINT ( 'NONE',  ( -12.44728719225054014, 89.36026852123566755, 403.0779284778315628 ) ) ;
#2317 = EDGE_CURVE ( 'NONE', #2, #1661, #1165, .T. ) ;
#2318 = ORIENTED_EDGE ( 'NONE', *, *, #1551, .T. ) ;
#2319 = ORIENTED_EDGE ( 'NONE', *, *, #2238, .T. ) ;
#2320 = VERTEX_POINT ( 'NONE', #2131 ) ;
#2321 = CARTESIAN_POINT ( 'NONE',  ( 10.36093667899254456, 89.58881078931361230, 388.9935562094356669 ) ) ;
#2322 = EDGE_CURVE ( 'NONE', #643, #1266, #2448, .T. ) ;
#2323 = DIRECTION ( 'NONE',  ( -0.000000000000000000, 1.000000000000000000, -0.000000000000000000 ) ) ;
#2324 = AXIS2_PLACEMENT_3D ( 'NONE', #1807, #2018, #2217 ) ;
#2325 = PLANE ( 'NONE',  #1803 ) ;
#2326 = EDGE_CURVE ( 'NONE', #492, #1952, #1189, .T. ) ;
#2327 = CYLINDRICAL_SURFACE ( 'NONE', #2064, 3.499999999999996447 ) ;
#2328 = SHAPE_DEFINITION_REPRESENTATION ( #1671, #1645 ) ;
#2329 = VECTOR ( 'NONE', #23, 1000.000000000000000 ) ;
#2330 = CARTESIAN_POINT ( 'NONE',  ( 0.000000000000000000, 104.5777999077195943, 398.5779284778315628 ) ) ;
#2331 = CARTESIAN_POINT ( 'NONE',  ( 9.192388155425103236, 90.75735931288097902, 428.2556655029699186 ) ) ;
#2332 = VERTEX_POINT ( 'NONE', #35 ) ;
#2333 = ORIENTED_EDGE ( 'NONE', *, *, #2206, .F. ) ;
#2334 = ORIENTED_EDGE ( 'NONE', *, *, #46, .T. ) ;
#2335 = DIRECTION ( 'NONE',  ( 1.000000000000000000, 0.000000000000000000, 0.000000000000000000 ) ) ;
#2336 = EDGE_CURVE ( 'NONE', #515, #241, #1942, .T. ) ;
#2337 = LINE ( 'NONE', #2350, #1818 ) ;
#2338 = FACE_OUTER_BOUND ( 'NONE', #2151, .T. ) ;
#2339 = CARTESIAN_POINT ( 'NONE',  ( -11.13633621235183924, 101.1865887440461336, 389.0779284778316764 ) ) ;
#2340 = DIRECTION ( 'NONE',  ( 0.000000000000000000, 0.000000000000000000, 1.000000000000000000 ) ) ;
#2341 = CIRCLE ( 'NONE', #100, 1.600000000000002531 ) ;
#2342 = EDGE_CURVE ( 'NONE', #1090, #1358, #2076, .T. ) ;
#2343 = CARTESIAN_POINT ( 'NONE',  ( -13.33213679334571289, 92.78550226753469587, 393.6515027873423946 ) ) ;
#2344 = CARTESIAN_POINT ( 'NONE',  ( -11.08276463511217358, 101.1330171668064679, 403.0779284778315628 ) ) ;
#2345 = CIRCLE ( 'NONE', #1287, 1.599999999999990319 ) ;
#2346 = EDGE_LOOP ( 'NONE', ( #1881, #998, #152, #692 ) ) ;
#2347 = ORIENTED_EDGE ( 'NONE', *, *, #1089, .F. ) ;
#2348 = ORIENTED_EDGE ( 'NONE', *, *, #428, .F. ) ;
#2349 = DIRECTION ( 'NONE',  ( 0.000000000000000000, 0.000000000000000000, 1.000000000000000000 ) ) ;
#2350 = CARTESIAN_POINT ( 'NONE',  ( 4.242640687119450860, 85.80761184457497848, 428.2556655029699186 ) ) ;
#2351 = CARTESIAN_POINT ( 'NONE',  ( -3.217514421272373415, 88.28248557872787217, 428.2556655029699186 ) ) ;
#2352 = AXIS2_PLACEMENT_3D ( 'NONE', #306, #1065, #1822 ) ;
#2353 = CARTESIAN_POINT ( 'NONE',  ( 12.70301507504023597, 100.8339065066892744, 403.1620633563821912 ) ) ;
#2354 = CARTESIAN_POINT ( 'NONE',  ( -13.74058715678218690, 96.80519366435547113, 398.3385988684767085 ) ) ;
#2355 = CARTESIAN_POINT ( 'NONE',  ( -5.306417150674644567E-15, 94.97779990771961423, 402.0779284778315628 ) ) ;
#2356 = AXIS2_PLACEMENT_3D ( 'NONE', #2198, #1257, #693 ) ;
#2357 = EDGE_CURVE ( 'NONE', #459, #1622, #12, .T. ) ;
#2358 = CARTESIAN_POINT ( 'NONE',  ( -13.27991434228371936, 91.31032392833249389, 403.5959894659851557 ) ) ;
#2359 = CYLINDRICAL_SURFACE ( 'NONE', #802, 16.30000000000000426 ) ;
#2360 = EDGE_LOOP ( 'NONE', ( #740, #503, #1764, #1889 ) ) ;
#2361 = ORIENTED_EDGE ( 'NONE', *, *, #540, .F. ) ;
#2362 = ORIENTED_EDGE ( 'NONE', *, *, #383, .T. ) ;
#2363 = DIRECTION ( 'NONE',  ( 0.000000000000000000, 0.000000000000000000, -1.000000000000000000 ) ) ;
#2364 = ORIENTED_EDGE ( 'NONE', *, *, #2144, .F. ) ;
#2365 = CARTESIAN_POINT ( 'NONE',  ( 9.192388155425103236, 90.75735931288097902, 403.0779284778315628 ) ) ;
#2366 = VECTOR ( 'NONE', #1850, 1000.000000000000000 ) ;
#2367 = CARTESIAN_POINT ( 'NONE',  ( 6.717514421272372083, 88.28248557872787217, 403.0779284778315628 ) ) ;
#2368 = ORIENTED_EDGE ( 'NONE', *, *, #2326, .T. ) ;
#2369 = CARTESIAN_POINT ( 'NONE',  ( 12.06355198692695474, 89.67559890560369240, 393.7468907236698783 ) ) ;
#2370 = CIRCLE ( 'NONE', #2051, 1.600000000000001643 ) ;
#2371 = CARTESIAN_POINT ( 'NONE',  ( -13.19790792823197734, 99.45823597833191343, 393.1647085347591428 ) ) ;
#2372 = CIRCLE ( 'NONE', #553, 4.000000000000000888 ) ;
#2373 = CARTESIAN_POINT ( 'NONE',  ( -13.25453815727578899, 92.93868884083913429, 388.6527812391877319 ) ) ;
#2374 = EDGE_CURVE ( 'NONE', #1711, #1590, #1513, .T. ) ;
#2375 = VECTOR ( 'NONE', #1827, 1000.000000000000000 ) ;
#2376 = VERTEX_POINT ( 'NONE', #2283 ) ;
#2377 = ORIENTED_EDGE ( 'NONE', *, *, #2140, .F. ) ;
#2378 = ORIENTED_EDGE ( 'NONE', *, *, #2357, .F. ) ;
#2379 = CARTESIAN_POINT ( 'NONE',  ( 11.04721334441188318, 89.28220402429553815, 389.0779284778316196 ) ) ;
#2380 = DIRECTION ( 'NONE',  ( 1.000000000000000000, 6.973996677193663548E-16, -0.000000000000000000 ) ) ;
#2381 = B_SPLINE_CURVE_WITH_KNOTS ( 'NONE', 3,
 ( #1259, #2339, #1231, #312, #1969, #2145, #271, #2012, #828, #814, #1030, #1783 ),
 .UNSPECIFIED., .F., .F.,
 ( 4, 2, 2, 2, 2, 4 ),
 ( 1.734723475976807094E-18, 0.0002436777797153673905, 0.0004873555594307330463, 0.0009747111188614572021, 0.001462066678292181249, 0.001949422237722905297 ),
 .UNSPECIFIED. ) ;
#2382 = ORIENTED_EDGE ( 'NONE', *, *, #2256, .F. ) ;
#2383 = DIRECTION ( 'NONE',  ( -0.7071067811865460184, -0.7071067811865490160, 0.000000000000000000 ) ) ;
#2384 = CARTESIAN_POINT ( 'NONE',  ( 10.84586891213576010, 89.10387855617031505, 403.0779284778315628 ) ) ;
#2385 = CIRCLE ( 'NONE', #38, 2.500000000000002220 ) ;
#2386 = CARTESIAN_POINT ( 'NONE',  ( -6.717514421272189118, 101.7175144212722984, 403.0779284778315628 ) ) ;
#2387 = DIRECTION ( 'NONE',  ( 0.000000000000000000, 1.000000000000000000, 0.000000000000000000 ) ) ;
#2388 = EDGE_CURVE ( 'NONE', #173, #241, #1175, .T. ) ;
#2389 = CARTESIAN_POINT ( 'NONE',  ( -13.87796587516630886, 95.04330987907287920, 403.3966217240146648 ) ) ;
#2390 = EDGE_LOOP ( 'NONE', ( #504, #2164, #645, #1848 ) ) ;
#2391 = ORIENTED_EDGE ( 'NONE', *, *, #1027, .F. ) ;
#2392 = DIRECTION ( 'NONE',  ( -0.000000000000000000, -0.000000000000000000, -1.000000000000000000 ) ) ;
#2393 = DIRECTION ( 'NONE',  ( 0.000000000000000000, 1.000000000000000000, 0.000000000000000000 ) ) ;
#2394 = ORIENTED_EDGE ( 'NONE', *, *, #1656, .T. ) ;
#2395 = CARTESIAN_POINT ( 'NONE',  ( -11.07973749918733120, 101.1299900308816149, 400.7441761632894668 ) ) ;
#2396 = CARTESIAN_POINT ( 'NONE',  ( 11.07353342718765532, 101.1237859588820243, 393.7162778122646500 ) ) ;
#2397 = CARTESIAN_POINT ( 'NONE',  ( 13.70549046826022455, 96.15076813246461995, 393.3846770795868792 ) ) ;
#2398 = CARTESIAN_POINT ( 'NONE',  ( -13.18215134062355709, 92.24610857247569129, 393.6986018927481155 ) ) ;
#2399 = ORIENTED_EDGE ( 'NONE', *, *, #794, .T. ) ;
#2400 = ORIENTED_EDGE ( 'NONE', *, *, #673, .F. ) ;
#2401 = LINE ( 'NONE', #2229, #2260 ) ;
#2402 = CARTESIAN_POINT ( 'NONE',  ( -4.672452623974808539, 85.37779990771960570, 389.0779284778315628 ) ) ;
#2403 = EDGE_CURVE ( 'NONE', #496, #526, #1059, .T. ) ;
#2404 = VERTEX_POINT ( 'NONE', #1971 ) ;
#2405 = CARTESIAN_POINT ( 'NONE',  ( -11.93251982173380554, 89.78594031662102282, 389.0779284778315628 ) ) ;
#2406 = EDGE_CURVE ( 'NONE', #567, #2404, #313, .T. ) ;
#2407 = DIRECTION ( 'NONE',  ( -0.000000000000000000, -0.000000000000000000, -1.000000000000000000 ) ) ;
#2408 = AXIS2_PLACEMENT_3D ( 'NONE', #1623, #528, #305 ) ;
#2409 = CARTESIAN_POINT ( 'NONE',  ( 0.000000000000000000, 111.2777999077196114, 405.0779284778315059 ) ) ;
#2410 = CARTESIAN_POINT ( 'NONE',  ( 13.65327977536408000, 96.37969166357751760, 388.3551413534268590 ) ) ;
#2411 = CARTESIAN_POINT ( 'NONE',  ( 4.932702858951323321, 104.5777999077195943, 1575.497102769246339 ) ) ;
#2412 = CARTESIAN_POINT ( 'NONE',  ( -13.85609633942818419, 96.30295003539029608, 403.3389435277558732 ) ) ;
#2413 = VERTEX_POINT ( 'NONE', #83 ) ;
#2414 = ORIENTED_EDGE ( 'NONE', *, *, #1611, .T. ) ;
#2415 = DIRECTION ( 'NONE',  ( 0.000000000000000000, 0.000000000000000000, 1.000000000000000000 ) ) ;
#2416 = DIRECTION ( 'NONE',  ( -1.000000000000000000, 0.000000000000000000, 0.000000000000000000 ) ) ;
#2417 = EDGE_LOOP ( 'NONE', ( #821, #148, #2378, #2382, #813, #1079, #176, #1647, #1306, #2362, #833, #1901, #518, #355, #303, #1532 ) ) ;
#2418 = EDGE_CURVE ( 'NONE', #2005, #891, #1072, .T. ) ;
#2419 = CARTESIAN_POINT ( 'NONE',  ( -11.07593488345006350, 101.1261874151443578, 394.2686338814321516 ) ) ;
#2420 = CARTESIAN_POINT ( 'NONE',  ( 0.000000000000000000, 0.000000000000000000, 405.0779284778315628 ) ) ;
#2421 = EDGE_CURVE ( 'NONE', #2267, #1622, #844, .T. ) ;
#2422 = CARTESIAN_POINT ( 'NONE',  ( 11.07807386073838352, 101.1283263924326690, 389.0779284778315628 ) ) ;
#2423 = CARTESIAN_POINT ( 'NONE',  ( 13.71391440516615567, 93.14719234078825139, 403.4910733783748924 ) ) ;
#2424 = B_SPLINE_SURFACE_WITH_KNOTS ( 'NONE', 3, 3, ( 
 ( #1451, #1269, #270, #1029 ),
 ( #1782, #1596, #652, #1697 ),
 ( #1322, #181, #900, #2249 ),
 ( #2435, #913, #1655, #2024 ),
 ( #1643, #1852, #2047, #340 ),
 ( #1492, #352, #128, #1680 ),
 ( #510, #1112, #1270, #719 ),
 ( #2062, #1467, #1865, #1876 ),
 ( #939, #562, #2445, #157 ),
 ( #2222, #1840, #1297, #708 ),
 ( #522, #887, #362, #536 ),
 ( #549, #1122, #2397, #1693 ),
 ( #1098, #745, #1283, #2410 ),
 ( #2036, #325, #2212, #170 ),
 ( #1504, #1083, #2262, #695 ),
 ( #1669, #2073, #1070, #1826 ),
 ( #2423, #1452, #143, #1480 ),
 ( #2235, #928, #1313, #732 ),
 ( #801, #960, #1363, #2281 ),
 ( #604, #2301, #970, #1727 ),
 ( #33, #2457, #573, #584 ),
 ( #2104, #2292, #403, #770 ),
 ( #2094, #198, #1896, #1548 ),
 ( #1715, #1339, #234, #1142 ),
 ( #1331, #1920, #372, #1907 ),
 ( #594, #20, #1539, #2311 ),
 ( #2115, #414, #1173, #9 ),
 ( #1373, #1527, #1704, #391 ) ),
 .UNSPECIFIED., .F., .F., .F.,
 ( 4, 3, 3, 3, 3, 3, 3, 3, 3, 4 ),
 ( 4, 4 ),
 ( 0.1110929433711534686, 0.1194162011011580399, 0.1277394588311626111, 0.1360627165611671963, 0.1402243454261694888, 0.1443859742911717814, 0.1527092320211763665, 0.1610324897511809517, 0.1693557474811855368, 0.1776790052111900942 ),
 ( 0.009959800045326126089, 0.03540441943438901728 ),
 .UNSPECIFIED. ) ;
#2425 = CARTESIAN_POINT ( 'NONE',  ( 5.306417150674644567E-15, 97.97779990771961423, 403.0779284778315628 ) ) ;
#2426 = CIRCLE ( 'NONE', #172, 1.600000000000001643 ) ;
#2427 = ORIENTED_EDGE ( 'NONE', *, *, #2336, .T. ) ;
#2428 = CARTESIAN_POINT ( 'NONE',  ( 0.000000000000000000, 97.97779990771961423, 402.0779284778315628 ) ) ;
#2429 = PRESENTATION_STYLE_ASSIGNMENT (( #164 ) ) ;
#2430 = ORIENTED_EDGE ( 'NONE', *, *, #2156, .F. ) ;
#2431 = CARTESIAN_POINT ( 'NONE',  ( -13.07673444346803748, 99.92596432154465447, 389.0779284778316764 ) ) ;
#2432 = DIRECTION ( 'NONE',  ( 0.7071067811865457964, -0.7071067811865492381, 0.000000000000000000 ) ) ;
#2433 = VECTOR ( 'NONE', #1390, 1000.000000000000000 ) ;
#2434 = DIRECTION ( 'NONE',  ( -1.000000000000000000, 0.000000000000000000, 0.000000000000000000 ) ) ;
#2435 = CARTESIAN_POINT ( 'NONE',  ( 13.28237128484918017, 99.28966254884029752, 403.2211003406490022 ) ) ;
#2436 = DIRECTION ( 'NONE',  ( -0.000000000000000000, -0.000000000000000000, 1.000000000000000000 ) ) ;
#2437 = EDGE_CURVE ( 'NONE', #2027, #1571, #2013, .T. ) ;
#2438 = ORIENTED_EDGE ( 'NONE', *, *, #2418, .F. ) ;
#2439 = DIRECTION ( 'NONE',  ( 1.000000000000000000, 0.000000000000000000, 0.000000000000000000 ) ) ;
#2440 = AXIS2_PLACEMENT_3D ( 'NONE', #2278, #195, #956 ) ;
#2441 = ORIENTED_EDGE ( 'NONE', *, *, #1351, .T. ) ;
#2442 = CARTESIAN_POINT ( 'NONE',  ( -13.67230986452017660, 96.15921250465474657, 389.0779284778314491 ) ) ;
#2443 = CARTESIAN_POINT ( 'NONE',  ( 13.53726840424395128, 94.26227242831875230, 389.0779284778315628 ) ) ;
#2444 = PLANE ( 'NONE',  #836 ) ;
#2445 = CARTESIAN_POINT ( 'NONE',  ( 13.63909949530706811, 97.28215201762512265, 393.3050681517998441 ) ) ;
#2446 = CARTESIAN_POINT ( 'NONE',  ( -5.306417150674644567E-15, 94.97779990771961423, 402.0779284778315628 ) ) ;
#2447 = TOROIDAL_SURFACE ( 'NONE', #1104, 3.000000000000000888, 1.000000000000000000 ) ;
#2448 = CIRCLE ( 'NONE', #318, 4.000000000000000888 ) ;
#2449 = EDGE_CURVE ( 'NONE', #2218, #1608, #860, .T. ) ;
#2450 = CARTESIAN_POINT ( 'NONE',  ( 8.317514421272374392, 88.28248557872787217, 403.0779284778315628 ) ) ;
#2451 = ORIENTED_EDGE ( 'NONE', *, *, #2303, .T. ) ;
#2452 = CARTESIAN_POINT ( 'NONE',  ( -11.43533721139927550, 87.56040564194201181, 403.8538201572394541 ) ) ;
#2453 = DIRECTION ( 'NONE',  ( 0.000000000000000000, -0.000000000000000000, 1.000000000000000000 ) ) ;
#2454 = AXIS2_PLACEMENT_3D ( 'NONE', #236, #816, #1153 ) ;
#2455 = ADVANCED_FACE ( 'NONE', ( #1614, #2001, #671 ), #272, .F. ) ;
#2456 = CARTESIAN_POINT ( 'NONE',  ( -5.306417150674644567E-15, 94.97779990771961423, 403.0779284778315628 ) ) ;
#2457 = CARTESIAN_POINT ( 'NONE',  ( 13.12564027474432038, 91.49644221324192017, 398.6977589516422427 ) ) ;
#2458 = FACE_OUTER_BOUND ( 'NONE', #659, .T. ) ;
ENDSEC;
END-ISO-10303-21;
